{"points": [{"i": 0, "x": 32.0, "y": 11388.0}, {"i": 1, "x": 230.0, "y": 7822.0}, {"i": 2, "x": 278.0, "y": 2540.0}, {"i": 3, "x": 326.0, "y": 10324.0}, {"i": 4, "x": 460.0, "y": 1762.0}, {"i": 5, "x": 514.0, "y": 11028.0}, {"i": 6, "x": 558.0, "y": 17452.0}, {"i": 7, "x": 588.0, "y": 12630.0}, {"i": 8, "x": 630.0, "y": 2340.0}, {"i": 9, "x": 634.0, "y": 9160.0}, {"i": 10, "x": 640.0, "y": 17682.0}, {"i": 11, "x": 694.0, "y": 14686.0}, {"i": 12, "x": 744.0, "y": 12384.0}, {"i": 13, "x": 798.0, "y": 5888.0}, {"i": 14, "x": 1100.0, "y": 13832.0}, {"i": 15, "x": 1158.0, "y": 14056.0}, {"i": 16, "x": 1200.0, "y": 964.0}, {"i": 17, "x": 1262.0, "y": 7734.0}, {"i": 18, "x": 1276.0, "y": 3162.0}, {"i": 19, "x": 1384.0, "y": 11432.0}, {"i": 20, "x": 1398.0, "y": 16988.0}, {"i": 21, "x": 1406.0, "y": 17960.0}, {"i": 22, "x": 1408.0, "y": 14670.0}, {"i": 23, "x": 1464.0, "y": 17136.0}, {"i": 24, "x": 1486.0, "y": 11268.0}, {"i": 25, "x": 1494.0, "y": 4106.0}, {"i": 26, "x": 1528.0, "y": 13510.0}, {"i": 27, "x": 1640.0, "y": 11654.0}, {"i": 28, "x": 1674.0, "y": 8200.0}, {"i": 29, "x": 1696.0, "y": 12704.0}, {"i": 30, "x": 1800.0, "y": 13966.0}, {"i": 31, "x": 1858.0, "y": 8082.0}, {"i": 32, "x": 1930.0, "y": 10426.0}, {"i": 33, "x": 1950.0, "y": 5528.0}, {"i": 34, "x": 1970.0, "y": 9564.0}, {"i": 35, "x": 2094.0, "y": 17564.0}, {"i": 36, "x": 2132.0, "y": 4690.0}, {"i": 37, "x": 2152.0, "y": 16646.0}, {"i": 38, "x": 2172.0, "y": 16146.0}, {"i": 39, "x": 2186.0, "y": 3002.0}, {"i": 40, "x": 2254.0, "y": 3326.0}, {"i": 41, "x": 2300.0, "y": 6368.0}, {"i": 42, "x": 2344.0, "y": 15464.0}, {"i": 43, "x": 2416.0, "y": 3460.0}, {"i": 44, "x": 2600.0, "y": 13254.0}, {"i": 45, "x": 2644.0, "y": 13306.0}, {"i": 46, "x": 2676.0, "y": 2800.0}, {"i": 47, "x": 2834.0, "y": 2002.0}, {"i": 48, "x": 3000.0, "y": 9822.0}, {"i": 49, "x": 3008.0, "y": 15980.0}, {"i": 50, "x": 3010.0, "y": 8550.0}, {"i": 51, "x": 3054.0, "y": 2898.0}, {"i": 52, "x": 3066.0, "y": 14056.0}, {"i": 53, "x": 3208.0, "y": 3858.0}, {"i": 54, "x": 3260.0, "y": 10498.0}, {"i": 55, "x": 3286.0, "y": 18000.0}, {"i": 56, "x": 3448.0, "y": 9122.0}, {"i": 57, "x": 3628.0, "y": 10984.0}, {"i": 58, "x": 3756.0, "y": 15966.0}, {"i": 59, "x": 3948.0, "y": 16276.0}, {"i": 60, "x": 3990.0, "y": 10676.0}, {"i": 61, "x": 4014.0, "y": 4624.0}, {"i": 62, "x": 4062.0, "y": 10648.0}, {"i": 63, "x": 4092.0, "y": 16846.0}, {"i": 64, "x": 4180.0, "y": 9608.0}, {"i": 65, "x": 4212.0, "y": 8852.0}, {"i": 66, "x": 4240.0, "y": 7000.0}, {"i": 67, "x": 4292.0, "y": 5630.0}, {"i": 68, "x": 4386.0, "y": 15334.0}, {"i": 69, "x": 4396.0, "y": 17564.0}, {"i": 70, "x": 4504.0, "y": 9608.0}, {"i": 71, "x": 4506.0, "y": 4468.0}, {"i": 72, "x": 4634.0, "y": 2226.0}, {"i": 73, "x": 4652.0, "y": 2610.0}, {"i": 74, "x": 4694.0, "y": 14024.0}, {"i": 75, "x": 4824.0, "y": 3990.0}, {"i": 76, "x": 4982.0, "y": 2486.0}, {"i": 77, "x": 5062.0, "y": 9910.0}, {"i": 78, "x": 5116.0, "y": 6124.0}, {"i": 79, "x": 5128.0, "y": 916.0}, {"i": 80, "x": 5230.0, "y": 12802.0}, {"i": 81, "x": 5262.0, "y": 5860.0}, {"i": 82, "x": 5314.0, "y": 7936.0}, {"i": 83, "x": 5430.0, "y": 7676.0}, {"i": 84, "x": 5442.0, "y": 3692.0}, {"i": 85, "x": 5734.0, "y": 6444.0}, {"i": 86, "x": 5794.0, "y": 11036.0}, {"i": 87, "x": 5816.0, "y": 6330.0}, {"i": 88, "x": 5848.0, "y": 3464.0}, {"i": 89, "x": 5990.0, "y": 7906.0}, {"i": 90, "x": 5996.0, "y": 3914.0}, {"i": 91, "x": 6194.0, "y": 14608.0}, {"i": 92, "x": 6256.0, "y": 130.0}, {"i": 93, "x": 6304.0, "y": 6294.0}, {"i": 94, "x": 6356.0, "y": 3918.0}, {"i": 95, "x": 6410.0, "y": 10108.0}, {"i": 96, "x": 6410.0, "y": 17368.0}, {"i": 97, "x": 6578.0, "y": 11772.0}, {"i": 98, "x": 6604.0, "y": 424.0}, {"i": 99, "x": 6660.0, "y": 5404.0}, {"i": 100, "x": 6668.0, "y": 12752.0}, {"i": 101, "x": 6686.0, "y": 8934.0}, {"i": 102, "x": 6710.0, "y": 12204.0}, {"i": 103, "x": 6798.0, "y": 5044.0}, {"i": 104, "x": 6830.0, "y": 916.0}, {"i": 105, "x": 6856.0, "y": 9944.0}, {"i": 106, "x": 6864.0, "y": 8374.0}, {"i": 107, "x": 6878.0, "y": 15386.0}, {"i": 108, "x": 6902.0, "y": 8902.0}, {"i": 109, "x": 7252.0, "y": 13512.0}, {"i": 110, "x": 7258.0, "y": 17668.0}, {"i": 111, "x": 7266.0, "y": 8390.0}, {"i": 112, "x": 7268.0, "y": 10438.0}, {"i": 113, "x": 7296.0, "y": 6988.0}, {"i": 114, "x": 7422.0, "y": 12954.0}, {"i": 115, "x": 7434.0, "y": 16806.0}, {"i": 116, "x": 7438.0, "y": 98.0}, {"i": 117, "x": 7470.0, "y": 5144.0}, {"i": 118, "x": 7520.0, "y": 3284.0}, {"i": 119, "x": 7584.0, "y": 2260.0}, {"i": 120, "x": 7630.0, "y": 5184.0}, {"i": 121, "x": 7652.0, "y": 13652.0}, {"i": 122, "x": 7672.0, "y": 8576.0}, {"i": 123, "x": 7674.0, "y": 10104.0}, {"i": 124, "x": 7704.0, "y": 912.0}, {"i": 125, "x": 7742.0, "y": 10224.0}, {"i": 126, "x": 7774.0, "y": 16000.0}, {"i": 127, "x": 7912.0, "y": 5462.0}, {"i": 128, "x": 8020.0, "y": 2530.0}, {"i": 129, "x": 8094.0, "y": 5054.0}, {"i": 130, "x": 8124.0, "y": 14044.0}, {"i": 131, "x": 8150.0, "y": 15650.0}, {"i": 132, "x": 8194.0, "y": 9132.0}, {"i": 133, "x": 8216.0, "y": 3164.0}, {"i": 134, "x": 8324.0, "y": 5824.0}, {"i": 135, "x": 8356.0, "y": 10746.0}, {"i": 136, "x": 8562.0, "y": 17776.0}, {"i": 137, "x": 8582.0, "y": 9804.0}, {"i": 138, "x": 8650.0, "y": 17984.0}, {"i": 139, "x": 8702.0, "y": 14660.0}, {"i": 140, "x": 8708.0, "y": 14418.0}, {"i": 141, "x": 8718.0, "y": 4700.0}, {"i": 142, "x": 8854.0, "y": 396.0}, {"i": 143, "x": 8902.0, "y": 15152.0}, {"i": 144, "x": 9040.0, "y": 8344.0}, {"i": 145, "x": 9100.0, "y": 3952.0}, {"i": 146, "x": 9124.0, "y": 10720.0}, {"i": 147, "x": 9156.0, "y": 7242.0}, {"i": 148, "x": 9260.0, "y": 10668.0}, {"i": 149, "x": 9384.0, "y": 1002.0}, {"i": 150, "x": 9384.0, "y": 17208.0}, {"i": 151, "x": 9548.0, "y": 5260.0}, {"i": 152, "x": 9550.0, "y": 8554.0}, {"i": 153, "x": 9560.0, "y": 1510.0}, {"i": 154, "x": 9710.0, "y": 8082.0}, {"i": 155, "x": 9790.0, "y": 15518.0}, {"i": 156, "x": 9914.0, "y": 5426.0}, {"i": 157, "x": 9928.0, "y": 12282.0}, {"i": 158, "x": 9938.0, "y": 7320.0}, {"i": 159, "x": 9966.0, "y": 8052.0}, {"i": 160, "x": 10050.0, "y": 4648.0}, {"i": 161, "x": 10066.0, "y": 3378.0}, {"i": 162, "x": 10182.0, "y": 13332.0}, {"i": 163, "x": 10186.0, "y": 4828.0}, {"i": 164, "x": 10198.0, "y": 14520.0}, {"i": 165, "x": 10240.0, "y": 16464.0}, {"i": 166, "x": 10310.0, "y": 13612.0}, {"i": 167, "x": 10348.0, "y": 8328.0}, {"i": 168, "x": 10458.0, "y": 5600.0}, {"i": 169, "x": 10618.0, "y": 5502.0}, {"i": 170, "x": 10658.0, "y": 13866.0}, {"i": 171, "x": 10692.0, "y": 15218.0}, {"i": 172, "x": 10938.0, "y": 3874.0}, {"i": 173, "x": 10990.0, "y": 14166.0}, {"i": 174, "x": 11002.0, "y": 17016.0}, {"i": 175, "x": 11006.0, "y": 11854.0}, {"i": 176, "x": 11022.0, "y": 11032.0}, {"i": 177, "x": 11032.0, "y": 2564.0}, {"i": 178, "x": 11140.0, "y": 2856.0}, {"i": 179, "x": 11140.0, "y": 10426.0}, {"i": 180, "x": 11178.0, "y": 10468.0}, {"i": 181, "x": 11200.0, "y": 3324.0}, {"i": 182, "x": 11266.0, "y": 3026.0}, {"i": 183, "x": 11426.0, "y": 7858.0}, {"i": 184, "x": 11468.0, "y": 272.0}, {"i": 185, "x": 11468.0, "y": 2696.0}, {"i": 186, "x": 11598.0, "y": 17808.0}, {"i": 187, "x": 11660.0, "y": 7396.0}, {"i": 188, "x": 11758.0, "y": 2220.0}, {"i": 189, "x": 11786.0, "y": 15278.0}, {"i": 190, "x": 11808.0, "y": 15290.0}, {"i": 191, "x": 12070.0, "y": 15254.0}, {"i": 192, "x": 12394.0, "y": 7546.0}, {"i": 193, "x": 12486.0, "y": 8862.0}, {"i": 194, "x": 12526.0, "y": 16520.0}, {"i": 195, "x": 12578.0, "y": 1056.0}, {"i": 196, "x": 12604.0, "y": 106.0}, {"i": 197, "x": 12634.0, "y": 1748.0}, {"i": 198, "x": 12638.0, "y": 16224.0}, {"i": 199, "x": 12700.0, "y": 4690.0}, {"i": 200, "x": 12726.0, "y": 16996.0}, {"i": 201, "x": 12904.0, "y": 6894.0}, {"i": 202, "x": 12922.0, "y": 12442.0}, {"i": 203, "x": 13016.0, "y": 3032.0}, {"i": 204, "x": 13174.0, "y": 3862.0}, {"i": 205, "x": 13178.0, "y": 5206.0}, {"i": 206, "x": 13178.0, "y": 14874.0}, {"i": 207, "x": 13182.0, "y": 12362.0}, {"i": 208, "x": 13186.0, "y": 12012.0}, {"i": 209, "x": 13200.0, "y": 15476.0}, {"i": 210, "x": 13296.0, "y": 8876.0}, {"i": 211, "x": 13412.0, "y": 4932.0}, {"i": 212, "x": 13440.0, "y": 1336.0}, {"i": 213, "x": 13452.0, "y": 10126.0}, {"i": 214, "x": 13502.0, "y": 446.0}, {"i": 215, "x": 13530.0, "y": 5112.0}, {"i": 216, "x": 13578.0, "y": 13622.0}, {"i": 217, "x": 13744.0, "y": 10758.0}, {"i": 218, "x": 13794.0, "y": 16984.0}, {"i": 219, "x": 13832.0, "y": 7194.0}, {"i": 220, "x": 13912.0, "y": 7472.0}, {"i": 221, "x": 13962.0, "y": 17110.0}, {"i": 222, "x": 14022.0, "y": 10382.0}, {"i": 223, "x": 14142.0, "y": 3484.0}, {"i": 224, "x": 14198.0, "y": 14574.0}, {"i": 225, "x": 14504.0, "y": 10202.0}, {"i": 226, "x": 14592.0, "y": 5000.0}, {"i": 227, "x": 14682.0, "y": 644.0}, {"i": 228, "x": 14700.0, "y": 12522.0}, {"i": 229, "x": 14858.0, "y": 15882.0}, {"i": 230, "x": 14916.0, "y": 1218.0}, {"i": 231, "x": 14948.0, "y": 12286.0}, {"i": 232, "x": 14986.0, "y": 8580.0}, {"i": 233, "x": 15052.0, "y": 10630.0}, {"i": 234, "x": 15254.0, "y": 16412.0}, {"i": 235, "x": 15264.0, "y": 6282.0}, {"i": 236, "x": 15300.0, "y": 10994.0}, {"i": 237, "x": 15348.0, "y": 8124.0}, {"i": 238, "x": 15366.0, "y": 8714.0}, {"i": 239, "x": 15368.0, "y": 3310.0}, {"i": 240, "x": 15420.0, "y": 5542.0}, {"i": 241, "x": 15464.0, "y": 4350.0}, {"i": 242, "x": 15486.0, "y": 16262.0}, {"i": 243, "x": 15508.0, "y": 8248.0}, {"i": 244, "x": 15554.0, "y": 17368.0}, {"i": 245, "x": 15618.0, "y": 13354.0}, {"i": 246, "x": 15622.0, "y": 1084.0}, {"i": 247, "x": 15622.0, "y": 15842.0}, {"i": 248, "x": 15656.0, "y": 10900.0}, {"i": 249, "x": 15672.0, "y": 10402.0}, {"i": 250, "x": 15712.0, "y": 400.0}, {"i": 251, "x": 15724.0, "y": 9096.0}, {"i": 252, "x": 15744.0, "y": 8638.0}, {"i": 253, "x": 15768.0, "y": 15610.0}, {"i": 254, "x": 15858.0, "y": 16514.0}, {"i": 255, "x": 15888.0, "y": 14738.0}, {"i": 256, "x": 15896.0, "y": 3216.0}, {"i": 257, "x": 15898.0, "y": 4900.0}, {"i": 258, "x": 16020.0, "y": 1446.0}, {"i": 259, "x": 16024.0, "y": 9778.0}, {"i": 260, "x": 16034.0, "y": 5214.0}, {"i": 261, "x": 16052.0, "y": 4538.0}, {"i": 262, "x": 16074.0, "y": 12772.0}, {"i": 263, "x": 16080.0, "y": 13766.0}, {"i": 264, "x": 16096.0, "y": 17438.0}, {"i": 265, "x": 16104.0, "y": 1786.0}, {"i": 266, "x": 16266.0, "y": 2084.0}, {"i": 267, "x": 16302.0, "y": 6746.0}, {"i": 268, "x": 16386.0, "y": 6510.0}, {"i": 269, "x": 16512.0, "y": 12678.0}, {"i": 270, "x": 16662.0, "y": 4362.0}, {"i": 271, "x": 16662.0, "y": 7612.0}, {"i": 272, "x": 16706.0, "y": 10712.0}, {"i": 273, "x": 16728.0, "y": 3748.0}, {"i": 274, "x": 16812.0, "y": 3450.0}, {"i": 275, "x": 16922.0, "y": 1074.0}, {"i": 276, "x": 16930.0, "y": 10614.0}, {"i": 277, "x": 16972.0, "y": 3300.0}, {"i": 278, "x": 17032.0, "y": 13852.0}, {"i": 279, "x": 17038.0, "y": 6954.0}, {"i": 280, "x": 17130.0, "y": 16076.0}, {"i": 281, "x": 17180.0, "y": 8602.0}, {"i": 282, "x": 17182.0, "y": 382.0}, {"i": 283, "x": 17220.0, "y": 3478.0}, {"i": 284, "x": 17236.0, "y": 3008.0}, {"i": 285, "x": 17310.0, "y": 13806.0}, {"i": 286, "x": 17356.0, "y": 8202.0}, {"i": 287, "x": 17382.0, "y": 4388.0}, {"i": 288, "x": 17396.0, "y": 3306.0}, {"i": 289, "x": 17454.0, "y": 280.0}, {"i": 290, "x": 17468.0, "y": 14352.0}, {"i": 291, "x": 17546.0, "y": 4024.0}, {"i": 292, "x": 17560.0, "y": 8080.0}, {"i": 293, "x": 17616.0, "y": 10516.0}, {"i": 294, "x": 17618.0, "y": 10578.0}, {"i": 295, "x": 17786.0, "y": 15574.0}, {"i": 296, "x": 17848.0, "y": 4700.0}, {"i": 297, "x": 17878.0, "y": 1408.0}, {"i": 298, "x": 17884.0, "y": 15592.0}, {"i": 299, "x": 17978.0, "y": 10450.0}], "type": "Instance", "name": "uniform-0000300-1", "meta": {"comment": "HIP random 2-dimensional integral point set (300 points), distribution 'uniform'", "faces_in_delaunay": 580}}