{"points": [{"i": 0, "x": 22.0, "y": 7226.0}, {"i": 1, "x": 28.0, "y": 7496.0}, {"i": 2, "x": 148.0, "y": 11412.0}, {"i": 3, "x": 224.0, "y": 762.0}, {"i": 4, "x": 224.0, "y": 4366.0}, {"i": 5, "x": 350.0, "y": 6512.0}, {"i": 6, "x": 376.0, "y": 9462.0}, {"i": 7, "x": 406.0, "y": 10384.0}, {"i": 8, "x": 414.0, "y": 7622.0}, {"i": 9, "x": 426.0, "y": 322.0}, {"i": 10, "x": 436.0, "y": 7122.0}, {"i": 11, "x": 720.0, "y": 10898.0}, {"i": 12, "x": 814.0, "y": 7882.0}, {"i": 13, "x": 832.0, "y": 8672.0}, {"i": 14, "x": 944.0, "y": 11864.0}, {"i": 15, "x": 970.0, "y": 6768.0}, {"i": 16, "x": 1250.0, "y": 1710.0}, {"i": 17, "x": 1288.0, "y": 1006.0}, {"i": 18, "x": 1332.0, "y": 7828.0}, {"i": 19, "x": 1370.0, "y": 2026.0}, {"i": 20, "x": 1380.0, "y": 9714.0}, {"i": 21, "x": 1398.0, "y": 11642.0}, {"i": 22, "x": 1466.0, "y": 11092.0}, {"i": 23, "x": 1502.0, "y": 10922.0}, {"i": 24, "x": 1566.0, "y": 10186.0}, {"i": 25, "x": 1618.0, "y": 4864.0}, {"i": 26, "x": 1634.0, "y": 10134.0}, {"i": 27, "x": 1720.0, "y": 10504.0}, {"i": 28, "x": 1726.0, "y": 9712.0}, {"i": 29, "x": 1754.0, "y": 2940.0}, {"i": 30, "x": 1924.0, "y": 9002.0}, {"i": 31, "x": 1950.0, "y": 11624.0}, {"i": 32, "x": 1974.0, "y": 2176.0}, {"i": 33, "x": 1976.0, "y": 4738.0}, {"i": 34, "x": 2020.0, "y": 2714.0}, {"i": 35, "x": 2088.0, "y": 7208.0}, {"i": 36, "x": 2142.0, "y": 10928.0}, {"i": 37, "x": 2156.0, "y": 11020.0}, {"i": 38, "x": 2250.0, "y": 3908.0}, {"i": 39, "x": 2308.0, "y": 6392.0}, {"i": 40, "x": 2366.0, "y": 11706.0}, {"i": 41, "x": 2388.0, "y": 8904.0}, {"i": 42, "x": 2394.0, "y": 9086.0}, {"i": 43, "x": 2456.0, "y": 6550.0}, {"i": 44, "x": 2470.0, "y": 2914.0}, {"i": 45, "x": 2486.0, "y": 5898.0}, {"i": 46, "x": 2596.0, "y": 9812.0}, {"i": 47, "x": 2608.0, "y": 3804.0}, {"i": 48, "x": 2668.0, "y": 6996.0}, {"i": 49, "x": 2768.0, "y": 9892.0}, {"i": 50, "x": 2814.0, "y": 3906.0}, {"i": 51, "x": 2974.0, "y": 8744.0}, {"i": 52, "x": 3154.0, "y": 878.0}, {"i": 53, "x": 3180.0, "y": 5034.0}, {"i": 54, "x": 3210.0, "y": 4444.0}, {"i": 55, "x": 3232.0, "y": 3502.0}, {"i": 56, "x": 3268.0, "y": 5910.0}, {"i": 57, "x": 3380.0, "y": 5544.0}, {"i": 58, "x": 3390.0, "y": 70.0}, {"i": 59, "x": 3452.0, "y": 4666.0}, {"i": 60, "x": 3558.0, "y": 1404.0}, {"i": 61, "x": 3566.0, "y": 2580.0}, {"i": 62, "x": 3696.0, "y": 234.0}, {"i": 63, "x": 3722.0, "y": 6418.0}, {"i": 64, "x": 3734.0, "y": 3868.0}, {"i": 65, "x": 3856.0, "y": 6960.0}, {"i": 66, "x": 3880.0, "y": 11816.0}, {"i": 67, "x": 3936.0, "y": 10932.0}, {"i": 68, "x": 3956.0, "y": 7172.0}, {"i": 69, "x": 4014.0, "y": 2248.0}, {"i": 70, "x": 4078.0, "y": 3652.0}, {"i": 71, "x": 4182.0, "y": 10356.0}, {"i": 72, "x": 4264.0, "y": 1660.0}, {"i": 73, "x": 4300.0, "y": 766.0}, {"i": 74, "x": 4308.0, "y": 326.0}, {"i": 75, "x": 4314.0, "y": 6814.0}, {"i": 76, "x": 4354.0, "y": 6578.0}, {"i": 77, "x": 4446.0, "y": 8800.0}, {"i": 78, "x": 4448.0, "y": 3232.0}, {"i": 79, "x": 4474.0, "y": 4196.0}, {"i": 80, "x": 4518.0, "y": 11678.0}, {"i": 81, "x": 4544.0, "y": 9772.0}, {"i": 82, "x": 4566.0, "y": 3178.0}, {"i": 83, "x": 4690.0, "y": 5144.0}, {"i": 84, "x": 4708.0, "y": 944.0}, {"i": 85, "x": 4726.0, "y": 5468.0}, {"i": 86, "x": 4904.0, "y": 4960.0}, {"i": 87, "x": 4918.0, "y": 2038.0}, {"i": 88, "x": 4920.0, "y": 10120.0}, {"i": 89, "x": 4976.0, "y": 1492.0}, {"i": 90, "x": 5006.0, "y": 2762.0}, {"i": 91, "x": 5124.0, "y": 5464.0}, {"i": 92, "x": 5174.0, "y": 8610.0}, {"i": 93, "x": 5258.0, "y": 5528.0}, {"i": 94, "x": 5294.0, "y": 11072.0}, {"i": 95, "x": 5354.0, "y": 1736.0}, {"i": 96, "x": 5472.0, "y": 10990.0}, {"i": 97, "x": 5642.0, "y": 812.0}, {"i": 98, "x": 5654.0, "y": 7360.0}, {"i": 99, "x": 5708.0, "y": 9576.0}, {"i": 100, "x": 5716.0, "y": 3502.0}, {"i": 101, "x": 5730.0, "y": 2566.0}, {"i": 102, "x": 5848.0, "y": 6762.0}, {"i": 103, "x": 5924.0, "y": 7986.0}, {"i": 104, "x": 5966.0, "y": 4120.0}, {"i": 105, "x": 6006.0, "y": 10060.0}, {"i": 106, "x": 6096.0, "y": 1790.0}, {"i": 107, "x": 6178.0, "y": 5740.0}, {"i": 108, "x": 6282.0, "y": 8976.0}, {"i": 109, "x": 6300.0, "y": 796.0}, {"i": 110, "x": 6388.0, "y": 9878.0}, {"i": 111, "x": 6414.0, "y": 9284.0}, {"i": 112, "x": 6534.0, "y": 11304.0}, {"i": 113, "x": 6564.0, "y": 4698.0}, {"i": 114, "x": 6690.0, "y": 10974.0}, {"i": 115, "x": 6870.0, "y": 6484.0}, {"i": 116, "x": 6942.0, "y": 5322.0}, {"i": 117, "x": 7036.0, "y": 10646.0}, {"i": 118, "x": 7052.0, "y": 4632.0}, {"i": 119, "x": 7200.0, "y": 11670.0}, {"i": 120, "x": 7374.0, "y": 4040.0}, {"i": 121, "x": 7420.0, "y": 8758.0}, {"i": 122, "x": 7582.0, "y": 11002.0}, {"i": 123, "x": 7724.0, "y": 10032.0}, {"i": 124, "x": 7790.0, "y": 2414.0}, {"i": 125, "x": 7790.0, "y": 10480.0}, {"i": 126, "x": 7834.0, "y": 10532.0}, {"i": 127, "x": 8018.0, "y": 10188.0}, {"i": 128, "x": 8212.0, "y": 7564.0}, {"i": 129, "x": 8218.0, "y": 1464.0}, {"i": 130, "x": 8272.0, "y": 10080.0}, {"i": 131, "x": 8280.0, "y": 8378.0}, {"i": 132, "x": 8296.0, "y": 1126.0}, {"i": 133, "x": 8304.0, "y": 10774.0}, {"i": 134, "x": 8324.0, "y": 11450.0}, {"i": 135, "x": 8342.0, "y": 7288.0}, {"i": 136, "x": 8344.0, "y": 1500.0}, {"i": 137, "x": 8434.0, "y": 1150.0}, {"i": 138, "x": 8456.0, "y": 1272.0}, {"i": 139, "x": 8478.0, "y": 2434.0}, {"i": 140, "x": 8640.0, "y": 8886.0}, {"i": 141, "x": 8672.0, "y": 2604.0}, {"i": 142, "x": 8674.0, "y": 11416.0}, {"i": 143, "x": 8694.0, "y": 6346.0}, {"i": 144, "x": 8730.0, "y": 1768.0}, {"i": 145, "x": 8774.0, "y": 9728.0}, {"i": 146, "x": 8924.0, "y": 8974.0}, {"i": 147, "x": 8928.0, "y": 9634.0}, {"i": 148, "x": 8992.0, "y": 10204.0}, {"i": 149, "x": 9006.0, "y": 9984.0}, {"i": 150, "x": 9080.0, "y": 10686.0}, {"i": 151, "x": 9088.0, "y": 4530.0}, {"i": 152, "x": 9130.0, "y": 3092.0}, {"i": 153, "x": 9276.0, "y": 6330.0}, {"i": 154, "x": 9304.0, "y": 5484.0}, {"i": 155, "x": 9334.0, "y": 8856.0}, {"i": 156, "x": 9378.0, "y": 3184.0}, {"i": 157, "x": 9388.0, "y": 3524.0}, {"i": 158, "x": 9480.0, "y": 258.0}, {"i": 159, "x": 9498.0, "y": 266.0}, {"i": 160, "x": 9536.0, "y": 5322.0}, {"i": 161, "x": 9562.0, "y": 10206.0}, {"i": 162, "x": 9622.0, "y": 2874.0}, {"i": 163, "x": 9726.0, "y": 5458.0}, {"i": 164, "x": 9734.0, "y": 10450.0}, {"i": 165, "x": 9894.0, "y": 9618.0}, {"i": 166, "x": 9934.0, "y": 7566.0}, {"i": 167, "x": 9970.0, "y": 6380.0}, {"i": 168, "x": 10012.0, "y": 638.0}, {"i": 169, "x": 10060.0, "y": 4636.0}, {"i": 170, "x": 10080.0, "y": 4838.0}, {"i": 171, "x": 10204.0, "y": 8142.0}, {"i": 172, "x": 10368.0, "y": 4894.0}, {"i": 173, "x": 10410.0, "y": 6286.0}, {"i": 174, "x": 10480.0, "y": 6096.0}, {"i": 175, "x": 10506.0, "y": 5030.0}, {"i": 176, "x": 10526.0, "y": 5904.0}, {"i": 177, "x": 10554.0, "y": 2786.0}, {"i": 178, "x": 10614.0, "y": 3038.0}, {"i": 179, "x": 10630.0, "y": 8228.0}, {"i": 180, "x": 10638.0, "y": 7798.0}, {"i": 181, "x": 10680.0, "y": 6656.0}, {"i": 182, "x": 10714.0, "y": 9070.0}, {"i": 183, "x": 10728.0, "y": 9398.0}, {"i": 184, "x": 10740.0, "y": 6936.0}, {"i": 185, "x": 10760.0, "y": 5400.0}, {"i": 186, "x": 11024.0, "y": 478.0}, {"i": 187, "x": 11034.0, "y": 4662.0}, {"i": 188, "x": 11046.0, "y": 4398.0}, {"i": 189, "x": 11122.0, "y": 9922.0}, {"i": 190, "x": 11186.0, "y": 1316.0}, {"i": 191, "x": 11256.0, "y": 4446.0}, {"i": 192, "x": 11272.0, "y": 840.0}, {"i": 193, "x": 11574.0, "y": 4876.0}, {"i": 194, "x": 11582.0, "y": 2262.0}, {"i": 195, "x": 11586.0, "y": 5152.0}, {"i": 196, "x": 11640.0, "y": 3390.0}, {"i": 197, "x": 11730.0, "y": 5358.0}, {"i": 198, "x": 11730.0, "y": 8638.0}, {"i": 199, "x": 11978.0, "y": 2850.0}], "type": "Instance", "name": "uniform-0000200-2", "meta": {"comment": "HIP random 2-dimensional integral point set (200 points), distribution 'uniform'", "faces_in_delaunay": 382}}