{"points": [{"i": 0, "x": 22.0, "y": 3150.0}, {"i": 1, "x": 96.0, "y": 2270.0}, {"i": 2, "x": 142.0, "y": 460.0}, {"i": 3, "x": 178.0, "y": 162.0}, {"i": 4, "x": 180.0, "y": 864.0}, {"i": 5, "x": 294.0, "y": 1136.0}, {"i": 6, "x": 408.0, "y": 14.0}, {"i": 7, "x": 418.0, "y": 2434.0}, {"i": 8, "x": 596.0, "y": 1440.0}, {"i": 9, "x": 608.0, "y": 2102.0}, {"i": 10, "x": 670.0, "y": 770.0}, {"i": 11, "x": 716.0, "y": 2564.0}, {"i": 12, "x": 812.0, "y": 1640.0}, {"i": 13, "x": 902.0, "y": 2784.0}, {"i": 14, "x": 926.0, "y": 1892.0}, {"i": 15, "x": 978.0, "y": 2656.0}, {"i": 16, "x": 992.0, "y": 972.0}, {"i": 17, "x": 998.0, "y": 3158.0}, {"i": 18, "x": 1020.0, "y": 760.0}, {"i": 19, "x": 1074.0, "y": 2378.0}, {"i": 20, "x": 1086.0, "y": 1326.0}, {"i": 21, "x": 1170.0, "y": 1082.0}, {"i": 22, "x": 1174.0, "y": 3498.0}, {"i": 23, "x": 1178.0, "y": 1748.0}, {"i": 24, "x": 1298.0, "y": 1720.0}, {"i": 25, "x": 1446.0, "y": 2504.0}, {"i": 26, "x": 1476.0, "y": 3068.0}, {"i": 27, "x": 1480.0, "y": 746.0}, {"i": 28, "x": 1542.0, "y": 3240.0}, {"i": 29, "x": 1550.0, "y": 1468.0}, {"i": 30, "x": 1738.0, "y": 1822.0}, {"i": 31, "x": 1788.0, "y": 1628.0}, {"i": 32, "x": 1808.0, "y": 1374.0}, {"i": 33, "x": 1826.0, "y": 792.0}, {"i": 34, "x": 1972.0, "y": 998.0}, {"i": 35, "x": 1972.0, "y": 3540.0}, {"i": 36, "x": 1972.0, "y": 3596.0}, {"i": 37, "x": 1996.0, "y": 2980.0}, {"i": 38, "x": 2032.0, "y": 782.0}, {"i": 39, "x": 2038.0, "y": 1038.0}, {"i": 40, "x": 2100.0, "y": 3552.0}, {"i": 41, "x": 2104.0, "y": 3042.0}, {"i": 42, "x": 2126.0, "y": 148.0}, {"i": 43, "x": 2186.0, "y": 948.0}, {"i": 44, "x": 2366.0, "y": 204.0}, {"i": 45, "x": 2412.0, "y": 1330.0}, {"i": 46, "x": 2462.0, "y": 1934.0}, {"i": 47, "x": 2500.0, "y": 3440.0}, {"i": 48, "x": 2540.0, "y": 1888.0}, {"i": 49, "x": 2552.0, "y": 2888.0}, {"i": 50, "x": 2778.0, "y": 766.0}, {"i": 51, "x": 2784.0, "y": 404.0}, {"i": 52, "x": 2820.0, "y": 746.0}, {"i": 53, "x": 3066.0, "y": 752.0}, {"i": 54, "x": 3108.0, "y": 1920.0}, {"i": 55, "x": 3112.0, "y": 376.0}, {"i": 56, "x": 3426.0, "y": 2272.0}, {"i": 57, "x": 3448.0, "y": 206.0}, {"i": 58, "x": 3518.0, "y": 3166.0}, {"i": 59, "x": 3538.0, "y": 2080.0}], "type": "Instance", "name": "uniform-0000060-2", "meta": {"comment": "HIP random 2-dimensional integral point set (60 points), distribution 'uniform'", "faces_in_delaunay": 109}}