{"points": [{"i": 0, "x": 34.0, "y": 1736.0}, {"i": 1, "x": 42.0, "y": 1084.0}, {"i": 2, "x": 48.0, "y": 1316.0}, {"i": 3, "x": 94.0, "y": 378.0}, {"i": 4, "x": 130.0, "y": 1682.0}, {"i": 5, "x": 180.0, "y": 626.0}, {"i": 6, "x": 236.0, "y": 464.0}, {"i": 7, "x": 400.0, "y": 1188.0}, {"i": 8, "x": 414.0, "y": 194.0}, {"i": 9, "x": 598.0, "y": 546.0}, {"i": 10, "x": 740.0, "y": 652.0}, {"i": 11, "x": 782.0, "y": 946.0}, {"i": 12, "x": 852.0, "y": 1726.0}, {"i": 13, "x": 1056.0, "y": 1528.0}, {"i": 14, "x": 1068.0, "y": 1578.0}, {"i": 15, "x": 1072.0, "y": 1154.0}, {"i": 16, "x": 1122.0, "y": 852.0}, {"i": 17, "x": 1150.0, "y": 1502.0}, {"i": 18, "x": 1158.0, "y": 1358.0}, {"i": 19, "x": 1172.0, "y": 1598.0}, {"i": 20, "x": 1196.0, "y": 1772.0}, {"i": 21, "x": 1246.0, "y": 322.0}, {"i": 22, "x": 1356.0, "y": 56.0}, {"i": 23, "x": 1384.0, "y": 1530.0}, {"i": 24, "x": 1426.0, "y": 698.0}, {"i": 25, "x": 1472.0, "y": 68.0}, {"i": 26, "x": 1576.0, "y": 1468.0}, {"i": 27, "x": 1624.0, "y": 1486.0}, {"i": 28, "x": 1646.0, "y": 542.0}, {"i": 29, "x": 1746.0, "y": 1236.0}], "type": "Instance", "name": "uniform-0000030-2", "meta": {"comment": "HIP random 2-dimensional integral point set (30 points), distribution 'uniform'", "faces_in_delaunay": 48}}