{"points": [{"i": 0, "x": 78.0, "y": 39042.0}, {"i": 1, "x": 94.0, "y": 59390.0}, {"i": 2, "x": 110.0, "y": 2760.0}, {"i": 3, "x": 170.0, "y": 9378.0}, {"i": 4, "x": 272.0, "y": 13270.0}, {"i": 5, "x": 316.0, "y": 1316.0}, {"i": 6, "x": 472.0, "y": 17364.0}, {"i": 7, "x": 532.0, "y": 47692.0}, {"i": 8, "x": 612.0, "y": 6978.0}, {"i": 9, "x": 776.0, "y": 58882.0}, {"i": 10, "x": 798.0, "y": 46292.0}, {"i": 11, "x": 882.0, "y": 30332.0}, {"i": 12, "x": 922.0, "y": 9072.0}, {"i": 13, "x": 954.0, "y": 43970.0}, {"i": 14, "x": 970.0, "y": 9388.0}, {"i": 15, "x": 1086.0, "y": 34114.0}, {"i": 16, "x": 1102.0, "y": 51354.0}, {"i": 17, "x": 1174.0, "y": 41122.0}, {"i": 18, "x": 1210.0, "y": 14574.0}, {"i": 19, "x": 1238.0, "y": 4948.0}, {"i": 20, "x": 1332.0, "y": 51044.0}, {"i": 21, "x": 1348.0, "y": 34264.0}, {"i": 22, "x": 1636.0, "y": 34544.0}, {"i": 23, "x": 1638.0, "y": 19812.0}, {"i": 24, "x": 1648.0, "y": 16068.0}, {"i": 25, "x": 1696.0, "y": 8978.0}, {"i": 26, "x": 1724.0, "y": 31798.0}, {"i": 27, "x": 1726.0, "y": 23760.0}, {"i": 28, "x": 1798.0, "y": 34816.0}, {"i": 29, "x": 1836.0, "y": 41950.0}, {"i": 30, "x": 1932.0, "y": 37856.0}, {"i": 31, "x": 1964.0, "y": 44540.0}, {"i": 32, "x": 2010.0, "y": 12560.0}, {"i": 33, "x": 2062.0, "y": 33514.0}, {"i": 34, "x": 2076.0, "y": 8440.0}, {"i": 35, "x": 2200.0, "y": 34530.0}, {"i": 36, "x": 2400.0, "y": 46796.0}, {"i": 37, "x": 2430.0, "y": 57864.0}, {"i": 38, "x": 2458.0, "y": 28284.0}, {"i": 39, "x": 2462.0, "y": 49612.0}, {"i": 40, "x": 2492.0, "y": 45010.0}, {"i": 41, "x": 2496.0, "y": 32028.0}, {"i": 42, "x": 2624.0, "y": 6488.0}, {"i": 43, "x": 2630.0, "y": 58040.0}, {"i": 44, "x": 2702.0, "y": 22596.0}, {"i": 45, "x": 2748.0, "y": 41518.0}, {"i": 46, "x": 2792.0, "y": 21162.0}, {"i": 47, "x": 2926.0, "y": 24260.0}, {"i": 48, "x": 2938.0, "y": 12820.0}, {"i": 49, "x": 2984.0, "y": 13108.0}, {"i": 50, "x": 3056.0, "y": 26090.0}, {"i": 51, "x": 3124.0, "y": 30978.0}, {"i": 52, "x": 3126.0, "y": 12662.0}, {"i": 53, "x": 3168.0, "y": 14616.0}, {"i": 54, "x": 3184.0, "y": 36544.0}, {"i": 55, "x": 3196.0, "y": 24340.0}, {"i": 56, "x": 3224.0, "y": 42472.0}, {"i": 57, "x": 3284.0, "y": 26770.0}, {"i": 58, "x": 3292.0, "y": 24790.0}, {"i": 59, "x": 3368.0, "y": 6444.0}, {"i": 60, "x": 3386.0, "y": 44508.0}, {"i": 61, "x": 3420.0, "y": 58356.0}, {"i": 62, "x": 3474.0, "y": 54220.0}, {"i": 63, "x": 3562.0, "y": 47830.0}, {"i": 64, "x": 3650.0, "y": 36142.0}, {"i": 65, "x": 3760.0, "y": 92.0}, {"i": 66, "x": 3828.0, "y": 11114.0}, {"i": 67, "x": 3952.0, "y": 17032.0}, {"i": 68, "x": 3992.0, "y": 9136.0}, {"i": 69, "x": 3998.0, "y": 9446.0}, {"i": 70, "x": 4060.0, "y": 14202.0}, {"i": 71, "x": 4180.0, "y": 51622.0}, {"i": 72, "x": 4360.0, "y": 31686.0}, {"i": 73, "x": 4530.0, "y": 18778.0}, {"i": 74, "x": 4590.0, "y": 30688.0}, {"i": 75, "x": 4772.0, "y": 46682.0}, {"i": 76, "x": 4848.0, "y": 14766.0}, {"i": 77, "x": 4874.0, "y": 56946.0}, {"i": 78, "x": 4906.0, "y": 3788.0}, {"i": 79, "x": 4932.0, "y": 19410.0}, {"i": 80, "x": 4934.0, "y": 57048.0}, {"i": 81, "x": 5028.0, "y": 31748.0}, {"i": 82, "x": 5094.0, "y": 45306.0}, {"i": 83, "x": 5260.0, "y": 22644.0}, {"i": 84, "x": 5262.0, "y": 56306.0}, {"i": 85, "x": 5280.0, "y": 33094.0}, {"i": 86, "x": 5288.0, "y": 51766.0}, {"i": 87, "x": 5366.0, "y": 51752.0}, {"i": 88, "x": 5374.0, "y": 18740.0}, {"i": 89, "x": 5498.0, "y": 34106.0}, {"i": 90, "x": 5550.0, "y": 47902.0}, {"i": 91, "x": 5560.0, "y": 9352.0}, {"i": 92, "x": 5586.0, "y": 10726.0}, {"i": 93, "x": 5638.0, "y": 10012.0}, {"i": 94, "x": 5670.0, "y": 1482.0}, {"i": 95, "x": 5874.0, "y": 37980.0}, {"i": 96, "x": 5892.0, "y": 31656.0}, {"i": 97, "x": 5916.0, "y": 34834.0}, {"i": 98, "x": 5944.0, "y": 51640.0}, {"i": 99, "x": 6138.0, "y": 42068.0}, {"i": 100, "x": 6176.0, "y": 48828.0}, {"i": 101, "x": 6198.0, "y": 33536.0}, {"i": 102, "x": 6228.0, "y": 32082.0}, {"i": 103, "x": 6244.0, "y": 31600.0}, {"i": 104, "x": 6312.0, "y": 28372.0}, {"i": 105, "x": 6314.0, "y": 20250.0}, {"i": 106, "x": 6390.0, "y": 21940.0}, {"i": 107, "x": 6470.0, "y": 7502.0}, {"i": 108, "x": 6534.0, "y": 53326.0}, {"i": 109, "x": 6654.0, "y": 47514.0}, {"i": 110, "x": 6726.0, "y": 53328.0}, {"i": 111, "x": 6740.0, "y": 2746.0}, {"i": 112, "x": 6788.0, "y": 920.0}, {"i": 113, "x": 6812.0, "y": 20230.0}, {"i": 114, "x": 6896.0, "y": 43962.0}, {"i": 115, "x": 6922.0, "y": 51890.0}, {"i": 116, "x": 6990.0, "y": 3516.0}, {"i": 117, "x": 7110.0, "y": 23106.0}, {"i": 118, "x": 7192.0, "y": 31114.0}, {"i": 119, "x": 7272.0, "y": 31692.0}, {"i": 120, "x": 7324.0, "y": 30358.0}, {"i": 121, "x": 7404.0, "y": 5130.0}, {"i": 122, "x": 7440.0, "y": 40024.0}, {"i": 123, "x": 7462.0, "y": 45110.0}, {"i": 124, "x": 7512.0, "y": 23218.0}, {"i": 125, "x": 7576.0, "y": 52684.0}, {"i": 126, "x": 7694.0, "y": 52328.0}, {"i": 127, "x": 7706.0, "y": 32864.0}, {"i": 128, "x": 7784.0, "y": 13326.0}, {"i": 129, "x": 7808.0, "y": 56978.0}, {"i": 130, "x": 7940.0, "y": 16428.0}, {"i": 131, "x": 7940.0, "y": 20592.0}, {"i": 132, "x": 8030.0, "y": 2308.0}, {"i": 133, "x": 8054.0, "y": 27742.0}, {"i": 134, "x": 8166.0, "y": 49106.0}, {"i": 135, "x": 8190.0, "y": 47202.0}, {"i": 136, "x": 8254.0, "y": 23368.0}, {"i": 137, "x": 8270.0, "y": 12390.0}, {"i": 138, "x": 8490.0, "y": 42708.0}, {"i": 139, "x": 8560.0, "y": 25988.0}, {"i": 140, "x": 8616.0, "y": 25810.0}, {"i": 141, "x": 8632.0, "y": 49982.0}, {"i": 142, "x": 8666.0, "y": 25376.0}, {"i": 143, "x": 8684.0, "y": 4498.0}, {"i": 144, "x": 8798.0, "y": 57390.0}, {"i": 145, "x": 8830.0, "y": 33446.0}, {"i": 146, "x": 8906.0, "y": 16926.0}, {"i": 147, "x": 9078.0, "y": 49824.0}, {"i": 148, "x": 9108.0, "y": 5350.0}, {"i": 149, "x": 9112.0, "y": 45774.0}, {"i": 150, "x": 9152.0, "y": 53402.0}, {"i": 151, "x": 9192.0, "y": 56012.0}, {"i": 152, "x": 9210.0, "y": 7586.0}, {"i": 153, "x": 9216.0, "y": 59982.0}, {"i": 154, "x": 9332.0, "y": 52984.0}, {"i": 155, "x": 9398.0, "y": 54226.0}, {"i": 156, "x": 9418.0, "y": 13384.0}, {"i": 157, "x": 9574.0, "y": 37540.0}, {"i": 158, "x": 9634.0, "y": 38286.0}, {"i": 159, "x": 9670.0, "y": 15924.0}, {"i": 160, "x": 9674.0, "y": 32616.0}, {"i": 161, "x": 9696.0, "y": 30314.0}, {"i": 162, "x": 9710.0, "y": 6378.0}, {"i": 163, "x": 9714.0, "y": 37644.0}, {"i": 164, "x": 9732.0, "y": 51338.0}, {"i": 165, "x": 9740.0, "y": 39928.0}, {"i": 166, "x": 9756.0, "y": 5524.0}, {"i": 167, "x": 9764.0, "y": 17156.0}, {"i": 168, "x": 9944.0, "y": 55724.0}, {"i": 169, "x": 10048.0, "y": 25878.0}, {"i": 170, "x": 10130.0, "y": 39004.0}, {"i": 171, "x": 10162.0, "y": 58842.0}, {"i": 172, "x": 10164.0, "y": 24250.0}, {"i": 173, "x": 10172.0, "y": 7816.0}, {"i": 174, "x": 10252.0, "y": 59814.0}, {"i": 175, "x": 10322.0, "y": 36930.0}, {"i": 176, "x": 10384.0, "y": 42918.0}, {"i": 177, "x": 10418.0, "y": 33334.0}, {"i": 178, "x": 10422.0, "y": 34180.0}, {"i": 179, "x": 10622.0, "y": 14014.0}, {"i": 180, "x": 10652.0, "y": 44676.0}, {"i": 181, "x": 10796.0, "y": 55284.0}, {"i": 182, "x": 10824.0, "y": 43298.0}, {"i": 183, "x": 10852.0, "y": 17122.0}, {"i": 184, "x": 10956.0, "y": 27140.0}, {"i": 185, "x": 11102.0, "y": 32672.0}, {"i": 186, "x": 11120.0, "y": 45042.0}, {"i": 187, "x": 11230.0, "y": 34288.0}, {"i": 188, "x": 11280.0, "y": 50824.0}, {"i": 189, "x": 11290.0, "y": 49282.0}, {"i": 190, "x": 11300.0, "y": 41928.0}, {"i": 191, "x": 11334.0, "y": 36500.0}, {"i": 192, "x": 11336.0, "y": 11972.0}, {"i": 193, "x": 11378.0, "y": 18104.0}, {"i": 194, "x": 11406.0, "y": 48910.0}, {"i": 195, "x": 11452.0, "y": 19568.0}, {"i": 196, "x": 11538.0, "y": 55468.0}, {"i": 197, "x": 11576.0, "y": 18922.0}, {"i": 198, "x": 11666.0, "y": 18122.0}, {"i": 199, "x": 11732.0, "y": 19634.0}, {"i": 200, "x": 11950.0, "y": 190.0}, {"i": 201, "x": 11952.0, "y": 33832.0}, {"i": 202, "x": 12120.0, "y": 34042.0}, {"i": 203, "x": 12222.0, "y": 35118.0}, {"i": 204, "x": 12262.0, "y": 54712.0}, {"i": 205, "x": 12448.0, "y": 1770.0}, {"i": 206, "x": 12488.0, "y": 8376.0}, {"i": 207, "x": 12498.0, "y": 3670.0}, {"i": 208, "x": 12590.0, "y": 41428.0}, {"i": 209, "x": 12632.0, "y": 31112.0}, {"i": 210, "x": 12860.0, "y": 20618.0}, {"i": 211, "x": 12934.0, "y": 42944.0}, {"i": 212, "x": 12968.0, "y": 13164.0}, {"i": 213, "x": 13002.0, "y": 15172.0}, {"i": 214, "x": 13012.0, "y": 11702.0}, {"i": 215, "x": 13066.0, "y": 38620.0}, {"i": 216, "x": 13084.0, "y": 47414.0}, {"i": 217, "x": 13090.0, "y": 21688.0}, {"i": 218, "x": 13094.0, "y": 46542.0}, {"i": 219, "x": 13124.0, "y": 39000.0}, {"i": 220, "x": 13150.0, "y": 2900.0}, {"i": 221, "x": 13256.0, "y": 7860.0}, {"i": 222, "x": 13310.0, "y": 27186.0}, {"i": 223, "x": 13338.0, "y": 9600.0}, {"i": 224, "x": 13338.0, "y": 34190.0}, {"i": 225, "x": 13374.0, "y": 1410.0}, {"i": 226, "x": 13506.0, "y": 24572.0}, {"i": 227, "x": 13558.0, "y": 16042.0}, {"i": 228, "x": 13558.0, "y": 17122.0}, {"i": 229, "x": 13686.0, "y": 254.0}, {"i": 230, "x": 13742.0, "y": 52478.0}, {"i": 231, "x": 13822.0, "y": 32518.0}, {"i": 232, "x": 13850.0, "y": 10178.0}, {"i": 233, "x": 13872.0, "y": 58842.0}, {"i": 234, "x": 13896.0, "y": 41568.0}, {"i": 235, "x": 13986.0, "y": 47250.0}, {"i": 236, "x": 14162.0, "y": 50404.0}, {"i": 237, "x": 14172.0, "y": 5862.0}, {"i": 238, "x": 14204.0, "y": 45018.0}, {"i": 239, "x": 14216.0, "y": 29060.0}, {"i": 240, "x": 14514.0, "y": 42756.0}, {"i": 241, "x": 14566.0, "y": 56860.0}, {"i": 242, "x": 14612.0, "y": 40662.0}, {"i": 243, "x": 14624.0, "y": 29532.0}, {"i": 244, "x": 14672.0, "y": 35334.0}, {"i": 245, "x": 14676.0, "y": 36110.0}, {"i": 246, "x": 14680.0, "y": 50728.0}, {"i": 247, "x": 14728.0, "y": 45338.0}, {"i": 248, "x": 14838.0, "y": 23290.0}, {"i": 249, "x": 14862.0, "y": 26332.0}, {"i": 250, "x": 14872.0, "y": 14496.0}, {"i": 251, "x": 14898.0, "y": 42730.0}, {"i": 252, "x": 14970.0, "y": 51654.0}, {"i": 253, "x": 14978.0, "y": 59436.0}, {"i": 254, "x": 15080.0, "y": 56848.0}, {"i": 255, "x": 15100.0, "y": 27726.0}, {"i": 256, "x": 15106.0, "y": 3380.0}, {"i": 257, "x": 15138.0, "y": 46374.0}, {"i": 258, "x": 15174.0, "y": 53092.0}, {"i": 259, "x": 15240.0, "y": 59392.0}, {"i": 260, "x": 15324.0, "y": 33438.0}, {"i": 261, "x": 15384.0, "y": 58508.0}, {"i": 262, "x": 15416.0, "y": 43270.0}, {"i": 263, "x": 15436.0, "y": 28502.0}, {"i": 264, "x": 15480.0, "y": 20366.0}, {"i": 265, "x": 15580.0, "y": 45518.0}, {"i": 266, "x": 15586.0, "y": 36434.0}, {"i": 267, "x": 15608.0, "y": 58390.0}, {"i": 268, "x": 15618.0, "y": 6052.0}, {"i": 269, "x": 15694.0, "y": 6822.0}, {"i": 270, "x": 15712.0, "y": 47744.0}, {"i": 271, "x": 15746.0, "y": 25012.0}, {"i": 272, "x": 15874.0, "y": 22700.0}, {"i": 273, "x": 15922.0, "y": 41576.0}, {"i": 274, "x": 16006.0, "y": 17304.0}, {"i": 275, "x": 16016.0, "y": 39066.0}, {"i": 276, "x": 16040.0, "y": 14266.0}, {"i": 277, "x": 16052.0, "y": 53522.0}, {"i": 278, "x": 16066.0, "y": 39500.0}, {"i": 279, "x": 16172.0, "y": 50250.0}, {"i": 280, "x": 16214.0, "y": 3498.0}, {"i": 281, "x": 16236.0, "y": 37404.0}, {"i": 282, "x": 16320.0, "y": 16830.0}, {"i": 283, "x": 16430.0, "y": 11664.0}, {"i": 284, "x": 16440.0, "y": 39804.0}, {"i": 285, "x": 16482.0, "y": 25134.0}, {"i": 286, "x": 16558.0, "y": 43316.0}, {"i": 287, "x": 16572.0, "y": 17038.0}, {"i": 288, "x": 16616.0, "y": 10668.0}, {"i": 289, "x": 16644.0, "y": 31072.0}, {"i": 290, "x": 16644.0, "y": 47438.0}, {"i": 291, "x": 16648.0, "y": 32462.0}, {"i": 292, "x": 16822.0, "y": 42356.0}, {"i": 293, "x": 16896.0, "y": 30700.0}, {"i": 294, "x": 16922.0, "y": 36168.0}, {"i": 295, "x": 16978.0, "y": 39684.0}, {"i": 296, "x": 17034.0, "y": 54192.0}, {"i": 297, "x": 17048.0, "y": 9420.0}, {"i": 298, "x": 17118.0, "y": 29836.0}, {"i": 299, "x": 17134.0, "y": 18912.0}, {"i": 300, "x": 17146.0, "y": 30018.0}, {"i": 301, "x": 17148.0, "y": 8380.0}, {"i": 302, "x": 17174.0, "y": 468.0}, {"i": 303, "x": 17256.0, "y": 57700.0}, {"i": 304, "x": 17322.0, "y": 45262.0}, {"i": 305, "x": 17358.0, "y": 33608.0}, {"i": 306, "x": 17414.0, "y": 7798.0}, {"i": 307, "x": 17448.0, "y": 46378.0}, {"i": 308, "x": 17464.0, "y": 27066.0}, {"i": 309, "x": 17532.0, "y": 31444.0}, {"i": 310, "x": 17598.0, "y": 20678.0}, {"i": 311, "x": 17618.0, "y": 16344.0}, {"i": 312, "x": 17624.0, "y": 12820.0}, {"i": 313, "x": 17654.0, "y": 55198.0}, {"i": 314, "x": 17716.0, "y": 26864.0}, {"i": 315, "x": 17730.0, "y": 53810.0}, {"i": 316, "x": 17756.0, "y": 2938.0}, {"i": 317, "x": 17778.0, "y": 14156.0}, {"i": 318, "x": 17780.0, "y": 25234.0}, {"i": 319, "x": 17856.0, "y": 5020.0}, {"i": 320, "x": 17908.0, "y": 25580.0}, {"i": 321, "x": 17980.0, "y": 56762.0}, {"i": 322, "x": 18034.0, "y": 45098.0}, {"i": 323, "x": 18046.0, "y": 51934.0}, {"i": 324, "x": 18148.0, "y": 49428.0}, {"i": 325, "x": 18170.0, "y": 11706.0}, {"i": 326, "x": 18224.0, "y": 57706.0}, {"i": 327, "x": 18300.0, "y": 17964.0}, {"i": 328, "x": 18338.0, "y": 36598.0}, {"i": 329, "x": 18524.0, "y": 57690.0}, {"i": 330, "x": 18610.0, "y": 26280.0}, {"i": 331, "x": 18688.0, "y": 52486.0}, {"i": 332, "x": 18768.0, "y": 26342.0}, {"i": 333, "x": 18776.0, "y": 7820.0}, {"i": 334, "x": 18822.0, "y": 54756.0}, {"i": 335, "x": 18922.0, "y": 26658.0}, {"i": 336, "x": 19036.0, "y": 52506.0}, {"i": 337, "x": 19402.0, "y": 9754.0}, {"i": 338, "x": 19440.0, "y": 45076.0}, {"i": 339, "x": 19494.0, "y": 34414.0}, {"i": 340, "x": 19500.0, "y": 37362.0}, {"i": 341, "x": 19680.0, "y": 18286.0}, {"i": 342, "x": 19774.0, "y": 7918.0}, {"i": 343, "x": 19818.0, "y": 39830.0}, {"i": 344, "x": 19854.0, "y": 55352.0}, {"i": 345, "x": 19878.0, "y": 23110.0}, {"i": 346, "x": 19888.0, "y": 12938.0}, {"i": 347, "x": 19988.0, "y": 32060.0}, {"i": 348, "x": 20026.0, "y": 51664.0}, {"i": 349, "x": 20052.0, "y": 57000.0}, {"i": 350, "x": 20114.0, "y": 23486.0}, {"i": 351, "x": 20166.0, "y": 40484.0}, {"i": 352, "x": 20202.0, "y": 13758.0}, {"i": 353, "x": 20212.0, "y": 44764.0}, {"i": 354, "x": 20276.0, "y": 48274.0}, {"i": 355, "x": 20322.0, "y": 23792.0}, {"i": 356, "x": 20394.0, "y": 19978.0}, {"i": 357, "x": 20452.0, "y": 28774.0}, {"i": 358, "x": 20488.0, "y": 17424.0}, {"i": 359, "x": 20502.0, "y": 58014.0}, {"i": 360, "x": 20510.0, "y": 14546.0}, {"i": 361, "x": 20526.0, "y": 42366.0}, {"i": 362, "x": 20568.0, "y": 44870.0}, {"i": 363, "x": 20620.0, "y": 36458.0}, {"i": 364, "x": 20660.0, "y": 3080.0}, {"i": 365, "x": 20690.0, "y": 41796.0}, {"i": 366, "x": 20710.0, "y": 30750.0}, {"i": 367, "x": 20778.0, "y": 54416.0}, {"i": 368, "x": 20804.0, "y": 28746.0}, {"i": 369, "x": 20830.0, "y": 54278.0}, {"i": 370, "x": 20970.0, "y": 35356.0}, {"i": 371, "x": 21062.0, "y": 38466.0}, {"i": 372, "x": 21080.0, "y": 12794.0}, {"i": 373, "x": 21238.0, "y": 52274.0}, {"i": 374, "x": 21274.0, "y": 51276.0}, {"i": 375, "x": 21422.0, "y": 23594.0}, {"i": 376, "x": 21448.0, "y": 26912.0}, {"i": 377, "x": 21536.0, "y": 10298.0}, {"i": 378, "x": 21576.0, "y": 45790.0}, {"i": 379, "x": 21590.0, "y": 28696.0}, {"i": 380, "x": 21636.0, "y": 32816.0}, {"i": 381, "x": 21638.0, "y": 33728.0}, {"i": 382, "x": 21638.0, "y": 37768.0}, {"i": 383, "x": 21646.0, "y": 2842.0}, {"i": 384, "x": 21690.0, "y": 5396.0}, {"i": 385, "x": 21750.0, "y": 52364.0}, {"i": 386, "x": 21756.0, "y": 56290.0}, {"i": 387, "x": 21872.0, "y": 57084.0}, {"i": 388, "x": 21878.0, "y": 51052.0}, {"i": 389, "x": 21920.0, "y": 42650.0}, {"i": 390, "x": 21966.0, "y": 16462.0}, {"i": 391, "x": 22024.0, "y": 39962.0}, {"i": 392, "x": 22132.0, "y": 46096.0}, {"i": 393, "x": 22136.0, "y": 10358.0}, {"i": 394, "x": 22230.0, "y": 14574.0}, {"i": 395, "x": 22318.0, "y": 55228.0}, {"i": 396, "x": 22334.0, "y": 34308.0}, {"i": 397, "x": 22348.0, "y": 12578.0}, {"i": 398, "x": 22442.0, "y": 24588.0}, {"i": 399, "x": 22542.0, "y": 25054.0}, {"i": 400, "x": 22580.0, "y": 34200.0}, {"i": 401, "x": 22594.0, "y": 8068.0}, {"i": 402, "x": 22668.0, "y": 21996.0}, {"i": 403, "x": 22750.0, "y": 30744.0}, {"i": 404, "x": 22796.0, "y": 34838.0}, {"i": 405, "x": 22848.0, "y": 51428.0}, {"i": 406, "x": 22902.0, "y": 49080.0}, {"i": 407, "x": 22922.0, "y": 14780.0}, {"i": 408, "x": 22954.0, "y": 46326.0}, {"i": 409, "x": 22976.0, "y": 11200.0}, {"i": 410, "x": 23134.0, "y": 27730.0}, {"i": 411, "x": 23238.0, "y": 4594.0}, {"i": 412, "x": 23314.0, "y": 52672.0}, {"i": 413, "x": 23334.0, "y": 18208.0}, {"i": 414, "x": 23370.0, "y": 49832.0}, {"i": 415, "x": 23438.0, "y": 43548.0}, {"i": 416, "x": 23466.0, "y": 36136.0}, {"i": 417, "x": 23468.0, "y": 30486.0}, {"i": 418, "x": 23540.0, "y": 47236.0}, {"i": 419, "x": 23546.0, "y": 6438.0}, {"i": 420, "x": 23556.0, "y": 24744.0}, {"i": 421, "x": 23570.0, "y": 49184.0}, {"i": 422, "x": 23584.0, "y": 21516.0}, {"i": 423, "x": 23590.0, "y": 39908.0}, {"i": 424, "x": 23602.0, "y": 39228.0}, {"i": 425, "x": 23632.0, "y": 25678.0}, {"i": 426, "x": 23632.0, "y": 26488.0}, {"i": 427, "x": 23636.0, "y": 12792.0}, {"i": 428, "x": 23724.0, "y": 30366.0}, {"i": 429, "x": 23732.0, "y": 5016.0}, {"i": 430, "x": 23736.0, "y": 27402.0}, {"i": 431, "x": 23748.0, "y": 30282.0}, {"i": 432, "x": 23764.0, "y": 50158.0}, {"i": 433, "x": 23784.0, "y": 27488.0}, {"i": 434, "x": 23822.0, "y": 29296.0}, {"i": 435, "x": 23826.0, "y": 47952.0}, {"i": 436, "x": 23830.0, "y": 40740.0}, {"i": 437, "x": 23886.0, "y": 57392.0}, {"i": 438, "x": 23926.0, "y": 50198.0}, {"i": 439, "x": 23938.0, "y": 7768.0}, {"i": 440, "x": 23976.0, "y": 24182.0}, {"i": 441, "x": 24126.0, "y": 2496.0}, {"i": 442, "x": 24280.0, "y": 11880.0}, {"i": 443, "x": 24316.0, "y": 2376.0}, {"i": 444, "x": 24328.0, "y": 36096.0}, {"i": 445, "x": 24398.0, "y": 54530.0}, {"i": 446, "x": 24488.0, "y": 49752.0}, {"i": 447, "x": 24510.0, "y": 1002.0}, {"i": 448, "x": 24512.0, "y": 59448.0}, {"i": 449, "x": 24522.0, "y": 5640.0}, {"i": 450, "x": 24666.0, "y": 53980.0}, {"i": 451, "x": 24678.0, "y": 55254.0}, {"i": 452, "x": 24732.0, "y": 43552.0}, {"i": 453, "x": 24844.0, "y": 19614.0}, {"i": 454, "x": 24880.0, "y": 20500.0}, {"i": 455, "x": 24914.0, "y": 57472.0}, {"i": 456, "x": 24948.0, "y": 25988.0}, {"i": 457, "x": 24972.0, "y": 27432.0}, {"i": 458, "x": 25010.0, "y": 44858.0}, {"i": 459, "x": 25144.0, "y": 32096.0}, {"i": 460, "x": 25230.0, "y": 36064.0}, {"i": 461, "x": 25332.0, "y": 24436.0}, {"i": 462, "x": 25362.0, "y": 9678.0}, {"i": 463, "x": 25526.0, "y": 8950.0}, {"i": 464, "x": 25616.0, "y": 41990.0}, {"i": 465, "x": 25648.0, "y": 16702.0}, {"i": 466, "x": 25834.0, "y": 45836.0}, {"i": 467, "x": 25850.0, "y": 39758.0}, {"i": 468, "x": 25876.0, "y": 27292.0}, {"i": 469, "x": 25962.0, "y": 1056.0}, {"i": 470, "x": 26032.0, "y": 41938.0}, {"i": 471, "x": 26080.0, "y": 42048.0}, {"i": 472, "x": 26138.0, "y": 54296.0}, {"i": 473, "x": 26176.0, "y": 21406.0}, {"i": 474, "x": 26196.0, "y": 58596.0}, {"i": 475, "x": 26298.0, "y": 32280.0}, {"i": 476, "x": 26302.0, "y": 53954.0}, {"i": 477, "x": 26336.0, "y": 9592.0}, {"i": 478, "x": 26378.0, "y": 53096.0}, {"i": 479, "x": 26384.0, "y": 8526.0}, {"i": 480, "x": 26440.0, "y": 40360.0}, {"i": 481, "x": 26508.0, "y": 10768.0}, {"i": 482, "x": 26532.0, "y": 6186.0}, {"i": 483, "x": 26656.0, "y": 27798.0}, {"i": 484, "x": 26700.0, "y": 26144.0}, {"i": 485, "x": 26748.0, "y": 27584.0}, {"i": 486, "x": 26752.0, "y": 34060.0}, {"i": 487, "x": 26756.0, "y": 30740.0}, {"i": 488, "x": 26876.0, "y": 6344.0}, {"i": 489, "x": 26912.0, "y": 50448.0}, {"i": 490, "x": 26958.0, "y": 13108.0}, {"i": 491, "x": 27072.0, "y": 50308.0}, {"i": 492, "x": 27094.0, "y": 44278.0}, {"i": 493, "x": 27122.0, "y": 2326.0}, {"i": 494, "x": 27128.0, "y": 41066.0}, {"i": 495, "x": 27144.0, "y": 59910.0}, {"i": 496, "x": 27440.0, "y": 39766.0}, {"i": 497, "x": 27490.0, "y": 55040.0}, {"i": 498, "x": 27778.0, "y": 44914.0}, {"i": 499, "x": 27962.0, "y": 3782.0}, {"i": 500, "x": 27968.0, "y": 24736.0}, {"i": 501, "x": 27982.0, "y": 31732.0}, {"i": 502, "x": 28038.0, "y": 19578.0}, {"i": 503, "x": 28060.0, "y": 35852.0}, {"i": 504, "x": 28148.0, "y": 27658.0}, {"i": 505, "x": 28230.0, "y": 52328.0}, {"i": 506, "x": 28296.0, "y": 10248.0}, {"i": 507, "x": 28358.0, "y": 43950.0}, {"i": 508, "x": 28388.0, "y": 53006.0}, {"i": 509, "x": 28502.0, "y": 44736.0}, {"i": 510, "x": 28706.0, "y": 39438.0}, {"i": 511, "x": 28730.0, "y": 50518.0}, {"i": 512, "x": 28770.0, "y": 55800.0}, {"i": 513, "x": 28942.0, "y": 22102.0}, {"i": 514, "x": 28950.0, "y": 48376.0}, {"i": 515, "x": 28992.0, "y": 9926.0}, {"i": 516, "x": 29008.0, "y": 14642.0}, {"i": 517, "x": 29050.0, "y": 24396.0}, {"i": 518, "x": 29058.0, "y": 45520.0}, {"i": 519, "x": 29114.0, "y": 22522.0}, {"i": 520, "x": 29212.0, "y": 41834.0}, {"i": 521, "x": 29308.0, "y": 53152.0}, {"i": 522, "x": 29328.0, "y": 594.0}, {"i": 523, "x": 29362.0, "y": 37682.0}, {"i": 524, "x": 29642.0, "y": 22112.0}, {"i": 525, "x": 29652.0, "y": 33274.0}, {"i": 526, "x": 29746.0, "y": 4150.0}, {"i": 527, "x": 29750.0, "y": 47084.0}, {"i": 528, "x": 29812.0, "y": 49470.0}, {"i": 529, "x": 29952.0, "y": 10444.0}, {"i": 530, "x": 29996.0, "y": 47080.0}, {"i": 531, "x": 30006.0, "y": 40672.0}, {"i": 532, "x": 30008.0, "y": 43408.0}, {"i": 533, "x": 30240.0, "y": 46982.0}, {"i": 534, "x": 30282.0, "y": 12540.0}, {"i": 535, "x": 30354.0, "y": 13118.0}, {"i": 536, "x": 30358.0, "y": 42138.0}, {"i": 537, "x": 30596.0, "y": 8732.0}, {"i": 538, "x": 30644.0, "y": 45676.0}, {"i": 539, "x": 30660.0, "y": 41748.0}, {"i": 540, "x": 30696.0, "y": 1438.0}, {"i": 541, "x": 30760.0, "y": 5006.0}, {"i": 542, "x": 30904.0, "y": 702.0}, {"i": 543, "x": 30930.0, "y": 39936.0}, {"i": 544, "x": 30958.0, "y": 13030.0}, {"i": 545, "x": 30970.0, "y": 4476.0}, {"i": 546, "x": 30988.0, "y": 39186.0}, {"i": 547, "x": 31000.0, "y": 25682.0}, {"i": 548, "x": 31118.0, "y": 55914.0}, {"i": 549, "x": 31292.0, "y": 35206.0}, {"i": 550, "x": 31302.0, "y": 37350.0}, {"i": 551, "x": 31308.0, "y": 37532.0}, {"i": 552, "x": 31316.0, "y": 41758.0}, {"i": 553, "x": 31384.0, "y": 1656.0}, {"i": 554, "x": 31418.0, "y": 2636.0}, {"i": 555, "x": 31452.0, "y": 14754.0}, {"i": 556, "x": 31482.0, "y": 4920.0}, {"i": 557, "x": 31830.0, "y": 15278.0}, {"i": 558, "x": 31888.0, "y": 30778.0}, {"i": 559, "x": 31888.0, "y": 34770.0}, {"i": 560, "x": 31982.0, "y": 53526.0}, {"i": 561, "x": 32026.0, "y": 39928.0}, {"i": 562, "x": 32038.0, "y": 5874.0}, {"i": 563, "x": 32058.0, "y": 59040.0}, {"i": 564, "x": 32076.0, "y": 59620.0}, {"i": 565, "x": 32524.0, "y": 43274.0}, {"i": 566, "x": 32542.0, "y": 17164.0}, {"i": 567, "x": 32568.0, "y": 42090.0}, {"i": 568, "x": 32670.0, "y": 50260.0}, {"i": 569, "x": 32766.0, "y": 8878.0}, {"i": 570, "x": 32812.0, "y": 682.0}, {"i": 571, "x": 33026.0, "y": 13096.0}, {"i": 572, "x": 33064.0, "y": 31804.0}, {"i": 573, "x": 33226.0, "y": 7770.0}, {"i": 574, "x": 33486.0, "y": 13918.0}, {"i": 575, "x": 33516.0, "y": 8284.0}, {"i": 576, "x": 33560.0, "y": 15930.0}, {"i": 577, "x": 33602.0, "y": 36302.0}, {"i": 578, "x": 33722.0, "y": 13460.0}, {"i": 579, "x": 33778.0, "y": 10566.0}, {"i": 580, "x": 33822.0, "y": 48050.0}, {"i": 581, "x": 33914.0, "y": 55800.0}, {"i": 582, "x": 34008.0, "y": 7056.0}, {"i": 583, "x": 34048.0, "y": 23376.0}, {"i": 584, "x": 34058.0, "y": 51010.0}, {"i": 585, "x": 34124.0, "y": 38364.0}, {"i": 586, "x": 34170.0, "y": 24616.0}, {"i": 587, "x": 34178.0, "y": 28966.0}, {"i": 588, "x": 34252.0, "y": 41932.0}, {"i": 589, "x": 34258.0, "y": 14268.0}, {"i": 590, "x": 34286.0, "y": 24822.0}, {"i": 591, "x": 34380.0, "y": 48798.0}, {"i": 592, "x": 34408.0, "y": 17378.0}, {"i": 593, "x": 34476.0, "y": 44040.0}, {"i": 594, "x": 34540.0, "y": 32506.0}, {"i": 595, "x": 34678.0, "y": 4768.0}, {"i": 596, "x": 34930.0, "y": 6796.0}, {"i": 597, "x": 35040.0, "y": 36140.0}, {"i": 598, "x": 35060.0, "y": 49544.0}, {"i": 599, "x": 35184.0, "y": 46432.0}, {"i": 600, "x": 35242.0, "y": 27214.0}, {"i": 601, "x": 35296.0, "y": 19066.0}, {"i": 602, "x": 35362.0, "y": 59372.0}, {"i": 603, "x": 35406.0, "y": 23174.0}, {"i": 604, "x": 35570.0, "y": 29488.0}, {"i": 605, "x": 35620.0, "y": 7304.0}, {"i": 606, "x": 35696.0, "y": 20338.0}, {"i": 607, "x": 35722.0, "y": 45390.0}, {"i": 608, "x": 35820.0, "y": 47612.0}, {"i": 609, "x": 35934.0, "y": 5058.0}, {"i": 610, "x": 35946.0, "y": 36764.0}, {"i": 611, "x": 35970.0, "y": 47224.0}, {"i": 612, "x": 36054.0, "y": 50876.0}, {"i": 613, "x": 36078.0, "y": 30666.0}, {"i": 614, "x": 36186.0, "y": 44612.0}, {"i": 615, "x": 36234.0, "y": 28228.0}, {"i": 616, "x": 36236.0, "y": 54648.0}, {"i": 617, "x": 36270.0, "y": 45176.0}, {"i": 618, "x": 36302.0, "y": 55600.0}, {"i": 619, "x": 36334.0, "y": 19256.0}, {"i": 620, "x": 36344.0, "y": 41428.0}, {"i": 621, "x": 36500.0, "y": 51818.0}, {"i": 622, "x": 36530.0, "y": 45192.0}, {"i": 623, "x": 36540.0, "y": 22050.0}, {"i": 624, "x": 36590.0, "y": 28950.0}, {"i": 625, "x": 36736.0, "y": 29484.0}, {"i": 626, "x": 36838.0, "y": 29194.0}, {"i": 627, "x": 36952.0, "y": 39068.0}, {"i": 628, "x": 37016.0, "y": 12100.0}, {"i": 629, "x": 37352.0, "y": 7442.0}, {"i": 630, "x": 37442.0, "y": 14270.0}, {"i": 631, "x": 37534.0, "y": 45188.0}, {"i": 632, "x": 37562.0, "y": 25466.0}, {"i": 633, "x": 37616.0, "y": 33626.0}, {"i": 634, "x": 37676.0, "y": 28190.0}, {"i": 635, "x": 37742.0, "y": 45432.0}, {"i": 636, "x": 37850.0, "y": 43494.0}, {"i": 637, "x": 37948.0, "y": 2816.0}, {"i": 638, "x": 37950.0, "y": 38564.0}, {"i": 639, "x": 37970.0, "y": 41870.0}, {"i": 640, "x": 38040.0, "y": 7408.0}, {"i": 641, "x": 38072.0, "y": 31030.0}, {"i": 642, "x": 38114.0, "y": 28562.0}, {"i": 643, "x": 38298.0, "y": 18862.0}, {"i": 644, "x": 38302.0, "y": 20432.0}, {"i": 645, "x": 38364.0, "y": 54792.0}, {"i": 646, "x": 38548.0, "y": 4444.0}, {"i": 647, "x": 38580.0, "y": 1586.0}, {"i": 648, "x": 38684.0, "y": 56108.0}, {"i": 649, "x": 38770.0, "y": 28992.0}, {"i": 650, "x": 38770.0, "y": 46282.0}, {"i": 651, "x": 39014.0, "y": 15692.0}, {"i": 652, "x": 39028.0, "y": 32280.0}, {"i": 653, "x": 39102.0, "y": 55752.0}, {"i": 654, "x": 39144.0, "y": 46764.0}, {"i": 655, "x": 39162.0, "y": 10234.0}, {"i": 656, "x": 39196.0, "y": 45264.0}, {"i": 657, "x": 39254.0, "y": 39608.0}, {"i": 658, "x": 39286.0, "y": 8822.0}, {"i": 659, "x": 39402.0, "y": 57230.0}, {"i": 660, "x": 39464.0, "y": 33730.0}, {"i": 661, "x": 39514.0, "y": 4432.0}, {"i": 662, "x": 39572.0, "y": 11336.0}, {"i": 663, "x": 39672.0, "y": 46464.0}, {"i": 664, "x": 39716.0, "y": 48390.0}, {"i": 665, "x": 39784.0, "y": 4564.0}, {"i": 666, "x": 39844.0, "y": 21906.0}, {"i": 667, "x": 39874.0, "y": 22708.0}, {"i": 668, "x": 39878.0, "y": 29644.0}, {"i": 669, "x": 40078.0, "y": 19584.0}, {"i": 670, "x": 40108.0, "y": 42972.0}, {"i": 671, "x": 40128.0, "y": 39892.0}, {"i": 672, "x": 40246.0, "y": 27654.0}, {"i": 673, "x": 40312.0, "y": 30842.0}, {"i": 674, "x": 40314.0, "y": 16554.0}, {"i": 675, "x": 40330.0, "y": 22262.0}, {"i": 676, "x": 40386.0, "y": 7400.0}, {"i": 677, "x": 40428.0, "y": 34104.0}, {"i": 678, "x": 40468.0, "y": 5304.0}, {"i": 679, "x": 40564.0, "y": 30894.0}, {"i": 680, "x": 40588.0, "y": 15384.0}, {"i": 681, "x": 40610.0, "y": 20896.0}, {"i": 682, "x": 40624.0, "y": 45268.0}, {"i": 683, "x": 40648.0, "y": 7408.0}, {"i": 684, "x": 40822.0, "y": 7736.0}, {"i": 685, "x": 40844.0, "y": 9612.0}, {"i": 686, "x": 40904.0, "y": 13824.0}, {"i": 687, "x": 40934.0, "y": 52290.0}, {"i": 688, "x": 41018.0, "y": 26232.0}, {"i": 689, "x": 41090.0, "y": 55952.0}, {"i": 690, "x": 41114.0, "y": 32934.0}, {"i": 691, "x": 41322.0, "y": 39186.0}, {"i": 692, "x": 41420.0, "y": 52542.0}, {"i": 693, "x": 41486.0, "y": 40208.0}, {"i": 694, "x": 41512.0, "y": 36652.0}, {"i": 695, "x": 41520.0, "y": 55318.0}, {"i": 696, "x": 41580.0, "y": 5386.0}, {"i": 697, "x": 41694.0, "y": 8116.0}, {"i": 698, "x": 41754.0, "y": 31864.0}, {"i": 699, "x": 41828.0, "y": 20170.0}, {"i": 700, "x": 41888.0, "y": 42006.0}, {"i": 701, "x": 41916.0, "y": 39250.0}, {"i": 702, "x": 42046.0, "y": 3050.0}, {"i": 703, "x": 42058.0, "y": 516.0}, {"i": 704, "x": 42120.0, "y": 54568.0}, {"i": 705, "x": 42144.0, "y": 9306.0}, {"i": 706, "x": 42174.0, "y": 38068.0}, {"i": 707, "x": 42198.0, "y": 43578.0}, {"i": 708, "x": 42246.0, "y": 42466.0}, {"i": 709, "x": 42282.0, "y": 59328.0}, {"i": 710, "x": 42338.0, "y": 15982.0}, {"i": 711, "x": 42392.0, "y": 53232.0}, {"i": 712, "x": 42482.0, "y": 13446.0}, {"i": 713, "x": 42540.0, "y": 35104.0}, {"i": 714, "x": 42622.0, "y": 2796.0}, {"i": 715, "x": 42642.0, "y": 56438.0}, {"i": 716, "x": 42646.0, "y": 44808.0}, {"i": 717, "x": 42698.0, "y": 55998.0}, {"i": 718, "x": 42704.0, "y": 11866.0}, {"i": 719, "x": 42746.0, "y": 33326.0}, {"i": 720, "x": 42832.0, "y": 53356.0}, {"i": 721, "x": 42934.0, "y": 13854.0}, {"i": 722, "x": 42960.0, "y": 45212.0}, {"i": 723, "x": 42994.0, "y": 49932.0}, {"i": 724, "x": 42998.0, "y": 29464.0}, {"i": 725, "x": 43030.0, "y": 31530.0}, {"i": 726, "x": 43098.0, "y": 16082.0}, {"i": 727, "x": 43110.0, "y": 27414.0}, {"i": 728, "x": 43328.0, "y": 24960.0}, {"i": 729, "x": 43394.0, "y": 40096.0}, {"i": 730, "x": 43454.0, "y": 59120.0}, {"i": 731, "x": 43542.0, "y": 36042.0}, {"i": 732, "x": 43550.0, "y": 5890.0}, {"i": 733, "x": 43582.0, "y": 3764.0}, {"i": 734, "x": 43610.0, "y": 14036.0}, {"i": 735, "x": 43630.0, "y": 33474.0}, {"i": 736, "x": 43684.0, "y": 50134.0}, {"i": 737, "x": 43868.0, "y": 476.0}, {"i": 738, "x": 43880.0, "y": 21972.0}, {"i": 739, "x": 44012.0, "y": 20892.0}, {"i": 740, "x": 44056.0, "y": 41804.0}, {"i": 741, "x": 44162.0, "y": 56812.0}, {"i": 742, "x": 44200.0, "y": 19050.0}, {"i": 743, "x": 44358.0, "y": 15610.0}, {"i": 744, "x": 44364.0, "y": 28954.0}, {"i": 745, "x": 44414.0, "y": 51082.0}, {"i": 746, "x": 44482.0, "y": 55838.0}, {"i": 747, "x": 44674.0, "y": 18710.0}, {"i": 748, "x": 44676.0, "y": 57824.0}, {"i": 749, "x": 44782.0, "y": 3548.0}, {"i": 750, "x": 44790.0, "y": 26794.0}, {"i": 751, "x": 44836.0, "y": 39626.0}, {"i": 752, "x": 44856.0, "y": 45152.0}, {"i": 753, "x": 44876.0, "y": 3606.0}, {"i": 754, "x": 44902.0, "y": 54906.0}, {"i": 755, "x": 44920.0, "y": 22040.0}, {"i": 756, "x": 44938.0, "y": 27760.0}, {"i": 757, "x": 44960.0, "y": 4914.0}, {"i": 758, "x": 45052.0, "y": 52100.0}, {"i": 759, "x": 45076.0, "y": 20380.0}, {"i": 760, "x": 45274.0, "y": 31496.0}, {"i": 761, "x": 45284.0, "y": 10634.0}, {"i": 762, "x": 45558.0, "y": 38792.0}, {"i": 763, "x": 45576.0, "y": 46818.0}, {"i": 764, "x": 45714.0, "y": 48878.0}, {"i": 765, "x": 45722.0, "y": 53782.0}, {"i": 766, "x": 45728.0, "y": 32528.0}, {"i": 767, "x": 45770.0, "y": 49810.0}, {"i": 768, "x": 45786.0, "y": 19120.0}, {"i": 769, "x": 45794.0, "y": 23272.0}, {"i": 770, "x": 45894.0, "y": 9360.0}, {"i": 771, "x": 46024.0, "y": 58832.0}, {"i": 772, "x": 46076.0, "y": 54240.0}, {"i": 773, "x": 46250.0, "y": 50686.0}, {"i": 774, "x": 46378.0, "y": 23586.0}, {"i": 775, "x": 46392.0, "y": 57526.0}, {"i": 776, "x": 46398.0, "y": 88.0}, {"i": 777, "x": 46628.0, "y": 37202.0}, {"i": 778, "x": 46666.0, "y": 46166.0}, {"i": 779, "x": 46704.0, "y": 27116.0}, {"i": 780, "x": 46722.0, "y": 46696.0}, {"i": 781, "x": 46800.0, "y": 20246.0}, {"i": 782, "x": 47010.0, "y": 35750.0}, {"i": 783, "x": 47054.0, "y": 7998.0}, {"i": 784, "x": 47108.0, "y": 5050.0}, {"i": 785, "x": 47156.0, "y": 29888.0}, {"i": 786, "x": 47216.0, "y": 55846.0}, {"i": 787, "x": 47274.0, "y": 44006.0}, {"i": 788, "x": 47300.0, "y": 3204.0}, {"i": 789, "x": 47366.0, "y": 4404.0}, {"i": 790, "x": 47506.0, "y": 6414.0}, {"i": 791, "x": 47550.0, "y": 42242.0}, {"i": 792, "x": 47568.0, "y": 35414.0}, {"i": 793, "x": 47664.0, "y": 35090.0}, {"i": 794, "x": 47678.0, "y": 59110.0}, {"i": 795, "x": 47698.0, "y": 16380.0}, {"i": 796, "x": 47802.0, "y": 56714.0}, {"i": 797, "x": 47956.0, "y": 55494.0}, {"i": 798, "x": 47984.0, "y": 45934.0}, {"i": 799, "x": 48008.0, "y": 43910.0}, {"i": 800, "x": 48060.0, "y": 44858.0}, {"i": 801, "x": 48112.0, "y": 23826.0}, {"i": 802, "x": 48154.0, "y": 816.0}, {"i": 803, "x": 48232.0, "y": 41262.0}, {"i": 804, "x": 48268.0, "y": 26196.0}, {"i": 805, "x": 48268.0, "y": 33802.0}, {"i": 806, "x": 48276.0, "y": 17426.0}, {"i": 807, "x": 48284.0, "y": 39130.0}, {"i": 808, "x": 48290.0, "y": 17102.0}, {"i": 809, "x": 48294.0, "y": 43022.0}, {"i": 810, "x": 48304.0, "y": 47334.0}, {"i": 811, "x": 48364.0, "y": 15542.0}, {"i": 812, "x": 48410.0, "y": 48562.0}, {"i": 813, "x": 48510.0, "y": 55532.0}, {"i": 814, "x": 48544.0, "y": 15068.0}, {"i": 815, "x": 48552.0, "y": 2240.0}, {"i": 816, "x": 48584.0, "y": 5742.0}, {"i": 817, "x": 48594.0, "y": 45412.0}, {"i": 818, "x": 48678.0, "y": 3108.0}, {"i": 819, "x": 48760.0, "y": 38844.0}, {"i": 820, "x": 48808.0, "y": 39046.0}, {"i": 821, "x": 48834.0, "y": 50760.0}, {"i": 822, "x": 48848.0, "y": 19836.0}, {"i": 823, "x": 48852.0, "y": 28226.0}, {"i": 824, "x": 48878.0, "y": 38336.0}, {"i": 825, "x": 48924.0, "y": 3152.0}, {"i": 826, "x": 48986.0, "y": 40798.0}, {"i": 827, "x": 49102.0, "y": 53536.0}, {"i": 828, "x": 49164.0, "y": 25842.0}, {"i": 829, "x": 49240.0, "y": 3036.0}, {"i": 830, "x": 49266.0, "y": 9562.0}, {"i": 831, "x": 49418.0, "y": 13254.0}, {"i": 832, "x": 49440.0, "y": 27318.0}, {"i": 833, "x": 49466.0, "y": 14682.0}, {"i": 834, "x": 49542.0, "y": 47328.0}, {"i": 835, "x": 49564.0, "y": 24258.0}, {"i": 836, "x": 49576.0, "y": 25728.0}, {"i": 837, "x": 49662.0, "y": 5174.0}, {"i": 838, "x": 49668.0, "y": 46024.0}, {"i": 839, "x": 49672.0, "y": 57640.0}, {"i": 840, "x": 49682.0, "y": 54036.0}, {"i": 841, "x": 49784.0, "y": 47510.0}, {"i": 842, "x": 50076.0, "y": 17178.0}, {"i": 843, "x": 50170.0, "y": 46892.0}, {"i": 844, "x": 50266.0, "y": 23040.0}, {"i": 845, "x": 50294.0, "y": 34248.0}, {"i": 846, "x": 50318.0, "y": 31402.0}, {"i": 847, "x": 50344.0, "y": 39640.0}, {"i": 848, "x": 50422.0, "y": 8120.0}, {"i": 849, "x": 50424.0, "y": 20992.0}, {"i": 850, "x": 50428.0, "y": 42346.0}, {"i": 851, "x": 50460.0, "y": 15742.0}, {"i": 852, "x": 50462.0, "y": 26428.0}, {"i": 853, "x": 50486.0, "y": 49404.0}, {"i": 854, "x": 50536.0, "y": 11454.0}, {"i": 855, "x": 50550.0, "y": 10418.0}, {"i": 856, "x": 50688.0, "y": 18230.0}, {"i": 857, "x": 50688.0, "y": 45320.0}, {"i": 858, "x": 50692.0, "y": 37198.0}, {"i": 859, "x": 50736.0, "y": 35892.0}, {"i": 860, "x": 50742.0, "y": 33918.0}, {"i": 861, "x": 50790.0, "y": 52794.0}, {"i": 862, "x": 50910.0, "y": 53226.0}, {"i": 863, "x": 51012.0, "y": 40456.0}, {"i": 864, "x": 51046.0, "y": 22422.0}, {"i": 865, "x": 51198.0, "y": 14530.0}, {"i": 866, "x": 51256.0, "y": 3964.0}, {"i": 867, "x": 51344.0, "y": 14822.0}, {"i": 868, "x": 51366.0, "y": 51676.0}, {"i": 869, "x": 51640.0, "y": 10418.0}, {"i": 870, "x": 51722.0, "y": 20822.0}, {"i": 871, "x": 51920.0, "y": 48140.0}, {"i": 872, "x": 51966.0, "y": 9030.0}, {"i": 873, "x": 52046.0, "y": 3500.0}, {"i": 874, "x": 52232.0, "y": 53770.0}, {"i": 875, "x": 52244.0, "y": 24798.0}, {"i": 876, "x": 52252.0, "y": 2040.0}, {"i": 877, "x": 52274.0, "y": 7580.0}, {"i": 878, "x": 52302.0, "y": 46344.0}, {"i": 879, "x": 52426.0, "y": 24370.0}, {"i": 880, "x": 52438.0, "y": 4750.0}, {"i": 881, "x": 52464.0, "y": 1460.0}, {"i": 882, "x": 52504.0, "y": 11176.0}, {"i": 883, "x": 52530.0, "y": 57974.0}, {"i": 884, "x": 52548.0, "y": 2760.0}, {"i": 885, "x": 52616.0, "y": 55864.0}, {"i": 886, "x": 52698.0, "y": 46292.0}, {"i": 887, "x": 52752.0, "y": 28916.0}, {"i": 888, "x": 52774.0, "y": 20062.0}, {"i": 889, "x": 52790.0, "y": 12382.0}, {"i": 890, "x": 52946.0, "y": 47168.0}, {"i": 891, "x": 53014.0, "y": 43996.0}, {"i": 892, "x": 53022.0, "y": 37956.0}, {"i": 893, "x": 53038.0, "y": 19476.0}, {"i": 894, "x": 53100.0, "y": 39522.0}, {"i": 895, "x": 53114.0, "y": 7622.0}, {"i": 896, "x": 53258.0, "y": 15308.0}, {"i": 897, "x": 53314.0, "y": 27656.0}, {"i": 898, "x": 53316.0, "y": 34140.0}, {"i": 899, "x": 53328.0, "y": 18320.0}, {"i": 900, "x": 53500.0, "y": 31868.0}, {"i": 901, "x": 53584.0, "y": 9618.0}, {"i": 902, "x": 53616.0, "y": 3998.0}, {"i": 903, "x": 53628.0, "y": 14296.0}, {"i": 904, "x": 53672.0, "y": 22928.0}, {"i": 905, "x": 53920.0, "y": 29894.0}, {"i": 906, "x": 53944.0, "y": 17448.0}, {"i": 907, "x": 53972.0, "y": 44050.0}, {"i": 908, "x": 54000.0, "y": 33998.0}, {"i": 909, "x": 54002.0, "y": 38418.0}, {"i": 910, "x": 54012.0, "y": 6720.0}, {"i": 911, "x": 54054.0, "y": 30594.0}, {"i": 912, "x": 54102.0, "y": 2274.0}, {"i": 913, "x": 54146.0, "y": 48710.0}, {"i": 914, "x": 54238.0, "y": 27922.0}, {"i": 915, "x": 54258.0, "y": 52524.0}, {"i": 916, "x": 54368.0, "y": 25092.0}, {"i": 917, "x": 54374.0, "y": 38826.0}, {"i": 918, "x": 54498.0, "y": 54950.0}, {"i": 919, "x": 54508.0, "y": 19202.0}, {"i": 920, "x": 54518.0, "y": 45072.0}, {"i": 921, "x": 54630.0, "y": 706.0}, {"i": 922, "x": 54644.0, "y": 51992.0}, {"i": 923, "x": 54666.0, "y": 6600.0}, {"i": 924, "x": 54718.0, "y": 11520.0}, {"i": 925, "x": 54810.0, "y": 43106.0}, {"i": 926, "x": 54876.0, "y": 12672.0}, {"i": 927, "x": 55060.0, "y": 16676.0}, {"i": 928, "x": 55146.0, "y": 22054.0}, {"i": 929, "x": 55196.0, "y": 55354.0}, {"i": 930, "x": 55288.0, "y": 17416.0}, {"i": 931, "x": 55326.0, "y": 55816.0}, {"i": 932, "x": 55458.0, "y": 49108.0}, {"i": 933, "x": 55498.0, "y": 30978.0}, {"i": 934, "x": 55550.0, "y": 39016.0}, {"i": 935, "x": 55636.0, "y": 35306.0}, {"i": 936, "x": 55676.0, "y": 40854.0}, {"i": 937, "x": 55770.0, "y": 10248.0}, {"i": 938, "x": 55774.0, "y": 43832.0}, {"i": 939, "x": 55788.0, "y": 53932.0}, {"i": 940, "x": 55868.0, "y": 6334.0}, {"i": 941, "x": 55998.0, "y": 16394.0}, {"i": 942, "x": 56066.0, "y": 43674.0}, {"i": 943, "x": 56066.0, "y": 52668.0}, {"i": 944, "x": 56282.0, "y": 52752.0}, {"i": 945, "x": 56326.0, "y": 58838.0}, {"i": 946, "x": 56472.0, "y": 34780.0}, {"i": 947, "x": 56558.0, "y": 17758.0}, {"i": 948, "x": 56560.0, "y": 2238.0}, {"i": 949, "x": 56596.0, "y": 36670.0}, {"i": 950, "x": 56596.0, "y": 51888.0}, {"i": 951, "x": 56666.0, "y": 43910.0}, {"i": 952, "x": 56696.0, "y": 22042.0}, {"i": 953, "x": 56998.0, "y": 8864.0}, {"i": 954, "x": 57008.0, "y": 55826.0}, {"i": 955, "x": 57174.0, "y": 5846.0}, {"i": 956, "x": 57228.0, "y": 56864.0}, {"i": 957, "x": 57316.0, "y": 47990.0}, {"i": 958, "x": 57328.0, "y": 7702.0}, {"i": 959, "x": 57444.0, "y": 27672.0}, {"i": 960, "x": 57560.0, "y": 4220.0}, {"i": 961, "x": 57568.0, "y": 40384.0}, {"i": 962, "x": 57650.0, "y": 35208.0}, {"i": 963, "x": 57680.0, "y": 56890.0}, {"i": 964, "x": 57708.0, "y": 52328.0}, {"i": 965, "x": 57758.0, "y": 37020.0}, {"i": 966, "x": 57774.0, "y": 53634.0}, {"i": 967, "x": 57840.0, "y": 50180.0}, {"i": 968, "x": 57868.0, "y": 42606.0}, {"i": 969, "x": 57966.0, "y": 10478.0}, {"i": 970, "x": 58016.0, "y": 14094.0}, {"i": 971, "x": 58036.0, "y": 21366.0}, {"i": 972, "x": 58168.0, "y": 39724.0}, {"i": 973, "x": 58182.0, "y": 43892.0}, {"i": 974, "x": 58200.0, "y": 5890.0}, {"i": 975, "x": 58262.0, "y": 51550.0}, {"i": 976, "x": 58386.0, "y": 1968.0}, {"i": 977, "x": 58452.0, "y": 49160.0}, {"i": 978, "x": 58598.0, "y": 42704.0}, {"i": 979, "x": 58614.0, "y": 17462.0}, {"i": 980, "x": 58644.0, "y": 31722.0}, {"i": 981, "x": 58654.0, "y": 23208.0}, {"i": 982, "x": 58680.0, "y": 38360.0}, {"i": 983, "x": 58784.0, "y": 49240.0}, {"i": 984, "x": 58796.0, "y": 50482.0}, {"i": 985, "x": 58858.0, "y": 25734.0}, {"i": 986, "x": 58922.0, "y": 14360.0}, {"i": 987, "x": 58990.0, "y": 11664.0}, {"i": 988, "x": 59306.0, "y": 28442.0}, {"i": 989, "x": 59396.0, "y": 42896.0}, {"i": 990, "x": 59492.0, "y": 21740.0}, {"i": 991, "x": 59618.0, "y": 37722.0}, {"i": 992, "x": 59654.0, "y": 11048.0}, {"i": 993, "x": 59724.0, "y": 19660.0}, {"i": 994, "x": 59786.0, "y": 21396.0}, {"i": 995, "x": 59802.0, "y": 54184.0}, {"i": 996, "x": 59808.0, "y": 11164.0}, {"i": 997, "x": 59914.0, "y": 17744.0}, {"i": 998, "x": 59930.0, "y": 51742.0}, {"i": 999, "x": 59954.0, "y": 14602.0}], "type": "Instance", "name": "uniform-0001000-1", "meta": {"comment": "HIP random 2-dimensional integral point set (1000 points), distribution 'uniform'", "faces_in_delaunay": 1983}}