{"points": [{"i": 0, "x": 14.0, "y": 30640.0}, {"i": 1, "x": 138.0, "y": 27190.0}, {"i": 2, "x": 142.0, "y": 39154.0}, {"i": 3, "x": 174.0, "y": 29170.0}, {"i": 4, "x": 260.0, "y": 45228.0}, {"i": 5, "x": 470.0, "y": 53206.0}, {"i": 6, "x": 600.0, "y": 45672.0}, {"i": 7, "x": 606.0, "y": 32932.0}, {"i": 8, "x": 680.0, "y": 15660.0}, {"i": 9, "x": 752.0, "y": 31734.0}, {"i": 10, "x": 756.0, "y": 28916.0}, {"i": 11, "x": 794.0, "y": 2976.0}, {"i": 12, "x": 920.0, "y": 30644.0}, {"i": 13, "x": 928.0, "y": 35922.0}, {"i": 14, "x": 1058.0, "y": 5038.0}, {"i": 15, "x": 1076.0, "y": 10486.0}, {"i": 16, "x": 1190.0, "y": 6306.0}, {"i": 17, "x": 1236.0, "y": 18002.0}, {"i": 18, "x": 1248.0, "y": 33064.0}, {"i": 19, "x": 1344.0, "y": 21452.0}, {"i": 20, "x": 1360.0, "y": 38926.0}, {"i": 21, "x": 1488.0, "y": 392.0}, {"i": 22, "x": 1508.0, "y": 48112.0}, {"i": 23, "x": 1598.0, "y": 47714.0}, {"i": 24, "x": 1630.0, "y": 21922.0}, {"i": 25, "x": 1678.0, "y": 37218.0}, {"i": 26, "x": 1828.0, "y": 31136.0}, {"i": 27, "x": 1922.0, "y": 15608.0}, {"i": 28, "x": 1926.0, "y": 2520.0}, {"i": 29, "x": 1968.0, "y": 1664.0}, {"i": 30, "x": 2006.0, "y": 32824.0}, {"i": 31, "x": 2054.0, "y": 37526.0}, {"i": 32, "x": 2092.0, "y": 17056.0}, {"i": 33, "x": 2222.0, "y": 21420.0}, {"i": 34, "x": 2430.0, "y": 35216.0}, {"i": 35, "x": 2432.0, "y": 49282.0}, {"i": 36, "x": 2452.0, "y": 28678.0}, {"i": 37, "x": 2504.0, "y": 41128.0}, {"i": 38, "x": 2528.0, "y": 9142.0}, {"i": 39, "x": 2534.0, "y": 47902.0}, {"i": 40, "x": 2720.0, "y": 9708.0}, {"i": 41, "x": 2720.0, "y": 14410.0}, {"i": 42, "x": 2810.0, "y": 29988.0}, {"i": 43, "x": 2926.0, "y": 14524.0}, {"i": 44, "x": 2988.0, "y": 42888.0}, {"i": 45, "x": 3002.0, "y": 4986.0}, {"i": 46, "x": 3052.0, "y": 5760.0}, {"i": 47, "x": 3080.0, "y": 48580.0}, {"i": 48, "x": 3090.0, "y": 2054.0}, {"i": 49, "x": 3222.0, "y": 21276.0}, {"i": 50, "x": 3222.0, "y": 40554.0}, {"i": 51, "x": 3306.0, "y": 12964.0}, {"i": 52, "x": 3354.0, "y": 18712.0}, {"i": 53, "x": 3390.0, "y": 25278.0}, {"i": 54, "x": 3510.0, "y": 47156.0}, {"i": 55, "x": 3620.0, "y": 25902.0}, {"i": 56, "x": 3676.0, "y": 45870.0}, {"i": 57, "x": 3734.0, "y": 27262.0}, {"i": 58, "x": 3834.0, "y": 20162.0}, {"i": 59, "x": 3882.0, "y": 20068.0}, {"i": 60, "x": 3888.0, "y": 34212.0}, {"i": 61, "x": 3970.0, "y": 27298.0}, {"i": 62, "x": 4170.0, "y": 46200.0}, {"i": 63, "x": 4218.0, "y": 44546.0}, {"i": 64, "x": 4332.0, "y": 16708.0}, {"i": 65, "x": 4372.0, "y": 30118.0}, {"i": 66, "x": 4382.0, "y": 27562.0}, {"i": 67, "x": 4418.0, "y": 46044.0}, {"i": 68, "x": 4432.0, "y": 39648.0}, {"i": 69, "x": 4504.0, "y": 39666.0}, {"i": 70, "x": 4572.0, "y": 7100.0}, {"i": 71, "x": 4592.0, "y": 33044.0}, {"i": 72, "x": 4644.0, "y": 36954.0}, {"i": 73, "x": 4714.0, "y": 34252.0}, {"i": 74, "x": 4732.0, "y": 19230.0}, {"i": 75, "x": 4740.0, "y": 19010.0}, {"i": 76, "x": 4818.0, "y": 22124.0}, {"i": 77, "x": 4846.0, "y": 1664.0}, {"i": 78, "x": 4922.0, "y": 1616.0}, {"i": 79, "x": 5076.0, "y": 40292.0}, {"i": 80, "x": 5082.0, "y": 2530.0}, {"i": 81, "x": 5104.0, "y": 14932.0}, {"i": 82, "x": 5122.0, "y": 29292.0}, {"i": 83, "x": 5184.0, "y": 41566.0}, {"i": 84, "x": 5214.0, "y": 24154.0}, {"i": 85, "x": 5240.0, "y": 21022.0}, {"i": 86, "x": 5320.0, "y": 8012.0}, {"i": 87, "x": 5392.0, "y": 11372.0}, {"i": 88, "x": 5438.0, "y": 39922.0}, {"i": 89, "x": 5460.0, "y": 10170.0}, {"i": 90, "x": 5496.0, "y": 7238.0}, {"i": 91, "x": 5662.0, "y": 34872.0}, {"i": 92, "x": 5686.0, "y": 21664.0}, {"i": 93, "x": 5768.0, "y": 52304.0}, {"i": 94, "x": 5870.0, "y": 37298.0}, {"i": 95, "x": 5886.0, "y": 28680.0}, {"i": 96, "x": 5920.0, "y": 50374.0}, {"i": 97, "x": 5924.0, "y": 45534.0}, {"i": 98, "x": 5956.0, "y": 43020.0}, {"i": 99, "x": 5964.0, "y": 45852.0}, {"i": 100, "x": 6014.0, "y": 36694.0}, {"i": 101, "x": 6052.0, "y": 31936.0}, {"i": 102, "x": 6176.0, "y": 4794.0}, {"i": 103, "x": 6190.0, "y": 32706.0}, {"i": 104, "x": 6212.0, "y": 2266.0}, {"i": 105, "x": 6300.0, "y": 10796.0}, {"i": 106, "x": 6368.0, "y": 37306.0}, {"i": 107, "x": 6514.0, "y": 11152.0}, {"i": 108, "x": 6566.0, "y": 17628.0}, {"i": 109, "x": 6568.0, "y": 9254.0}, {"i": 110, "x": 6620.0, "y": 13472.0}, {"i": 111, "x": 6730.0, "y": 21740.0}, {"i": 112, "x": 6738.0, "y": 13640.0}, {"i": 113, "x": 6754.0, "y": 22634.0}, {"i": 114, "x": 7008.0, "y": 7016.0}, {"i": 115, "x": 7026.0, "y": 39512.0}, {"i": 116, "x": 7060.0, "y": 41098.0}, {"i": 117, "x": 7132.0, "y": 25352.0}, {"i": 118, "x": 7162.0, "y": 42404.0}, {"i": 119, "x": 7166.0, "y": 15008.0}, {"i": 120, "x": 7238.0, "y": 32884.0}, {"i": 121, "x": 7342.0, "y": 39570.0}, {"i": 122, "x": 7344.0, "y": 31244.0}, {"i": 123, "x": 7346.0, "y": 1620.0}, {"i": 124, "x": 7472.0, "y": 4436.0}, {"i": 125, "x": 7542.0, "y": 23044.0}, {"i": 126, "x": 7564.0, "y": 42326.0}, {"i": 127, "x": 7662.0, "y": 37200.0}, {"i": 128, "x": 7738.0, "y": 4212.0}, {"i": 129, "x": 7974.0, "y": 3370.0}, {"i": 130, "x": 8080.0, "y": 39508.0}, {"i": 131, "x": 8100.0, "y": 27020.0}, {"i": 132, "x": 8152.0, "y": 7090.0}, {"i": 133, "x": 8158.0, "y": 2504.0}, {"i": 134, "x": 8196.0, "y": 29490.0}, {"i": 135, "x": 8290.0, "y": 26608.0}, {"i": 136, "x": 8324.0, "y": 48904.0}, {"i": 137, "x": 8336.0, "y": 6862.0}, {"i": 138, "x": 8378.0, "y": 40516.0}, {"i": 139, "x": 8436.0, "y": 37652.0}, {"i": 140, "x": 8452.0, "y": 12262.0}, {"i": 141, "x": 8624.0, "y": 26684.0}, {"i": 142, "x": 8636.0, "y": 3832.0}, {"i": 143, "x": 8690.0, "y": 14236.0}, {"i": 144, "x": 8858.0, "y": 52260.0}, {"i": 145, "x": 8872.0, "y": 742.0}, {"i": 146, "x": 8974.0, "y": 22898.0}, {"i": 147, "x": 9006.0, "y": 35502.0}, {"i": 148, "x": 9014.0, "y": 50146.0}, {"i": 149, "x": 9048.0, "y": 44104.0}, {"i": 150, "x": 9076.0, "y": 14766.0}, {"i": 151, "x": 9098.0, "y": 38554.0}, {"i": 152, "x": 9282.0, "y": 48804.0}, {"i": 153, "x": 9402.0, "y": 31960.0}, {"i": 154, "x": 9622.0, "y": 43756.0}, {"i": 155, "x": 9634.0, "y": 41104.0}, {"i": 156, "x": 9648.0, "y": 51596.0}, {"i": 157, "x": 9698.0, "y": 41472.0}, {"i": 158, "x": 9706.0, "y": 1386.0}, {"i": 159, "x": 9764.0, "y": 48074.0}, {"i": 160, "x": 9878.0, "y": 19880.0}, {"i": 161, "x": 9888.0, "y": 10858.0}, {"i": 162, "x": 9914.0, "y": 24958.0}, {"i": 163, "x": 9968.0, "y": 8112.0}, {"i": 164, "x": 10036.0, "y": 34104.0}, {"i": 165, "x": 10084.0, "y": 25948.0}, {"i": 166, "x": 10138.0, "y": 40046.0}, {"i": 167, "x": 10142.0, "y": 40120.0}, {"i": 168, "x": 10186.0, "y": 42422.0}, {"i": 169, "x": 10270.0, "y": 48788.0}, {"i": 170, "x": 10332.0, "y": 40614.0}, {"i": 171, "x": 10568.0, "y": 31426.0}, {"i": 172, "x": 10576.0, "y": 46956.0}, {"i": 173, "x": 10586.0, "y": 6648.0}, {"i": 174, "x": 10760.0, "y": 39576.0}, {"i": 175, "x": 10768.0, "y": 38002.0}, {"i": 176, "x": 10862.0, "y": 50640.0}, {"i": 177, "x": 10866.0, "y": 38274.0}, {"i": 178, "x": 10960.0, "y": 24870.0}, {"i": 179, "x": 10988.0, "y": 26548.0}, {"i": 180, "x": 11078.0, "y": 4678.0}, {"i": 181, "x": 11078.0, "y": 9330.0}, {"i": 182, "x": 11306.0, "y": 43092.0}, {"i": 183, "x": 11374.0, "y": 47786.0}, {"i": 184, "x": 11404.0, "y": 11442.0}, {"i": 185, "x": 11484.0, "y": 20888.0}, {"i": 186, "x": 11494.0, "y": 3026.0}, {"i": 187, "x": 11582.0, "y": 7594.0}, {"i": 188, "x": 11594.0, "y": 9348.0}, {"i": 189, "x": 11606.0, "y": 5198.0}, {"i": 190, "x": 11876.0, "y": 16876.0}, {"i": 191, "x": 11890.0, "y": 46610.0}, {"i": 192, "x": 11918.0, "y": 1790.0}, {"i": 193, "x": 11946.0, "y": 4774.0}, {"i": 194, "x": 11948.0, "y": 42024.0}, {"i": 195, "x": 12150.0, "y": 20740.0}, {"i": 196, "x": 12190.0, "y": 31004.0}, {"i": 197, "x": 12200.0, "y": 42210.0}, {"i": 198, "x": 12218.0, "y": 28936.0}, {"i": 199, "x": 12244.0, "y": 7118.0}, {"i": 200, "x": 12296.0, "y": 39996.0}, {"i": 201, "x": 12300.0, "y": 39690.0}, {"i": 202, "x": 12342.0, "y": 50720.0}, {"i": 203, "x": 12558.0, "y": 39826.0}, {"i": 204, "x": 12754.0, "y": 7332.0}, {"i": 205, "x": 12784.0, "y": 49156.0}, {"i": 206, "x": 12824.0, "y": 16766.0}, {"i": 207, "x": 12854.0, "y": 1292.0}, {"i": 208, "x": 12870.0, "y": 35554.0}, {"i": 209, "x": 13150.0, "y": 32118.0}, {"i": 210, "x": 13244.0, "y": 12398.0}, {"i": 211, "x": 13282.0, "y": 41404.0}, {"i": 212, "x": 13322.0, "y": 23212.0}, {"i": 213, "x": 13402.0, "y": 41148.0}, {"i": 214, "x": 13506.0, "y": 14062.0}, {"i": 215, "x": 13566.0, "y": 20952.0}, {"i": 216, "x": 13634.0, "y": 45800.0}, {"i": 217, "x": 13696.0, "y": 53832.0}, {"i": 218, "x": 13832.0, "y": 3392.0}, {"i": 219, "x": 13880.0, "y": 8664.0}, {"i": 220, "x": 13912.0, "y": 9074.0}, {"i": 221, "x": 14032.0, "y": 50752.0}, {"i": 222, "x": 14046.0, "y": 14484.0}, {"i": 223, "x": 14168.0, "y": 35348.0}, {"i": 224, "x": 14198.0, "y": 41990.0}, {"i": 225, "x": 14364.0, "y": 41348.0}, {"i": 226, "x": 14454.0, "y": 4468.0}, {"i": 227, "x": 14484.0, "y": 48600.0}, {"i": 228, "x": 14508.0, "y": 46762.0}, {"i": 229, "x": 14520.0, "y": 24166.0}, {"i": 230, "x": 14524.0, "y": 32058.0}, {"i": 231, "x": 14698.0, "y": 46064.0}, {"i": 232, "x": 14720.0, "y": 7098.0}, {"i": 233, "x": 14790.0, "y": 25050.0}, {"i": 234, "x": 14892.0, "y": 31232.0}, {"i": 235, "x": 14902.0, "y": 11102.0}, {"i": 236, "x": 14962.0, "y": 40248.0}, {"i": 237, "x": 14982.0, "y": 10682.0}, {"i": 238, "x": 15008.0, "y": 50730.0}, {"i": 239, "x": 15030.0, "y": 36512.0}, {"i": 240, "x": 15040.0, "y": 49700.0}, {"i": 241, "x": 15068.0, "y": 9782.0}, {"i": 242, "x": 15068.0, "y": 50872.0}, {"i": 243, "x": 15094.0, "y": 18674.0}, {"i": 244, "x": 15124.0, "y": 47084.0}, {"i": 245, "x": 15150.0, "y": 41294.0}, {"i": 246, "x": 15182.0, "y": 13676.0}, {"i": 247, "x": 15206.0, "y": 9704.0}, {"i": 248, "x": 15218.0, "y": 24792.0}, {"i": 249, "x": 15290.0, "y": 36490.0}, {"i": 250, "x": 15294.0, "y": 31338.0}, {"i": 251, "x": 15394.0, "y": 45512.0}, {"i": 252, "x": 15502.0, "y": 25744.0}, {"i": 253, "x": 15524.0, "y": 36770.0}, {"i": 254, "x": 15602.0, "y": 16124.0}, {"i": 255, "x": 15616.0, "y": 20954.0}, {"i": 256, "x": 15618.0, "y": 31078.0}, {"i": 257, "x": 15762.0, "y": 13310.0}, {"i": 258, "x": 15814.0, "y": 50584.0}, {"i": 259, "x": 15866.0, "y": 18758.0}, {"i": 260, "x": 15982.0, "y": 24026.0}, {"i": 261, "x": 16028.0, "y": 26232.0}, {"i": 262, "x": 16100.0, "y": 12448.0}, {"i": 263, "x": 16100.0, "y": 51838.0}, {"i": 264, "x": 16134.0, "y": 24168.0}, {"i": 265, "x": 16164.0, "y": 202.0}, {"i": 266, "x": 16212.0, "y": 28408.0}, {"i": 267, "x": 16214.0, "y": 42010.0}, {"i": 268, "x": 16234.0, "y": 9320.0}, {"i": 269, "x": 16258.0, "y": 41576.0}, {"i": 270, "x": 16514.0, "y": 26906.0}, {"i": 271, "x": 16536.0, "y": 33946.0}, {"i": 272, "x": 16660.0, "y": 30272.0}, {"i": 273, "x": 16746.0, "y": 30574.0}, {"i": 274, "x": 16778.0, "y": 39254.0}, {"i": 275, "x": 16810.0, "y": 21108.0}, {"i": 276, "x": 16822.0, "y": 35304.0}, {"i": 277, "x": 16852.0, "y": 36966.0}, {"i": 278, "x": 16942.0, "y": 30686.0}, {"i": 279, "x": 17002.0, "y": 18098.0}, {"i": 280, "x": 17010.0, "y": 47512.0}, {"i": 281, "x": 17170.0, "y": 53692.0}, {"i": 282, "x": 17182.0, "y": 43102.0}, {"i": 283, "x": 17374.0, "y": 25216.0}, {"i": 284, "x": 17468.0, "y": 14660.0}, {"i": 285, "x": 17542.0, "y": 9172.0}, {"i": 286, "x": 17588.0, "y": 24936.0}, {"i": 287, "x": 17618.0, "y": 5562.0}, {"i": 288, "x": 17682.0, "y": 372.0}, {"i": 289, "x": 17758.0, "y": 50618.0}, {"i": 290, "x": 17770.0, "y": 26052.0}, {"i": 291, "x": 17800.0, "y": 9374.0}, {"i": 292, "x": 17802.0, "y": 19892.0}, {"i": 293, "x": 17836.0, "y": 41198.0}, {"i": 294, "x": 17906.0, "y": 20882.0}, {"i": 295, "x": 17932.0, "y": 30310.0}, {"i": 296, "x": 17954.0, "y": 42856.0}, {"i": 297, "x": 17956.0, "y": 43612.0}, {"i": 298, "x": 17996.0, "y": 35818.0}, {"i": 299, "x": 18002.0, "y": 34794.0}, {"i": 300, "x": 18110.0, "y": 49876.0}, {"i": 301, "x": 18140.0, "y": 8448.0}, {"i": 302, "x": 18146.0, "y": 2294.0}, {"i": 303, "x": 18162.0, "y": 3070.0}, {"i": 304, "x": 18194.0, "y": 16012.0}, {"i": 305, "x": 18334.0, "y": 24482.0}, {"i": 306, "x": 18342.0, "y": 4386.0}, {"i": 307, "x": 18528.0, "y": 32524.0}, {"i": 308, "x": 18578.0, "y": 31332.0}, {"i": 309, "x": 18626.0, "y": 51592.0}, {"i": 310, "x": 18678.0, "y": 1072.0}, {"i": 311, "x": 18702.0, "y": 29892.0}, {"i": 312, "x": 18766.0, "y": 12148.0}, {"i": 313, "x": 18784.0, "y": 17308.0}, {"i": 314, "x": 18814.0, "y": 11216.0}, {"i": 315, "x": 18830.0, "y": 31846.0}, {"i": 316, "x": 18836.0, "y": 32558.0}, {"i": 317, "x": 19028.0, "y": 35264.0}, {"i": 318, "x": 19046.0, "y": 22936.0}, {"i": 319, "x": 19058.0, "y": 22108.0}, {"i": 320, "x": 19198.0, "y": 42094.0}, {"i": 321, "x": 19284.0, "y": 13660.0}, {"i": 322, "x": 19296.0, "y": 3302.0}, {"i": 323, "x": 19302.0, "y": 33884.0}, {"i": 324, "x": 19344.0, "y": 47434.0}, {"i": 325, "x": 19392.0, "y": 11734.0}, {"i": 326, "x": 19400.0, "y": 6926.0}, {"i": 327, "x": 19514.0, "y": 40202.0}, {"i": 328, "x": 19580.0, "y": 50620.0}, {"i": 329, "x": 19592.0, "y": 14146.0}, {"i": 330, "x": 19694.0, "y": 40520.0}, {"i": 331, "x": 19710.0, "y": 17916.0}, {"i": 332, "x": 19754.0, "y": 37814.0}, {"i": 333, "x": 19814.0, "y": 53492.0}, {"i": 334, "x": 19832.0, "y": 12436.0}, {"i": 335, "x": 19890.0, "y": 27122.0}, {"i": 336, "x": 19908.0, "y": 11350.0}, {"i": 337, "x": 19924.0, "y": 19752.0}, {"i": 338, "x": 19976.0, "y": 20200.0}, {"i": 339, "x": 20074.0, "y": 10946.0}, {"i": 340, "x": 20138.0, "y": 39110.0}, {"i": 341, "x": 20224.0, "y": 27498.0}, {"i": 342, "x": 20232.0, "y": 32154.0}, {"i": 343, "x": 20248.0, "y": 3668.0}, {"i": 344, "x": 20320.0, "y": 42914.0}, {"i": 345, "x": 20328.0, "y": 29138.0}, {"i": 346, "x": 20460.0, "y": 46076.0}, {"i": 347, "x": 20468.0, "y": 46096.0}, {"i": 348, "x": 20470.0, "y": 52056.0}, {"i": 349, "x": 20476.0, "y": 41758.0}, {"i": 350, "x": 20620.0, "y": 19910.0}, {"i": 351, "x": 20764.0, "y": 27602.0}, {"i": 352, "x": 20878.0, "y": 36490.0}, {"i": 353, "x": 20894.0, "y": 12534.0}, {"i": 354, "x": 20908.0, "y": 19384.0}, {"i": 355, "x": 21016.0, "y": 14358.0}, {"i": 356, "x": 21122.0, "y": 37956.0}, {"i": 357, "x": 21190.0, "y": 41010.0}, {"i": 358, "x": 21212.0, "y": 10448.0}, {"i": 359, "x": 21216.0, "y": 2784.0}, {"i": 360, "x": 21306.0, "y": 25414.0}, {"i": 361, "x": 21352.0, "y": 46178.0}, {"i": 362, "x": 21386.0, "y": 52356.0}, {"i": 363, "x": 21424.0, "y": 5854.0}, {"i": 364, "x": 21480.0, "y": 42376.0}, {"i": 365, "x": 21508.0, "y": 13996.0}, {"i": 366, "x": 21592.0, "y": 49878.0}, {"i": 367, "x": 21762.0, "y": 30756.0}, {"i": 368, "x": 21792.0, "y": 27206.0}, {"i": 369, "x": 21842.0, "y": 29594.0}, {"i": 370, "x": 21844.0, "y": 11352.0}, {"i": 371, "x": 21862.0, "y": 50504.0}, {"i": 372, "x": 21882.0, "y": 24164.0}, {"i": 373, "x": 21984.0, "y": 5902.0}, {"i": 374, "x": 22072.0, "y": 33450.0}, {"i": 375, "x": 22170.0, "y": 18600.0}, {"i": 376, "x": 22210.0, "y": 19540.0}, {"i": 377, "x": 22242.0, "y": 42018.0}, {"i": 378, "x": 22320.0, "y": 688.0}, {"i": 379, "x": 22348.0, "y": 14772.0}, {"i": 380, "x": 22370.0, "y": 43170.0}, {"i": 381, "x": 22554.0, "y": 36696.0}, {"i": 382, "x": 22582.0, "y": 38478.0}, {"i": 383, "x": 22588.0, "y": 12788.0}, {"i": 384, "x": 22726.0, "y": 1936.0}, {"i": 385, "x": 22926.0, "y": 8752.0}, {"i": 386, "x": 22976.0, "y": 38002.0}, {"i": 387, "x": 23064.0, "y": 18556.0}, {"i": 388, "x": 23134.0, "y": 50660.0}, {"i": 389, "x": 23202.0, "y": 33828.0}, {"i": 390, "x": 23298.0, "y": 34914.0}, {"i": 391, "x": 23360.0, "y": 5752.0}, {"i": 392, "x": 23366.0, "y": 45314.0}, {"i": 393, "x": 23388.0, "y": 24554.0}, {"i": 394, "x": 23454.0, "y": 14156.0}, {"i": 395, "x": 23724.0, "y": 6390.0}, {"i": 396, "x": 23726.0, "y": 7936.0}, {"i": 397, "x": 23830.0, "y": 30630.0}, {"i": 398, "x": 23842.0, "y": 12878.0}, {"i": 399, "x": 24062.0, "y": 38454.0}, {"i": 400, "x": 24192.0, "y": 8002.0}, {"i": 401, "x": 24192.0, "y": 20890.0}, {"i": 402, "x": 24228.0, "y": 38932.0}, {"i": 403, "x": 24252.0, "y": 5832.0}, {"i": 404, "x": 24342.0, "y": 34156.0}, {"i": 405, "x": 24382.0, "y": 11314.0}, {"i": 406, "x": 24428.0, "y": 43756.0}, {"i": 407, "x": 24484.0, "y": 16064.0}, {"i": 408, "x": 24568.0, "y": 19034.0}, {"i": 409, "x": 24642.0, "y": 44424.0}, {"i": 410, "x": 24654.0, "y": 8860.0}, {"i": 411, "x": 24706.0, "y": 24368.0}, {"i": 412, "x": 24816.0, "y": 27102.0}, {"i": 413, "x": 24856.0, "y": 12566.0}, {"i": 414, "x": 24892.0, "y": 42376.0}, {"i": 415, "x": 24984.0, "y": 24956.0}, {"i": 416, "x": 25056.0, "y": 20902.0}, {"i": 417, "x": 25080.0, "y": 12090.0}, {"i": 418, "x": 25104.0, "y": 31152.0}, {"i": 419, "x": 25124.0, "y": 35760.0}, {"i": 420, "x": 25372.0, "y": 11068.0}, {"i": 421, "x": 25424.0, "y": 33274.0}, {"i": 422, "x": 25448.0, "y": 7252.0}, {"i": 423, "x": 25460.0, "y": 37182.0}, {"i": 424, "x": 25504.0, "y": 17618.0}, {"i": 425, "x": 25622.0, "y": 50942.0}, {"i": 426, "x": 25626.0, "y": 48570.0}, {"i": 427, "x": 25712.0, "y": 16162.0}, {"i": 428, "x": 25724.0, "y": 17930.0}, {"i": 429, "x": 25768.0, "y": 18956.0}, {"i": 430, "x": 25820.0, "y": 52852.0}, {"i": 431, "x": 25854.0, "y": 26080.0}, {"i": 432, "x": 25966.0, "y": 7880.0}, {"i": 433, "x": 25988.0, "y": 24146.0}, {"i": 434, "x": 26050.0, "y": 51828.0}, {"i": 435, "x": 26066.0, "y": 39374.0}, {"i": 436, "x": 26130.0, "y": 12016.0}, {"i": 437, "x": 26130.0, "y": 34640.0}, {"i": 438, "x": 26136.0, "y": 47184.0}, {"i": 439, "x": 26240.0, "y": 26312.0}, {"i": 440, "x": 26264.0, "y": 15624.0}, {"i": 441, "x": 26400.0, "y": 5328.0}, {"i": 442, "x": 26580.0, "y": 11804.0}, {"i": 443, "x": 26582.0, "y": 49050.0}, {"i": 444, "x": 26634.0, "y": 28726.0}, {"i": 445, "x": 26754.0, "y": 36468.0}, {"i": 446, "x": 26808.0, "y": 16210.0}, {"i": 447, "x": 26978.0, "y": 36748.0}, {"i": 448, "x": 27104.0, "y": 8864.0}, {"i": 449, "x": 27200.0, "y": 49364.0}, {"i": 450, "x": 27224.0, "y": 582.0}, {"i": 451, "x": 27228.0, "y": 53438.0}, {"i": 452, "x": 27268.0, "y": 9632.0}, {"i": 453, "x": 27292.0, "y": 39014.0}, {"i": 454, "x": 27392.0, "y": 648.0}, {"i": 455, "x": 27398.0, "y": 7830.0}, {"i": 456, "x": 27522.0, "y": 27842.0}, {"i": 457, "x": 27554.0, "y": 49032.0}, {"i": 458, "x": 27672.0, "y": 22564.0}, {"i": 459, "x": 27684.0, "y": 34984.0}, {"i": 460, "x": 27702.0, "y": 29248.0}, {"i": 461, "x": 28008.0, "y": 41522.0}, {"i": 462, "x": 28080.0, "y": 38594.0}, {"i": 463, "x": 28122.0, "y": 42444.0}, {"i": 464, "x": 28226.0, "y": 30650.0}, {"i": 465, "x": 28270.0, "y": 51444.0}, {"i": 466, "x": 28286.0, "y": 19204.0}, {"i": 467, "x": 28384.0, "y": 51294.0}, {"i": 468, "x": 28388.0, "y": 48832.0}, {"i": 469, "x": 28422.0, "y": 23828.0}, {"i": 470, "x": 28488.0, "y": 12628.0}, {"i": 471, "x": 28502.0, "y": 21304.0}, {"i": 472, "x": 28674.0, "y": 8174.0}, {"i": 473, "x": 28796.0, "y": 14882.0}, {"i": 474, "x": 28806.0, "y": 14762.0}, {"i": 475, "x": 28820.0, "y": 23674.0}, {"i": 476, "x": 28860.0, "y": 3036.0}, {"i": 477, "x": 28942.0, "y": 35848.0}, {"i": 478, "x": 28952.0, "y": 29154.0}, {"i": 479, "x": 28974.0, "y": 38796.0}, {"i": 480, "x": 29042.0, "y": 4148.0}, {"i": 481, "x": 29062.0, "y": 49462.0}, {"i": 482, "x": 29146.0, "y": 15676.0}, {"i": 483, "x": 29194.0, "y": 20312.0}, {"i": 484, "x": 29354.0, "y": 27412.0}, {"i": 485, "x": 29418.0, "y": 1862.0}, {"i": 486, "x": 29526.0, "y": 3442.0}, {"i": 487, "x": 29548.0, "y": 32700.0}, {"i": 488, "x": 29634.0, "y": 3654.0}, {"i": 489, "x": 29654.0, "y": 25070.0}, {"i": 490, "x": 29678.0, "y": 45634.0}, {"i": 491, "x": 29712.0, "y": 5330.0}, {"i": 492, "x": 29788.0, "y": 33936.0}, {"i": 493, "x": 29846.0, "y": 9606.0}, {"i": 494, "x": 29888.0, "y": 15628.0}, {"i": 495, "x": 29896.0, "y": 46494.0}, {"i": 496, "x": 29902.0, "y": 41618.0}, {"i": 497, "x": 29916.0, "y": 30536.0}, {"i": 498, "x": 29922.0, "y": 22270.0}, {"i": 499, "x": 30006.0, "y": 29240.0}, {"i": 500, "x": 30176.0, "y": 18202.0}, {"i": 501, "x": 30376.0, "y": 47624.0}, {"i": 502, "x": 30382.0, "y": 15600.0}, {"i": 503, "x": 30418.0, "y": 47392.0}, {"i": 504, "x": 30430.0, "y": 45158.0}, {"i": 505, "x": 30494.0, "y": 14374.0}, {"i": 506, "x": 30526.0, "y": 38412.0}, {"i": 507, "x": 30618.0, "y": 20338.0}, {"i": 508, "x": 30724.0, "y": 10000.0}, {"i": 509, "x": 30742.0, "y": 34750.0}, {"i": 510, "x": 30762.0, "y": 19140.0}, {"i": 511, "x": 30940.0, "y": 7172.0}, {"i": 512, "x": 31086.0, "y": 51132.0}, {"i": 513, "x": 31108.0, "y": 21856.0}, {"i": 514, "x": 31118.0, "y": 6864.0}, {"i": 515, "x": 31122.0, "y": 8736.0}, {"i": 516, "x": 31150.0, "y": 29742.0}, {"i": 517, "x": 31176.0, "y": 15446.0}, {"i": 518, "x": 31188.0, "y": 33764.0}, {"i": 519, "x": 31244.0, "y": 49360.0}, {"i": 520, "x": 31248.0, "y": 15222.0}, {"i": 521, "x": 31258.0, "y": 36104.0}, {"i": 522, "x": 31272.0, "y": 35330.0}, {"i": 523, "x": 31298.0, "y": 15056.0}, {"i": 524, "x": 31322.0, "y": 49538.0}, {"i": 525, "x": 31334.0, "y": 29244.0}, {"i": 526, "x": 31350.0, "y": 32746.0}, {"i": 527, "x": 31446.0, "y": 2048.0}, {"i": 528, "x": 31448.0, "y": 25952.0}, {"i": 529, "x": 31630.0, "y": 43020.0}, {"i": 530, "x": 31730.0, "y": 240.0}, {"i": 531, "x": 31748.0, "y": 44036.0}, {"i": 532, "x": 31916.0, "y": 49074.0}, {"i": 533, "x": 31958.0, "y": 53522.0}, {"i": 534, "x": 32184.0, "y": 48828.0}, {"i": 535, "x": 32248.0, "y": 19946.0}, {"i": 536, "x": 32328.0, "y": 32908.0}, {"i": 537, "x": 32402.0, "y": 48906.0}, {"i": 538, "x": 32464.0, "y": 20356.0}, {"i": 539, "x": 32512.0, "y": 10132.0}, {"i": 540, "x": 32514.0, "y": 31932.0}, {"i": 541, "x": 32542.0, "y": 15864.0}, {"i": 542, "x": 32588.0, "y": 11964.0}, {"i": 543, "x": 32692.0, "y": 18930.0}, {"i": 544, "x": 32856.0, "y": 29652.0}, {"i": 545, "x": 32886.0, "y": 2360.0}, {"i": 546, "x": 32952.0, "y": 51466.0}, {"i": 547, "x": 33318.0, "y": 7766.0}, {"i": 548, "x": 33350.0, "y": 3370.0}, {"i": 549, "x": 33366.0, "y": 3434.0}, {"i": 550, "x": 33374.0, "y": 4676.0}, {"i": 551, "x": 33654.0, "y": 8206.0}, {"i": 552, "x": 33902.0, "y": 7624.0}, {"i": 553, "x": 33978.0, "y": 3764.0}, {"i": 554, "x": 34006.0, "y": 27184.0}, {"i": 555, "x": 34100.0, "y": 43892.0}, {"i": 556, "x": 34184.0, "y": 6150.0}, {"i": 557, "x": 34220.0, "y": 50838.0}, {"i": 558, "x": 34304.0, "y": 17980.0}, {"i": 559, "x": 34340.0, "y": 29914.0}, {"i": 560, "x": 34374.0, "y": 19724.0}, {"i": 561, "x": 34458.0, "y": 22656.0}, {"i": 562, "x": 34556.0, "y": 10338.0}, {"i": 563, "x": 34610.0, "y": 23120.0}, {"i": 564, "x": 34816.0, "y": 19950.0}, {"i": 565, "x": 34834.0, "y": 39458.0}, {"i": 566, "x": 34958.0, "y": 36590.0}, {"i": 567, "x": 34994.0, "y": 13110.0}, {"i": 568, "x": 35012.0, "y": 24152.0}, {"i": 569, "x": 35106.0, "y": 45444.0}, {"i": 570, "x": 35290.0, "y": 48702.0}, {"i": 571, "x": 35316.0, "y": 998.0}, {"i": 572, "x": 35324.0, "y": 562.0}, {"i": 573, "x": 35458.0, "y": 4828.0}, {"i": 574, "x": 35460.0, "y": 43324.0}, {"i": 575, "x": 35468.0, "y": 23454.0}, {"i": 576, "x": 35472.0, "y": 19280.0}, {"i": 577, "x": 35508.0, "y": 2756.0}, {"i": 578, "x": 35510.0, "y": 49954.0}, {"i": 579, "x": 35560.0, "y": 32080.0}, {"i": 580, "x": 35578.0, "y": 51680.0}, {"i": 581, "x": 35692.0, "y": 8458.0}, {"i": 582, "x": 35724.0, "y": 37444.0}, {"i": 583, "x": 35810.0, "y": 31640.0}, {"i": 584, "x": 35816.0, "y": 27734.0}, {"i": 585, "x": 35900.0, "y": 25264.0}, {"i": 586, "x": 35964.0, "y": 13996.0}, {"i": 587, "x": 36064.0, "y": 20420.0}, {"i": 588, "x": 36072.0, "y": 7690.0}, {"i": 589, "x": 36096.0, "y": 18110.0}, {"i": 590, "x": 36124.0, "y": 23892.0}, {"i": 591, "x": 36344.0, "y": 19648.0}, {"i": 592, "x": 36410.0, "y": 47634.0}, {"i": 593, "x": 36416.0, "y": 8938.0}, {"i": 594, "x": 36430.0, "y": 44658.0}, {"i": 595, "x": 36434.0, "y": 50014.0}, {"i": 596, "x": 36678.0, "y": 13622.0}, {"i": 597, "x": 36684.0, "y": 44732.0}, {"i": 598, "x": 36688.0, "y": 31532.0}, {"i": 599, "x": 36754.0, "y": 10660.0}, {"i": 600, "x": 36820.0, "y": 28772.0}, {"i": 601, "x": 36844.0, "y": 30616.0}, {"i": 602, "x": 36886.0, "y": 31502.0}, {"i": 603, "x": 36960.0, "y": 32198.0}, {"i": 604, "x": 36986.0, "y": 48428.0}, {"i": 605, "x": 37082.0, "y": 21256.0}, {"i": 606, "x": 37154.0, "y": 22990.0}, {"i": 607, "x": 37256.0, "y": 47026.0}, {"i": 608, "x": 37330.0, "y": 42098.0}, {"i": 609, "x": 37438.0, "y": 1158.0}, {"i": 610, "x": 37450.0, "y": 34228.0}, {"i": 611, "x": 37458.0, "y": 15790.0}, {"i": 612, "x": 37478.0, "y": 12786.0}, {"i": 613, "x": 37488.0, "y": 14678.0}, {"i": 614, "x": 37490.0, "y": 29096.0}, {"i": 615, "x": 37818.0, "y": 51014.0}, {"i": 616, "x": 37830.0, "y": 16978.0}, {"i": 617, "x": 37864.0, "y": 29862.0}, {"i": 618, "x": 37900.0, "y": 6702.0}, {"i": 619, "x": 37980.0, "y": 20254.0}, {"i": 620, "x": 37988.0, "y": 33136.0}, {"i": 621, "x": 37992.0, "y": 1160.0}, {"i": 622, "x": 38036.0, "y": 22002.0}, {"i": 623, "x": 38042.0, "y": 39912.0}, {"i": 624, "x": 38076.0, "y": 8836.0}, {"i": 625, "x": 38084.0, "y": 7712.0}, {"i": 626, "x": 38090.0, "y": 25536.0}, {"i": 627, "x": 38130.0, "y": 53108.0}, {"i": 628, "x": 38136.0, "y": 8320.0}, {"i": 629, "x": 38200.0, "y": 40972.0}, {"i": 630, "x": 38258.0, "y": 4226.0}, {"i": 631, "x": 38412.0, "y": 1238.0}, {"i": 632, "x": 38414.0, "y": 50914.0}, {"i": 633, "x": 38560.0, "y": 19642.0}, {"i": 634, "x": 38624.0, "y": 24008.0}, {"i": 635, "x": 38706.0, "y": 15200.0}, {"i": 636, "x": 38714.0, "y": 9912.0}, {"i": 637, "x": 38742.0, "y": 42172.0}, {"i": 638, "x": 38804.0, "y": 44820.0}, {"i": 639, "x": 38814.0, "y": 53976.0}, {"i": 640, "x": 38900.0, "y": 47266.0}, {"i": 641, "x": 38972.0, "y": 13532.0}, {"i": 642, "x": 38982.0, "y": 20758.0}, {"i": 643, "x": 39124.0, "y": 45180.0}, {"i": 644, "x": 39132.0, "y": 12680.0}, {"i": 645, "x": 39348.0, "y": 34068.0}, {"i": 646, "x": 39396.0, "y": 20538.0}, {"i": 647, "x": 39432.0, "y": 27752.0}, {"i": 648, "x": 39468.0, "y": 40516.0}, {"i": 649, "x": 39478.0, "y": 50930.0}, {"i": 650, "x": 39616.0, "y": 17356.0}, {"i": 651, "x": 39620.0, "y": 41044.0}, {"i": 652, "x": 39640.0, "y": 24886.0}, {"i": 653, "x": 39644.0, "y": 28646.0}, {"i": 654, "x": 39704.0, "y": 40130.0}, {"i": 655, "x": 39712.0, "y": 49386.0}, {"i": 656, "x": 39800.0, "y": 38682.0}, {"i": 657, "x": 39800.0, "y": 45874.0}, {"i": 658, "x": 39974.0, "y": 22706.0}, {"i": 659, "x": 39998.0, "y": 3664.0}, {"i": 660, "x": 40146.0, "y": 18864.0}, {"i": 661, "x": 40196.0, "y": 39934.0}, {"i": 662, "x": 40218.0, "y": 25576.0}, {"i": 663, "x": 40244.0, "y": 21506.0}, {"i": 664, "x": 40320.0, "y": 17978.0}, {"i": 665, "x": 40342.0, "y": 27100.0}, {"i": 666, "x": 40486.0, "y": 4690.0}, {"i": 667, "x": 40510.0, "y": 3658.0}, {"i": 668, "x": 40528.0, "y": 21534.0}, {"i": 669, "x": 40618.0, "y": 3046.0}, {"i": 670, "x": 40702.0, "y": 26544.0}, {"i": 671, "x": 40704.0, "y": 39888.0}, {"i": 672, "x": 40748.0, "y": 38638.0}, {"i": 673, "x": 40760.0, "y": 41866.0}, {"i": 674, "x": 40848.0, "y": 33728.0}, {"i": 675, "x": 41012.0, "y": 5146.0}, {"i": 676, "x": 41074.0, "y": 25428.0}, {"i": 677, "x": 41080.0, "y": 24554.0}, {"i": 678, "x": 41270.0, "y": 30054.0}, {"i": 679, "x": 41320.0, "y": 48724.0}, {"i": 680, "x": 41414.0, "y": 49762.0}, {"i": 681, "x": 41432.0, "y": 20344.0}, {"i": 682, "x": 41442.0, "y": 29664.0}, {"i": 683, "x": 41534.0, "y": 3920.0}, {"i": 684, "x": 41628.0, "y": 14952.0}, {"i": 685, "x": 41694.0, "y": 26762.0}, {"i": 686, "x": 41738.0, "y": 10348.0}, {"i": 687, "x": 41786.0, "y": 5214.0}, {"i": 688, "x": 41872.0, "y": 52970.0}, {"i": 689, "x": 41940.0, "y": 16434.0}, {"i": 690, "x": 41950.0, "y": 16028.0}, {"i": 691, "x": 42038.0, "y": 35556.0}, {"i": 692, "x": 42056.0, "y": 45430.0}, {"i": 693, "x": 42062.0, "y": 35214.0}, {"i": 694, "x": 42068.0, "y": 49832.0}, {"i": 695, "x": 42104.0, "y": 14716.0}, {"i": 696, "x": 42116.0, "y": 50070.0}, {"i": 697, "x": 42138.0, "y": 36156.0}, {"i": 698, "x": 42316.0, "y": 24830.0}, {"i": 699, "x": 42344.0, "y": 29788.0}, {"i": 700, "x": 42440.0, "y": 23472.0}, {"i": 701, "x": 42458.0, "y": 46076.0}, {"i": 702, "x": 42460.0, "y": 8704.0}, {"i": 703, "x": 42510.0, "y": 2874.0}, {"i": 704, "x": 42518.0, "y": 36020.0}, {"i": 705, "x": 42534.0, "y": 44012.0}, {"i": 706, "x": 42572.0, "y": 37338.0}, {"i": 707, "x": 42586.0, "y": 6906.0}, {"i": 708, "x": 42644.0, "y": 42050.0}, {"i": 709, "x": 42798.0, "y": 10042.0}, {"i": 710, "x": 42848.0, "y": 1174.0}, {"i": 711, "x": 42880.0, "y": 13382.0}, {"i": 712, "x": 42958.0, "y": 18978.0}, {"i": 713, "x": 42992.0, "y": 42688.0}, {"i": 714, "x": 42996.0, "y": 52510.0}, {"i": 715, "x": 43036.0, "y": 9630.0}, {"i": 716, "x": 43076.0, "y": 6858.0}, {"i": 717, "x": 43088.0, "y": 10006.0}, {"i": 718, "x": 43100.0, "y": 27086.0}, {"i": 719, "x": 43132.0, "y": 4212.0}, {"i": 720, "x": 43142.0, "y": 20486.0}, {"i": 721, "x": 43168.0, "y": 28642.0}, {"i": 722, "x": 43292.0, "y": 44334.0}, {"i": 723, "x": 43394.0, "y": 18192.0}, {"i": 724, "x": 43404.0, "y": 43474.0}, {"i": 725, "x": 43434.0, "y": 52746.0}, {"i": 726, "x": 43448.0, "y": 13960.0}, {"i": 727, "x": 43474.0, "y": 25070.0}, {"i": 728, "x": 43518.0, "y": 20664.0}, {"i": 729, "x": 43574.0, "y": 14678.0}, {"i": 730, "x": 43604.0, "y": 40380.0}, {"i": 731, "x": 43668.0, "y": 18738.0}, {"i": 732, "x": 43886.0, "y": 45504.0}, {"i": 733, "x": 43900.0, "y": 3482.0}, {"i": 734, "x": 43916.0, "y": 52714.0}, {"i": 735, "x": 43928.0, "y": 13516.0}, {"i": 736, "x": 43966.0, "y": 14678.0}, {"i": 737, "x": 43976.0, "y": 51048.0}, {"i": 738, "x": 44150.0, "y": 48224.0}, {"i": 739, "x": 44196.0, "y": 43788.0}, {"i": 740, "x": 44246.0, "y": 36918.0}, {"i": 741, "x": 44292.0, "y": 48686.0}, {"i": 742, "x": 44420.0, "y": 1620.0}, {"i": 743, "x": 44528.0, "y": 7534.0}, {"i": 744, "x": 44598.0, "y": 37428.0}, {"i": 745, "x": 44604.0, "y": 37978.0}, {"i": 746, "x": 44618.0, "y": 22456.0}, {"i": 747, "x": 44644.0, "y": 33938.0}, {"i": 748, "x": 44720.0, "y": 48514.0}, {"i": 749, "x": 44888.0, "y": 18334.0}, {"i": 750, "x": 44956.0, "y": 4708.0}, {"i": 751, "x": 45070.0, "y": 1430.0}, {"i": 752, "x": 45086.0, "y": 15006.0}, {"i": 753, "x": 45130.0, "y": 44170.0}, {"i": 754, "x": 45162.0, "y": 39422.0}, {"i": 755, "x": 45180.0, "y": 17266.0}, {"i": 756, "x": 45372.0, "y": 1114.0}, {"i": 757, "x": 45408.0, "y": 50398.0}, {"i": 758, "x": 45426.0, "y": 12896.0}, {"i": 759, "x": 45568.0, "y": 42520.0}, {"i": 760, "x": 45744.0, "y": 25220.0}, {"i": 761, "x": 45822.0, "y": 38310.0}, {"i": 762, "x": 45888.0, "y": 26234.0}, {"i": 763, "x": 45932.0, "y": 32394.0}, {"i": 764, "x": 45996.0, "y": 40854.0}, {"i": 765, "x": 46110.0, "y": 10612.0}, {"i": 766, "x": 46112.0, "y": 8294.0}, {"i": 767, "x": 46118.0, "y": 10364.0}, {"i": 768, "x": 46208.0, "y": 19492.0}, {"i": 769, "x": 46280.0, "y": 22260.0}, {"i": 770, "x": 46296.0, "y": 23594.0}, {"i": 771, "x": 46338.0, "y": 30554.0}, {"i": 772, "x": 46362.0, "y": 34696.0}, {"i": 773, "x": 46450.0, "y": 13466.0}, {"i": 774, "x": 46474.0, "y": 22284.0}, {"i": 775, "x": 46540.0, "y": 11494.0}, {"i": 776, "x": 46552.0, "y": 10096.0}, {"i": 777, "x": 46558.0, "y": 5556.0}, {"i": 778, "x": 46572.0, "y": 872.0}, {"i": 779, "x": 46624.0, "y": 29396.0}, {"i": 780, "x": 46644.0, "y": 9702.0}, {"i": 781, "x": 46668.0, "y": 6610.0}, {"i": 782, "x": 46700.0, "y": 21474.0}, {"i": 783, "x": 46738.0, "y": 39862.0}, {"i": 784, "x": 46752.0, "y": 20944.0}, {"i": 785, "x": 46758.0, "y": 648.0}, {"i": 786, "x": 46766.0, "y": 15600.0}, {"i": 787, "x": 46812.0, "y": 47482.0}, {"i": 788, "x": 46886.0, "y": 22012.0}, {"i": 789, "x": 46962.0, "y": 19498.0}, {"i": 790, "x": 46980.0, "y": 46280.0}, {"i": 791, "x": 47006.0, "y": 12750.0}, {"i": 792, "x": 47006.0, "y": 17602.0}, {"i": 793, "x": 47024.0, "y": 49056.0}, {"i": 794, "x": 47062.0, "y": 11492.0}, {"i": 795, "x": 47202.0, "y": 14192.0}, {"i": 796, "x": 47204.0, "y": 35178.0}, {"i": 797, "x": 47206.0, "y": 15664.0}, {"i": 798, "x": 47284.0, "y": 44794.0}, {"i": 799, "x": 47294.0, "y": 34316.0}, {"i": 800, "x": 47370.0, "y": 24966.0}, {"i": 801, "x": 47374.0, "y": 11732.0}, {"i": 802, "x": 47414.0, "y": 49454.0}, {"i": 803, "x": 47538.0, "y": 23416.0}, {"i": 804, "x": 47590.0, "y": 15080.0}, {"i": 805, "x": 47612.0, "y": 50920.0}, {"i": 806, "x": 47660.0, "y": 27480.0}, {"i": 807, "x": 47674.0, "y": 28880.0}, {"i": 808, "x": 47680.0, "y": 15700.0}, {"i": 809, "x": 47710.0, "y": 30850.0}, {"i": 810, "x": 47710.0, "y": 48382.0}, {"i": 811, "x": 47756.0, "y": 20948.0}, {"i": 812, "x": 47780.0, "y": 28792.0}, {"i": 813, "x": 47992.0, "y": 40874.0}, {"i": 814, "x": 48036.0, "y": 6400.0}, {"i": 815, "x": 48050.0, "y": 22348.0}, {"i": 816, "x": 48128.0, "y": 23458.0}, {"i": 817, "x": 48278.0, "y": 51688.0}, {"i": 818, "x": 48364.0, "y": 37914.0}, {"i": 819, "x": 48424.0, "y": 40520.0}, {"i": 820, "x": 48676.0, "y": 36476.0}, {"i": 821, "x": 48696.0, "y": 25810.0}, {"i": 822, "x": 48726.0, "y": 20170.0}, {"i": 823, "x": 48774.0, "y": 2570.0}, {"i": 824, "x": 48802.0, "y": 51764.0}, {"i": 825, "x": 48894.0, "y": 6790.0}, {"i": 826, "x": 48946.0, "y": 34900.0}, {"i": 827, "x": 49088.0, "y": 18836.0}, {"i": 828, "x": 49232.0, "y": 27568.0}, {"i": 829, "x": 49262.0, "y": 8796.0}, {"i": 830, "x": 49414.0, "y": 50956.0}, {"i": 831, "x": 49428.0, "y": 50806.0}, {"i": 832, "x": 49578.0, "y": 7552.0}, {"i": 833, "x": 49646.0, "y": 39678.0}, {"i": 834, "x": 49710.0, "y": 15492.0}, {"i": 835, "x": 49734.0, "y": 28860.0}, {"i": 836, "x": 49740.0, "y": 86.0}, {"i": 837, "x": 49750.0, "y": 32616.0}, {"i": 838, "x": 49782.0, "y": 22410.0}, {"i": 839, "x": 49908.0, "y": 3200.0}, {"i": 840, "x": 50136.0, "y": 47970.0}, {"i": 841, "x": 50210.0, "y": 14004.0}, {"i": 842, "x": 50226.0, "y": 15072.0}, {"i": 843, "x": 50234.0, "y": 11858.0}, {"i": 844, "x": 50254.0, "y": 41482.0}, {"i": 845, "x": 50324.0, "y": 27448.0}, {"i": 846, "x": 50330.0, "y": 52122.0}, {"i": 847, "x": 50426.0, "y": 29730.0}, {"i": 848, "x": 50464.0, "y": 7610.0}, {"i": 849, "x": 50740.0, "y": 29466.0}, {"i": 850, "x": 50778.0, "y": 44.0}, {"i": 851, "x": 50832.0, "y": 36014.0}, {"i": 852, "x": 50882.0, "y": 24538.0}, {"i": 853, "x": 51068.0, "y": 23980.0}, {"i": 854, "x": 51244.0, "y": 42538.0}, {"i": 855, "x": 51288.0, "y": 12074.0}, {"i": 856, "x": 51298.0, "y": 32632.0}, {"i": 857, "x": 51336.0, "y": 43384.0}, {"i": 858, "x": 51374.0, "y": 49606.0}, {"i": 859, "x": 51378.0, "y": 3970.0}, {"i": 860, "x": 51394.0, "y": 32058.0}, {"i": 861, "x": 51516.0, "y": 33858.0}, {"i": 862, "x": 51588.0, "y": 380.0}, {"i": 863, "x": 51596.0, "y": 33202.0}, {"i": 864, "x": 51596.0, "y": 52322.0}, {"i": 865, "x": 51614.0, "y": 52168.0}, {"i": 866, "x": 51734.0, "y": 42734.0}, {"i": 867, "x": 51778.0, "y": 15028.0}, {"i": 868, "x": 51780.0, "y": 36420.0}, {"i": 869, "x": 51780.0, "y": 37852.0}, {"i": 870, "x": 51970.0, "y": 4932.0}, {"i": 871, "x": 51984.0, "y": 3034.0}, {"i": 872, "x": 52120.0, "y": 45094.0}, {"i": 873, "x": 52178.0, "y": 19822.0}, {"i": 874, "x": 52240.0, "y": 12676.0}, {"i": 875, "x": 52414.0, "y": 18782.0}, {"i": 876, "x": 52548.0, "y": 25658.0}, {"i": 877, "x": 52588.0, "y": 42088.0}, {"i": 878, "x": 52594.0, "y": 6068.0}, {"i": 879, "x": 52596.0, "y": 23432.0}, {"i": 880, "x": 52614.0, "y": 25524.0}, {"i": 881, "x": 52734.0, "y": 29848.0}, {"i": 882, "x": 52912.0, "y": 18820.0}, {"i": 883, "x": 53012.0, "y": 36574.0}, {"i": 884, "x": 53114.0, "y": 37782.0}, {"i": 885, "x": 53202.0, "y": 34394.0}, {"i": 886, "x": 53212.0, "y": 4522.0}, {"i": 887, "x": 53228.0, "y": 23502.0}, {"i": 888, "x": 53256.0, "y": 10862.0}, {"i": 889, "x": 53492.0, "y": 21630.0}, {"i": 890, "x": 53526.0, "y": 38886.0}, {"i": 891, "x": 53596.0, "y": 37780.0}, {"i": 892, "x": 53644.0, "y": 19584.0}, {"i": 893, "x": 53658.0, "y": 28822.0}, {"i": 894, "x": 53694.0, "y": 53342.0}, {"i": 895, "x": 53734.0, "y": 25006.0}, {"i": 896, "x": 53738.0, "y": 49064.0}, {"i": 897, "x": 53758.0, "y": 35136.0}, {"i": 898, "x": 53766.0, "y": 17094.0}, {"i": 899, "x": 53946.0, "y": 53730.0}], "type": "Instance", "name": "uniform-0000900-1", "meta": {"comment": "HIP random 2-dimensional integral point set (900 points), distribution 'uniform'", "faces_in_delaunay": 1784}}