{"points": [{"i": 0, "x": 32.0, "y": 1054.0}, {"i": 1, "x": 82.0, "y": 2094.0}, {"i": 2, "x": 100.0, "y": 890.0}, {"i": 3, "x": 156.0, "y": 34.0}, {"i": 4, "x": 214.0, "y": 1340.0}, {"i": 5, "x": 248.0, "y": 862.0}, {"i": 6, "x": 330.0, "y": 2010.0}, {"i": 7, "x": 352.0, "y": 1056.0}, {"i": 8, "x": 356.0, "y": 1990.0}, {"i": 9, "x": 380.0, "y": 1118.0}, {"i": 10, "x": 380.0, "y": 1148.0}, {"i": 11, "x": 396.0, "y": 746.0}, {"i": 12, "x": 410.0, "y": 1680.0}, {"i": 13, "x": 456.0, "y": 1638.0}, {"i": 14, "x": 464.0, "y": 1450.0}, {"i": 15, "x": 508.0, "y": 206.0}, {"i": 16, "x": 616.0, "y": 2214.0}, {"i": 17, "x": 922.0, "y": 14.0}, {"i": 18, "x": 962.0, "y": 1326.0}, {"i": 19, "x": 1054.0, "y": 2328.0}, {"i": 20, "x": 1084.0, "y": 1698.0}, {"i": 21, "x": 1132.0, "y": 2254.0}, {"i": 22, "x": 1290.0, "y": 592.0}, {"i": 23, "x": 1312.0, "y": 12.0}, {"i": 24, "x": 1342.0, "y": 1966.0}, {"i": 25, "x": 1410.0, "y": 1518.0}, {"i": 26, "x": 1434.0, "y": 808.0}, {"i": 27, "x": 1472.0, "y": 1258.0}, {"i": 28, "x": 1684.0, "y": 1936.0}, {"i": 29, "x": 1690.0, "y": 1062.0}, {"i": 30, "x": 1752.0, "y": 1672.0}, {"i": 31, "x": 1774.0, "y": 2136.0}, {"i": 32, "x": 1924.0, "y": 212.0}, {"i": 33, "x": 1954.0, "y": 1626.0}, {"i": 34, "x": 2016.0, "y": 1668.0}, {"i": 35, "x": 2060.0, "y": 390.0}, {"i": 36, "x": 2104.0, "y": 102.0}, {"i": 37, "x": 2104.0, "y": 1588.0}, {"i": 38, "x": 2270.0, "y": 1256.0}, {"i": 39, "x": 2336.0, "y": 1590.0}], "type": "Instance", "name": "uniform-0000040-2", "meta": {"comment": "HIP random 2-dimensional integral point set (40 points), distribution 'uniform'", "faces_in_delaunay": 69}}