{"points": [{"i": 0, "x": 22.0, "y": 498.0}, {"i": 1, "x": 132.0, "y": 788.0}, {"i": 2, "x": 232.0, "y": 746.0}, {"i": 3, "x": 240.0, "y": 814.0}, {"i": 4, "x": 384.0, "y": 490.0}, {"i": 5, "x": 402.0, "y": 772.0}, {"i": 6, "x": 408.0, "y": 362.0}, {"i": 7, "x": 478.0, "y": 676.0}, {"i": 8, "x": 546.0, "y": 436.0}, {"i": 9, "x": 562.0, "y": 42.0}, {"i": 10, "x": 562.0, "y": 818.0}, {"i": 11, "x": 630.0, "y": 500.0}, {"i": 12, "x": 758.0, "y": 610.0}, {"i": 13, "x": 772.0, "y": 206.0}, {"i": 14, "x": 870.0, "y": 338.0}], "type": "Instance", "name": "uniform-0000015-2", "meta": {"comment": "HIP random 2-dimensional integral point set (15 points), distribution 'uniform'", "faces_in_delaunay": 20}}