{"points": [{"i": 0, "x": 16.0, "y": 30174.0}, {"i": 1, "x": 22.0, "y": 46276.0}, {"i": 2, "x": 120.0, "y": 29088.0}, {"i": 3, "x": 122.0, "y": 39774.0}, {"i": 4, "x": 328.0, "y": 30502.0}, {"i": 5, "x": 526.0, "y": 22264.0}, {"i": 6, "x": 704.0, "y": 7738.0}, {"i": 7, "x": 724.0, "y": 1618.0}, {"i": 8, "x": 758.0, "y": 2054.0}, {"i": 9, "x": 794.0, "y": 6192.0}, {"i": 10, "x": 950.0, "y": 34686.0}, {"i": 11, "x": 956.0, "y": 19682.0}, {"i": 12, "x": 1068.0, "y": 47916.0}, {"i": 13, "x": 1086.0, "y": 17938.0}, {"i": 14, "x": 1130.0, "y": 838.0}, {"i": 15, "x": 1204.0, "y": 16246.0}, {"i": 16, "x": 1212.0, "y": 4416.0}, {"i": 17, "x": 1212.0, "y": 23864.0}, {"i": 18, "x": 1220.0, "y": 45398.0}, {"i": 19, "x": 1282.0, "y": 1326.0}, {"i": 20, "x": 1328.0, "y": 23952.0}, {"i": 21, "x": 1376.0, "y": 854.0}, {"i": 22, "x": 1396.0, "y": 40730.0}, {"i": 23, "x": 1426.0, "y": 44666.0}, {"i": 24, "x": 1484.0, "y": 32706.0}, {"i": 25, "x": 1504.0, "y": 26460.0}, {"i": 26, "x": 1630.0, "y": 9554.0}, {"i": 27, "x": 1804.0, "y": 17076.0}, {"i": 28, "x": 1868.0, "y": 3828.0}, {"i": 29, "x": 1878.0, "y": 38946.0}, {"i": 30, "x": 1894.0, "y": 29790.0}, {"i": 31, "x": 1926.0, "y": 7604.0}, {"i": 32, "x": 1930.0, "y": 20178.0}, {"i": 33, "x": 2028.0, "y": 14090.0}, {"i": 34, "x": 2128.0, "y": 26076.0}, {"i": 35, "x": 2286.0, "y": 21100.0}, {"i": 36, "x": 2536.0, "y": 25492.0}, {"i": 37, "x": 2578.0, "y": 30014.0}, {"i": 38, "x": 2604.0, "y": 25300.0}, {"i": 39, "x": 2688.0, "y": 6932.0}, {"i": 40, "x": 2760.0, "y": 13262.0}, {"i": 41, "x": 2872.0, "y": 40442.0}, {"i": 42, "x": 3002.0, "y": 1982.0}, {"i": 43, "x": 3034.0, "y": 25188.0}, {"i": 44, "x": 3202.0, "y": 424.0}, {"i": 45, "x": 3252.0, "y": 4920.0}, {"i": 46, "x": 3270.0, "y": 42800.0}, {"i": 47, "x": 3306.0, "y": 43754.0}, {"i": 48, "x": 3326.0, "y": 1196.0}, {"i": 49, "x": 3326.0, "y": 42690.0}, {"i": 50, "x": 3528.0, "y": 13654.0}, {"i": 51, "x": 3580.0, "y": 27882.0}, {"i": 52, "x": 3620.0, "y": 8952.0}, {"i": 53, "x": 3626.0, "y": 12286.0}, {"i": 54, "x": 3706.0, "y": 11500.0}, {"i": 55, "x": 3740.0, "y": 43040.0}, {"i": 56, "x": 3834.0, "y": 39764.0}, {"i": 57, "x": 3836.0, "y": 27364.0}, {"i": 58, "x": 3888.0, "y": 27064.0}, {"i": 59, "x": 3892.0, "y": 38180.0}, {"i": 60, "x": 3956.0, "y": 43306.0}, {"i": 61, "x": 4112.0, "y": 31134.0}, {"i": 62, "x": 4326.0, "y": 6482.0}, {"i": 63, "x": 4538.0, "y": 19976.0}, {"i": 64, "x": 4550.0, "y": 9028.0}, {"i": 65, "x": 4626.0, "y": 39598.0}, {"i": 66, "x": 4812.0, "y": 16458.0}, {"i": 67, "x": 4854.0, "y": 39806.0}, {"i": 68, "x": 4912.0, "y": 6442.0}, {"i": 69, "x": 5024.0, "y": 6240.0}, {"i": 70, "x": 5070.0, "y": 39780.0}, {"i": 71, "x": 5126.0, "y": 16554.0}, {"i": 72, "x": 5152.0, "y": 24416.0}, {"i": 73, "x": 5192.0, "y": 8772.0}, {"i": 74, "x": 5218.0, "y": 19746.0}, {"i": 75, "x": 5320.0, "y": 33042.0}, {"i": 76, "x": 5504.0, "y": 21308.0}, {"i": 77, "x": 5510.0, "y": 8670.0}, {"i": 78, "x": 5516.0, "y": 11386.0}, {"i": 79, "x": 5538.0, "y": 27022.0}, {"i": 80, "x": 5750.0, "y": 34406.0}, {"i": 81, "x": 5926.0, "y": 10346.0}, {"i": 82, "x": 5942.0, "y": 24656.0}, {"i": 83, "x": 5944.0, "y": 21676.0}, {"i": 84, "x": 6054.0, "y": 44930.0}, {"i": 85, "x": 6058.0, "y": 46932.0}, {"i": 86, "x": 6080.0, "y": 44652.0}, {"i": 87, "x": 6122.0, "y": 19274.0}, {"i": 88, "x": 6130.0, "y": 31642.0}, {"i": 89, "x": 6220.0, "y": 23256.0}, {"i": 90, "x": 6310.0, "y": 34104.0}, {"i": 91, "x": 6316.0, "y": 34450.0}, {"i": 92, "x": 6320.0, "y": 26966.0}, {"i": 93, "x": 6396.0, "y": 40920.0}, {"i": 94, "x": 6438.0, "y": 44920.0}, {"i": 95, "x": 6440.0, "y": 19178.0}, {"i": 96, "x": 6456.0, "y": 24712.0}, {"i": 97, "x": 6542.0, "y": 44506.0}, {"i": 98, "x": 6612.0, "y": 20696.0}, {"i": 99, "x": 6624.0, "y": 46474.0}, {"i": 100, "x": 6668.0, "y": 14092.0}, {"i": 101, "x": 6736.0, "y": 32236.0}, {"i": 102, "x": 6776.0, "y": 39396.0}, {"i": 103, "x": 6822.0, "y": 22064.0}, {"i": 104, "x": 6916.0, "y": 6870.0}, {"i": 105, "x": 7012.0, "y": 34066.0}, {"i": 106, "x": 7070.0, "y": 30136.0}, {"i": 107, "x": 7070.0, "y": 35408.0}, {"i": 108, "x": 7218.0, "y": 23436.0}, {"i": 109, "x": 7304.0, "y": 7778.0}, {"i": 110, "x": 7308.0, "y": 534.0}, {"i": 111, "x": 7412.0, "y": 9398.0}, {"i": 112, "x": 7440.0, "y": 27126.0}, {"i": 113, "x": 7634.0, "y": 14892.0}, {"i": 114, "x": 7670.0, "y": 31060.0}, {"i": 115, "x": 7816.0, "y": 45448.0}, {"i": 116, "x": 7944.0, "y": 35994.0}, {"i": 117, "x": 7954.0, "y": 22206.0}, {"i": 118, "x": 8008.0, "y": 42014.0}, {"i": 119, "x": 8070.0, "y": 16632.0}, {"i": 120, "x": 8074.0, "y": 40300.0}, {"i": 121, "x": 8228.0, "y": 12536.0}, {"i": 122, "x": 8230.0, "y": 368.0}, {"i": 123, "x": 8272.0, "y": 1556.0}, {"i": 124, "x": 8518.0, "y": 35862.0}, {"i": 125, "x": 8546.0, "y": 10484.0}, {"i": 126, "x": 8588.0, "y": 46958.0}, {"i": 127, "x": 8616.0, "y": 10824.0}, {"i": 128, "x": 8628.0, "y": 25656.0}, {"i": 129, "x": 8676.0, "y": 36044.0}, {"i": 130, "x": 8722.0, "y": 25362.0}, {"i": 131, "x": 8792.0, "y": 34946.0}, {"i": 132, "x": 8862.0, "y": 3636.0}, {"i": 133, "x": 8948.0, "y": 31452.0}, {"i": 134, "x": 8968.0, "y": 37386.0}, {"i": 135, "x": 9080.0, "y": 32108.0}, {"i": 136, "x": 9108.0, "y": 636.0}, {"i": 137, "x": 9248.0, "y": 15994.0}, {"i": 138, "x": 9250.0, "y": 18776.0}, {"i": 139, "x": 9256.0, "y": 42720.0}, {"i": 140, "x": 9294.0, "y": 23340.0}, {"i": 141, "x": 9318.0, "y": 120.0}, {"i": 142, "x": 9340.0, "y": 27824.0}, {"i": 143, "x": 9372.0, "y": 18480.0}, {"i": 144, "x": 9514.0, "y": 28658.0}, {"i": 145, "x": 9518.0, "y": 13664.0}, {"i": 146, "x": 9570.0, "y": 18646.0}, {"i": 147, "x": 9636.0, "y": 47920.0}, {"i": 148, "x": 9684.0, "y": 41348.0}, {"i": 149, "x": 9732.0, "y": 28832.0}, {"i": 150, "x": 9794.0, "y": 21120.0}, {"i": 151, "x": 9874.0, "y": 14856.0}, {"i": 152, "x": 9920.0, "y": 39812.0}, {"i": 153, "x": 9976.0, "y": 15556.0}, {"i": 154, "x": 9984.0, "y": 5474.0}, {"i": 155, "x": 10116.0, "y": 12846.0}, {"i": 156, "x": 10138.0, "y": 14076.0}, {"i": 157, "x": 10200.0, "y": 40004.0}, {"i": 158, "x": 10288.0, "y": 36448.0}, {"i": 159, "x": 10314.0, "y": 30270.0}, {"i": 160, "x": 10498.0, "y": 30384.0}, {"i": 161, "x": 10616.0, "y": 7376.0}, {"i": 162, "x": 10632.0, "y": 4702.0}, {"i": 163, "x": 10700.0, "y": 45642.0}, {"i": 164, "x": 10772.0, "y": 7778.0}, {"i": 165, "x": 10880.0, "y": 21436.0}, {"i": 166, "x": 10908.0, "y": 3540.0}, {"i": 167, "x": 11118.0, "y": 2034.0}, {"i": 168, "x": 11208.0, "y": 32986.0}, {"i": 169, "x": 11384.0, "y": 37594.0}, {"i": 170, "x": 11390.0, "y": 8332.0}, {"i": 171, "x": 11394.0, "y": 5192.0}, {"i": 172, "x": 11410.0, "y": 45070.0}, {"i": 173, "x": 11466.0, "y": 1786.0}, {"i": 174, "x": 11476.0, "y": 47946.0}, {"i": 175, "x": 11488.0, "y": 28898.0}, {"i": 176, "x": 11516.0, "y": 47450.0}, {"i": 177, "x": 11618.0, "y": 5640.0}, {"i": 178, "x": 11744.0, "y": 9840.0}, {"i": 179, "x": 11754.0, "y": 46522.0}, {"i": 180, "x": 11788.0, "y": 8394.0}, {"i": 181, "x": 11804.0, "y": 16178.0}, {"i": 182, "x": 11912.0, "y": 24428.0}, {"i": 183, "x": 11924.0, "y": 4462.0}, {"i": 184, "x": 11992.0, "y": 22314.0}, {"i": 185, "x": 12008.0, "y": 18708.0}, {"i": 186, "x": 12216.0, "y": 15182.0}, {"i": 187, "x": 12268.0, "y": 11852.0}, {"i": 188, "x": 12488.0, "y": 1010.0}, {"i": 189, "x": 12534.0, "y": 5694.0}, {"i": 190, "x": 12578.0, "y": 16752.0}, {"i": 191, "x": 12614.0, "y": 20464.0}, {"i": 192, "x": 12706.0, "y": 41018.0}, {"i": 193, "x": 12738.0, "y": 20146.0}, {"i": 194, "x": 12828.0, "y": 42332.0}, {"i": 195, "x": 12842.0, "y": 30904.0}, {"i": 196, "x": 12842.0, "y": 38924.0}, {"i": 197, "x": 12860.0, "y": 7474.0}, {"i": 198, "x": 12930.0, "y": 39790.0}, {"i": 199, "x": 13042.0, "y": 13398.0}, {"i": 200, "x": 13046.0, "y": 42466.0}, {"i": 201, "x": 13056.0, "y": 29980.0}, {"i": 202, "x": 13100.0, "y": 24102.0}, {"i": 203, "x": 13154.0, "y": 35380.0}, {"i": 204, "x": 13296.0, "y": 6024.0}, {"i": 205, "x": 13366.0, "y": 29312.0}, {"i": 206, "x": 13460.0, "y": 23854.0}, {"i": 207, "x": 13482.0, "y": 1952.0}, {"i": 208, "x": 13616.0, "y": 22156.0}, {"i": 209, "x": 13636.0, "y": 29112.0}, {"i": 210, "x": 13912.0, "y": 11156.0}, {"i": 211, "x": 14030.0, "y": 37354.0}, {"i": 212, "x": 14086.0, "y": 118.0}, {"i": 213, "x": 14138.0, "y": 37816.0}, {"i": 214, "x": 14142.0, "y": 27930.0}, {"i": 215, "x": 14170.0, "y": 37086.0}, {"i": 216, "x": 14216.0, "y": 21558.0}, {"i": 217, "x": 14320.0, "y": 19896.0}, {"i": 218, "x": 14514.0, "y": 42884.0}, {"i": 219, "x": 14582.0, "y": 40514.0}, {"i": 220, "x": 14590.0, "y": 31668.0}, {"i": 221, "x": 14636.0, "y": 1858.0}, {"i": 222, "x": 14662.0, "y": 31508.0}, {"i": 223, "x": 14786.0, "y": 15008.0}, {"i": 224, "x": 14800.0, "y": 18336.0}, {"i": 225, "x": 14810.0, "y": 22882.0}, {"i": 226, "x": 14864.0, "y": 32112.0}, {"i": 227, "x": 14906.0, "y": 47212.0}, {"i": 228, "x": 14966.0, "y": 19052.0}, {"i": 229, "x": 14990.0, "y": 23816.0}, {"i": 230, "x": 14992.0, "y": 3806.0}, {"i": 231, "x": 15084.0, "y": 28240.0}, {"i": 232, "x": 15110.0, "y": 17982.0}, {"i": 233, "x": 15222.0, "y": 7088.0}, {"i": 234, "x": 15318.0, "y": 3332.0}, {"i": 235, "x": 15322.0, "y": 16278.0}, {"i": 236, "x": 15336.0, "y": 30950.0}, {"i": 237, "x": 15350.0, "y": 35278.0}, {"i": 238, "x": 15360.0, "y": 39906.0}, {"i": 239, "x": 15430.0, "y": 30588.0}, {"i": 240, "x": 15478.0, "y": 44840.0}, {"i": 241, "x": 15512.0, "y": 10672.0}, {"i": 242, "x": 15618.0, "y": 16946.0}, {"i": 243, "x": 15626.0, "y": 32632.0}, {"i": 244, "x": 15660.0, "y": 43418.0}, {"i": 245, "x": 15718.0, "y": 37384.0}, {"i": 246, "x": 15764.0, "y": 24198.0}, {"i": 247, "x": 15780.0, "y": 5330.0}, {"i": 248, "x": 15830.0, "y": 25944.0}, {"i": 249, "x": 15858.0, "y": 35550.0}, {"i": 250, "x": 15912.0, "y": 46416.0}, {"i": 251, "x": 16004.0, "y": 3988.0}, {"i": 252, "x": 16006.0, "y": 3808.0}, {"i": 253, "x": 16058.0, "y": 12306.0}, {"i": 254, "x": 16134.0, "y": 31262.0}, {"i": 255, "x": 16222.0, "y": 23572.0}, {"i": 256, "x": 16254.0, "y": 6288.0}, {"i": 257, "x": 16258.0, "y": 21560.0}, {"i": 258, "x": 16276.0, "y": 23960.0}, {"i": 259, "x": 16368.0, "y": 25334.0}, {"i": 260, "x": 16398.0, "y": 15660.0}, {"i": 261, "x": 16408.0, "y": 18164.0}, {"i": 262, "x": 16430.0, "y": 45100.0}, {"i": 263, "x": 16470.0, "y": 46066.0}, {"i": 264, "x": 16508.0, "y": 4922.0}, {"i": 265, "x": 16510.0, "y": 27890.0}, {"i": 266, "x": 16548.0, "y": 1362.0}, {"i": 267, "x": 16672.0, "y": 25034.0}, {"i": 268, "x": 16714.0, "y": 35060.0}, {"i": 269, "x": 16816.0, "y": 9920.0}, {"i": 270, "x": 16830.0, "y": 34194.0}, {"i": 271, "x": 16862.0, "y": 33286.0}, {"i": 272, "x": 16894.0, "y": 42684.0}, {"i": 273, "x": 17142.0, "y": 9788.0}, {"i": 274, "x": 17182.0, "y": 15690.0}, {"i": 275, "x": 17200.0, "y": 8800.0}, {"i": 276, "x": 17214.0, "y": 38750.0}, {"i": 277, "x": 17318.0, "y": 26892.0}, {"i": 278, "x": 17394.0, "y": 35304.0}, {"i": 279, "x": 17414.0, "y": 42858.0}, {"i": 280, "x": 17436.0, "y": 13368.0}, {"i": 281, "x": 17480.0, "y": 12974.0}, {"i": 282, "x": 17532.0, "y": 252.0}, {"i": 283, "x": 17620.0, "y": 45204.0}, {"i": 284, "x": 17626.0, "y": 11288.0}, {"i": 285, "x": 17696.0, "y": 26380.0}, {"i": 286, "x": 17806.0, "y": 16682.0}, {"i": 287, "x": 17852.0, "y": 29068.0}, {"i": 288, "x": 17892.0, "y": 6144.0}, {"i": 289, "x": 17898.0, "y": 19300.0}, {"i": 290, "x": 17914.0, "y": 18546.0}, {"i": 291, "x": 17922.0, "y": 27052.0}, {"i": 292, "x": 18028.0, "y": 36804.0}, {"i": 293, "x": 18078.0, "y": 2422.0}, {"i": 294, "x": 18132.0, "y": 22286.0}, {"i": 295, "x": 18280.0, "y": 12528.0}, {"i": 296, "x": 18320.0, "y": 12622.0}, {"i": 297, "x": 18324.0, "y": 13960.0}, {"i": 298, "x": 18402.0, "y": 18176.0}, {"i": 299, "x": 18534.0, "y": 1244.0}, {"i": 300, "x": 18596.0, "y": 32470.0}, {"i": 301, "x": 18760.0, "y": 22326.0}, {"i": 302, "x": 18790.0, "y": 31466.0}, {"i": 303, "x": 18814.0, "y": 24710.0}, {"i": 304, "x": 18844.0, "y": 43786.0}, {"i": 305, "x": 18904.0, "y": 9836.0}, {"i": 306, "x": 18962.0, "y": 9138.0}, {"i": 307, "x": 19066.0, "y": 41396.0}, {"i": 308, "x": 19172.0, "y": 27518.0}, {"i": 309, "x": 19210.0, "y": 36230.0}, {"i": 310, "x": 19296.0, "y": 3106.0}, {"i": 311, "x": 19310.0, "y": 47824.0}, {"i": 312, "x": 19322.0, "y": 25290.0}, {"i": 313, "x": 19382.0, "y": 16096.0}, {"i": 314, "x": 19474.0, "y": 47632.0}, {"i": 315, "x": 19480.0, "y": 14642.0}, {"i": 316, "x": 19716.0, "y": 770.0}, {"i": 317, "x": 19796.0, "y": 23774.0}, {"i": 318, "x": 19834.0, "y": 3522.0}, {"i": 319, "x": 19854.0, "y": 35290.0}, {"i": 320, "x": 19924.0, "y": 1210.0}, {"i": 321, "x": 19960.0, "y": 14160.0}, {"i": 322, "x": 20074.0, "y": 18924.0}, {"i": 323, "x": 20264.0, "y": 11074.0}, {"i": 324, "x": 20278.0, "y": 4962.0}, {"i": 325, "x": 20280.0, "y": 7438.0}, {"i": 326, "x": 20380.0, "y": 36610.0}, {"i": 327, "x": 20396.0, "y": 44992.0}, {"i": 328, "x": 20418.0, "y": 16746.0}, {"i": 329, "x": 20486.0, "y": 24286.0}, {"i": 330, "x": 20512.0, "y": 1910.0}, {"i": 331, "x": 20580.0, "y": 47712.0}, {"i": 332, "x": 20734.0, "y": 15946.0}, {"i": 333, "x": 20798.0, "y": 31746.0}, {"i": 334, "x": 20804.0, "y": 34686.0}, {"i": 335, "x": 20830.0, "y": 32986.0}, {"i": 336, "x": 20896.0, "y": 47220.0}, {"i": 337, "x": 20926.0, "y": 16560.0}, {"i": 338, "x": 20934.0, "y": 37672.0}, {"i": 339, "x": 21020.0, "y": 27082.0}, {"i": 340, "x": 21028.0, "y": 34918.0}, {"i": 341, "x": 21074.0, "y": 39526.0}, {"i": 342, "x": 21106.0, "y": 40764.0}, {"i": 343, "x": 21214.0, "y": 19908.0}, {"i": 344, "x": 21220.0, "y": 24852.0}, {"i": 345, "x": 21272.0, "y": 12202.0}, {"i": 346, "x": 21300.0, "y": 21032.0}, {"i": 347, "x": 21366.0, "y": 41166.0}, {"i": 348, "x": 21434.0, "y": 5482.0}, {"i": 349, "x": 21436.0, "y": 500.0}, {"i": 350, "x": 21476.0, "y": 31742.0}, {"i": 351, "x": 21520.0, "y": 11222.0}, {"i": 352, "x": 21550.0, "y": 17122.0}, {"i": 353, "x": 21578.0, "y": 494.0}, {"i": 354, "x": 21674.0, "y": 35500.0}, {"i": 355, "x": 21758.0, "y": 6146.0}, {"i": 356, "x": 21784.0, "y": 22616.0}, {"i": 357, "x": 21792.0, "y": 40438.0}, {"i": 358, "x": 21838.0, "y": 30724.0}, {"i": 359, "x": 21862.0, "y": 11478.0}, {"i": 360, "x": 22034.0, "y": 25704.0}, {"i": 361, "x": 22142.0, "y": 24732.0}, {"i": 362, "x": 22222.0, "y": 44852.0}, {"i": 363, "x": 22248.0, "y": 7552.0}, {"i": 364, "x": 22276.0, "y": 24738.0}, {"i": 365, "x": 22306.0, "y": 23784.0}, {"i": 366, "x": 22496.0, "y": 31382.0}, {"i": 367, "x": 22514.0, "y": 11614.0}, {"i": 368, "x": 22720.0, "y": 5320.0}, {"i": 369, "x": 22722.0, "y": 37136.0}, {"i": 370, "x": 22734.0, "y": 45880.0}, {"i": 371, "x": 22736.0, "y": 15374.0}, {"i": 372, "x": 22738.0, "y": 33000.0}, {"i": 373, "x": 22754.0, "y": 43150.0}, {"i": 374, "x": 22786.0, "y": 17792.0}, {"i": 375, "x": 22808.0, "y": 10052.0}, {"i": 376, "x": 22814.0, "y": 4294.0}, {"i": 377, "x": 23006.0, "y": 45500.0}, {"i": 378, "x": 23016.0, "y": 11064.0}, {"i": 379, "x": 23096.0, "y": 4012.0}, {"i": 380, "x": 23124.0, "y": 20708.0}, {"i": 381, "x": 23126.0, "y": 33186.0}, {"i": 382, "x": 23128.0, "y": 10982.0}, {"i": 383, "x": 23506.0, "y": 9108.0}, {"i": 384, "x": 23536.0, "y": 41546.0}, {"i": 385, "x": 23536.0, "y": 42468.0}, {"i": 386, "x": 23572.0, "y": 28144.0}, {"i": 387, "x": 23676.0, "y": 13556.0}, {"i": 388, "x": 23712.0, "y": 35834.0}, {"i": 389, "x": 23714.0, "y": 4204.0}, {"i": 390, "x": 23718.0, "y": 23634.0}, {"i": 391, "x": 23732.0, "y": 7620.0}, {"i": 392, "x": 23748.0, "y": 47922.0}, {"i": 393, "x": 23760.0, "y": 20816.0}, {"i": 394, "x": 23774.0, "y": 36684.0}, {"i": 395, "x": 23796.0, "y": 17408.0}, {"i": 396, "x": 23842.0, "y": 14254.0}, {"i": 397, "x": 23922.0, "y": 10912.0}, {"i": 398, "x": 24008.0, "y": 34044.0}, {"i": 399, "x": 24018.0, "y": 44136.0}, {"i": 400, "x": 24122.0, "y": 26836.0}, {"i": 401, "x": 24274.0, "y": 24970.0}, {"i": 402, "x": 24348.0, "y": 24968.0}, {"i": 403, "x": 24448.0, "y": 13674.0}, {"i": 404, "x": 24532.0, "y": 40416.0}, {"i": 405, "x": 24548.0, "y": 29630.0}, {"i": 406, "x": 24636.0, "y": 29808.0}, {"i": 407, "x": 24738.0, "y": 18384.0}, {"i": 408, "x": 24752.0, "y": 38308.0}, {"i": 409, "x": 24752.0, "y": 44340.0}, {"i": 410, "x": 24792.0, "y": 13738.0}, {"i": 411, "x": 24798.0, "y": 17146.0}, {"i": 412, "x": 24798.0, "y": 30724.0}, {"i": 413, "x": 24814.0, "y": 29884.0}, {"i": 414, "x": 24862.0, "y": 21558.0}, {"i": 415, "x": 24886.0, "y": 22856.0}, {"i": 416, "x": 24926.0, "y": 20672.0}, {"i": 417, "x": 25080.0, "y": 22928.0}, {"i": 418, "x": 25334.0, "y": 32680.0}, {"i": 419, "x": 25344.0, "y": 38856.0}, {"i": 420, "x": 25350.0, "y": 39310.0}, {"i": 421, "x": 25406.0, "y": 26810.0}, {"i": 422, "x": 25526.0, "y": 5710.0}, {"i": 423, "x": 25586.0, "y": 14794.0}, {"i": 424, "x": 25668.0, "y": 44998.0}, {"i": 425, "x": 25710.0, "y": 9550.0}, {"i": 426, "x": 25790.0, "y": 32298.0}, {"i": 427, "x": 25812.0, "y": 2012.0}, {"i": 428, "x": 25880.0, "y": 46634.0}, {"i": 429, "x": 25956.0, "y": 46808.0}, {"i": 430, "x": 26024.0, "y": 19500.0}, {"i": 431, "x": 26034.0, "y": 35366.0}, {"i": 432, "x": 26058.0, "y": 36606.0}, {"i": 433, "x": 26084.0, "y": 940.0}, {"i": 434, "x": 26184.0, "y": 38678.0}, {"i": 435, "x": 26268.0, "y": 37394.0}, {"i": 436, "x": 26294.0, "y": 25570.0}, {"i": 437, "x": 26356.0, "y": 34926.0}, {"i": 438, "x": 26378.0, "y": 3074.0}, {"i": 439, "x": 26524.0, "y": 6122.0}, {"i": 440, "x": 26558.0, "y": 6650.0}, {"i": 441, "x": 26712.0, "y": 30324.0}, {"i": 442, "x": 26730.0, "y": 18722.0}, {"i": 443, "x": 26832.0, "y": 13922.0}, {"i": 444, "x": 26890.0, "y": 37350.0}, {"i": 445, "x": 26920.0, "y": 20892.0}, {"i": 446, "x": 26966.0, "y": 41294.0}, {"i": 447, "x": 27016.0, "y": 688.0}, {"i": 448, "x": 27112.0, "y": 2616.0}, {"i": 449, "x": 27120.0, "y": 5006.0}, {"i": 450, "x": 27174.0, "y": 4910.0}, {"i": 451, "x": 27174.0, "y": 8068.0}, {"i": 452, "x": 27216.0, "y": 7806.0}, {"i": 453, "x": 27238.0, "y": 42362.0}, {"i": 454, "x": 27302.0, "y": 20112.0}, {"i": 455, "x": 27316.0, "y": 13412.0}, {"i": 456, "x": 27412.0, "y": 766.0}, {"i": 457, "x": 27422.0, "y": 47276.0}, {"i": 458, "x": 27504.0, "y": 24510.0}, {"i": 459, "x": 27526.0, "y": 34768.0}, {"i": 460, "x": 27578.0, "y": 4804.0}, {"i": 461, "x": 27580.0, "y": 490.0}, {"i": 462, "x": 27586.0, "y": 13048.0}, {"i": 463, "x": 27692.0, "y": 18102.0}, {"i": 464, "x": 27710.0, "y": 29746.0}, {"i": 465, "x": 27722.0, "y": 42104.0}, {"i": 466, "x": 27740.0, "y": 37086.0}, {"i": 467, "x": 27772.0, "y": 17718.0}, {"i": 468, "x": 27800.0, "y": 5314.0}, {"i": 469, "x": 27956.0, "y": 1682.0}, {"i": 470, "x": 27956.0, "y": 47200.0}, {"i": 471, "x": 28048.0, "y": 24372.0}, {"i": 472, "x": 28256.0, "y": 12736.0}, {"i": 473, "x": 28330.0, "y": 16458.0}, {"i": 474, "x": 28416.0, "y": 43184.0}, {"i": 475, "x": 28464.0, "y": 37092.0}, {"i": 476, "x": 28468.0, "y": 28016.0}, {"i": 477, "x": 28476.0, "y": 10078.0}, {"i": 478, "x": 28526.0, "y": 28662.0}, {"i": 479, "x": 28582.0, "y": 16978.0}, {"i": 480, "x": 28660.0, "y": 31702.0}, {"i": 481, "x": 28736.0, "y": 44300.0}, {"i": 482, "x": 28754.0, "y": 3078.0}, {"i": 483, "x": 28786.0, "y": 2446.0}, {"i": 484, "x": 28816.0, "y": 41528.0}, {"i": 485, "x": 28820.0, "y": 37046.0}, {"i": 486, "x": 28842.0, "y": 38746.0}, {"i": 487, "x": 28870.0, "y": 42400.0}, {"i": 488, "x": 28890.0, "y": 21278.0}, {"i": 489, "x": 29158.0, "y": 4526.0}, {"i": 490, "x": 29184.0, "y": 15788.0}, {"i": 491, "x": 29188.0, "y": 442.0}, {"i": 492, "x": 29216.0, "y": 21730.0}, {"i": 493, "x": 29330.0, "y": 3224.0}, {"i": 494, "x": 29602.0, "y": 4202.0}, {"i": 495, "x": 29654.0, "y": 39192.0}, {"i": 496, "x": 29678.0, "y": 14198.0}, {"i": 497, "x": 29784.0, "y": 13342.0}, {"i": 498, "x": 29792.0, "y": 36972.0}, {"i": 499, "x": 29974.0, "y": 35778.0}, {"i": 500, "x": 29982.0, "y": 24088.0}, {"i": 501, "x": 30290.0, "y": 14778.0}, {"i": 502, "x": 30344.0, "y": 25370.0}, {"i": 503, "x": 30430.0, "y": 47016.0}, {"i": 504, "x": 30436.0, "y": 15668.0}, {"i": 505, "x": 30486.0, "y": 21050.0}, {"i": 506, "x": 30562.0, "y": 3244.0}, {"i": 507, "x": 30608.0, "y": 7948.0}, {"i": 508, "x": 30668.0, "y": 23910.0}, {"i": 509, "x": 30706.0, "y": 2180.0}, {"i": 510, "x": 30718.0, "y": 12914.0}, {"i": 511, "x": 30772.0, "y": 17348.0}, {"i": 512, "x": 30774.0, "y": 26854.0}, {"i": 513, "x": 30780.0, "y": 3878.0}, {"i": 514, "x": 30818.0, "y": 18904.0}, {"i": 515, "x": 30858.0, "y": 24858.0}, {"i": 516, "x": 30966.0, "y": 15240.0}, {"i": 517, "x": 30976.0, "y": 37722.0}, {"i": 518, "x": 31054.0, "y": 44766.0}, {"i": 519, "x": 31114.0, "y": 19060.0}, {"i": 520, "x": 31242.0, "y": 13882.0}, {"i": 521, "x": 31288.0, "y": 18692.0}, {"i": 522, "x": 31384.0, "y": 29722.0}, {"i": 523, "x": 31608.0, "y": 4560.0}, {"i": 524, "x": 31658.0, "y": 24754.0}, {"i": 525, "x": 31722.0, "y": 232.0}, {"i": 526, "x": 31788.0, "y": 39620.0}, {"i": 527, "x": 31836.0, "y": 14418.0}, {"i": 528, "x": 31838.0, "y": 32248.0}, {"i": 529, "x": 31850.0, "y": 31058.0}, {"i": 530, "x": 31946.0, "y": 25892.0}, {"i": 531, "x": 31994.0, "y": 6754.0}, {"i": 532, "x": 32024.0, "y": 9034.0}, {"i": 533, "x": 32042.0, "y": 38826.0}, {"i": 534, "x": 32132.0, "y": 24358.0}, {"i": 535, "x": 32182.0, "y": 37194.0}, {"i": 536, "x": 32242.0, "y": 47250.0}, {"i": 537, "x": 32254.0, "y": 32608.0}, {"i": 538, "x": 32306.0, "y": 22256.0}, {"i": 539, "x": 32316.0, "y": 31488.0}, {"i": 540, "x": 32392.0, "y": 6704.0}, {"i": 541, "x": 32454.0, "y": 39830.0}, {"i": 542, "x": 32480.0, "y": 5634.0}, {"i": 543, "x": 32616.0, "y": 15904.0}, {"i": 544, "x": 32684.0, "y": 39060.0}, {"i": 545, "x": 32690.0, "y": 1904.0}, {"i": 546, "x": 32842.0, "y": 17768.0}, {"i": 547, "x": 32868.0, "y": 5200.0}, {"i": 548, "x": 32898.0, "y": 34540.0}, {"i": 549, "x": 32978.0, "y": 29654.0}, {"i": 550, "x": 32996.0, "y": 14442.0}, {"i": 551, "x": 33034.0, "y": 17370.0}, {"i": 552, "x": 33042.0, "y": 5074.0}, {"i": 553, "x": 33066.0, "y": 27294.0}, {"i": 554, "x": 33076.0, "y": 11188.0}, {"i": 555, "x": 33160.0, "y": 29944.0}, {"i": 556, "x": 33304.0, "y": 7942.0}, {"i": 557, "x": 33312.0, "y": 29384.0}, {"i": 558, "x": 33346.0, "y": 44344.0}, {"i": 559, "x": 33356.0, "y": 6260.0}, {"i": 560, "x": 33378.0, "y": 4060.0}, {"i": 561, "x": 33400.0, "y": 5406.0}, {"i": 562, "x": 33406.0, "y": 17052.0}, {"i": 563, "x": 33408.0, "y": 29568.0}, {"i": 564, "x": 33490.0, "y": 16532.0}, {"i": 565, "x": 33510.0, "y": 6402.0}, {"i": 566, "x": 33512.0, "y": 31396.0}, {"i": 567, "x": 33530.0, "y": 2468.0}, {"i": 568, "x": 33550.0, "y": 1638.0}, {"i": 569, "x": 33654.0, "y": 19024.0}, {"i": 570, "x": 33730.0, "y": 6992.0}, {"i": 571, "x": 33798.0, "y": 15498.0}, {"i": 572, "x": 33804.0, "y": 9420.0}, {"i": 573, "x": 33818.0, "y": 37564.0}, {"i": 574, "x": 33846.0, "y": 45978.0}, {"i": 575, "x": 33890.0, "y": 23052.0}, {"i": 576, "x": 33918.0, "y": 46982.0}, {"i": 577, "x": 34004.0, "y": 36270.0}, {"i": 578, "x": 34024.0, "y": 39208.0}, {"i": 579, "x": 34026.0, "y": 30642.0}, {"i": 580, "x": 34122.0, "y": 23546.0}, {"i": 581, "x": 34176.0, "y": 42238.0}, {"i": 582, "x": 34220.0, "y": 2212.0}, {"i": 583, "x": 34226.0, "y": 10886.0}, {"i": 584, "x": 34256.0, "y": 2264.0}, {"i": 585, "x": 34258.0, "y": 19734.0}, {"i": 586, "x": 34296.0, "y": 6664.0}, {"i": 587, "x": 34338.0, "y": 20800.0}, {"i": 588, "x": 34486.0, "y": 27874.0}, {"i": 589, "x": 34494.0, "y": 33908.0}, {"i": 590, "x": 34516.0, "y": 32790.0}, {"i": 591, "x": 34534.0, "y": 16628.0}, {"i": 592, "x": 34598.0, "y": 44900.0}, {"i": 593, "x": 34622.0, "y": 13280.0}, {"i": 594, "x": 34730.0, "y": 28638.0}, {"i": 595, "x": 34740.0, "y": 10048.0}, {"i": 596, "x": 34750.0, "y": 38394.0}, {"i": 597, "x": 34914.0, "y": 27520.0}, {"i": 598, "x": 35146.0, "y": 234.0}, {"i": 599, "x": 35170.0, "y": 15412.0}, {"i": 600, "x": 35188.0, "y": 41994.0}, {"i": 601, "x": 35236.0, "y": 42818.0}, {"i": 602, "x": 35304.0, "y": 1782.0}, {"i": 603, "x": 35356.0, "y": 43996.0}, {"i": 604, "x": 35364.0, "y": 27438.0}, {"i": 605, "x": 35442.0, "y": 29334.0}, {"i": 606, "x": 35608.0, "y": 25612.0}, {"i": 607, "x": 35612.0, "y": 32390.0}, {"i": 608, "x": 35714.0, "y": 41896.0}, {"i": 609, "x": 35796.0, "y": 10106.0}, {"i": 610, "x": 35974.0, "y": 22078.0}, {"i": 611, "x": 35974.0, "y": 47768.0}, {"i": 612, "x": 36024.0, "y": 33104.0}, {"i": 613, "x": 36040.0, "y": 31720.0}, {"i": 614, "x": 36042.0, "y": 44250.0}, {"i": 615, "x": 36128.0, "y": 34856.0}, {"i": 616, "x": 36204.0, "y": 1890.0}, {"i": 617, "x": 36270.0, "y": 47710.0}, {"i": 618, "x": 36400.0, "y": 45986.0}, {"i": 619, "x": 36412.0, "y": 22062.0}, {"i": 620, "x": 36426.0, "y": 19364.0}, {"i": 621, "x": 36432.0, "y": 33480.0}, {"i": 622, "x": 36496.0, "y": 23908.0}, {"i": 623, "x": 36700.0, "y": 17298.0}, {"i": 624, "x": 36748.0, "y": 14404.0}, {"i": 625, "x": 36748.0, "y": 25118.0}, {"i": 626, "x": 36754.0, "y": 13974.0}, {"i": 627, "x": 36788.0, "y": 16968.0}, {"i": 628, "x": 36966.0, "y": 19554.0}, {"i": 629, "x": 36974.0, "y": 10916.0}, {"i": 630, "x": 37002.0, "y": 29176.0}, {"i": 631, "x": 37102.0, "y": 14122.0}, {"i": 632, "x": 37212.0, "y": 40816.0}, {"i": 633, "x": 37244.0, "y": 30450.0}, {"i": 634, "x": 37400.0, "y": 20392.0}, {"i": 635, "x": 37508.0, "y": 24338.0}, {"i": 636, "x": 37578.0, "y": 26574.0}, {"i": 637, "x": 37662.0, "y": 5600.0}, {"i": 638, "x": 37662.0, "y": 42052.0}, {"i": 639, "x": 37676.0, "y": 24548.0}, {"i": 640, "x": 37902.0, "y": 16268.0}, {"i": 641, "x": 37912.0, "y": 36388.0}, {"i": 642, "x": 37964.0, "y": 13208.0}, {"i": 643, "x": 37970.0, "y": 41220.0}, {"i": 644, "x": 37992.0, "y": 30180.0}, {"i": 645, "x": 38024.0, "y": 6672.0}, {"i": 646, "x": 38178.0, "y": 32042.0}, {"i": 647, "x": 38186.0, "y": 47958.0}, {"i": 648, "x": 38304.0, "y": 34346.0}, {"i": 649, "x": 38316.0, "y": 19254.0}, {"i": 650, "x": 38402.0, "y": 44748.0}, {"i": 651, "x": 38426.0, "y": 41914.0}, {"i": 652, "x": 38446.0, "y": 42398.0}, {"i": 653, "x": 38450.0, "y": 36716.0}, {"i": 654, "x": 38516.0, "y": 27860.0}, {"i": 655, "x": 38522.0, "y": 31964.0}, {"i": 656, "x": 38646.0, "y": 39178.0}, {"i": 657, "x": 38708.0, "y": 9810.0}, {"i": 658, "x": 38728.0, "y": 2082.0}, {"i": 659, "x": 38822.0, "y": 7380.0}, {"i": 660, "x": 38860.0, "y": 3680.0}, {"i": 661, "x": 39016.0, "y": 43824.0}, {"i": 662, "x": 39020.0, "y": 12758.0}, {"i": 663, "x": 39028.0, "y": 35420.0}, {"i": 664, "x": 39044.0, "y": 13266.0}, {"i": 665, "x": 39068.0, "y": 47694.0}, {"i": 666, "x": 39084.0, "y": 3564.0}, {"i": 667, "x": 39116.0, "y": 27534.0}, {"i": 668, "x": 39120.0, "y": 1532.0}, {"i": 669, "x": 39214.0, "y": 40626.0}, {"i": 670, "x": 39318.0, "y": 37942.0}, {"i": 671, "x": 39350.0, "y": 13066.0}, {"i": 672, "x": 39370.0, "y": 37904.0}, {"i": 673, "x": 39374.0, "y": 33218.0}, {"i": 674, "x": 39388.0, "y": 22648.0}, {"i": 675, "x": 39416.0, "y": 8514.0}, {"i": 676, "x": 39484.0, "y": 2770.0}, {"i": 677, "x": 39634.0, "y": 5758.0}, {"i": 678, "x": 39666.0, "y": 6004.0}, {"i": 679, "x": 39672.0, "y": 6802.0}, {"i": 680, "x": 39734.0, "y": 6606.0}, {"i": 681, "x": 39744.0, "y": 39536.0}, {"i": 682, "x": 40052.0, "y": 44350.0}, {"i": 683, "x": 40242.0, "y": 1872.0}, {"i": 684, "x": 40328.0, "y": 20814.0}, {"i": 685, "x": 40374.0, "y": 47756.0}, {"i": 686, "x": 40428.0, "y": 24522.0}, {"i": 687, "x": 40546.0, "y": 6340.0}, {"i": 688, "x": 40560.0, "y": 24232.0}, {"i": 689, "x": 40580.0, "y": 20764.0}, {"i": 690, "x": 40602.0, "y": 16392.0}, {"i": 691, "x": 40768.0, "y": 28028.0}, {"i": 692, "x": 40842.0, "y": 18968.0}, {"i": 693, "x": 40850.0, "y": 9768.0}, {"i": 694, "x": 40976.0, "y": 42020.0}, {"i": 695, "x": 40998.0, "y": 37536.0}, {"i": 696, "x": 41028.0, "y": 29414.0}, {"i": 697, "x": 41040.0, "y": 30898.0}, {"i": 698, "x": 41064.0, "y": 42332.0}, {"i": 699, "x": 41066.0, "y": 13774.0}, {"i": 700, "x": 41086.0, "y": 45942.0}, {"i": 701, "x": 41232.0, "y": 39176.0}, {"i": 702, "x": 41238.0, "y": 5666.0}, {"i": 703, "x": 41262.0, "y": 18602.0}, {"i": 704, "x": 41262.0, "y": 40748.0}, {"i": 705, "x": 41272.0, "y": 25108.0}, {"i": 706, "x": 41284.0, "y": 11882.0}, {"i": 707, "x": 41366.0, "y": 27890.0}, {"i": 708, "x": 41438.0, "y": 25942.0}, {"i": 709, "x": 41460.0, "y": 5298.0}, {"i": 710, "x": 41502.0, "y": 10640.0}, {"i": 711, "x": 41636.0, "y": 36802.0}, {"i": 712, "x": 41652.0, "y": 38602.0}, {"i": 713, "x": 41904.0, "y": 23072.0}, {"i": 714, "x": 41972.0, "y": 30098.0}, {"i": 715, "x": 41984.0, "y": 24836.0}, {"i": 716, "x": 42058.0, "y": 40344.0}, {"i": 717, "x": 42124.0, "y": 11246.0}, {"i": 718, "x": 42188.0, "y": 2520.0}, {"i": 719, "x": 42244.0, "y": 46470.0}, {"i": 720, "x": 42272.0, "y": 27286.0}, {"i": 721, "x": 42282.0, "y": 8274.0}, {"i": 722, "x": 42284.0, "y": 27692.0}, {"i": 723, "x": 42358.0, "y": 19724.0}, {"i": 724, "x": 42458.0, "y": 15472.0}, {"i": 725, "x": 42560.0, "y": 21094.0}, {"i": 726, "x": 42794.0, "y": 27896.0}, {"i": 727, "x": 43058.0, "y": 43378.0}, {"i": 728, "x": 43226.0, "y": 8484.0}, {"i": 729, "x": 43246.0, "y": 34658.0}, {"i": 730, "x": 43306.0, "y": 13810.0}, {"i": 731, "x": 43346.0, "y": 12006.0}, {"i": 732, "x": 43388.0, "y": 14768.0}, {"i": 733, "x": 43396.0, "y": 19968.0}, {"i": 734, "x": 43424.0, "y": 19778.0}, {"i": 735, "x": 43540.0, "y": 41238.0}, {"i": 736, "x": 43570.0, "y": 13278.0}, {"i": 737, "x": 43618.0, "y": 31528.0}, {"i": 738, "x": 43720.0, "y": 33652.0}, {"i": 739, "x": 43856.0, "y": 17740.0}, {"i": 740, "x": 43856.0, "y": 47852.0}, {"i": 741, "x": 43926.0, "y": 36062.0}, {"i": 742, "x": 43952.0, "y": 45344.0}, {"i": 743, "x": 44046.0, "y": 3482.0}, {"i": 744, "x": 44062.0, "y": 16816.0}, {"i": 745, "x": 44160.0, "y": 3964.0}, {"i": 746, "x": 44160.0, "y": 5286.0}, {"i": 747, "x": 44212.0, "y": 16142.0}, {"i": 748, "x": 44348.0, "y": 29546.0}, {"i": 749, "x": 44438.0, "y": 35072.0}, {"i": 750, "x": 44452.0, "y": 15072.0}, {"i": 751, "x": 44454.0, "y": 10702.0}, {"i": 752, "x": 44460.0, "y": 38978.0}, {"i": 753, "x": 44480.0, "y": 44322.0}, {"i": 754, "x": 44640.0, "y": 35592.0}, {"i": 755, "x": 44696.0, "y": 16268.0}, {"i": 756, "x": 45102.0, "y": 47986.0}, {"i": 757, "x": 45182.0, "y": 47650.0}, {"i": 758, "x": 45260.0, "y": 1328.0}, {"i": 759, "x": 45426.0, "y": 26074.0}, {"i": 760, "x": 45436.0, "y": 20370.0}, {"i": 761, "x": 45462.0, "y": 8774.0}, {"i": 762, "x": 45704.0, "y": 29206.0}, {"i": 763, "x": 45820.0, "y": 8694.0}, {"i": 764, "x": 45882.0, "y": 15568.0}, {"i": 765, "x": 45974.0, "y": 38570.0}, {"i": 766, "x": 46008.0, "y": 600.0}, {"i": 767, "x": 46064.0, "y": 18176.0}, {"i": 768, "x": 46100.0, "y": 31990.0}, {"i": 769, "x": 46104.0, "y": 35882.0}, {"i": 770, "x": 46194.0, "y": 26528.0}, {"i": 771, "x": 46226.0, "y": 2876.0}, {"i": 772, "x": 46262.0, "y": 44578.0}, {"i": 773, "x": 46292.0, "y": 36188.0}, {"i": 774, "x": 46316.0, "y": 40946.0}, {"i": 775, "x": 46446.0, "y": 32866.0}, {"i": 776, "x": 46462.0, "y": 9346.0}, {"i": 777, "x": 46468.0, "y": 37718.0}, {"i": 778, "x": 46472.0, "y": 13622.0}, {"i": 779, "x": 46698.0, "y": 41650.0}, {"i": 780, "x": 46708.0, "y": 34186.0}, {"i": 781, "x": 46724.0, "y": 5786.0}, {"i": 782, "x": 46726.0, "y": 9768.0}, {"i": 783, "x": 46752.0, "y": 18080.0}, {"i": 784, "x": 46786.0, "y": 4278.0}, {"i": 785, "x": 46790.0, "y": 15650.0}, {"i": 786, "x": 46802.0, "y": 8382.0}, {"i": 787, "x": 46954.0, "y": 13830.0}, {"i": 788, "x": 46980.0, "y": 20546.0}, {"i": 789, "x": 47072.0, "y": 1316.0}, {"i": 790, "x": 47072.0, "y": 31026.0}, {"i": 791, "x": 47146.0, "y": 18036.0}, {"i": 792, "x": 47326.0, "y": 7568.0}, {"i": 793, "x": 47366.0, "y": 35360.0}, {"i": 794, "x": 47394.0, "y": 46016.0}, {"i": 795, "x": 47564.0, "y": 45102.0}, {"i": 796, "x": 47594.0, "y": 20866.0}, {"i": 797, "x": 47596.0, "y": 28138.0}, {"i": 798, "x": 47686.0, "y": 24240.0}, {"i": 799, "x": 47856.0, "y": 42264.0}], "type": "Instance", "name": "uniform-0000800-1", "meta": {"comment": "HIP random 2-dimensional integral point set (800 points), distribution 'uniform'", "faces_in_delaunay": 1580}}