{"points": [{"i": 0, "x": 16.0, "y": 4664.0}, {"i": 1, "x": 116.0, "y": 3526.0}, {"i": 2, "x": 200.0, "y": 9772.0}, {"i": 3, "x": 392.0, "y": 4044.0}, {"i": 4, "x": 478.0, "y": 6166.0}, {"i": 5, "x": 630.0, "y": 2478.0}, {"i": 6, "x": 646.0, "y": 6462.0}, {"i": 7, "x": 850.0, "y": 5734.0}, {"i": 8, "x": 876.0, "y": 7200.0}, {"i": 9, "x": 920.0, "y": 1562.0}, {"i": 10, "x": 944.0, "y": 6192.0}, {"i": 11, "x": 958.0, "y": 4180.0}, {"i": 12, "x": 960.0, "y": 11310.0}, {"i": 13, "x": 1014.0, "y": 1984.0}, {"i": 14, "x": 1018.0, "y": 3942.0}, {"i": 15, "x": 1030.0, "y": 2002.0}, {"i": 16, "x": 1076.0, "y": 7624.0}, {"i": 17, "x": 1158.0, "y": 8512.0}, {"i": 18, "x": 1216.0, "y": 6418.0}, {"i": 19, "x": 1220.0, "y": 6344.0}, {"i": 20, "x": 1240.0, "y": 394.0}, {"i": 21, "x": 1254.0, "y": 8266.0}, {"i": 22, "x": 1314.0, "y": 8966.0}, {"i": 23, "x": 1420.0, "y": 4886.0}, {"i": 24, "x": 1446.0, "y": 8622.0}, {"i": 25, "x": 1472.0, "y": 10690.0}, {"i": 26, "x": 1514.0, "y": 10040.0}, {"i": 27, "x": 1520.0, "y": 9212.0}, {"i": 28, "x": 1600.0, "y": 11278.0}, {"i": 29, "x": 1648.0, "y": 888.0}, {"i": 30, "x": 1656.0, "y": 7690.0}, {"i": 31, "x": 1664.0, "y": 10090.0}, {"i": 32, "x": 1794.0, "y": 6166.0}, {"i": 33, "x": 1912.0, "y": 5344.0}, {"i": 34, "x": 2028.0, "y": 10210.0}, {"i": 35, "x": 2060.0, "y": 6006.0}, {"i": 36, "x": 2062.0, "y": 6014.0}, {"i": 37, "x": 2064.0, "y": 9142.0}, {"i": 38, "x": 2092.0, "y": 3682.0}, {"i": 39, "x": 2104.0, "y": 8576.0}, {"i": 40, "x": 2284.0, "y": 11862.0}, {"i": 41, "x": 2452.0, "y": 8976.0}, {"i": 42, "x": 2514.0, "y": 4426.0}, {"i": 43, "x": 2600.0, "y": 6364.0}, {"i": 44, "x": 2628.0, "y": 3756.0}, {"i": 45, "x": 2704.0, "y": 760.0}, {"i": 46, "x": 2704.0, "y": 2810.0}, {"i": 47, "x": 2780.0, "y": 6166.0}, {"i": 48, "x": 2820.0, "y": 1504.0}, {"i": 49, "x": 2822.0, "y": 10708.0}, {"i": 50, "x": 2964.0, "y": 6012.0}, {"i": 51, "x": 2972.0, "y": 11530.0}, {"i": 52, "x": 3012.0, "y": 6534.0}, {"i": 53, "x": 3078.0, "y": 2766.0}, {"i": 54, "x": 3084.0, "y": 3094.0}, {"i": 55, "x": 3084.0, "y": 3854.0}, {"i": 56, "x": 3094.0, "y": 10418.0}, {"i": 57, "x": 3100.0, "y": 11984.0}, {"i": 58, "x": 3158.0, "y": 6610.0}, {"i": 59, "x": 3226.0, "y": 5676.0}, {"i": 60, "x": 3430.0, "y": 6184.0}, {"i": 61, "x": 3856.0, "y": 9914.0}, {"i": 62, "x": 3866.0, "y": 996.0}, {"i": 63, "x": 3968.0, "y": 10998.0}, {"i": 64, "x": 4106.0, "y": 4524.0}, {"i": 65, "x": 4152.0, "y": 3490.0}, {"i": 66, "x": 4314.0, "y": 8346.0}, {"i": 67, "x": 4396.0, "y": 2608.0}, {"i": 68, "x": 4552.0, "y": 278.0}, {"i": 69, "x": 4566.0, "y": 1750.0}, {"i": 70, "x": 4638.0, "y": 1696.0}, {"i": 71, "x": 4682.0, "y": 4880.0}, {"i": 72, "x": 4734.0, "y": 1370.0}, {"i": 73, "x": 4818.0, "y": 2436.0}, {"i": 74, "x": 4856.0, "y": 2676.0}, {"i": 75, "x": 4930.0, "y": 4434.0}, {"i": 76, "x": 4936.0, "y": 2606.0}, {"i": 77, "x": 4954.0, "y": 9750.0}, {"i": 78, "x": 4988.0, "y": 10710.0}, {"i": 79, "x": 5044.0, "y": 4166.0}, {"i": 80, "x": 5052.0, "y": 1756.0}, {"i": 81, "x": 5062.0, "y": 9010.0}, {"i": 82, "x": 5076.0, "y": 1596.0}, {"i": 83, "x": 5076.0, "y": 6192.0}, {"i": 84, "x": 5266.0, "y": 3150.0}, {"i": 85, "x": 5270.0, "y": 7810.0}, {"i": 86, "x": 5322.0, "y": 5856.0}, {"i": 87, "x": 5338.0, "y": 10004.0}, {"i": 88, "x": 5376.0, "y": 8144.0}, {"i": 89, "x": 5378.0, "y": 5300.0}, {"i": 90, "x": 5450.0, "y": 5444.0}, {"i": 91, "x": 5504.0, "y": 158.0}, {"i": 92, "x": 5532.0, "y": 4878.0}, {"i": 93, "x": 5580.0, "y": 70.0}, {"i": 94, "x": 5696.0, "y": 6672.0}, {"i": 95, "x": 5834.0, "y": 9174.0}, {"i": 96, "x": 5880.0, "y": 1612.0}, {"i": 97, "x": 5974.0, "y": 1408.0}, {"i": 98, "x": 6096.0, "y": 8956.0}, {"i": 99, "x": 6098.0, "y": 10994.0}, {"i": 100, "x": 6134.0, "y": 2858.0}, {"i": 101, "x": 6134.0, "y": 11602.0}, {"i": 102, "x": 6170.0, "y": 4968.0}, {"i": 103, "x": 6186.0, "y": 1884.0}, {"i": 104, "x": 6196.0, "y": 3356.0}, {"i": 105, "x": 6234.0, "y": 1020.0}, {"i": 106, "x": 6312.0, "y": 5440.0}, {"i": 107, "x": 6438.0, "y": 6514.0}, {"i": 108, "x": 6612.0, "y": 10962.0}, {"i": 109, "x": 6734.0, "y": 1762.0}, {"i": 110, "x": 6756.0, "y": 3676.0}, {"i": 111, "x": 6762.0, "y": 1390.0}, {"i": 112, "x": 6850.0, "y": 7816.0}, {"i": 113, "x": 6972.0, "y": 78.0}, {"i": 114, "x": 7054.0, "y": 2354.0}, {"i": 115, "x": 7056.0, "y": 5262.0}, {"i": 116, "x": 7156.0, "y": 5706.0}, {"i": 117, "x": 7184.0, "y": 2064.0}, {"i": 118, "x": 7190.0, "y": 7178.0}, {"i": 119, "x": 7216.0, "y": 6088.0}, {"i": 120, "x": 7238.0, "y": 2458.0}, {"i": 121, "x": 7282.0, "y": 568.0}, {"i": 122, "x": 7310.0, "y": 2664.0}, {"i": 123, "x": 7418.0, "y": 2312.0}, {"i": 124, "x": 7430.0, "y": 3946.0}, {"i": 125, "x": 7586.0, "y": 1060.0}, {"i": 126, "x": 7712.0, "y": 10822.0}, {"i": 127, "x": 7744.0, "y": 1136.0}, {"i": 128, "x": 7892.0, "y": 4086.0}, {"i": 129, "x": 8048.0, "y": 6102.0}, {"i": 130, "x": 8074.0, "y": 280.0}, {"i": 131, "x": 8076.0, "y": 4112.0}, {"i": 132, "x": 8076.0, "y": 10242.0}, {"i": 133, "x": 8108.0, "y": 1744.0}, {"i": 134, "x": 8134.0, "y": 7382.0}, {"i": 135, "x": 8152.0, "y": 4396.0}, {"i": 136, "x": 8182.0, "y": 6738.0}, {"i": 137, "x": 8312.0, "y": 160.0}, {"i": 138, "x": 8320.0, "y": 1598.0}, {"i": 139, "x": 8328.0, "y": 7324.0}, {"i": 140, "x": 8342.0, "y": 9000.0}, {"i": 141, "x": 8408.0, "y": 7730.0}, {"i": 142, "x": 8478.0, "y": 8888.0}, {"i": 143, "x": 8486.0, "y": 11570.0}, {"i": 144, "x": 8492.0, "y": 7388.0}, {"i": 145, "x": 8516.0, "y": 4502.0}, {"i": 146, "x": 8614.0, "y": 9122.0}, {"i": 147, "x": 8680.0, "y": 11172.0}, {"i": 148, "x": 8736.0, "y": 1290.0}, {"i": 149, "x": 8738.0, "y": 5290.0}, {"i": 150, "x": 8744.0, "y": 4836.0}, {"i": 151, "x": 8818.0, "y": 3170.0}, {"i": 152, "x": 8862.0, "y": 3714.0}, {"i": 153, "x": 8912.0, "y": 522.0}, {"i": 154, "x": 8962.0, "y": 10728.0}, {"i": 155, "x": 9062.0, "y": 6138.0}, {"i": 156, "x": 9100.0, "y": 3004.0}, {"i": 157, "x": 9128.0, "y": 12000.0}, {"i": 158, "x": 9248.0, "y": 11506.0}, {"i": 159, "x": 9254.0, "y": 11696.0}, {"i": 160, "x": 9282.0, "y": 1706.0}, {"i": 161, "x": 9328.0, "y": 7078.0}, {"i": 162, "x": 9370.0, "y": 182.0}, {"i": 163, "x": 9392.0, "y": 8814.0}, {"i": 164, "x": 9398.0, "y": 10212.0}, {"i": 165, "x": 9402.0, "y": 2230.0}, {"i": 166, "x": 9600.0, "y": 9496.0}, {"i": 167, "x": 9646.0, "y": 6574.0}, {"i": 168, "x": 9654.0, "y": 3830.0}, {"i": 169, "x": 9702.0, "y": 612.0}, {"i": 170, "x": 9776.0, "y": 32.0}, {"i": 171, "x": 9796.0, "y": 1990.0}, {"i": 172, "x": 9812.0, "y": 1862.0}, {"i": 173, "x": 9886.0, "y": 10898.0}, {"i": 174, "x": 9902.0, "y": 8592.0}, {"i": 175, "x": 9918.0, "y": 1884.0}, {"i": 176, "x": 10008.0, "y": 2474.0}, {"i": 177, "x": 10032.0, "y": 7430.0}, {"i": 178, "x": 10096.0, "y": 1732.0}, {"i": 179, "x": 10098.0, "y": 2166.0}, {"i": 180, "x": 10114.0, "y": 6012.0}, {"i": 181, "x": 10174.0, "y": 9870.0}, {"i": 182, "x": 10338.0, "y": 56.0}, {"i": 183, "x": 10394.0, "y": 11712.0}, {"i": 184, "x": 10454.0, "y": 8018.0}, {"i": 185, "x": 10678.0, "y": 11332.0}, {"i": 186, "x": 10740.0, "y": 3288.0}, {"i": 187, "x": 10754.0, "y": 10560.0}, {"i": 188, "x": 10794.0, "y": 1192.0}, {"i": 189, "x": 10976.0, "y": 2858.0}, {"i": 190, "x": 11398.0, "y": 10368.0}, {"i": 191, "x": 11558.0, "y": 9132.0}, {"i": 192, "x": 11562.0, "y": 6996.0}, {"i": 193, "x": 11582.0, "y": 7758.0}, {"i": 194, "x": 11610.0, "y": 10546.0}, {"i": 195, "x": 11670.0, "y": 9958.0}, {"i": 196, "x": 11710.0, "y": 886.0}, {"i": 197, "x": 11802.0, "y": 3962.0}, {"i": 198, "x": 11802.0, "y": 11554.0}, {"i": 199, "x": 11946.0, "y": 1776.0}], "type": "Instance", "name": "uniform-0000200-1", "meta": {"comment": "HIP random 2-dimensional integral point set (200 points), distribution 'uniform'", "faces_in_delaunay": 384}}