{"points": [{"i": 0, "x": 168.0, "y": 89452.0}, {"i": 1, "x": 186.0, "y": 109966.0}, {"i": 2, "x": 284.0, "y": 58624.0}, {"i": 3, "x": 314.0, "y": 67348.0}, {"i": 4, "x": 336.0, "y": 60498.0}, {"i": 5, "x": 460.0, "y": 69802.0}, {"i": 6, "x": 462.0, "y": 16428.0}, {"i": 7, "x": 528.0, "y": 54046.0}, {"i": 8, "x": 628.0, "y": 65318.0}, {"i": 9, "x": 698.0, "y": 18344.0}, {"i": 10, "x": 704.0, "y": 107690.0}, {"i": 11, "x": 714.0, "y": 85422.0}, {"i": 12, "x": 756.0, "y": 12946.0}, {"i": 13, "x": 850.0, "y": 79290.0}, {"i": 14, "x": 894.0, "y": 20272.0}, {"i": 15, "x": 966.0, "y": 1660.0}, {"i": 16, "x": 1036.0, "y": 102364.0}, {"i": 17, "x": 1040.0, "y": 57622.0}, {"i": 18, "x": 1226.0, "y": 90796.0}, {"i": 19, "x": 1232.0, "y": 72930.0}, {"i": 20, "x": 1240.0, "y": 110256.0}, {"i": 21, "x": 1308.0, "y": 106498.0}, {"i": 22, "x": 1538.0, "y": 58524.0}, {"i": 23, "x": 1720.0, "y": 119888.0}, {"i": 24, "x": 1730.0, "y": 103268.0}, {"i": 25, "x": 1808.0, "y": 44542.0}, {"i": 26, "x": 1838.0, "y": 6012.0}, {"i": 27, "x": 1924.0, "y": 54762.0}, {"i": 28, "x": 2054.0, "y": 64266.0}, {"i": 29, "x": 2054.0, "y": 86620.0}, {"i": 30, "x": 2142.0, "y": 38718.0}, {"i": 31, "x": 2148.0, "y": 81446.0}, {"i": 32, "x": 2174.0, "y": 60208.0}, {"i": 33, "x": 2222.0, "y": 80348.0}, {"i": 34, "x": 2244.0, "y": 43466.0}, {"i": 35, "x": 2314.0, "y": 12886.0}, {"i": 36, "x": 2316.0, "y": 107928.0}, {"i": 37, "x": 2378.0, "y": 31380.0}, {"i": 38, "x": 2424.0, "y": 116132.0}, {"i": 39, "x": 2502.0, "y": 7092.0}, {"i": 40, "x": 2520.0, "y": 17998.0}, {"i": 41, "x": 2538.0, "y": 62728.0}, {"i": 42, "x": 2672.0, "y": 61378.0}, {"i": 43, "x": 2974.0, "y": 57556.0}, {"i": 44, "x": 3036.0, "y": 55720.0}, {"i": 45, "x": 3106.0, "y": 46636.0}, {"i": 46, "x": 3186.0, "y": 89790.0}, {"i": 47, "x": 3314.0, "y": 43256.0}, {"i": 48, "x": 3462.0, "y": 89954.0}, {"i": 49, "x": 3502.0, "y": 23244.0}, {"i": 50, "x": 3608.0, "y": 15440.0}, {"i": 51, "x": 3616.0, "y": 42174.0}, {"i": 52, "x": 3692.0, "y": 99642.0}, {"i": 53, "x": 3786.0, "y": 79274.0}, {"i": 54, "x": 3852.0, "y": 65318.0}, {"i": 55, "x": 3858.0, "y": 64536.0}, {"i": 56, "x": 3878.0, "y": 96594.0}, {"i": 57, "x": 3906.0, "y": 54426.0}, {"i": 58, "x": 3912.0, "y": 71150.0}, {"i": 59, "x": 3918.0, "y": 85888.0}, {"i": 60, "x": 3930.0, "y": 7386.0}, {"i": 61, "x": 3946.0, "y": 20376.0}, {"i": 62, "x": 4060.0, "y": 19626.0}, {"i": 63, "x": 4108.0, "y": 21070.0}, {"i": 64, "x": 4122.0, "y": 118892.0}, {"i": 65, "x": 4216.0, "y": 45356.0}, {"i": 66, "x": 4252.0, "y": 2608.0}, {"i": 67, "x": 4262.0, "y": 49116.0}, {"i": 68, "x": 4332.0, "y": 117634.0}, {"i": 69, "x": 4410.0, "y": 51100.0}, {"i": 70, "x": 4442.0, "y": 35132.0}, {"i": 71, "x": 4474.0, "y": 101626.0}, {"i": 72, "x": 4618.0, "y": 99120.0}, {"i": 73, "x": 4642.0, "y": 113424.0}, {"i": 74, "x": 4670.0, "y": 90998.0}, {"i": 75, "x": 4698.0, "y": 1762.0}, {"i": 76, "x": 4766.0, "y": 105798.0}, {"i": 77, "x": 4872.0, "y": 105562.0}, {"i": 78, "x": 4906.0, "y": 91124.0}, {"i": 79, "x": 4908.0, "y": 103874.0}, {"i": 80, "x": 4924.0, "y": 76734.0}, {"i": 81, "x": 4940.0, "y": 15862.0}, {"i": 82, "x": 4966.0, "y": 93790.0}, {"i": 83, "x": 5006.0, "y": 110202.0}, {"i": 84, "x": 5066.0, "y": 41090.0}, {"i": 85, "x": 5070.0, "y": 37220.0}, {"i": 86, "x": 5084.0, "y": 79460.0}, {"i": 87, "x": 5154.0, "y": 118522.0}, {"i": 88, "x": 5190.0, "y": 31062.0}, {"i": 89, "x": 5222.0, "y": 90754.0}, {"i": 90, "x": 5242.0, "y": 106368.0}, {"i": 91, "x": 5500.0, "y": 35666.0}, {"i": 92, "x": 5544.0, "y": 22138.0}, {"i": 93, "x": 5630.0, "y": 97008.0}, {"i": 94, "x": 5658.0, "y": 118820.0}, {"i": 95, "x": 5708.0, "y": 116058.0}, {"i": 96, "x": 5776.0, "y": 61848.0}, {"i": 97, "x": 5834.0, "y": 56394.0}, {"i": 98, "x": 5846.0, "y": 92808.0}, {"i": 99, "x": 5918.0, "y": 110062.0}, {"i": 100, "x": 5940.0, "y": 51136.0}, {"i": 101, "x": 5978.0, "y": 119564.0}, {"i": 102, "x": 5990.0, "y": 94202.0}, {"i": 103, "x": 6074.0, "y": 81328.0}, {"i": 104, "x": 6130.0, "y": 89418.0}, {"i": 105, "x": 6164.0, "y": 6270.0}, {"i": 106, "x": 6174.0, "y": 75102.0}, {"i": 107, "x": 6186.0, "y": 5290.0}, {"i": 108, "x": 6206.0, "y": 2.0}, {"i": 109, "x": 6274.0, "y": 21022.0}, {"i": 110, "x": 6428.0, "y": 54226.0}, {"i": 111, "x": 6434.0, "y": 66474.0}, {"i": 112, "x": 6518.0, "y": 92992.0}, {"i": 113, "x": 6614.0, "y": 118196.0}, {"i": 114, "x": 6654.0, "y": 45732.0}, {"i": 115, "x": 6666.0, "y": 54252.0}, {"i": 116, "x": 6748.0, "y": 94676.0}, {"i": 117, "x": 6830.0, "y": 38814.0}, {"i": 118, "x": 6842.0, "y": 85474.0}, {"i": 119, "x": 6996.0, "y": 80374.0}, {"i": 120, "x": 7120.0, "y": 100092.0}, {"i": 121, "x": 7128.0, "y": 31220.0}, {"i": 122, "x": 7162.0, "y": 41682.0}, {"i": 123, "x": 7592.0, "y": 105444.0}, {"i": 124, "x": 7734.0, "y": 29362.0}, {"i": 125, "x": 7770.0, "y": 110980.0}, {"i": 126, "x": 7806.0, "y": 38616.0}, {"i": 127, "x": 7822.0, "y": 108620.0}, {"i": 128, "x": 7842.0, "y": 115880.0}, {"i": 129, "x": 7848.0, "y": 53618.0}, {"i": 130, "x": 7932.0, "y": 111070.0}, {"i": 131, "x": 7948.0, "y": 77304.0}, {"i": 132, "x": 7960.0, "y": 111968.0}, {"i": 133, "x": 8002.0, "y": 11056.0}, {"i": 134, "x": 8114.0, "y": 40160.0}, {"i": 135, "x": 8176.0, "y": 54174.0}, {"i": 136, "x": 8266.0, "y": 68154.0}, {"i": 137, "x": 8362.0, "y": 68.0}, {"i": 138, "x": 8408.0, "y": 22054.0}, {"i": 139, "x": 8480.0, "y": 32654.0}, {"i": 140, "x": 8500.0, "y": 68310.0}, {"i": 141, "x": 8578.0, "y": 26704.0}, {"i": 142, "x": 8600.0, "y": 80846.0}, {"i": 143, "x": 8624.0, "y": 54244.0}, {"i": 144, "x": 8634.0, "y": 50470.0}, {"i": 145, "x": 8666.0, "y": 39268.0}, {"i": 146, "x": 8688.0, "y": 96532.0}, {"i": 147, "x": 8864.0, "y": 14140.0}, {"i": 148, "x": 9042.0, "y": 12554.0}, {"i": 149, "x": 9200.0, "y": 19712.0}, {"i": 150, "x": 9222.0, "y": 114960.0}, {"i": 151, "x": 9226.0, "y": 53114.0}, {"i": 152, "x": 9312.0, "y": 38290.0}, {"i": 153, "x": 9438.0, "y": 117790.0}, {"i": 154, "x": 9486.0, "y": 63512.0}, {"i": 155, "x": 9558.0, "y": 26958.0}, {"i": 156, "x": 9606.0, "y": 16698.0}, {"i": 157, "x": 9612.0, "y": 86550.0}, {"i": 158, "x": 9618.0, "y": 3926.0}, {"i": 159, "x": 9640.0, "y": 28794.0}, {"i": 160, "x": 9694.0, "y": 86972.0}, {"i": 161, "x": 9710.0, "y": 14822.0}, {"i": 162, "x": 9756.0, "y": 51030.0}, {"i": 163, "x": 9800.0, "y": 324.0}, {"i": 164, "x": 9892.0, "y": 50494.0}, {"i": 165, "x": 9924.0, "y": 20718.0}, {"i": 166, "x": 9980.0, "y": 5022.0}, {"i": 167, "x": 10092.0, "y": 113282.0}, {"i": 168, "x": 10146.0, "y": 95480.0}, {"i": 169, "x": 10180.0, "y": 856.0}, {"i": 170, "x": 10352.0, "y": 91464.0}, {"i": 171, "x": 10360.0, "y": 13024.0}, {"i": 172, "x": 10372.0, "y": 73896.0}, {"i": 173, "x": 10374.0, "y": 93852.0}, {"i": 174, "x": 10380.0, "y": 20002.0}, {"i": 175, "x": 10456.0, "y": 89880.0}, {"i": 176, "x": 10462.0, "y": 37674.0}, {"i": 177, "x": 10570.0, "y": 97590.0}, {"i": 178, "x": 10632.0, "y": 82784.0}, {"i": 179, "x": 10676.0, "y": 97838.0}, {"i": 180, "x": 10694.0, "y": 68152.0}, {"i": 181, "x": 10714.0, "y": 89142.0}, {"i": 182, "x": 10718.0, "y": 116140.0}, {"i": 183, "x": 10726.0, "y": 33150.0}, {"i": 184, "x": 10862.0, "y": 33696.0}, {"i": 185, "x": 10902.0, "y": 96924.0}, {"i": 186, "x": 11064.0, "y": 13466.0}, {"i": 187, "x": 11122.0, "y": 73146.0}, {"i": 188, "x": 11172.0, "y": 20684.0}, {"i": 189, "x": 11184.0, "y": 23356.0}, {"i": 190, "x": 11194.0, "y": 97984.0}, {"i": 191, "x": 11220.0, "y": 111834.0}, {"i": 192, "x": 11476.0, "y": 63714.0}, {"i": 193, "x": 11532.0, "y": 12338.0}, {"i": 194, "x": 11688.0, "y": 38282.0}, {"i": 195, "x": 11698.0, "y": 14360.0}, {"i": 196, "x": 11766.0, "y": 63200.0}, {"i": 197, "x": 11808.0, "y": 9094.0}, {"i": 198, "x": 11882.0, "y": 60404.0}, {"i": 199, "x": 12020.0, "y": 6052.0}, {"i": 200, "x": 12046.0, "y": 53138.0}, {"i": 201, "x": 12114.0, "y": 44514.0}, {"i": 202, "x": 12116.0, "y": 7794.0}, {"i": 203, "x": 12216.0, "y": 36876.0}, {"i": 204, "x": 12310.0, "y": 113628.0}, {"i": 205, "x": 12342.0, "y": 31322.0}, {"i": 206, "x": 12382.0, "y": 118068.0}, {"i": 207, "x": 12422.0, "y": 65392.0}, {"i": 208, "x": 12510.0, "y": 91990.0}, {"i": 209, "x": 12510.0, "y": 94744.0}, {"i": 210, "x": 12520.0, "y": 20016.0}, {"i": 211, "x": 12526.0, "y": 17978.0}, {"i": 212, "x": 12556.0, "y": 76172.0}, {"i": 213, "x": 12590.0, "y": 79244.0}, {"i": 214, "x": 12664.0, "y": 4656.0}, {"i": 215, "x": 12784.0, "y": 99988.0}, {"i": 216, "x": 12834.0, "y": 31892.0}, {"i": 217, "x": 12884.0, "y": 39328.0}, {"i": 218, "x": 12912.0, "y": 100228.0}, {"i": 219, "x": 12918.0, "y": 98580.0}, {"i": 220, "x": 12944.0, "y": 3900.0}, {"i": 221, "x": 12960.0, "y": 29456.0}, {"i": 222, "x": 12988.0, "y": 90202.0}, {"i": 223, "x": 12996.0, "y": 19788.0}, {"i": 224, "x": 13104.0, "y": 115112.0}, {"i": 225, "x": 13150.0, "y": 104294.0}, {"i": 226, "x": 13210.0, "y": 33998.0}, {"i": 227, "x": 13230.0, "y": 64344.0}, {"i": 228, "x": 13302.0, "y": 79314.0}, {"i": 229, "x": 13304.0, "y": 35382.0}, {"i": 230, "x": 13322.0, "y": 111504.0}, {"i": 231, "x": 13354.0, "y": 97556.0}, {"i": 232, "x": 13368.0, "y": 63664.0}, {"i": 233, "x": 13386.0, "y": 102638.0}, {"i": 234, "x": 13504.0, "y": 82806.0}, {"i": 235, "x": 13518.0, "y": 85792.0}, {"i": 236, "x": 13546.0, "y": 102732.0}, {"i": 237, "x": 13580.0, "y": 53406.0}, {"i": 238, "x": 13656.0, "y": 48380.0}, {"i": 239, "x": 13682.0, "y": 45954.0}, {"i": 240, "x": 13682.0, "y": 111458.0}, {"i": 241, "x": 13718.0, "y": 36430.0}, {"i": 242, "x": 13732.0, "y": 19842.0}, {"i": 243, "x": 13744.0, "y": 7482.0}, {"i": 244, "x": 13754.0, "y": 46602.0}, {"i": 245, "x": 13814.0, "y": 88950.0}, {"i": 246, "x": 13832.0, "y": 108584.0}, {"i": 247, "x": 13976.0, "y": 71646.0}, {"i": 248, "x": 13992.0, "y": 75560.0}, {"i": 249, "x": 14058.0, "y": 111500.0}, {"i": 250, "x": 14058.0, "y": 113880.0}, {"i": 251, "x": 14060.0, "y": 118922.0}, {"i": 252, "x": 14092.0, "y": 81510.0}, {"i": 253, "x": 14174.0, "y": 109318.0}, {"i": 254, "x": 14176.0, "y": 25042.0}, {"i": 255, "x": 14192.0, "y": 95526.0}, {"i": 256, "x": 14222.0, "y": 31038.0}, {"i": 257, "x": 14336.0, "y": 81738.0}, {"i": 258, "x": 14408.0, "y": 83278.0}, {"i": 259, "x": 14416.0, "y": 6226.0}, {"i": 260, "x": 14528.0, "y": 37016.0}, {"i": 261, "x": 14586.0, "y": 35900.0}, {"i": 262, "x": 14698.0, "y": 18630.0}, {"i": 263, "x": 14714.0, "y": 28638.0}, {"i": 264, "x": 14718.0, "y": 51858.0}, {"i": 265, "x": 14742.0, "y": 64892.0}, {"i": 266, "x": 14794.0, "y": 115408.0}, {"i": 267, "x": 14796.0, "y": 22698.0}, {"i": 268, "x": 14864.0, "y": 94280.0}, {"i": 269, "x": 14872.0, "y": 88226.0}, {"i": 270, "x": 15024.0, "y": 74904.0}, {"i": 271, "x": 15216.0, "y": 28540.0}, {"i": 272, "x": 15228.0, "y": 117190.0}, {"i": 273, "x": 15314.0, "y": 62456.0}, {"i": 274, "x": 15334.0, "y": 24726.0}, {"i": 275, "x": 15392.0, "y": 584.0}, {"i": 276, "x": 15404.0, "y": 34508.0}, {"i": 277, "x": 15484.0, "y": 44646.0}, {"i": 278, "x": 15490.0, "y": 8250.0}, {"i": 279, "x": 15584.0, "y": 37392.0}, {"i": 280, "x": 15600.0, "y": 72896.0}, {"i": 281, "x": 15664.0, "y": 23786.0}, {"i": 282, "x": 15676.0, "y": 60492.0}, {"i": 283, "x": 15728.0, "y": 16616.0}, {"i": 284, "x": 15740.0, "y": 99910.0}, {"i": 285, "x": 15750.0, "y": 88478.0}, {"i": 286, "x": 15862.0, "y": 16478.0}, {"i": 287, "x": 15898.0, "y": 76202.0}, {"i": 288, "x": 15936.0, "y": 16980.0}, {"i": 289, "x": 15988.0, "y": 38676.0}, {"i": 290, "x": 16014.0, "y": 72802.0}, {"i": 291, "x": 16018.0, "y": 46798.0}, {"i": 292, "x": 16050.0, "y": 49278.0}, {"i": 293, "x": 16100.0, "y": 16330.0}, {"i": 294, "x": 16136.0, "y": 42868.0}, {"i": 295, "x": 16266.0, "y": 100298.0}, {"i": 296, "x": 16362.0, "y": 102296.0}, {"i": 297, "x": 16430.0, "y": 944.0}, {"i": 298, "x": 16510.0, "y": 86902.0}, {"i": 299, "x": 16524.0, "y": 58424.0}, {"i": 300, "x": 16526.0, "y": 89210.0}, {"i": 301, "x": 16642.0, "y": 117430.0}, {"i": 302, "x": 16778.0, "y": 82834.0}, {"i": 303, "x": 16882.0, "y": 10684.0}, {"i": 304, "x": 16936.0, "y": 94142.0}, {"i": 305, "x": 17008.0, "y": 51634.0}, {"i": 306, "x": 17040.0, "y": 100610.0}, {"i": 307, "x": 17294.0, "y": 21762.0}, {"i": 308, "x": 17334.0, "y": 101102.0}, {"i": 309, "x": 17470.0, "y": 19492.0}, {"i": 310, "x": 17574.0, "y": 63330.0}, {"i": 311, "x": 17620.0, "y": 42308.0}, {"i": 312, "x": 17752.0, "y": 103132.0}, {"i": 313, "x": 17822.0, "y": 89540.0}, {"i": 314, "x": 18188.0, "y": 82606.0}, {"i": 315, "x": 18342.0, "y": 27876.0}, {"i": 316, "x": 18372.0, "y": 117216.0}, {"i": 317, "x": 18404.0, "y": 99144.0}, {"i": 318, "x": 18440.0, "y": 10198.0}, {"i": 319, "x": 18488.0, "y": 29526.0}, {"i": 320, "x": 18562.0, "y": 4146.0}, {"i": 321, "x": 18634.0, "y": 37430.0}, {"i": 322, "x": 18672.0, "y": 17778.0}, {"i": 323, "x": 18698.0, "y": 62486.0}, {"i": 324, "x": 18716.0, "y": 32410.0}, {"i": 325, "x": 18736.0, "y": 33410.0}, {"i": 326, "x": 18944.0, "y": 96798.0}, {"i": 327, "x": 18986.0, "y": 88638.0}, {"i": 328, "x": 19018.0, "y": 22090.0}, {"i": 329, "x": 19110.0, "y": 113742.0}, {"i": 330, "x": 19136.0, "y": 33566.0}, {"i": 331, "x": 19146.0, "y": 61144.0}, {"i": 332, "x": 19502.0, "y": 37300.0}, {"i": 333, "x": 19506.0, "y": 98016.0}, {"i": 334, "x": 19506.0, "y": 103016.0}, {"i": 335, "x": 19538.0, "y": 66850.0}, {"i": 336, "x": 19548.0, "y": 80122.0}, {"i": 337, "x": 19576.0, "y": 69440.0}, {"i": 338, "x": 19594.0, "y": 88586.0}, {"i": 339, "x": 19640.0, "y": 99632.0}, {"i": 340, "x": 19666.0, "y": 84370.0}, {"i": 341, "x": 19702.0, "y": 103080.0}, {"i": 342, "x": 19704.0, "y": 46148.0}, {"i": 343, "x": 19714.0, "y": 36158.0}, {"i": 344, "x": 19724.0, "y": 46106.0}, {"i": 345, "x": 19736.0, "y": 12444.0}, {"i": 346, "x": 19868.0, "y": 6596.0}, {"i": 347, "x": 19920.0, "y": 17302.0}, {"i": 348, "x": 19922.0, "y": 81436.0}, {"i": 349, "x": 19948.0, "y": 37920.0}, {"i": 350, "x": 20034.0, "y": 116518.0}, {"i": 351, "x": 20128.0, "y": 19394.0}, {"i": 352, "x": 20174.0, "y": 21046.0}, {"i": 353, "x": 20180.0, "y": 10916.0}, {"i": 354, "x": 20218.0, "y": 24404.0}, {"i": 355, "x": 20242.0, "y": 34074.0}, {"i": 356, "x": 20246.0, "y": 37362.0}, {"i": 357, "x": 20276.0, "y": 14498.0}, {"i": 358, "x": 20342.0, "y": 87176.0}, {"i": 359, "x": 20452.0, "y": 66014.0}, {"i": 360, "x": 20516.0, "y": 18380.0}, {"i": 361, "x": 20624.0, "y": 38930.0}, {"i": 362, "x": 20662.0, "y": 51356.0}, {"i": 363, "x": 20688.0, "y": 110640.0}, {"i": 364, "x": 20702.0, "y": 85132.0}, {"i": 365, "x": 20796.0, "y": 27760.0}, {"i": 366, "x": 20816.0, "y": 47020.0}, {"i": 367, "x": 20964.0, "y": 91380.0}, {"i": 368, "x": 21094.0, "y": 39396.0}, {"i": 369, "x": 21206.0, "y": 75540.0}, {"i": 370, "x": 21420.0, "y": 6932.0}, {"i": 371, "x": 21450.0, "y": 89314.0}, {"i": 372, "x": 21502.0, "y": 35162.0}, {"i": 373, "x": 21514.0, "y": 57640.0}, {"i": 374, "x": 21518.0, "y": 117198.0}, {"i": 375, "x": 21778.0, "y": 78688.0}, {"i": 376, "x": 21804.0, "y": 60978.0}, {"i": 377, "x": 21966.0, "y": 108372.0}, {"i": 378, "x": 21968.0, "y": 66702.0}, {"i": 379, "x": 22186.0, "y": 93404.0}, {"i": 380, "x": 22346.0, "y": 20476.0}, {"i": 381, "x": 22370.0, "y": 11450.0}, {"i": 382, "x": 22388.0, "y": 117678.0}, {"i": 383, "x": 22420.0, "y": 19394.0}, {"i": 384, "x": 22454.0, "y": 63154.0}, {"i": 385, "x": 22462.0, "y": 31818.0}, {"i": 386, "x": 22520.0, "y": 80550.0}, {"i": 387, "x": 22536.0, "y": 9040.0}, {"i": 388, "x": 22596.0, "y": 69136.0}, {"i": 389, "x": 22712.0, "y": 888.0}, {"i": 390, "x": 22784.0, "y": 99640.0}, {"i": 391, "x": 22956.0, "y": 31992.0}, {"i": 392, "x": 22980.0, "y": 82628.0}, {"i": 393, "x": 23148.0, "y": 2612.0}, {"i": 394, "x": 23240.0, "y": 48928.0}, {"i": 395, "x": 23330.0, "y": 45062.0}, {"i": 396, "x": 23330.0, "y": 79370.0}, {"i": 397, "x": 23434.0, "y": 12036.0}, {"i": 398, "x": 23454.0, "y": 29670.0}, {"i": 399, "x": 23688.0, "y": 12930.0}, {"i": 400, "x": 23714.0, "y": 16270.0}, {"i": 401, "x": 23724.0, "y": 103830.0}, {"i": 402, "x": 23776.0, "y": 55282.0}, {"i": 403, "x": 23874.0, "y": 113130.0}, {"i": 404, "x": 24014.0, "y": 90202.0}, {"i": 405, "x": 24132.0, "y": 5172.0}, {"i": 406, "x": 24134.0, "y": 106532.0}, {"i": 407, "x": 24140.0, "y": 34112.0}, {"i": 408, "x": 24150.0, "y": 11032.0}, {"i": 409, "x": 24464.0, "y": 69508.0}, {"i": 410, "x": 24486.0, "y": 78990.0}, {"i": 411, "x": 24540.0, "y": 4642.0}, {"i": 412, "x": 24542.0, "y": 46264.0}, {"i": 413, "x": 24596.0, "y": 92424.0}, {"i": 414, "x": 24600.0, "y": 27914.0}, {"i": 415, "x": 24664.0, "y": 52974.0}, {"i": 416, "x": 24696.0, "y": 60574.0}, {"i": 417, "x": 24712.0, "y": 38086.0}, {"i": 418, "x": 24784.0, "y": 104162.0}, {"i": 419, "x": 24794.0, "y": 84540.0}, {"i": 420, "x": 24890.0, "y": 45708.0}, {"i": 421, "x": 24892.0, "y": 31038.0}, {"i": 422, "x": 24988.0, "y": 11570.0}, {"i": 423, "x": 25088.0, "y": 41912.0}, {"i": 424, "x": 25136.0, "y": 82828.0}, {"i": 425, "x": 25158.0, "y": 42560.0}, {"i": 426, "x": 25378.0, "y": 100836.0}, {"i": 427, "x": 25496.0, "y": 25230.0}, {"i": 428, "x": 25580.0, "y": 10182.0}, {"i": 429, "x": 25604.0, "y": 62532.0}, {"i": 430, "x": 25630.0, "y": 31218.0}, {"i": 431, "x": 25638.0, "y": 119034.0}, {"i": 432, "x": 25670.0, "y": 51354.0}, {"i": 433, "x": 25672.0, "y": 57984.0}, {"i": 434, "x": 25716.0, "y": 53244.0}, {"i": 435, "x": 25886.0, "y": 34036.0}, {"i": 436, "x": 25894.0, "y": 7784.0}, {"i": 437, "x": 25928.0, "y": 69562.0}, {"i": 438, "x": 25946.0, "y": 16352.0}, {"i": 439, "x": 26018.0, "y": 466.0}, {"i": 440, "x": 26142.0, "y": 107804.0}, {"i": 441, "x": 26164.0, "y": 106006.0}, {"i": 442, "x": 26174.0, "y": 95556.0}, {"i": 443, "x": 26248.0, "y": 118520.0}, {"i": 444, "x": 26280.0, "y": 85140.0}, {"i": 445, "x": 26510.0, "y": 67712.0}, {"i": 446, "x": 26574.0, "y": 26352.0}, {"i": 447, "x": 26634.0, "y": 113660.0}, {"i": 448, "x": 26686.0, "y": 107472.0}, {"i": 449, "x": 26746.0, "y": 80112.0}, {"i": 450, "x": 26772.0, "y": 95432.0}, {"i": 451, "x": 26774.0, "y": 7032.0}, {"i": 452, "x": 26808.0, "y": 64426.0}, {"i": 453, "x": 27064.0, "y": 44750.0}, {"i": 454, "x": 27216.0, "y": 98066.0}, {"i": 455, "x": 27244.0, "y": 105392.0}, {"i": 456, "x": 27246.0, "y": 50250.0}, {"i": 457, "x": 27286.0, "y": 32380.0}, {"i": 458, "x": 27336.0, "y": 80004.0}, {"i": 459, "x": 27362.0, "y": 9682.0}, {"i": 460, "x": 27412.0, "y": 49982.0}, {"i": 461, "x": 27498.0, "y": 20646.0}, {"i": 462, "x": 27502.0, "y": 26850.0}, {"i": 463, "x": 27576.0, "y": 49892.0}, {"i": 464, "x": 27660.0, "y": 95014.0}, {"i": 465, "x": 27860.0, "y": 23826.0}, {"i": 466, "x": 27950.0, "y": 15410.0}, {"i": 467, "x": 28024.0, "y": 22730.0}, {"i": 468, "x": 28104.0, "y": 94356.0}, {"i": 469, "x": 28184.0, "y": 29204.0}, {"i": 470, "x": 28204.0, "y": 57122.0}, {"i": 471, "x": 28214.0, "y": 106922.0}, {"i": 472, "x": 28248.0, "y": 70710.0}, {"i": 473, "x": 28252.0, "y": 92618.0}, {"i": 474, "x": 28314.0, "y": 74232.0}, {"i": 475, "x": 28332.0, "y": 68372.0}, {"i": 476, "x": 28594.0, "y": 88758.0}, {"i": 477, "x": 28736.0, "y": 13424.0}, {"i": 478, "x": 28888.0, "y": 57498.0}, {"i": 479, "x": 28930.0, "y": 62142.0}, {"i": 480, "x": 28942.0, "y": 93312.0}, {"i": 481, "x": 29184.0, "y": 57028.0}, {"i": 482, "x": 29224.0, "y": 106232.0}, {"i": 483, "x": 29236.0, "y": 29780.0}, {"i": 484, "x": 29290.0, "y": 40776.0}, {"i": 485, "x": 29406.0, "y": 69266.0}, {"i": 486, "x": 29424.0, "y": 110342.0}, {"i": 487, "x": 29484.0, "y": 24244.0}, {"i": 488, "x": 29504.0, "y": 82486.0}, {"i": 489, "x": 29578.0, "y": 96188.0}, {"i": 490, "x": 29596.0, "y": 94296.0}, {"i": 491, "x": 29702.0, "y": 84636.0}, {"i": 492, "x": 29832.0, "y": 109382.0}, {"i": 493, "x": 29922.0, "y": 45180.0}, {"i": 494, "x": 29924.0, "y": 49002.0}, {"i": 495, "x": 29960.0, "y": 10954.0}, {"i": 496, "x": 30002.0, "y": 15702.0}, {"i": 497, "x": 30040.0, "y": 53098.0}, {"i": 498, "x": 30164.0, "y": 35238.0}, {"i": 499, "x": 30286.0, "y": 119756.0}, {"i": 500, "x": 30300.0, "y": 946.0}, {"i": 501, "x": 30384.0, "y": 98502.0}, {"i": 502, "x": 30432.0, "y": 65590.0}, {"i": 503, "x": 30550.0, "y": 70308.0}, {"i": 504, "x": 30702.0, "y": 50466.0}, {"i": 505, "x": 30720.0, "y": 50166.0}, {"i": 506, "x": 30750.0, "y": 62834.0}, {"i": 507, "x": 30760.0, "y": 95166.0}, {"i": 508, "x": 30776.0, "y": 62480.0}, {"i": 509, "x": 30776.0, "y": 64492.0}, {"i": 510, "x": 30778.0, "y": 11360.0}, {"i": 511, "x": 30782.0, "y": 16456.0}, {"i": 512, "x": 30944.0, "y": 72438.0}, {"i": 513, "x": 31082.0, "y": 9904.0}, {"i": 514, "x": 31124.0, "y": 71076.0}, {"i": 515, "x": 31134.0, "y": 87756.0}, {"i": 516, "x": 31278.0, "y": 106890.0}, {"i": 517, "x": 31314.0, "y": 36232.0}, {"i": 518, "x": 31468.0, "y": 48170.0}, {"i": 519, "x": 31516.0, "y": 107854.0}, {"i": 520, "x": 31572.0, "y": 46660.0}, {"i": 521, "x": 31642.0, "y": 84128.0}, {"i": 522, "x": 31660.0, "y": 89518.0}, {"i": 523, "x": 31694.0, "y": 5452.0}, {"i": 524, "x": 31732.0, "y": 12776.0}, {"i": 525, "x": 31758.0, "y": 3664.0}, {"i": 526, "x": 31768.0, "y": 16966.0}, {"i": 527, "x": 31846.0, "y": 45664.0}, {"i": 528, "x": 31848.0, "y": 80840.0}, {"i": 529, "x": 31870.0, "y": 94518.0}, {"i": 530, "x": 31918.0, "y": 318.0}, {"i": 531, "x": 31942.0, "y": 102944.0}, {"i": 532, "x": 31952.0, "y": 104014.0}, {"i": 533, "x": 32006.0, "y": 41990.0}, {"i": 534, "x": 32056.0, "y": 79082.0}, {"i": 535, "x": 32090.0, "y": 53920.0}, {"i": 536, "x": 32202.0, "y": 99852.0}, {"i": 537, "x": 32218.0, "y": 32592.0}, {"i": 538, "x": 32218.0, "y": 87062.0}, {"i": 539, "x": 32274.0, "y": 73978.0}, {"i": 540, "x": 32324.0, "y": 99938.0}, {"i": 541, "x": 32362.0, "y": 100830.0}, {"i": 542, "x": 32368.0, "y": 4360.0}, {"i": 543, "x": 32424.0, "y": 14766.0}, {"i": 544, "x": 32450.0, "y": 19978.0}, {"i": 545, "x": 32488.0, "y": 46870.0}, {"i": 546, "x": 32502.0, "y": 52654.0}, {"i": 547, "x": 32526.0, "y": 31954.0}, {"i": 548, "x": 32604.0, "y": 92726.0}, {"i": 549, "x": 32608.0, "y": 84098.0}, {"i": 550, "x": 32626.0, "y": 51562.0}, {"i": 551, "x": 32728.0, "y": 22692.0}, {"i": 552, "x": 32796.0, "y": 102642.0}, {"i": 553, "x": 32956.0, "y": 97800.0}, {"i": 554, "x": 33010.0, "y": 70410.0}, {"i": 555, "x": 33018.0, "y": 48374.0}, {"i": 556, "x": 33058.0, "y": 41510.0}, {"i": 557, "x": 33084.0, "y": 60150.0}, {"i": 558, "x": 33100.0, "y": 80486.0}, {"i": 559, "x": 33296.0, "y": 76030.0}, {"i": 560, "x": 33360.0, "y": 49592.0}, {"i": 561, "x": 33466.0, "y": 14038.0}, {"i": 562, "x": 33478.0, "y": 54142.0}, {"i": 563, "x": 33484.0, "y": 47980.0}, {"i": 564, "x": 33492.0, "y": 67576.0}, {"i": 565, "x": 33662.0, "y": 19288.0}, {"i": 566, "x": 33666.0, "y": 33554.0}, {"i": 567, "x": 33784.0, "y": 174.0}, {"i": 568, "x": 33854.0, "y": 73384.0}, {"i": 569, "x": 33868.0, "y": 8270.0}, {"i": 570, "x": 33884.0, "y": 11586.0}, {"i": 571, "x": 33890.0, "y": 30682.0}, {"i": 572, "x": 33950.0, "y": 3360.0}, {"i": 573, "x": 34032.0, "y": 91008.0}, {"i": 574, "x": 34100.0, "y": 73776.0}, {"i": 575, "x": 34170.0, "y": 57156.0}, {"i": 576, "x": 34184.0, "y": 62672.0}, {"i": 577, "x": 34230.0, "y": 55858.0}, {"i": 578, "x": 34276.0, "y": 112494.0}, {"i": 579, "x": 34336.0, "y": 97424.0}, {"i": 580, "x": 34516.0, "y": 90972.0}, {"i": 581, "x": 34636.0, "y": 68896.0}, {"i": 582, "x": 34680.0, "y": 888.0}, {"i": 583, "x": 34762.0, "y": 80574.0}, {"i": 584, "x": 34796.0, "y": 41720.0}, {"i": 585, "x": 34928.0, "y": 115782.0}, {"i": 586, "x": 34956.0, "y": 44252.0}, {"i": 587, "x": 35028.0, "y": 85696.0}, {"i": 588, "x": 35076.0, "y": 14300.0}, {"i": 589, "x": 35112.0, "y": 72250.0}, {"i": 590, "x": 35120.0, "y": 57230.0}, {"i": 591, "x": 35260.0, "y": 103528.0}, {"i": 592, "x": 35424.0, "y": 45478.0}, {"i": 593, "x": 35446.0, "y": 18740.0}, {"i": 594, "x": 35494.0, "y": 48046.0}, {"i": 595, "x": 35514.0, "y": 75042.0}, {"i": 596, "x": 35522.0, "y": 23116.0}, {"i": 597, "x": 35604.0, "y": 20324.0}, {"i": 598, "x": 35694.0, "y": 46196.0}, {"i": 599, "x": 35788.0, "y": 56664.0}, {"i": 600, "x": 35836.0, "y": 59346.0}, {"i": 601, "x": 35872.0, "y": 114542.0}, {"i": 602, "x": 35874.0, "y": 98806.0}, {"i": 603, "x": 36020.0, "y": 63418.0}, {"i": 604, "x": 36086.0, "y": 119656.0}, {"i": 605, "x": 36126.0, "y": 110298.0}, {"i": 606, "x": 36144.0, "y": 1952.0}, {"i": 607, "x": 36164.0, "y": 10300.0}, {"i": 608, "x": 36216.0, "y": 61950.0}, {"i": 609, "x": 36280.0, "y": 107022.0}, {"i": 610, "x": 36294.0, "y": 69562.0}, {"i": 611, "x": 36314.0, "y": 21318.0}, {"i": 612, "x": 36316.0, "y": 81528.0}, {"i": 613, "x": 36336.0, "y": 77674.0}, {"i": 614, "x": 36346.0, "y": 86354.0}, {"i": 615, "x": 36518.0, "y": 32866.0}, {"i": 616, "x": 36762.0, "y": 62822.0}, {"i": 617, "x": 36776.0, "y": 80300.0}, {"i": 618, "x": 36826.0, "y": 52318.0}, {"i": 619, "x": 36844.0, "y": 103844.0}, {"i": 620, "x": 36992.0, "y": 20970.0}, {"i": 621, "x": 36998.0, "y": 113318.0}, {"i": 622, "x": 37038.0, "y": 97102.0}, {"i": 623, "x": 37102.0, "y": 12876.0}, {"i": 624, "x": 37164.0, "y": 59846.0}, {"i": 625, "x": 37188.0, "y": 43942.0}, {"i": 626, "x": 37192.0, "y": 57700.0}, {"i": 627, "x": 37308.0, "y": 25276.0}, {"i": 628, "x": 37378.0, "y": 79210.0}, {"i": 629, "x": 37436.0, "y": 91430.0}, {"i": 630, "x": 37584.0, "y": 33180.0}, {"i": 631, "x": 37592.0, "y": 70504.0}, {"i": 632, "x": 37736.0, "y": 81580.0}, {"i": 633, "x": 37746.0, "y": 64478.0}, {"i": 634, "x": 37816.0, "y": 63878.0}, {"i": 635, "x": 37888.0, "y": 113420.0}, {"i": 636, "x": 37958.0, "y": 20080.0}, {"i": 637, "x": 38002.0, "y": 24162.0}, {"i": 638, "x": 38074.0, "y": 114384.0}, {"i": 639, "x": 38082.0, "y": 79178.0}, {"i": 640, "x": 38100.0, "y": 80580.0}, {"i": 641, "x": 38162.0, "y": 99068.0}, {"i": 642, "x": 38166.0, "y": 110958.0}, {"i": 643, "x": 38168.0, "y": 45896.0}, {"i": 644, "x": 38200.0, "y": 89692.0}, {"i": 645, "x": 38272.0, "y": 99798.0}, {"i": 646, "x": 38316.0, "y": 119652.0}, {"i": 647, "x": 38318.0, "y": 116790.0}, {"i": 648, "x": 38526.0, "y": 22838.0}, {"i": 649, "x": 38560.0, "y": 117092.0}, {"i": 650, "x": 38906.0, "y": 16712.0}, {"i": 651, "x": 38940.0, "y": 77364.0}, {"i": 652, "x": 39236.0, "y": 50548.0}, {"i": 653, "x": 39240.0, "y": 66834.0}, {"i": 654, "x": 39470.0, "y": 49712.0}, {"i": 655, "x": 39532.0, "y": 888.0}, {"i": 656, "x": 39554.0, "y": 44556.0}, {"i": 657, "x": 39696.0, "y": 61174.0}, {"i": 658, "x": 39716.0, "y": 112092.0}, {"i": 659, "x": 39786.0, "y": 11502.0}, {"i": 660, "x": 39818.0, "y": 10150.0}, {"i": 661, "x": 39938.0, "y": 298.0}, {"i": 662, "x": 40022.0, "y": 77038.0}, {"i": 663, "x": 40054.0, "y": 82504.0}, {"i": 664, "x": 40104.0, "y": 34192.0}, {"i": 665, "x": 40130.0, "y": 29362.0}, {"i": 666, "x": 40134.0, "y": 85024.0}, {"i": 667, "x": 40250.0, "y": 85230.0}, {"i": 668, "x": 40308.0, "y": 6604.0}, {"i": 669, "x": 40332.0, "y": 25716.0}, {"i": 670, "x": 40358.0, "y": 115040.0}, {"i": 671, "x": 40388.0, "y": 58104.0}, {"i": 672, "x": 40472.0, "y": 85122.0}, {"i": 673, "x": 40610.0, "y": 26076.0}, {"i": 674, "x": 40692.0, "y": 39560.0}, {"i": 675, "x": 40856.0, "y": 20432.0}, {"i": 676, "x": 40988.0, "y": 80222.0}, {"i": 677, "x": 41022.0, "y": 2682.0}, {"i": 678, "x": 41050.0, "y": 68888.0}, {"i": 679, "x": 41170.0, "y": 93288.0}, {"i": 680, "x": 41376.0, "y": 66778.0}, {"i": 681, "x": 41426.0, "y": 18864.0}, {"i": 682, "x": 41540.0, "y": 30220.0}, {"i": 683, "x": 41588.0, "y": 80840.0}, {"i": 684, "x": 41662.0, "y": 24586.0}, {"i": 685, "x": 41674.0, "y": 22718.0}, {"i": 686, "x": 41764.0, "y": 92342.0}, {"i": 687, "x": 41810.0, "y": 8986.0}, {"i": 688, "x": 41896.0, "y": 24098.0}, {"i": 689, "x": 41916.0, "y": 112262.0}, {"i": 690, "x": 41954.0, "y": 4410.0}, {"i": 691, "x": 41982.0, "y": 94178.0}, {"i": 692, "x": 41986.0, "y": 116874.0}, {"i": 693, "x": 41994.0, "y": 7610.0}, {"i": 694, "x": 42324.0, "y": 113466.0}, {"i": 695, "x": 42336.0, "y": 75080.0}, {"i": 696, "x": 42522.0, "y": 17562.0}, {"i": 697, "x": 42532.0, "y": 110428.0}, {"i": 698, "x": 42544.0, "y": 20754.0}, {"i": 699, "x": 42546.0, "y": 80830.0}, {"i": 700, "x": 42558.0, "y": 105044.0}, {"i": 701, "x": 42588.0, "y": 89014.0}, {"i": 702, "x": 42600.0, "y": 19308.0}, {"i": 703, "x": 42610.0, "y": 61332.0}, {"i": 704, "x": 42668.0, "y": 51342.0}, {"i": 705, "x": 42818.0, "y": 60406.0}, {"i": 706, "x": 42940.0, "y": 268.0}, {"i": 707, "x": 42962.0, "y": 11310.0}, {"i": 708, "x": 43066.0, "y": 25810.0}, {"i": 709, "x": 43116.0, "y": 105510.0}, {"i": 710, "x": 43144.0, "y": 118818.0}, {"i": 711, "x": 43154.0, "y": 114046.0}, {"i": 712, "x": 43174.0, "y": 113894.0}, {"i": 713, "x": 43190.0, "y": 17528.0}, {"i": 714, "x": 43236.0, "y": 44846.0}, {"i": 715, "x": 43282.0, "y": 94392.0}, {"i": 716, "x": 43290.0, "y": 66950.0}, {"i": 717, "x": 43318.0, "y": 106582.0}, {"i": 718, "x": 43508.0, "y": 117636.0}, {"i": 719, "x": 43614.0, "y": 95404.0}, {"i": 720, "x": 43628.0, "y": 109100.0}, {"i": 721, "x": 43634.0, "y": 79144.0}, {"i": 722, "x": 43798.0, "y": 75424.0}, {"i": 723, "x": 43812.0, "y": 15256.0}, {"i": 724, "x": 43914.0, "y": 48552.0}, {"i": 725, "x": 43966.0, "y": 36424.0}, {"i": 726, "x": 44092.0, "y": 103548.0}, {"i": 727, "x": 44128.0, "y": 110260.0}, {"i": 728, "x": 44188.0, "y": 29234.0}, {"i": 729, "x": 44198.0, "y": 91490.0}, {"i": 730, "x": 44266.0, "y": 10884.0}, {"i": 731, "x": 44384.0, "y": 57622.0}, {"i": 732, "x": 44420.0, "y": 81790.0}, {"i": 733, "x": 44440.0, "y": 80098.0}, {"i": 734, "x": 44446.0, "y": 1746.0}, {"i": 735, "x": 44552.0, "y": 111522.0}, {"i": 736, "x": 44598.0, "y": 13514.0}, {"i": 737, "x": 44630.0, "y": 42934.0}, {"i": 738, "x": 44630.0, "y": 107578.0}, {"i": 739, "x": 44646.0, "y": 19426.0}, {"i": 740, "x": 44704.0, "y": 104146.0}, {"i": 741, "x": 44758.0, "y": 30874.0}, {"i": 742, "x": 44790.0, "y": 105610.0}, {"i": 743, "x": 44796.0, "y": 118380.0}, {"i": 744, "x": 44884.0, "y": 65920.0}, {"i": 745, "x": 45058.0, "y": 91754.0}, {"i": 746, "x": 45060.0, "y": 62200.0}, {"i": 747, "x": 45166.0, "y": 39472.0}, {"i": 748, "x": 45226.0, "y": 50924.0}, {"i": 749, "x": 45274.0, "y": 19052.0}, {"i": 750, "x": 45306.0, "y": 78468.0}, {"i": 751, "x": 45376.0, "y": 3498.0}, {"i": 752, "x": 45494.0, "y": 86720.0}, {"i": 753, "x": 45588.0, "y": 72064.0}, {"i": 754, "x": 45646.0, "y": 594.0}, {"i": 755, "x": 45830.0, "y": 50390.0}, {"i": 756, "x": 45982.0, "y": 116910.0}, {"i": 757, "x": 45988.0, "y": 53932.0}, {"i": 758, "x": 46064.0, "y": 30050.0}, {"i": 759, "x": 46080.0, "y": 36114.0}, {"i": 760, "x": 46118.0, "y": 61560.0}, {"i": 761, "x": 46150.0, "y": 53648.0}, {"i": 762, "x": 46158.0, "y": 113056.0}, {"i": 763, "x": 46188.0, "y": 20230.0}, {"i": 764, "x": 46206.0, "y": 80580.0}, {"i": 765, "x": 46232.0, "y": 69158.0}, {"i": 766, "x": 46262.0, "y": 83602.0}, {"i": 767, "x": 46274.0, "y": 51762.0}, {"i": 768, "x": 46286.0, "y": 111666.0}, {"i": 769, "x": 46310.0, "y": 48288.0}, {"i": 770, "x": 46346.0, "y": 12424.0}, {"i": 771, "x": 46366.0, "y": 9144.0}, {"i": 772, "x": 46556.0, "y": 76650.0}, {"i": 773, "x": 46588.0, "y": 46278.0}, {"i": 774, "x": 46670.0, "y": 99834.0}, {"i": 775, "x": 46710.0, "y": 21852.0}, {"i": 776, "x": 46758.0, "y": 119046.0}, {"i": 777, "x": 46778.0, "y": 87952.0}, {"i": 778, "x": 46800.0, "y": 88968.0}, {"i": 779, "x": 46848.0, "y": 84188.0}, {"i": 780, "x": 46938.0, "y": 19756.0}, {"i": 781, "x": 46944.0, "y": 2482.0}, {"i": 782, "x": 47092.0, "y": 88412.0}, {"i": 783, "x": 47096.0, "y": 106646.0}, {"i": 784, "x": 47154.0, "y": 77770.0}, {"i": 785, "x": 47230.0, "y": 30124.0}, {"i": 786, "x": 47430.0, "y": 87592.0}, {"i": 787, "x": 47456.0, "y": 67970.0}, {"i": 788, "x": 47510.0, "y": 102238.0}, {"i": 789, "x": 47556.0, "y": 3510.0}, {"i": 790, "x": 47676.0, "y": 110706.0}, {"i": 791, "x": 47682.0, "y": 79984.0}, {"i": 792, "x": 47708.0, "y": 101108.0}, {"i": 793, "x": 47774.0, "y": 54986.0}, {"i": 794, "x": 47912.0, "y": 45766.0}, {"i": 795, "x": 48038.0, "y": 61110.0}, {"i": 796, "x": 48046.0, "y": 18566.0}, {"i": 797, "x": 48092.0, "y": 27802.0}, {"i": 798, "x": 48212.0, "y": 81226.0}, {"i": 799, "x": 48216.0, "y": 20230.0}, {"i": 800, "x": 48256.0, "y": 43344.0}, {"i": 801, "x": 48276.0, "y": 104028.0}, {"i": 802, "x": 48304.0, "y": 60052.0}, {"i": 803, "x": 48496.0, "y": 6932.0}, {"i": 804, "x": 48642.0, "y": 28066.0}, {"i": 805, "x": 48702.0, "y": 31150.0}, {"i": 806, "x": 48778.0, "y": 34674.0}, {"i": 807, "x": 48782.0, "y": 9386.0}, {"i": 808, "x": 48824.0, "y": 74632.0}, {"i": 809, "x": 48858.0, "y": 88992.0}, {"i": 810, "x": 48926.0, "y": 105078.0}, {"i": 811, "x": 48990.0, "y": 100278.0}, {"i": 812, "x": 49018.0, "y": 79160.0}, {"i": 813, "x": 49024.0, "y": 16204.0}, {"i": 814, "x": 49042.0, "y": 100900.0}, {"i": 815, "x": 49080.0, "y": 82068.0}, {"i": 816, "x": 49162.0, "y": 104200.0}, {"i": 817, "x": 49280.0, "y": 16034.0}, {"i": 818, "x": 49318.0, "y": 82142.0}, {"i": 819, "x": 49324.0, "y": 88172.0}, {"i": 820, "x": 49344.0, "y": 41474.0}, {"i": 821, "x": 49354.0, "y": 36702.0}, {"i": 822, "x": 49386.0, "y": 16502.0}, {"i": 823, "x": 49414.0, "y": 49722.0}, {"i": 824, "x": 49444.0, "y": 95396.0}, {"i": 825, "x": 49460.0, "y": 103568.0}, {"i": 826, "x": 49480.0, "y": 30578.0}, {"i": 827, "x": 49538.0, "y": 64384.0}, {"i": 828, "x": 49556.0, "y": 83816.0}, {"i": 829, "x": 49570.0, "y": 36724.0}, {"i": 830, "x": 49616.0, "y": 8110.0}, {"i": 831, "x": 49718.0, "y": 90490.0}, {"i": 832, "x": 49734.0, "y": 94168.0}, {"i": 833, "x": 49972.0, "y": 76416.0}, {"i": 834, "x": 49980.0, "y": 92632.0}, {"i": 835, "x": 49980.0, "y": 95108.0}, {"i": 836, "x": 50108.0, "y": 27264.0}, {"i": 837, "x": 50180.0, "y": 117434.0}, {"i": 838, "x": 50248.0, "y": 92430.0}, {"i": 839, "x": 50284.0, "y": 91880.0}, {"i": 840, "x": 50324.0, "y": 9932.0}, {"i": 841, "x": 50392.0, "y": 11634.0}, {"i": 842, "x": 50466.0, "y": 112480.0}, {"i": 843, "x": 50514.0, "y": 106670.0}, {"i": 844, "x": 50638.0, "y": 16998.0}, {"i": 845, "x": 50652.0, "y": 23812.0}, {"i": 846, "x": 50732.0, "y": 90512.0}, {"i": 847, "x": 50862.0, "y": 86980.0}, {"i": 848, "x": 50950.0, "y": 40454.0}, {"i": 849, "x": 50978.0, "y": 113512.0}, {"i": 850, "x": 50992.0, "y": 102876.0}, {"i": 851, "x": 50994.0, "y": 17084.0}, {"i": 852, "x": 51070.0, "y": 57992.0}, {"i": 853, "x": 51120.0, "y": 66942.0}, {"i": 854, "x": 51130.0, "y": 48730.0}, {"i": 855, "x": 51294.0, "y": 78776.0}, {"i": 856, "x": 51374.0, "y": 19224.0}, {"i": 857, "x": 51412.0, "y": 9028.0}, {"i": 858, "x": 51476.0, "y": 310.0}, {"i": 859, "x": 51562.0, "y": 87936.0}, {"i": 860, "x": 51622.0, "y": 97186.0}, {"i": 861, "x": 51814.0, "y": 63928.0}, {"i": 862, "x": 51836.0, "y": 3884.0}, {"i": 863, "x": 51842.0, "y": 51316.0}, {"i": 864, "x": 51880.0, "y": 99854.0}, {"i": 865, "x": 51944.0, "y": 27674.0}, {"i": 866, "x": 51980.0, "y": 12238.0}, {"i": 867, "x": 52130.0, "y": 78240.0}, {"i": 868, "x": 52182.0, "y": 72478.0}, {"i": 869, "x": 52258.0, "y": 32992.0}, {"i": 870, "x": 52286.0, "y": 58786.0}, {"i": 871, "x": 52324.0, "y": 103556.0}, {"i": 872, "x": 52396.0, "y": 52372.0}, {"i": 873, "x": 52424.0, "y": 23722.0}, {"i": 874, "x": 52580.0, "y": 112438.0}, {"i": 875, "x": 52586.0, "y": 85782.0}, {"i": 876, "x": 52600.0, "y": 35294.0}, {"i": 877, "x": 52630.0, "y": 85108.0}, {"i": 878, "x": 52654.0, "y": 48616.0}, {"i": 879, "x": 52752.0, "y": 7082.0}, {"i": 880, "x": 52764.0, "y": 40412.0}, {"i": 881, "x": 52796.0, "y": 102984.0}, {"i": 882, "x": 52840.0, "y": 48890.0}, {"i": 883, "x": 52864.0, "y": 53100.0}, {"i": 884, "x": 52874.0, "y": 36474.0}, {"i": 885, "x": 52880.0, "y": 70978.0}, {"i": 886, "x": 52904.0, "y": 92194.0}, {"i": 887, "x": 52908.0, "y": 31248.0}, {"i": 888, "x": 52950.0, "y": 55762.0}, {"i": 889, "x": 52964.0, "y": 84650.0}, {"i": 890, "x": 52996.0, "y": 82768.0}, {"i": 891, "x": 53010.0, "y": 104294.0}, {"i": 892, "x": 53410.0, "y": 64664.0}, {"i": 893, "x": 53410.0, "y": 86568.0}, {"i": 894, "x": 53426.0, "y": 100280.0}, {"i": 895, "x": 53684.0, "y": 18336.0}, {"i": 896, "x": 53716.0, "y": 81180.0}, {"i": 897, "x": 53730.0, "y": 53526.0}, {"i": 898, "x": 53782.0, "y": 3200.0}, {"i": 899, "x": 53800.0, "y": 35048.0}, {"i": 900, "x": 53838.0, "y": 82560.0}, {"i": 901, "x": 53852.0, "y": 81054.0}, {"i": 902, "x": 53886.0, "y": 36680.0}, {"i": 903, "x": 53886.0, "y": 92810.0}, {"i": 904, "x": 53998.0, "y": 12124.0}, {"i": 905, "x": 54016.0, "y": 67878.0}, {"i": 906, "x": 54046.0, "y": 64748.0}, {"i": 907, "x": 54046.0, "y": 95214.0}, {"i": 908, "x": 54114.0, "y": 75640.0}, {"i": 909, "x": 54162.0, "y": 69638.0}, {"i": 910, "x": 54208.0, "y": 48674.0}, {"i": 911, "x": 54258.0, "y": 107424.0}, {"i": 912, "x": 54300.0, "y": 58078.0}, {"i": 913, "x": 54568.0, "y": 35410.0}, {"i": 914, "x": 54592.0, "y": 69398.0}, {"i": 915, "x": 54800.0, "y": 4078.0}, {"i": 916, "x": 54860.0, "y": 32436.0}, {"i": 917, "x": 55008.0, "y": 35190.0}, {"i": 918, "x": 55074.0, "y": 476.0}, {"i": 919, "x": 55098.0, "y": 58906.0}, {"i": 920, "x": 55116.0, "y": 119456.0}, {"i": 921, "x": 55188.0, "y": 112324.0}, {"i": 922, "x": 55198.0, "y": 5398.0}, {"i": 923, "x": 55226.0, "y": 16456.0}, {"i": 924, "x": 55260.0, "y": 113252.0}, {"i": 925, "x": 55592.0, "y": 14808.0}, {"i": 926, "x": 55596.0, "y": 82466.0}, {"i": 927, "x": 55954.0, "y": 28162.0}, {"i": 928, "x": 55970.0, "y": 111248.0}, {"i": 929, "x": 55988.0, "y": 60092.0}, {"i": 930, "x": 56038.0, "y": 85320.0}, {"i": 931, "x": 56280.0, "y": 114052.0}, {"i": 932, "x": 56334.0, "y": 107652.0}, {"i": 933, "x": 56372.0, "y": 76776.0}, {"i": 934, "x": 56476.0, "y": 97486.0}, {"i": 935, "x": 56608.0, "y": 63992.0}, {"i": 936, "x": 56620.0, "y": 18696.0}, {"i": 937, "x": 56624.0, "y": 23162.0}, {"i": 938, "x": 56668.0, "y": 34512.0}, {"i": 939, "x": 56818.0, "y": 21578.0}, {"i": 940, "x": 56852.0, "y": 102352.0}, {"i": 941, "x": 56872.0, "y": 54046.0}, {"i": 942, "x": 56878.0, "y": 118226.0}, {"i": 943, "x": 56884.0, "y": 40426.0}, {"i": 944, "x": 56902.0, "y": 94194.0}, {"i": 945, "x": 57056.0, "y": 99908.0}, {"i": 946, "x": 57070.0, "y": 114690.0}, {"i": 947, "x": 57086.0, "y": 23814.0}, {"i": 948, "x": 57128.0, "y": 70246.0}, {"i": 949, "x": 57222.0, "y": 30706.0}, {"i": 950, "x": 57224.0, "y": 108610.0}, {"i": 951, "x": 57340.0, "y": 16078.0}, {"i": 952, "x": 57500.0, "y": 112948.0}, {"i": 953, "x": 57536.0, "y": 52552.0}, {"i": 954, "x": 57614.0, "y": 104694.0}, {"i": 955, "x": 57626.0, "y": 93884.0}, {"i": 956, "x": 57640.0, "y": 18310.0}, {"i": 957, "x": 57738.0, "y": 68972.0}, {"i": 958, "x": 57774.0, "y": 9252.0}, {"i": 959, "x": 57832.0, "y": 99318.0}, {"i": 960, "x": 57848.0, "y": 19034.0}, {"i": 961, "x": 57852.0, "y": 49356.0}, {"i": 962, "x": 57870.0, "y": 7038.0}, {"i": 963, "x": 57912.0, "y": 81682.0}, {"i": 964, "x": 57968.0, "y": 10756.0}, {"i": 965, "x": 57982.0, "y": 20292.0}, {"i": 966, "x": 58092.0, "y": 5906.0}, {"i": 967, "x": 58098.0, "y": 85142.0}, {"i": 968, "x": 58128.0, "y": 4452.0}, {"i": 969, "x": 58246.0, "y": 93478.0}, {"i": 970, "x": 58358.0, "y": 14156.0}, {"i": 971, "x": 58402.0, "y": 43736.0}, {"i": 972, "x": 58540.0, "y": 104978.0}, {"i": 973, "x": 58546.0, "y": 81726.0}, {"i": 974, "x": 58612.0, "y": 8022.0}, {"i": 975, "x": 58694.0, "y": 45886.0}, {"i": 976, "x": 58724.0, "y": 31062.0}, {"i": 977, "x": 58814.0, "y": 45192.0}, {"i": 978, "x": 58816.0, "y": 24034.0}, {"i": 979, "x": 58838.0, "y": 118830.0}, {"i": 980, "x": 58906.0, "y": 48402.0}, {"i": 981, "x": 58936.0, "y": 2094.0}, {"i": 982, "x": 59064.0, "y": 51006.0}, {"i": 983, "x": 59098.0, "y": 26546.0}, {"i": 984, "x": 59116.0, "y": 104886.0}, {"i": 985, "x": 59144.0, "y": 54510.0}, {"i": 986, "x": 59238.0, "y": 6326.0}, {"i": 987, "x": 59426.0, "y": 38206.0}, {"i": 988, "x": 59436.0, "y": 16772.0}, {"i": 989, "x": 59486.0, "y": 24210.0}, {"i": 990, "x": 59536.0, "y": 108.0}, {"i": 991, "x": 59636.0, "y": 40200.0}, {"i": 992, "x": 59696.0, "y": 30568.0}, {"i": 993, "x": 59834.0, "y": 52390.0}, {"i": 994, "x": 59854.0, "y": 113150.0}, {"i": 995, "x": 59884.0, "y": 12040.0}, {"i": 996, "x": 59892.0, "y": 101612.0}, {"i": 997, "x": 59950.0, "y": 89850.0}, {"i": 998, "x": 59958.0, "y": 46224.0}, {"i": 999, "x": 60062.0, "y": 1902.0}, {"i": 1000, "x": 60074.0, "y": 101474.0}, {"i": 1001, "x": 60134.0, "y": 62792.0}, {"i": 1002, "x": 60378.0, "y": 47440.0}, {"i": 1003, "x": 60436.0, "y": 75704.0}, {"i": 1004, "x": 60522.0, "y": 38708.0}, {"i": 1005, "x": 60608.0, "y": 16770.0}, {"i": 1006, "x": 60706.0, "y": 35276.0}, {"i": 1007, "x": 60764.0, "y": 7796.0}, {"i": 1008, "x": 60790.0, "y": 107842.0}, {"i": 1009, "x": 60794.0, "y": 1888.0}, {"i": 1010, "x": 60828.0, "y": 63682.0}, {"i": 1011, "x": 60892.0, "y": 99328.0}, {"i": 1012, "x": 60988.0, "y": 55712.0}, {"i": 1013, "x": 60998.0, "y": 32574.0}, {"i": 1014, "x": 60998.0, "y": 35916.0}, {"i": 1015, "x": 61014.0, "y": 114070.0}, {"i": 1016, "x": 61214.0, "y": 75446.0}, {"i": 1017, "x": 61244.0, "y": 100342.0}, {"i": 1018, "x": 61290.0, "y": 55016.0}, {"i": 1019, "x": 61386.0, "y": 30476.0}, {"i": 1020, "x": 61392.0, "y": 98950.0}, {"i": 1021, "x": 61402.0, "y": 42598.0}, {"i": 1022, "x": 61544.0, "y": 30876.0}, {"i": 1023, "x": 61552.0, "y": 37926.0}, {"i": 1024, "x": 61700.0, "y": 48230.0}, {"i": 1025, "x": 61778.0, "y": 15190.0}, {"i": 1026, "x": 61818.0, "y": 30738.0}, {"i": 1027, "x": 62146.0, "y": 82668.0}, {"i": 1028, "x": 62150.0, "y": 6046.0}, {"i": 1029, "x": 62204.0, "y": 35036.0}, {"i": 1030, "x": 62282.0, "y": 50906.0}, {"i": 1031, "x": 62290.0, "y": 68726.0}, {"i": 1032, "x": 62298.0, "y": 73456.0}, {"i": 1033, "x": 62358.0, "y": 37632.0}, {"i": 1034, "x": 62392.0, "y": 12914.0}, {"i": 1035, "x": 62398.0, "y": 113908.0}, {"i": 1036, "x": 62502.0, "y": 32336.0}, {"i": 1037, "x": 62516.0, "y": 106918.0}, {"i": 1038, "x": 62536.0, "y": 107754.0}, {"i": 1039, "x": 62560.0, "y": 27630.0}, {"i": 1040, "x": 62720.0, "y": 4996.0}, {"i": 1041, "x": 62732.0, "y": 104366.0}, {"i": 1042, "x": 62774.0, "y": 87848.0}, {"i": 1043, "x": 62820.0, "y": 104768.0}, {"i": 1044, "x": 62838.0, "y": 78008.0}, {"i": 1045, "x": 62958.0, "y": 90852.0}, {"i": 1046, "x": 62964.0, "y": 89552.0}, {"i": 1047, "x": 62994.0, "y": 47548.0}, {"i": 1048, "x": 63010.0, "y": 57902.0}, {"i": 1049, "x": 63026.0, "y": 4068.0}, {"i": 1050, "x": 63028.0, "y": 16794.0}, {"i": 1051, "x": 63054.0, "y": 106572.0}, {"i": 1052, "x": 63080.0, "y": 19806.0}, {"i": 1053, "x": 63124.0, "y": 34370.0}, {"i": 1054, "x": 63212.0, "y": 12498.0}, {"i": 1055, "x": 63272.0, "y": 3176.0}, {"i": 1056, "x": 63356.0, "y": 64394.0}, {"i": 1057, "x": 63414.0, "y": 92834.0}, {"i": 1058, "x": 63438.0, "y": 103710.0}, {"i": 1059, "x": 63610.0, "y": 88252.0}, {"i": 1060, "x": 63630.0, "y": 34920.0}, {"i": 1061, "x": 63632.0, "y": 109478.0}, {"i": 1062, "x": 63684.0, "y": 31682.0}, {"i": 1063, "x": 63816.0, "y": 93652.0}, {"i": 1064, "x": 63824.0, "y": 109522.0}, {"i": 1065, "x": 63838.0, "y": 98218.0}, {"i": 1066, "x": 63874.0, "y": 98146.0}, {"i": 1067, "x": 63904.0, "y": 8648.0}, {"i": 1068, "x": 63988.0, "y": 72552.0}, {"i": 1069, "x": 64044.0, "y": 62914.0}, {"i": 1070, "x": 64090.0, "y": 112102.0}, {"i": 1071, "x": 64098.0, "y": 116766.0}, {"i": 1072, "x": 64114.0, "y": 42328.0}, {"i": 1073, "x": 64160.0, "y": 36968.0}, {"i": 1074, "x": 64184.0, "y": 64522.0}, {"i": 1075, "x": 64254.0, "y": 97114.0}, {"i": 1076, "x": 64300.0, "y": 12730.0}, {"i": 1077, "x": 64326.0, "y": 65912.0}, {"i": 1078, "x": 64474.0, "y": 103816.0}, {"i": 1079, "x": 64560.0, "y": 65452.0}, {"i": 1080, "x": 64576.0, "y": 16258.0}, {"i": 1081, "x": 64592.0, "y": 48042.0}, {"i": 1082, "x": 64614.0, "y": 117658.0}, {"i": 1083, "x": 64656.0, "y": 19618.0}, {"i": 1084, "x": 64656.0, "y": 103174.0}, {"i": 1085, "x": 64670.0, "y": 53890.0}, {"i": 1086, "x": 64748.0, "y": 39938.0}, {"i": 1087, "x": 64838.0, "y": 75758.0}, {"i": 1088, "x": 64840.0, "y": 74478.0}, {"i": 1089, "x": 64866.0, "y": 63260.0}, {"i": 1090, "x": 64960.0, "y": 111284.0}, {"i": 1091, "x": 64970.0, "y": 25560.0}, {"i": 1092, "x": 64980.0, "y": 19930.0}, {"i": 1093, "x": 65100.0, "y": 75670.0}, {"i": 1094, "x": 65266.0, "y": 630.0}, {"i": 1095, "x": 65330.0, "y": 47680.0}, {"i": 1096, "x": 65422.0, "y": 86680.0}, {"i": 1097, "x": 65472.0, "y": 94336.0}, {"i": 1098, "x": 65474.0, "y": 19772.0}, {"i": 1099, "x": 65492.0, "y": 96068.0}, {"i": 1100, "x": 65756.0, "y": 3328.0}, {"i": 1101, "x": 65790.0, "y": 1464.0}, {"i": 1102, "x": 65834.0, "y": 12672.0}, {"i": 1103, "x": 65882.0, "y": 20462.0}, {"i": 1104, "x": 65920.0, "y": 23458.0}, {"i": 1105, "x": 66010.0, "y": 85516.0}, {"i": 1106, "x": 66012.0, "y": 34858.0}, {"i": 1107, "x": 66058.0, "y": 72806.0}, {"i": 1108, "x": 66158.0, "y": 46020.0}, {"i": 1109, "x": 66198.0, "y": 11434.0}, {"i": 1110, "x": 66292.0, "y": 75738.0}, {"i": 1111, "x": 66300.0, "y": 12800.0}, {"i": 1112, "x": 66300.0, "y": 117574.0}, {"i": 1113, "x": 66316.0, "y": 7912.0}, {"i": 1114, "x": 66464.0, "y": 119462.0}, {"i": 1115, "x": 66526.0, "y": 75766.0}, {"i": 1116, "x": 66618.0, "y": 68344.0}, {"i": 1117, "x": 66630.0, "y": 28074.0}, {"i": 1118, "x": 66924.0, "y": 40054.0}, {"i": 1119, "x": 66934.0, "y": 93350.0}, {"i": 1120, "x": 66982.0, "y": 113468.0}, {"i": 1121, "x": 66986.0, "y": 106048.0}, {"i": 1122, "x": 67020.0, "y": 99242.0}, {"i": 1123, "x": 67078.0, "y": 30840.0}, {"i": 1124, "x": 67128.0, "y": 102926.0}, {"i": 1125, "x": 67392.0, "y": 37678.0}, {"i": 1126, "x": 67500.0, "y": 18656.0}, {"i": 1127, "x": 67530.0, "y": 112760.0}, {"i": 1128, "x": 67660.0, "y": 33684.0}, {"i": 1129, "x": 67680.0, "y": 59308.0}, {"i": 1130, "x": 67818.0, "y": 23554.0}, {"i": 1131, "x": 67870.0, "y": 13758.0}, {"i": 1132, "x": 68082.0, "y": 40106.0}, {"i": 1133, "x": 68218.0, "y": 98828.0}, {"i": 1134, "x": 68268.0, "y": 31124.0}, {"i": 1135, "x": 68278.0, "y": 114656.0}, {"i": 1136, "x": 68358.0, "y": 54518.0}, {"i": 1137, "x": 68402.0, "y": 56748.0}, {"i": 1138, "x": 68536.0, "y": 42850.0}, {"i": 1139, "x": 68632.0, "y": 88398.0}, {"i": 1140, "x": 68646.0, "y": 87192.0}, {"i": 1141, "x": 68732.0, "y": 64640.0}, {"i": 1142, "x": 68746.0, "y": 37854.0}, {"i": 1143, "x": 68756.0, "y": 33810.0}, {"i": 1144, "x": 68776.0, "y": 22650.0}, {"i": 1145, "x": 68794.0, "y": 68764.0}, {"i": 1146, "x": 68806.0, "y": 26566.0}, {"i": 1147, "x": 68862.0, "y": 80522.0}, {"i": 1148, "x": 68870.0, "y": 78408.0}, {"i": 1149, "x": 68890.0, "y": 8342.0}, {"i": 1150, "x": 69144.0, "y": 89270.0}, {"i": 1151, "x": 69156.0, "y": 57704.0}, {"i": 1152, "x": 69238.0, "y": 59616.0}, {"i": 1153, "x": 69344.0, "y": 18222.0}, {"i": 1154, "x": 69354.0, "y": 69142.0}, {"i": 1155, "x": 69400.0, "y": 1278.0}, {"i": 1156, "x": 69422.0, "y": 108370.0}, {"i": 1157, "x": 69464.0, "y": 12874.0}, {"i": 1158, "x": 69464.0, "y": 107340.0}, {"i": 1159, "x": 69468.0, "y": 27330.0}, {"i": 1160, "x": 69586.0, "y": 51618.0}, {"i": 1161, "x": 69630.0, "y": 102612.0}, {"i": 1162, "x": 69730.0, "y": 49006.0}, {"i": 1163, "x": 69770.0, "y": 37444.0}, {"i": 1164, "x": 69870.0, "y": 90106.0}, {"i": 1165, "x": 69908.0, "y": 37834.0}, {"i": 1166, "x": 69940.0, "y": 103450.0}, {"i": 1167, "x": 69964.0, "y": 51318.0}, {"i": 1168, "x": 70022.0, "y": 84352.0}, {"i": 1169, "x": 70100.0, "y": 27656.0}, {"i": 1170, "x": 70100.0, "y": 99682.0}, {"i": 1171, "x": 70194.0, "y": 113864.0}, {"i": 1172, "x": 70228.0, "y": 47358.0}, {"i": 1173, "x": 70286.0, "y": 28550.0}, {"i": 1174, "x": 70314.0, "y": 40450.0}, {"i": 1175, "x": 70370.0, "y": 108840.0}, {"i": 1176, "x": 70482.0, "y": 3028.0}, {"i": 1177, "x": 70550.0, "y": 30264.0}, {"i": 1178, "x": 70624.0, "y": 10770.0}, {"i": 1179, "x": 70646.0, "y": 75166.0}, {"i": 1180, "x": 70708.0, "y": 47866.0}, {"i": 1181, "x": 70746.0, "y": 118960.0}, {"i": 1182, "x": 70822.0, "y": 115786.0}, {"i": 1183, "x": 70866.0, "y": 106750.0}, {"i": 1184, "x": 70882.0, "y": 111036.0}, {"i": 1185, "x": 70890.0, "y": 79346.0}, {"i": 1186, "x": 70894.0, "y": 8986.0}, {"i": 1187, "x": 70898.0, "y": 33656.0}, {"i": 1188, "x": 70898.0, "y": 61194.0}, {"i": 1189, "x": 70924.0, "y": 91142.0}, {"i": 1190, "x": 71040.0, "y": 56284.0}, {"i": 1191, "x": 71108.0, "y": 67098.0}, {"i": 1192, "x": 71236.0, "y": 41832.0}, {"i": 1193, "x": 71328.0, "y": 2996.0}, {"i": 1194, "x": 71336.0, "y": 62342.0}, {"i": 1195, "x": 71352.0, "y": 56478.0}, {"i": 1196, "x": 71460.0, "y": 9258.0}, {"i": 1197, "x": 71466.0, "y": 18494.0}, {"i": 1198, "x": 71590.0, "y": 93204.0}, {"i": 1199, "x": 71684.0, "y": 104928.0}, {"i": 1200, "x": 71698.0, "y": 61406.0}, {"i": 1201, "x": 71730.0, "y": 50308.0}, {"i": 1202, "x": 71742.0, "y": 44310.0}, {"i": 1203, "x": 71748.0, "y": 115710.0}, {"i": 1204, "x": 71784.0, "y": 53380.0}, {"i": 1205, "x": 71784.0, "y": 64882.0}, {"i": 1206, "x": 71844.0, "y": 40402.0}, {"i": 1207, "x": 71860.0, "y": 21402.0}, {"i": 1208, "x": 72074.0, "y": 18460.0}, {"i": 1209, "x": 72092.0, "y": 66870.0}, {"i": 1210, "x": 72110.0, "y": 22938.0}, {"i": 1211, "x": 72124.0, "y": 111404.0}, {"i": 1212, "x": 72134.0, "y": 68466.0}, {"i": 1213, "x": 72170.0, "y": 98138.0}, {"i": 1214, "x": 72176.0, "y": 80944.0}, {"i": 1215, "x": 72198.0, "y": 102204.0}, {"i": 1216, "x": 72250.0, "y": 109414.0}, {"i": 1217, "x": 72328.0, "y": 18148.0}, {"i": 1218, "x": 72426.0, "y": 71238.0}, {"i": 1219, "x": 72488.0, "y": 116306.0}, {"i": 1220, "x": 72570.0, "y": 41112.0}, {"i": 1221, "x": 72596.0, "y": 57538.0}, {"i": 1222, "x": 72634.0, "y": 97954.0}, {"i": 1223, "x": 72670.0, "y": 106974.0}, {"i": 1224, "x": 72796.0, "y": 72296.0}, {"i": 1225, "x": 72822.0, "y": 82348.0}, {"i": 1226, "x": 72874.0, "y": 113554.0}, {"i": 1227, "x": 72976.0, "y": 47948.0}, {"i": 1228, "x": 73016.0, "y": 92146.0}, {"i": 1229, "x": 73038.0, "y": 22968.0}, {"i": 1230, "x": 73120.0, "y": 87200.0}, {"i": 1231, "x": 73150.0, "y": 115864.0}, {"i": 1232, "x": 73288.0, "y": 75382.0}, {"i": 1233, "x": 73318.0, "y": 20960.0}, {"i": 1234, "x": 73334.0, "y": 85362.0}, {"i": 1235, "x": 73388.0, "y": 67880.0}, {"i": 1236, "x": 73542.0, "y": 59138.0}, {"i": 1237, "x": 73574.0, "y": 103696.0}, {"i": 1238, "x": 73602.0, "y": 96678.0}, {"i": 1239, "x": 73604.0, "y": 83162.0}, {"i": 1240, "x": 73686.0, "y": 74222.0}, {"i": 1241, "x": 73692.0, "y": 10222.0}, {"i": 1242, "x": 73862.0, "y": 37452.0}, {"i": 1243, "x": 73948.0, "y": 33240.0}, {"i": 1244, "x": 73992.0, "y": 28524.0}, {"i": 1245, "x": 74090.0, "y": 83368.0}, {"i": 1246, "x": 74114.0, "y": 65674.0}, {"i": 1247, "x": 74136.0, "y": 31218.0}, {"i": 1248, "x": 74152.0, "y": 5324.0}, {"i": 1249, "x": 74210.0, "y": 104660.0}, {"i": 1250, "x": 74240.0, "y": 108490.0}, {"i": 1251, "x": 74246.0, "y": 23400.0}, {"i": 1252, "x": 74278.0, "y": 64878.0}, {"i": 1253, "x": 74296.0, "y": 43880.0}, {"i": 1254, "x": 74410.0, "y": 43304.0}, {"i": 1255, "x": 74658.0, "y": 79408.0}, {"i": 1256, "x": 74668.0, "y": 68196.0}, {"i": 1257, "x": 74738.0, "y": 87558.0}, {"i": 1258, "x": 74858.0, "y": 56236.0}, {"i": 1259, "x": 75098.0, "y": 115780.0}, {"i": 1260, "x": 75196.0, "y": 10984.0}, {"i": 1261, "x": 75248.0, "y": 16270.0}, {"i": 1262, "x": 75262.0, "y": 33996.0}, {"i": 1263, "x": 75296.0, "y": 105950.0}, {"i": 1264, "x": 75460.0, "y": 110846.0}, {"i": 1265, "x": 75492.0, "y": 16356.0}, {"i": 1266, "x": 75526.0, "y": 65584.0}, {"i": 1267, "x": 75670.0, "y": 22752.0}, {"i": 1268, "x": 75684.0, "y": 4680.0}, {"i": 1269, "x": 75702.0, "y": 20210.0}, {"i": 1270, "x": 75752.0, "y": 113874.0}, {"i": 1271, "x": 75784.0, "y": 92644.0}, {"i": 1272, "x": 75888.0, "y": 53050.0}, {"i": 1273, "x": 76036.0, "y": 92092.0}, {"i": 1274, "x": 76182.0, "y": 576.0}, {"i": 1275, "x": 76228.0, "y": 116350.0}, {"i": 1276, "x": 76302.0, "y": 117850.0}, {"i": 1277, "x": 76306.0, "y": 8578.0}, {"i": 1278, "x": 76352.0, "y": 84226.0}, {"i": 1279, "x": 76372.0, "y": 95352.0}, {"i": 1280, "x": 76408.0, "y": 43486.0}, {"i": 1281, "x": 76428.0, "y": 61068.0}, {"i": 1282, "x": 76460.0, "y": 66614.0}, {"i": 1283, "x": 76484.0, "y": 24380.0}, {"i": 1284, "x": 76508.0, "y": 106062.0}, {"i": 1285, "x": 76580.0, "y": 5326.0}, {"i": 1286, "x": 76648.0, "y": 90332.0}, {"i": 1287, "x": 76756.0, "y": 63902.0}, {"i": 1288, "x": 76764.0, "y": 116634.0}, {"i": 1289, "x": 76772.0, "y": 28262.0}, {"i": 1290, "x": 76824.0, "y": 60386.0}, {"i": 1291, "x": 76872.0, "y": 82088.0}, {"i": 1292, "x": 76890.0, "y": 40366.0}, {"i": 1293, "x": 76950.0, "y": 72688.0}, {"i": 1294, "x": 77046.0, "y": 113088.0}, {"i": 1295, "x": 77140.0, "y": 13368.0}, {"i": 1296, "x": 77358.0, "y": 58224.0}, {"i": 1297, "x": 77464.0, "y": 119208.0}, {"i": 1298, "x": 77526.0, "y": 107224.0}, {"i": 1299, "x": 77552.0, "y": 97304.0}, {"i": 1300, "x": 77560.0, "y": 13436.0}, {"i": 1301, "x": 77596.0, "y": 41572.0}, {"i": 1302, "x": 77648.0, "y": 4980.0}, {"i": 1303, "x": 77664.0, "y": 70830.0}, {"i": 1304, "x": 77680.0, "y": 100538.0}, {"i": 1305, "x": 77772.0, "y": 43784.0}, {"i": 1306, "x": 77796.0, "y": 94650.0}, {"i": 1307, "x": 77822.0, "y": 52162.0}, {"i": 1308, "x": 77854.0, "y": 28440.0}, {"i": 1309, "x": 78040.0, "y": 22988.0}, {"i": 1310, "x": 78058.0, "y": 586.0}, {"i": 1311, "x": 78144.0, "y": 58032.0}, {"i": 1312, "x": 78210.0, "y": 105832.0}, {"i": 1313, "x": 78236.0, "y": 62232.0}, {"i": 1314, "x": 78276.0, "y": 11962.0}, {"i": 1315, "x": 78282.0, "y": 34360.0}, {"i": 1316, "x": 78382.0, "y": 104098.0}, {"i": 1317, "x": 78440.0, "y": 98900.0}, {"i": 1318, "x": 78494.0, "y": 83428.0}, {"i": 1319, "x": 78530.0, "y": 27476.0}, {"i": 1320, "x": 78540.0, "y": 106096.0}, {"i": 1321, "x": 78548.0, "y": 81166.0}, {"i": 1322, "x": 78720.0, "y": 23714.0}, {"i": 1323, "x": 78786.0, "y": 30908.0}, {"i": 1324, "x": 78786.0, "y": 85062.0}, {"i": 1325, "x": 78900.0, "y": 56890.0}, {"i": 1326, "x": 78936.0, "y": 95070.0}, {"i": 1327, "x": 79008.0, "y": 40622.0}, {"i": 1328, "x": 79018.0, "y": 30520.0}, {"i": 1329, "x": 79030.0, "y": 3158.0}, {"i": 1330, "x": 79110.0, "y": 112536.0}, {"i": 1331, "x": 79116.0, "y": 89970.0}, {"i": 1332, "x": 79276.0, "y": 34662.0}, {"i": 1333, "x": 79398.0, "y": 95424.0}, {"i": 1334, "x": 79424.0, "y": 54106.0}, {"i": 1335, "x": 79466.0, "y": 93608.0}, {"i": 1336, "x": 79660.0, "y": 47280.0}, {"i": 1337, "x": 79706.0, "y": 97334.0}, {"i": 1338, "x": 79730.0, "y": 85118.0}, {"i": 1339, "x": 79806.0, "y": 86382.0}, {"i": 1340, "x": 79852.0, "y": 118562.0}, {"i": 1341, "x": 79866.0, "y": 110202.0}, {"i": 1342, "x": 79894.0, "y": 114278.0}, {"i": 1343, "x": 79956.0, "y": 33092.0}, {"i": 1344, "x": 79958.0, "y": 81892.0}, {"i": 1345, "x": 79980.0, "y": 15032.0}, {"i": 1346, "x": 80120.0, "y": 76198.0}, {"i": 1347, "x": 80138.0, "y": 86824.0}, {"i": 1348, "x": 80258.0, "y": 91900.0}, {"i": 1349, "x": 80262.0, "y": 66556.0}, {"i": 1350, "x": 80316.0, "y": 99964.0}, {"i": 1351, "x": 80500.0, "y": 8798.0}, {"i": 1352, "x": 80570.0, "y": 87942.0}, {"i": 1353, "x": 80750.0, "y": 57872.0}, {"i": 1354, "x": 80752.0, "y": 71722.0}, {"i": 1355, "x": 81024.0, "y": 49268.0}, {"i": 1356, "x": 81174.0, "y": 61080.0}, {"i": 1357, "x": 81344.0, "y": 37622.0}, {"i": 1358, "x": 81446.0, "y": 60222.0}, {"i": 1359, "x": 81576.0, "y": 61000.0}, {"i": 1360, "x": 81660.0, "y": 85572.0}, {"i": 1361, "x": 81692.0, "y": 5970.0}, {"i": 1362, "x": 81740.0, "y": 95702.0}, {"i": 1363, "x": 81788.0, "y": 3142.0}, {"i": 1364, "x": 81792.0, "y": 70074.0}, {"i": 1365, "x": 81904.0, "y": 65598.0}, {"i": 1366, "x": 81906.0, "y": 22264.0}, {"i": 1367, "x": 81916.0, "y": 12884.0}, {"i": 1368, "x": 82040.0, "y": 18332.0}, {"i": 1369, "x": 82084.0, "y": 104474.0}, {"i": 1370, "x": 82112.0, "y": 43654.0}, {"i": 1371, "x": 82176.0, "y": 54116.0}, {"i": 1372, "x": 82196.0, "y": 73450.0}, {"i": 1373, "x": 82202.0, "y": 7742.0}, {"i": 1374, "x": 82262.0, "y": 34454.0}, {"i": 1375, "x": 82290.0, "y": 119276.0}, {"i": 1376, "x": 82346.0, "y": 103586.0}, {"i": 1377, "x": 82396.0, "y": 69036.0}, {"i": 1378, "x": 82530.0, "y": 13024.0}, {"i": 1379, "x": 82550.0, "y": 114098.0}, {"i": 1380, "x": 82556.0, "y": 87132.0}, {"i": 1381, "x": 82610.0, "y": 71798.0}, {"i": 1382, "x": 82634.0, "y": 82276.0}, {"i": 1383, "x": 82750.0, "y": 62388.0}, {"i": 1384, "x": 82814.0, "y": 117060.0}, {"i": 1385, "x": 82822.0, "y": 26590.0}, {"i": 1386, "x": 82974.0, "y": 80264.0}, {"i": 1387, "x": 82996.0, "y": 25364.0}, {"i": 1388, "x": 83098.0, "y": 13966.0}, {"i": 1389, "x": 83120.0, "y": 47432.0}, {"i": 1390, "x": 83202.0, "y": 86084.0}, {"i": 1391, "x": 83244.0, "y": 56046.0}, {"i": 1392, "x": 83258.0, "y": 83266.0}, {"i": 1393, "x": 83518.0, "y": 115586.0}, {"i": 1394, "x": 83560.0, "y": 76100.0}, {"i": 1395, "x": 83568.0, "y": 100614.0}, {"i": 1396, "x": 83626.0, "y": 58436.0}, {"i": 1397, "x": 83650.0, "y": 112156.0}, {"i": 1398, "x": 83768.0, "y": 34290.0}, {"i": 1399, "x": 83896.0, "y": 95106.0}, {"i": 1400, "x": 83930.0, "y": 42066.0}, {"i": 1401, "x": 84018.0, "y": 83988.0}, {"i": 1402, "x": 84042.0, "y": 35162.0}, {"i": 1403, "x": 84074.0, "y": 112470.0}, {"i": 1404, "x": 84082.0, "y": 111704.0}, {"i": 1405, "x": 84118.0, "y": 97786.0}, {"i": 1406, "x": 84162.0, "y": 56898.0}, {"i": 1407, "x": 84168.0, "y": 12682.0}, {"i": 1408, "x": 84258.0, "y": 14266.0}, {"i": 1409, "x": 84328.0, "y": 32440.0}, {"i": 1410, "x": 84332.0, "y": 97656.0}, {"i": 1411, "x": 84336.0, "y": 17778.0}, {"i": 1412, "x": 84402.0, "y": 7166.0}, {"i": 1413, "x": 84462.0, "y": 85740.0}, {"i": 1414, "x": 84482.0, "y": 80866.0}, {"i": 1415, "x": 84510.0, "y": 46914.0}, {"i": 1416, "x": 84514.0, "y": 48638.0}, {"i": 1417, "x": 84682.0, "y": 80092.0}, {"i": 1418, "x": 84712.0, "y": 40468.0}, {"i": 1419, "x": 84764.0, "y": 60508.0}, {"i": 1420, "x": 84822.0, "y": 12318.0}, {"i": 1421, "x": 84932.0, "y": 88492.0}, {"i": 1422, "x": 85238.0, "y": 89160.0}, {"i": 1423, "x": 85246.0, "y": 103848.0}, {"i": 1424, "x": 85376.0, "y": 18626.0}, {"i": 1425, "x": 85398.0, "y": 100200.0}, {"i": 1426, "x": 85468.0, "y": 84456.0}, {"i": 1427, "x": 85492.0, "y": 75440.0}, {"i": 1428, "x": 85562.0, "y": 20002.0}, {"i": 1429, "x": 85738.0, "y": 61826.0}, {"i": 1430, "x": 85776.0, "y": 94106.0}, {"i": 1431, "x": 85840.0, "y": 70022.0}, {"i": 1432, "x": 85892.0, "y": 2762.0}, {"i": 1433, "x": 85940.0, "y": 27320.0}, {"i": 1434, "x": 85946.0, "y": 28336.0}, {"i": 1435, "x": 86052.0, "y": 80128.0}, {"i": 1436, "x": 86220.0, "y": 8202.0}, {"i": 1437, "x": 86322.0, "y": 2860.0}, {"i": 1438, "x": 86352.0, "y": 30896.0}, {"i": 1439, "x": 86540.0, "y": 46718.0}, {"i": 1440, "x": 86608.0, "y": 70390.0}, {"i": 1441, "x": 86614.0, "y": 87694.0}, {"i": 1442, "x": 86616.0, "y": 30836.0}, {"i": 1443, "x": 86624.0, "y": 49894.0}, {"i": 1444, "x": 86704.0, "y": 79260.0}, {"i": 1445, "x": 86736.0, "y": 81112.0}, {"i": 1446, "x": 86830.0, "y": 31438.0}, {"i": 1447, "x": 86864.0, "y": 39582.0}, {"i": 1448, "x": 86888.0, "y": 1872.0}, {"i": 1449, "x": 86942.0, "y": 26496.0}, {"i": 1450, "x": 87370.0, "y": 105778.0}, {"i": 1451, "x": 87392.0, "y": 78770.0}, {"i": 1452, "x": 87474.0, "y": 64672.0}, {"i": 1453, "x": 87486.0, "y": 49994.0}, {"i": 1454, "x": 87558.0, "y": 1014.0}, {"i": 1455, "x": 87632.0, "y": 49226.0}, {"i": 1456, "x": 87708.0, "y": 118416.0}, {"i": 1457, "x": 87732.0, "y": 89912.0}, {"i": 1458, "x": 87746.0, "y": 34328.0}, {"i": 1459, "x": 87746.0, "y": 67114.0}, {"i": 1460, "x": 87748.0, "y": 45034.0}, {"i": 1461, "x": 87816.0, "y": 69264.0}, {"i": 1462, "x": 87994.0, "y": 99336.0}, {"i": 1463, "x": 88178.0, "y": 36210.0}, {"i": 1464, "x": 88220.0, "y": 69528.0}, {"i": 1465, "x": 88262.0, "y": 45506.0}, {"i": 1466, "x": 88316.0, "y": 58590.0}, {"i": 1467, "x": 88378.0, "y": 96106.0}, {"i": 1468, "x": 88450.0, "y": 98346.0}, {"i": 1469, "x": 88550.0, "y": 11698.0}, {"i": 1470, "x": 88550.0, "y": 41322.0}, {"i": 1471, "x": 88656.0, "y": 374.0}, {"i": 1472, "x": 88680.0, "y": 12794.0}, {"i": 1473, "x": 88688.0, "y": 61526.0}, {"i": 1474, "x": 88800.0, "y": 1268.0}, {"i": 1475, "x": 88898.0, "y": 94348.0}, {"i": 1476, "x": 88904.0, "y": 45170.0}, {"i": 1477, "x": 88962.0, "y": 39698.0}, {"i": 1478, "x": 89046.0, "y": 83656.0}, {"i": 1479, "x": 89106.0, "y": 111654.0}, {"i": 1480, "x": 89336.0, "y": 79020.0}, {"i": 1481, "x": 89408.0, "y": 14752.0}, {"i": 1482, "x": 89444.0, "y": 97052.0}, {"i": 1483, "x": 89572.0, "y": 83650.0}, {"i": 1484, "x": 89686.0, "y": 55842.0}, {"i": 1485, "x": 89760.0, "y": 35194.0}, {"i": 1486, "x": 89792.0, "y": 52464.0}, {"i": 1487, "x": 89810.0, "y": 9146.0}, {"i": 1488, "x": 89900.0, "y": 14846.0}, {"i": 1489, "x": 90002.0, "y": 32580.0}, {"i": 1490, "x": 90152.0, "y": 96936.0}, {"i": 1491, "x": 90188.0, "y": 860.0}, {"i": 1492, "x": 90332.0, "y": 49650.0}, {"i": 1493, "x": 90386.0, "y": 30520.0}, {"i": 1494, "x": 90398.0, "y": 48730.0}, {"i": 1495, "x": 90426.0, "y": 24392.0}, {"i": 1496, "x": 90470.0, "y": 91940.0}, {"i": 1497, "x": 90596.0, "y": 51366.0}, {"i": 1498, "x": 90676.0, "y": 51698.0}, {"i": 1499, "x": 90756.0, "y": 17248.0}, {"i": 1500, "x": 90888.0, "y": 38738.0}, {"i": 1501, "x": 91070.0, "y": 84678.0}, {"i": 1502, "x": 91080.0, "y": 49746.0}, {"i": 1503, "x": 91184.0, "y": 59924.0}, {"i": 1504, "x": 91246.0, "y": 97428.0}, {"i": 1505, "x": 91292.0, "y": 99982.0}, {"i": 1506, "x": 91346.0, "y": 99938.0}, {"i": 1507, "x": 91490.0, "y": 83976.0}, {"i": 1508, "x": 91552.0, "y": 26816.0}, {"i": 1509, "x": 91588.0, "y": 78356.0}, {"i": 1510, "x": 91606.0, "y": 48132.0}, {"i": 1511, "x": 91624.0, "y": 56544.0}, {"i": 1512, "x": 91680.0, "y": 81836.0}, {"i": 1513, "x": 91802.0, "y": 21984.0}, {"i": 1514, "x": 91870.0, "y": 54090.0}, {"i": 1515, "x": 91900.0, "y": 104162.0}, {"i": 1516, "x": 92080.0, "y": 35346.0}, {"i": 1517, "x": 92154.0, "y": 51138.0}, {"i": 1518, "x": 92192.0, "y": 53458.0}, {"i": 1519, "x": 92200.0, "y": 45530.0}, {"i": 1520, "x": 92264.0, "y": 30478.0}, {"i": 1521, "x": 92412.0, "y": 101094.0}, {"i": 1522, "x": 92432.0, "y": 25378.0}, {"i": 1523, "x": 92440.0, "y": 59738.0}, {"i": 1524, "x": 92454.0, "y": 90294.0}, {"i": 1525, "x": 92556.0, "y": 8610.0}, {"i": 1526, "x": 92658.0, "y": 86092.0}, {"i": 1527, "x": 92724.0, "y": 42732.0}, {"i": 1528, "x": 92828.0, "y": 105316.0}, {"i": 1529, "x": 92858.0, "y": 8754.0}, {"i": 1530, "x": 92878.0, "y": 20156.0}, {"i": 1531, "x": 92948.0, "y": 80386.0}, {"i": 1532, "x": 92994.0, "y": 85774.0}, {"i": 1533, "x": 93052.0, "y": 40738.0}, {"i": 1534, "x": 93244.0, "y": 40618.0}, {"i": 1535, "x": 93250.0, "y": 77214.0}, {"i": 1536, "x": 93412.0, "y": 63746.0}, {"i": 1537, "x": 93428.0, "y": 87272.0}, {"i": 1538, "x": 93578.0, "y": 67848.0}, {"i": 1539, "x": 93596.0, "y": 100400.0}, {"i": 1540, "x": 93596.0, "y": 117740.0}, {"i": 1541, "x": 93634.0, "y": 97364.0}, {"i": 1542, "x": 93772.0, "y": 43236.0}, {"i": 1543, "x": 93998.0, "y": 3328.0}, {"i": 1544, "x": 94028.0, "y": 119272.0}, {"i": 1545, "x": 94048.0, "y": 100486.0}, {"i": 1546, "x": 94052.0, "y": 83366.0}, {"i": 1547, "x": 94068.0, "y": 107932.0}, {"i": 1548, "x": 94102.0, "y": 116796.0}, {"i": 1549, "x": 94120.0, "y": 102464.0}, {"i": 1550, "x": 94128.0, "y": 51258.0}, {"i": 1551, "x": 94188.0, "y": 23464.0}, {"i": 1552, "x": 94188.0, "y": 103776.0}, {"i": 1553, "x": 94192.0, "y": 16266.0}, {"i": 1554, "x": 94242.0, "y": 35110.0}, {"i": 1555, "x": 94260.0, "y": 64954.0}, {"i": 1556, "x": 94264.0, "y": 12072.0}, {"i": 1557, "x": 94400.0, "y": 17490.0}, {"i": 1558, "x": 94410.0, "y": 103878.0}, {"i": 1559, "x": 94568.0, "y": 111992.0}, {"i": 1560, "x": 94586.0, "y": 12808.0}, {"i": 1561, "x": 95018.0, "y": 110414.0}, {"i": 1562, "x": 95044.0, "y": 71658.0}, {"i": 1563, "x": 95074.0, "y": 8612.0}, {"i": 1564, "x": 95220.0, "y": 4818.0}, {"i": 1565, "x": 95220.0, "y": 103438.0}, {"i": 1566, "x": 95300.0, "y": 104976.0}, {"i": 1567, "x": 95342.0, "y": 62990.0}, {"i": 1568, "x": 95422.0, "y": 77676.0}, {"i": 1569, "x": 95442.0, "y": 94640.0}, {"i": 1570, "x": 95556.0, "y": 582.0}, {"i": 1571, "x": 95572.0, "y": 11118.0}, {"i": 1572, "x": 95760.0, "y": 26.0}, {"i": 1573, "x": 95760.0, "y": 101332.0}, {"i": 1574, "x": 95772.0, "y": 99316.0}, {"i": 1575, "x": 95788.0, "y": 96058.0}, {"i": 1576, "x": 95796.0, "y": 28348.0}, {"i": 1577, "x": 95796.0, "y": 60996.0}, {"i": 1578, "x": 95900.0, "y": 274.0}, {"i": 1579, "x": 95922.0, "y": 96990.0}, {"i": 1580, "x": 96000.0, "y": 74504.0}, {"i": 1581, "x": 96040.0, "y": 100648.0}, {"i": 1582, "x": 96176.0, "y": 103962.0}, {"i": 1583, "x": 96232.0, "y": 3642.0}, {"i": 1584, "x": 96252.0, "y": 20704.0}, {"i": 1585, "x": 96258.0, "y": 20326.0}, {"i": 1586, "x": 96300.0, "y": 76012.0}, {"i": 1587, "x": 96408.0, "y": 63730.0}, {"i": 1588, "x": 96474.0, "y": 48530.0}, {"i": 1589, "x": 96476.0, "y": 21060.0}, {"i": 1590, "x": 96504.0, "y": 55458.0}, {"i": 1591, "x": 96540.0, "y": 3716.0}, {"i": 1592, "x": 96562.0, "y": 73280.0}, {"i": 1593, "x": 96568.0, "y": 70034.0}, {"i": 1594, "x": 96808.0, "y": 98726.0}, {"i": 1595, "x": 96838.0, "y": 44930.0}, {"i": 1596, "x": 96862.0, "y": 17226.0}, {"i": 1597, "x": 96944.0, "y": 37670.0}, {"i": 1598, "x": 96954.0, "y": 69660.0}, {"i": 1599, "x": 96984.0, "y": 85700.0}, {"i": 1600, "x": 97100.0, "y": 12194.0}, {"i": 1601, "x": 97230.0, "y": 25676.0}, {"i": 1602, "x": 97364.0, "y": 103338.0}, {"i": 1603, "x": 97408.0, "y": 84304.0}, {"i": 1604, "x": 97434.0, "y": 70730.0}, {"i": 1605, "x": 97572.0, "y": 52272.0}, {"i": 1606, "x": 97674.0, "y": 25844.0}, {"i": 1607, "x": 97758.0, "y": 42588.0}, {"i": 1608, "x": 97806.0, "y": 34442.0}, {"i": 1609, "x": 97850.0, "y": 86962.0}, {"i": 1610, "x": 97900.0, "y": 93100.0}, {"i": 1611, "x": 98070.0, "y": 21872.0}, {"i": 1612, "x": 98100.0, "y": 55454.0}, {"i": 1613, "x": 98110.0, "y": 77200.0}, {"i": 1614, "x": 98196.0, "y": 74232.0}, {"i": 1615, "x": 98202.0, "y": 94492.0}, {"i": 1616, "x": 98302.0, "y": 89926.0}, {"i": 1617, "x": 98340.0, "y": 72582.0}, {"i": 1618, "x": 98354.0, "y": 23660.0}, {"i": 1619, "x": 98414.0, "y": 85742.0}, {"i": 1620, "x": 98420.0, "y": 9986.0}, {"i": 1621, "x": 98422.0, "y": 103364.0}, {"i": 1622, "x": 98454.0, "y": 93802.0}, {"i": 1623, "x": 98582.0, "y": 49608.0}, {"i": 1624, "x": 98598.0, "y": 86714.0}, {"i": 1625, "x": 98668.0, "y": 87472.0}, {"i": 1626, "x": 98706.0, "y": 23206.0}, {"i": 1627, "x": 98750.0, "y": 26596.0}, {"i": 1628, "x": 98824.0, "y": 96800.0}, {"i": 1629, "x": 98832.0, "y": 6994.0}, {"i": 1630, "x": 98942.0, "y": 31394.0}, {"i": 1631, "x": 99070.0, "y": 66248.0}, {"i": 1632, "x": 99102.0, "y": 68322.0}, {"i": 1633, "x": 99148.0, "y": 9600.0}, {"i": 1634, "x": 99160.0, "y": 108136.0}, {"i": 1635, "x": 99180.0, "y": 24124.0}, {"i": 1636, "x": 99196.0, "y": 100266.0}, {"i": 1637, "x": 99202.0, "y": 68164.0}, {"i": 1638, "x": 99238.0, "y": 110682.0}, {"i": 1639, "x": 99256.0, "y": 63142.0}, {"i": 1640, "x": 99354.0, "y": 54278.0}, {"i": 1641, "x": 99374.0, "y": 43016.0}, {"i": 1642, "x": 99454.0, "y": 48206.0}, {"i": 1643, "x": 99472.0, "y": 47256.0}, {"i": 1644, "x": 99512.0, "y": 28202.0}, {"i": 1645, "x": 99558.0, "y": 1738.0}, {"i": 1646, "x": 99560.0, "y": 74270.0}, {"i": 1647, "x": 99614.0, "y": 51970.0}, {"i": 1648, "x": 99718.0, "y": 41924.0}, {"i": 1649, "x": 99730.0, "y": 77968.0}, {"i": 1650, "x": 99776.0, "y": 117388.0}, {"i": 1651, "x": 99930.0, "y": 77738.0}, {"i": 1652, "x": 100102.0, "y": 110910.0}, {"i": 1653, "x": 100106.0, "y": 8602.0}, {"i": 1654, "x": 100196.0, "y": 18774.0}, {"i": 1655, "x": 100270.0, "y": 106436.0}, {"i": 1656, "x": 100294.0, "y": 80654.0}, {"i": 1657, "x": 100380.0, "y": 86622.0}, {"i": 1658, "x": 100470.0, "y": 37786.0}, {"i": 1659, "x": 100474.0, "y": 116534.0}, {"i": 1660, "x": 100744.0, "y": 59566.0}, {"i": 1661, "x": 100768.0, "y": 93470.0}, {"i": 1662, "x": 100828.0, "y": 21906.0}, {"i": 1663, "x": 100830.0, "y": 113196.0}, {"i": 1664, "x": 100874.0, "y": 48336.0}, {"i": 1665, "x": 100884.0, "y": 24006.0}, {"i": 1666, "x": 100888.0, "y": 77566.0}, {"i": 1667, "x": 100918.0, "y": 78950.0}, {"i": 1668, "x": 100990.0, "y": 76550.0}, {"i": 1669, "x": 101008.0, "y": 72724.0}, {"i": 1670, "x": 101016.0, "y": 98494.0}, {"i": 1671, "x": 101024.0, "y": 92064.0}, {"i": 1672, "x": 101246.0, "y": 85156.0}, {"i": 1673, "x": 101298.0, "y": 106082.0}, {"i": 1674, "x": 101354.0, "y": 40638.0}, {"i": 1675, "x": 101364.0, "y": 93616.0}, {"i": 1676, "x": 101464.0, "y": 77882.0}, {"i": 1677, "x": 101684.0, "y": 18818.0}, {"i": 1678, "x": 101714.0, "y": 30236.0}, {"i": 1679, "x": 101748.0, "y": 42780.0}, {"i": 1680, "x": 101932.0, "y": 19850.0}, {"i": 1681, "x": 101986.0, "y": 93682.0}, {"i": 1682, "x": 102074.0, "y": 104878.0}, {"i": 1683, "x": 102076.0, "y": 34690.0}, {"i": 1684, "x": 102120.0, "y": 85820.0}, {"i": 1685, "x": 102152.0, "y": 46500.0}, {"i": 1686, "x": 102156.0, "y": 107074.0}, {"i": 1687, "x": 102160.0, "y": 49264.0}, {"i": 1688, "x": 102186.0, "y": 50626.0}, {"i": 1689, "x": 102322.0, "y": 39710.0}, {"i": 1690, "x": 102326.0, "y": 105508.0}, {"i": 1691, "x": 102340.0, "y": 35378.0}, {"i": 1692, "x": 102422.0, "y": 105924.0}, {"i": 1693, "x": 102438.0, "y": 8454.0}, {"i": 1694, "x": 102476.0, "y": 2816.0}, {"i": 1695, "x": 102604.0, "y": 75070.0}, {"i": 1696, "x": 102658.0, "y": 19306.0}, {"i": 1697, "x": 102708.0, "y": 40008.0}, {"i": 1698, "x": 102726.0, "y": 64916.0}, {"i": 1699, "x": 102782.0, "y": 94778.0}, {"i": 1700, "x": 102790.0, "y": 111652.0}, {"i": 1701, "x": 102944.0, "y": 115994.0}, {"i": 1702, "x": 103030.0, "y": 37170.0}, {"i": 1703, "x": 103178.0, "y": 51958.0}, {"i": 1704, "x": 103278.0, "y": 27328.0}, {"i": 1705, "x": 103342.0, "y": 11384.0}, {"i": 1706, "x": 103356.0, "y": 24100.0}, {"i": 1707, "x": 103370.0, "y": 73802.0}, {"i": 1708, "x": 103418.0, "y": 8816.0}, {"i": 1709, "x": 103422.0, "y": 39334.0}, {"i": 1710, "x": 103424.0, "y": 41080.0}, {"i": 1711, "x": 103434.0, "y": 56422.0}, {"i": 1712, "x": 103498.0, "y": 5978.0}, {"i": 1713, "x": 103512.0, "y": 105692.0}, {"i": 1714, "x": 103552.0, "y": 89894.0}, {"i": 1715, "x": 103580.0, "y": 66686.0}, {"i": 1716, "x": 103660.0, "y": 16826.0}, {"i": 1717, "x": 103780.0, "y": 26444.0}, {"i": 1718, "x": 103816.0, "y": 83696.0}, {"i": 1719, "x": 104012.0, "y": 42644.0}, {"i": 1720, "x": 104064.0, "y": 16746.0}, {"i": 1721, "x": 104090.0, "y": 86894.0}, {"i": 1722, "x": 104118.0, "y": 38958.0}, {"i": 1723, "x": 104314.0, "y": 15370.0}, {"i": 1724, "x": 104408.0, "y": 7850.0}, {"i": 1725, "x": 104418.0, "y": 76638.0}, {"i": 1726, "x": 104620.0, "y": 24304.0}, {"i": 1727, "x": 104650.0, "y": 51926.0}, {"i": 1728, "x": 104652.0, "y": 103150.0}, {"i": 1729, "x": 104712.0, "y": 24460.0}, {"i": 1730, "x": 104772.0, "y": 108288.0}, {"i": 1731, "x": 104782.0, "y": 109254.0}, {"i": 1732, "x": 104948.0, "y": 54750.0}, {"i": 1733, "x": 104988.0, "y": 87756.0}, {"i": 1734, "x": 105042.0, "y": 52998.0}, {"i": 1735, "x": 105142.0, "y": 73116.0}, {"i": 1736, "x": 105216.0, "y": 92602.0}, {"i": 1737, "x": 105358.0, "y": 109004.0}, {"i": 1738, "x": 105384.0, "y": 33614.0}, {"i": 1739, "x": 105422.0, "y": 119368.0}, {"i": 1740, "x": 105506.0, "y": 2430.0}, {"i": 1741, "x": 105520.0, "y": 89986.0}, {"i": 1742, "x": 105586.0, "y": 90116.0}, {"i": 1743, "x": 105622.0, "y": 102264.0}, {"i": 1744, "x": 105810.0, "y": 92126.0}, {"i": 1745, "x": 105820.0, "y": 35548.0}, {"i": 1746, "x": 105838.0, "y": 67026.0}, {"i": 1747, "x": 105860.0, "y": 98962.0}, {"i": 1748, "x": 105958.0, "y": 16958.0}, {"i": 1749, "x": 106032.0, "y": 35236.0}, {"i": 1750, "x": 106076.0, "y": 75482.0}, {"i": 1751, "x": 106230.0, "y": 42528.0}, {"i": 1752, "x": 106258.0, "y": 15894.0}, {"i": 1753, "x": 106458.0, "y": 63818.0}, {"i": 1754, "x": 106538.0, "y": 103610.0}, {"i": 1755, "x": 106556.0, "y": 60756.0}, {"i": 1756, "x": 106570.0, "y": 114166.0}, {"i": 1757, "x": 106622.0, "y": 11750.0}, {"i": 1758, "x": 106722.0, "y": 46736.0}, {"i": 1759, "x": 106758.0, "y": 55604.0}, {"i": 1760, "x": 106818.0, "y": 10020.0}, {"i": 1761, "x": 106822.0, "y": 62924.0}, {"i": 1762, "x": 106918.0, "y": 1568.0}, {"i": 1763, "x": 107012.0, "y": 39352.0}, {"i": 1764, "x": 107020.0, "y": 103044.0}, {"i": 1765, "x": 107024.0, "y": 107766.0}, {"i": 1766, "x": 107040.0, "y": 5308.0}, {"i": 1767, "x": 107054.0, "y": 89444.0}, {"i": 1768, "x": 107068.0, "y": 90876.0}, {"i": 1769, "x": 107078.0, "y": 108794.0}, {"i": 1770, "x": 107142.0, "y": 1052.0}, {"i": 1771, "x": 107166.0, "y": 864.0}, {"i": 1772, "x": 107194.0, "y": 84508.0}, {"i": 1773, "x": 107212.0, "y": 118568.0}, {"i": 1774, "x": 107300.0, "y": 101700.0}, {"i": 1775, "x": 107336.0, "y": 5702.0}, {"i": 1776, "x": 107354.0, "y": 32232.0}, {"i": 1777, "x": 107504.0, "y": 24218.0}, {"i": 1778, "x": 107508.0, "y": 8902.0}, {"i": 1779, "x": 107520.0, "y": 50436.0}, {"i": 1780, "x": 107672.0, "y": 110394.0}, {"i": 1781, "x": 107676.0, "y": 33624.0}, {"i": 1782, "x": 107692.0, "y": 26086.0}, {"i": 1783, "x": 107738.0, "y": 87546.0}, {"i": 1784, "x": 107812.0, "y": 86096.0}, {"i": 1785, "x": 107822.0, "y": 30318.0}, {"i": 1786, "x": 108026.0, "y": 103700.0}, {"i": 1787, "x": 108028.0, "y": 118232.0}, {"i": 1788, "x": 108096.0, "y": 7646.0}, {"i": 1789, "x": 108104.0, "y": 61456.0}, {"i": 1790, "x": 108162.0, "y": 69602.0}, {"i": 1791, "x": 108220.0, "y": 46312.0}, {"i": 1792, "x": 108220.0, "y": 60916.0}, {"i": 1793, "x": 108390.0, "y": 72790.0}, {"i": 1794, "x": 108446.0, "y": 24200.0}, {"i": 1795, "x": 108526.0, "y": 35312.0}, {"i": 1796, "x": 108554.0, "y": 30278.0}, {"i": 1797, "x": 108572.0, "y": 39468.0}, {"i": 1798, "x": 108714.0, "y": 94316.0}, {"i": 1799, "x": 108760.0, "y": 19436.0}, {"i": 1800, "x": 108770.0, "y": 40292.0}, {"i": 1801, "x": 108794.0, "y": 4296.0}, {"i": 1802, "x": 108796.0, "y": 3810.0}, {"i": 1803, "x": 108910.0, "y": 15028.0}, {"i": 1804, "x": 108996.0, "y": 37734.0}, {"i": 1805, "x": 109058.0, "y": 542.0}, {"i": 1806, "x": 109090.0, "y": 36854.0}, {"i": 1807, "x": 109148.0, "y": 116576.0}, {"i": 1808, "x": 109156.0, "y": 53622.0}, {"i": 1809, "x": 109182.0, "y": 36236.0}, {"i": 1810, "x": 109222.0, "y": 7472.0}, {"i": 1811, "x": 109380.0, "y": 14608.0}, {"i": 1812, "x": 109438.0, "y": 1670.0}, {"i": 1813, "x": 109488.0, "y": 64342.0}, {"i": 1814, "x": 109508.0, "y": 23728.0}, {"i": 1815, "x": 109740.0, "y": 14086.0}, {"i": 1816, "x": 109858.0, "y": 798.0}, {"i": 1817, "x": 109866.0, "y": 42476.0}, {"i": 1818, "x": 109868.0, "y": 5168.0}, {"i": 1819, "x": 109938.0, "y": 58320.0}, {"i": 1820, "x": 109988.0, "y": 72596.0}, {"i": 1821, "x": 109990.0, "y": 27784.0}, {"i": 1822, "x": 110032.0, "y": 44312.0}, {"i": 1823, "x": 110052.0, "y": 1854.0}, {"i": 1824, "x": 110110.0, "y": 47458.0}, {"i": 1825, "x": 110218.0, "y": 75604.0}, {"i": 1826, "x": 110420.0, "y": 93996.0}, {"i": 1827, "x": 110448.0, "y": 119150.0}, {"i": 1828, "x": 110504.0, "y": 3876.0}, {"i": 1829, "x": 110514.0, "y": 105226.0}, {"i": 1830, "x": 110546.0, "y": 70582.0}, {"i": 1831, "x": 110650.0, "y": 32174.0}, {"i": 1832, "x": 110668.0, "y": 31130.0}, {"i": 1833, "x": 110736.0, "y": 75956.0}, {"i": 1834, "x": 110744.0, "y": 31176.0}, {"i": 1835, "x": 110868.0, "y": 105988.0}, {"i": 1836, "x": 110874.0, "y": 98560.0}, {"i": 1837, "x": 110900.0, "y": 12354.0}, {"i": 1838, "x": 110940.0, "y": 4134.0}, {"i": 1839, "x": 111008.0, "y": 72480.0}, {"i": 1840, "x": 111014.0, "y": 94206.0}, {"i": 1841, "x": 111046.0, "y": 67238.0}, {"i": 1842, "x": 111126.0, "y": 76836.0}, {"i": 1843, "x": 111268.0, "y": 82214.0}, {"i": 1844, "x": 111326.0, "y": 19966.0}, {"i": 1845, "x": 111386.0, "y": 1630.0}, {"i": 1846, "x": 111426.0, "y": 102504.0}, {"i": 1847, "x": 111444.0, "y": 19232.0}, {"i": 1848, "x": 111524.0, "y": 89524.0}, {"i": 1849, "x": 111584.0, "y": 35674.0}, {"i": 1850, "x": 111586.0, "y": 24038.0}, {"i": 1851, "x": 111616.0, "y": 57122.0}, {"i": 1852, "x": 111628.0, "y": 54224.0}, {"i": 1853, "x": 111678.0, "y": 70094.0}, {"i": 1854, "x": 111682.0, "y": 95978.0}, {"i": 1855, "x": 111694.0, "y": 96862.0}, {"i": 1856, "x": 111710.0, "y": 104156.0}, {"i": 1857, "x": 111728.0, "y": 103500.0}, {"i": 1858, "x": 111782.0, "y": 8348.0}, {"i": 1859, "x": 111786.0, "y": 109946.0}, {"i": 1860, "x": 111832.0, "y": 8714.0}, {"i": 1861, "x": 111846.0, "y": 25898.0}, {"i": 1862, "x": 111850.0, "y": 32936.0}, {"i": 1863, "x": 111882.0, "y": 4670.0}, {"i": 1864, "x": 111916.0, "y": 105846.0}, {"i": 1865, "x": 111938.0, "y": 57806.0}, {"i": 1866, "x": 111998.0, "y": 116292.0}, {"i": 1867, "x": 112038.0, "y": 93038.0}, {"i": 1868, "x": 112062.0, "y": 94212.0}, {"i": 1869, "x": 112110.0, "y": 12740.0}, {"i": 1870, "x": 112112.0, "y": 113832.0}, {"i": 1871, "x": 112258.0, "y": 58958.0}, {"i": 1872, "x": 112258.0, "y": 71746.0}, {"i": 1873, "x": 112270.0, "y": 14680.0}, {"i": 1874, "x": 112282.0, "y": 85410.0}, {"i": 1875, "x": 112288.0, "y": 91030.0}, {"i": 1876, "x": 112316.0, "y": 24192.0}, {"i": 1877, "x": 112450.0, "y": 113628.0}, {"i": 1878, "x": 112542.0, "y": 74098.0}, {"i": 1879, "x": 112612.0, "y": 90396.0}, {"i": 1880, "x": 112624.0, "y": 116024.0}, {"i": 1881, "x": 112640.0, "y": 27948.0}, {"i": 1882, "x": 112730.0, "y": 69650.0}, {"i": 1883, "x": 112732.0, "y": 17128.0}, {"i": 1884, "x": 112770.0, "y": 85186.0}, {"i": 1885, "x": 112788.0, "y": 91772.0}, {"i": 1886, "x": 112886.0, "y": 112576.0}, {"i": 1887, "x": 112976.0, "y": 105392.0}, {"i": 1888, "x": 112982.0, "y": 102392.0}, {"i": 1889, "x": 112998.0, "y": 112158.0}, {"i": 1890, "x": 113042.0, "y": 53032.0}, {"i": 1891, "x": 113086.0, "y": 64454.0}, {"i": 1892, "x": 113088.0, "y": 33422.0}, {"i": 1893, "x": 113178.0, "y": 38654.0}, {"i": 1894, "x": 113186.0, "y": 8724.0}, {"i": 1895, "x": 113240.0, "y": 68758.0}, {"i": 1896, "x": 113276.0, "y": 111714.0}, {"i": 1897, "x": 113328.0, "y": 113628.0}, {"i": 1898, "x": 113426.0, "y": 1610.0}, {"i": 1899, "x": 113444.0, "y": 90714.0}, {"i": 1900, "x": 113444.0, "y": 118734.0}, {"i": 1901, "x": 113464.0, "y": 53824.0}, {"i": 1902, "x": 113610.0, "y": 106284.0}, {"i": 1903, "x": 113624.0, "y": 76062.0}, {"i": 1904, "x": 113640.0, "y": 101698.0}, {"i": 1905, "x": 113664.0, "y": 45102.0}, {"i": 1906, "x": 113722.0, "y": 32548.0}, {"i": 1907, "x": 113784.0, "y": 74832.0}, {"i": 1908, "x": 113808.0, "y": 4458.0}, {"i": 1909, "x": 113822.0, "y": 101598.0}, {"i": 1910, "x": 113834.0, "y": 37928.0}, {"i": 1911, "x": 113842.0, "y": 67488.0}, {"i": 1912, "x": 114066.0, "y": 43190.0}, {"i": 1913, "x": 114094.0, "y": 80174.0}, {"i": 1914, "x": 114224.0, "y": 65568.0}, {"i": 1915, "x": 114440.0, "y": 66140.0}, {"i": 1916, "x": 114458.0, "y": 116912.0}, {"i": 1917, "x": 114476.0, "y": 16320.0}, {"i": 1918, "x": 114660.0, "y": 12646.0}, {"i": 1919, "x": 114660.0, "y": 100150.0}, {"i": 1920, "x": 114806.0, "y": 84596.0}, {"i": 1921, "x": 115022.0, "y": 23740.0}, {"i": 1922, "x": 115062.0, "y": 88076.0}, {"i": 1923, "x": 115172.0, "y": 80760.0}, {"i": 1924, "x": 115208.0, "y": 34988.0}, {"i": 1925, "x": 115282.0, "y": 94400.0}, {"i": 1926, "x": 115300.0, "y": 38714.0}, {"i": 1927, "x": 115378.0, "y": 69140.0}, {"i": 1928, "x": 115466.0, "y": 42692.0}, {"i": 1929, "x": 115512.0, "y": 50600.0}, {"i": 1930, "x": 115604.0, "y": 61434.0}, {"i": 1931, "x": 115612.0, "y": 84674.0}, {"i": 1932, "x": 115630.0, "y": 96282.0}, {"i": 1933, "x": 115762.0, "y": 42028.0}, {"i": 1934, "x": 115810.0, "y": 42058.0}, {"i": 1935, "x": 115868.0, "y": 105558.0}, {"i": 1936, "x": 115980.0, "y": 106434.0}, {"i": 1937, "x": 115992.0, "y": 17276.0}, {"i": 1938, "x": 116018.0, "y": 45232.0}, {"i": 1939, "x": 116114.0, "y": 23652.0}, {"i": 1940, "x": 116154.0, "y": 99734.0}, {"i": 1941, "x": 116312.0, "y": 2060.0}, {"i": 1942, "x": 116340.0, "y": 71226.0}, {"i": 1943, "x": 116368.0, "y": 4516.0}, {"i": 1944, "x": 116410.0, "y": 67474.0}, {"i": 1945, "x": 116436.0, "y": 116720.0}, {"i": 1946, "x": 116478.0, "y": 112734.0}, {"i": 1947, "x": 116516.0, "y": 59620.0}, {"i": 1948, "x": 116676.0, "y": 83728.0}, {"i": 1949, "x": 116776.0, "y": 28476.0}, {"i": 1950, "x": 116882.0, "y": 67846.0}, {"i": 1951, "x": 116918.0, "y": 118352.0}, {"i": 1952, "x": 116998.0, "y": 62586.0}, {"i": 1953, "x": 117050.0, "y": 50740.0}, {"i": 1954, "x": 117070.0, "y": 95454.0}, {"i": 1955, "x": 117132.0, "y": 118756.0}, {"i": 1956, "x": 117154.0, "y": 868.0}, {"i": 1957, "x": 117216.0, "y": 14042.0}, {"i": 1958, "x": 117276.0, "y": 52968.0}, {"i": 1959, "x": 117330.0, "y": 19626.0}, {"i": 1960, "x": 117358.0, "y": 82108.0}, {"i": 1961, "x": 117408.0, "y": 116330.0}, {"i": 1962, "x": 117424.0, "y": 117328.0}, {"i": 1963, "x": 117458.0, "y": 32810.0}, {"i": 1964, "x": 117584.0, "y": 65234.0}, {"i": 1965, "x": 117586.0, "y": 4286.0}, {"i": 1966, "x": 117610.0, "y": 95908.0}, {"i": 1967, "x": 117636.0, "y": 99222.0}, {"i": 1968, "x": 117736.0, "y": 29696.0}, {"i": 1969, "x": 117936.0, "y": 32412.0}, {"i": 1970, "x": 117992.0, "y": 1854.0}, {"i": 1971, "x": 118062.0, "y": 70512.0}, {"i": 1972, "x": 118072.0, "y": 101932.0}, {"i": 1973, "x": 118088.0, "y": 53470.0}, {"i": 1974, "x": 118132.0, "y": 74030.0}, {"i": 1975, "x": 118170.0, "y": 34434.0}, {"i": 1976, "x": 118222.0, "y": 63738.0}, {"i": 1977, "x": 118324.0, "y": 62434.0}, {"i": 1978, "x": 118332.0, "y": 16972.0}, {"i": 1979, "x": 118570.0, "y": 39488.0}, {"i": 1980, "x": 118730.0, "y": 75748.0}, {"i": 1981, "x": 118742.0, "y": 23912.0}, {"i": 1982, "x": 118816.0, "y": 79668.0}, {"i": 1983, "x": 118934.0, "y": 60794.0}, {"i": 1984, "x": 119058.0, "y": 8274.0}, {"i": 1985, "x": 119076.0, "y": 84404.0}, {"i": 1986, "x": 119146.0, "y": 40336.0}, {"i": 1987, "x": 119166.0, "y": 118266.0}, {"i": 1988, "x": 119182.0, "y": 91194.0}, {"i": 1989, "x": 119240.0, "y": 105832.0}, {"i": 1990, "x": 119250.0, "y": 69340.0}, {"i": 1991, "x": 119312.0, "y": 14742.0}, {"i": 1992, "x": 119588.0, "y": 62846.0}, {"i": 1993, "x": 119624.0, "y": 102360.0}, {"i": 1994, "x": 119662.0, "y": 76542.0}, {"i": 1995, "x": 119788.0, "y": 13334.0}, {"i": 1996, "x": 119802.0, "y": 49360.0}, {"i": 1997, "x": 119888.0, "y": 72174.0}, {"i": 1998, "x": 119904.0, "y": 88960.0}, {"i": 1999, "x": 119960.0, "y": 87012.0}], "type": "Instance", "name": "uniform-0002000-1", "meta": {"comment": "HIP random 2-dimensional integral point set (2000 points), distribution 'uniform'", "faces_in_delaunay": 3978}}