{"points": [{"i": 0, "x": 154.0, "y": 2470.0}, {"i": 1, "x": 274.0, "y": 2848.0}, {"i": 2, "x": 288.0, "y": 2118.0}, {"i": 3, "x": 348.0, "y": 340.0}, {"i": 4, "x": 350.0, "y": 1282.0}, {"i": 5, "x": 354.0, "y": 2432.0}, {"i": 6, "x": 368.0, "y": 1364.0}, {"i": 7, "x": 406.0, "y": 1694.0}, {"i": 8, "x": 414.0, "y": 1462.0}, {"i": 9, "x": 498.0, "y": 1338.0}, {"i": 10, "x": 532.0, "y": 2014.0}, {"i": 11, "x": 702.0, "y": 650.0}, {"i": 12, "x": 794.0, "y": 480.0}, {"i": 13, "x": 836.0, "y": 106.0}, {"i": 14, "x": 1142.0, "y": 1350.0}, {"i": 15, "x": 1188.0, "y": 900.0}, {"i": 16, "x": 1238.0, "y": 1602.0}, {"i": 17, "x": 1244.0, "y": 1598.0}, {"i": 18, "x": 1340.0, "y": 1172.0}, {"i": 19, "x": 1362.0, "y": 1138.0}, {"i": 20, "x": 1362.0, "y": 2910.0}, {"i": 21, "x": 1494.0, "y": 576.0}, {"i": 22, "x": 1552.0, "y": 820.0}, {"i": 23, "x": 1570.0, "y": 2210.0}, {"i": 24, "x": 1582.0, "y": 572.0}, {"i": 25, "x": 1584.0, "y": 804.0}, {"i": 26, "x": 1636.0, "y": 2870.0}, {"i": 27, "x": 1708.0, "y": 1388.0}, {"i": 28, "x": 1860.0, "y": 1200.0}, {"i": 29, "x": 1862.0, "y": 358.0}, {"i": 30, "x": 1872.0, "y": 1738.0}, {"i": 31, "x": 1896.0, "y": 2610.0}, {"i": 32, "x": 1978.0, "y": 392.0}, {"i": 33, "x": 2072.0, "y": 2702.0}, {"i": 34, "x": 2088.0, "y": 200.0}, {"i": 35, "x": 2100.0, "y": 2956.0}, {"i": 36, "x": 2116.0, "y": 2478.0}, {"i": 37, "x": 2194.0, "y": 2832.0}, {"i": 38, "x": 2284.0, "y": 1938.0}, {"i": 39, "x": 2302.0, "y": 2172.0}, {"i": 40, "x": 2414.0, "y": 2088.0}, {"i": 41, "x": 2448.0, "y": 2404.0}, {"i": 42, "x": 2452.0, "y": 320.0}, {"i": 43, "x": 2466.0, "y": 2292.0}, {"i": 44, "x": 2548.0, "y": 1898.0}, {"i": 45, "x": 2622.0, "y": 2356.0}, {"i": 46, "x": 2642.0, "y": 130.0}, {"i": 47, "x": 2830.0, "y": 1994.0}, {"i": 48, "x": 2912.0, "y": 2052.0}, {"i": 49, "x": 2944.0, "y": 1262.0}], "type": "Instance", "name": "uniform-0000050-1", "meta": {"comment": "HIP random 2-dimensional integral point set (50 points), distribution 'uniform'", "faces_in_delaunay": 90}}