{"points": [{"i": 0, "x": 54.0, "y": 2490.0}, {"i": 1, "x": 54.0, "y": 10996.0}, {"i": 2, "x": 56.0, "y": 18702.0}, {"i": 3, "x": 216.0, "y": 18338.0}, {"i": 4, "x": 312.0, "y": 4314.0}, {"i": 5, "x": 384.0, "y": 18472.0}, {"i": 6, "x": 396.0, "y": 23982.0}, {"i": 7, "x": 406.0, "y": 13242.0}, {"i": 8, "x": 640.0, "y": 17814.0}, {"i": 9, "x": 686.0, "y": 20278.0}, {"i": 10, "x": 696.0, "y": 15336.0}, {"i": 11, "x": 722.0, "y": 18220.0}, {"i": 12, "x": 768.0, "y": 4900.0}, {"i": 13, "x": 836.0, "y": 750.0}, {"i": 14, "x": 910.0, "y": 15568.0}, {"i": 15, "x": 920.0, "y": 19872.0}, {"i": 16, "x": 924.0, "y": 18536.0}, {"i": 17, "x": 994.0, "y": 12364.0}, {"i": 18, "x": 1048.0, "y": 6948.0}, {"i": 19, "x": 1090.0, "y": 20214.0}, {"i": 20, "x": 1108.0, "y": 16772.0}, {"i": 21, "x": 1116.0, "y": 7282.0}, {"i": 22, "x": 1122.0, "y": 9910.0}, {"i": 23, "x": 1152.0, "y": 4988.0}, {"i": 24, "x": 1160.0, "y": 9182.0}, {"i": 25, "x": 1186.0, "y": 1444.0}, {"i": 26, "x": 1192.0, "y": 4264.0}, {"i": 27, "x": 1196.0, "y": 7258.0}, {"i": 28, "x": 1360.0, "y": 22160.0}, {"i": 29, "x": 1402.0, "y": 3912.0}, {"i": 30, "x": 1404.0, "y": 22482.0}, {"i": 31, "x": 1430.0, "y": 694.0}, {"i": 32, "x": 1458.0, "y": 21586.0}, {"i": 33, "x": 1574.0, "y": 21224.0}, {"i": 34, "x": 1588.0, "y": 3540.0}, {"i": 35, "x": 1612.0, "y": 22994.0}, {"i": 36, "x": 1626.0, "y": 22974.0}, {"i": 37, "x": 1674.0, "y": 13332.0}, {"i": 38, "x": 1688.0, "y": 11132.0}, {"i": 39, "x": 1884.0, "y": 14710.0}, {"i": 40, "x": 1932.0, "y": 20932.0}, {"i": 41, "x": 2142.0, "y": 23140.0}, {"i": 42, "x": 2158.0, "y": 3448.0}, {"i": 43, "x": 2208.0, "y": 15412.0}, {"i": 44, "x": 2284.0, "y": 7002.0}, {"i": 45, "x": 2492.0, "y": 136.0}, {"i": 46, "x": 2700.0, "y": 16902.0}, {"i": 47, "x": 2720.0, "y": 4984.0}, {"i": 48, "x": 2770.0, "y": 17586.0}, {"i": 49, "x": 2898.0, "y": 11610.0}, {"i": 50, "x": 2976.0, "y": 2830.0}, {"i": 51, "x": 2986.0, "y": 12538.0}, {"i": 52, "x": 2986.0, "y": 13404.0}, {"i": 53, "x": 3054.0, "y": 14678.0}, {"i": 54, "x": 3126.0, "y": 2406.0}, {"i": 55, "x": 3144.0, "y": 8634.0}, {"i": 56, "x": 3170.0, "y": 9582.0}, {"i": 57, "x": 3198.0, "y": 14996.0}, {"i": 58, "x": 3214.0, "y": 8796.0}, {"i": 59, "x": 3218.0, "y": 9546.0}, {"i": 60, "x": 3218.0, "y": 14134.0}, {"i": 61, "x": 3268.0, "y": 17740.0}, {"i": 62, "x": 3274.0, "y": 11780.0}, {"i": 63, "x": 3284.0, "y": 22354.0}, {"i": 64, "x": 3292.0, "y": 19460.0}, {"i": 65, "x": 3508.0, "y": 15186.0}, {"i": 66, "x": 3542.0, "y": 4802.0}, {"i": 67, "x": 3552.0, "y": 18400.0}, {"i": 68, "x": 3556.0, "y": 7106.0}, {"i": 69, "x": 3658.0, "y": 9982.0}, {"i": 70, "x": 3662.0, "y": 16924.0}, {"i": 71, "x": 4038.0, "y": 5346.0}, {"i": 72, "x": 4236.0, "y": 23922.0}, {"i": 73, "x": 4238.0, "y": 17132.0}, {"i": 74, "x": 4270.0, "y": 18420.0}, {"i": 75, "x": 4330.0, "y": 5374.0}, {"i": 76, "x": 4352.0, "y": 8192.0}, {"i": 77, "x": 4352.0, "y": 19252.0}, {"i": 78, "x": 4354.0, "y": 5066.0}, {"i": 79, "x": 4382.0, "y": 20146.0}, {"i": 80, "x": 4510.0, "y": 6294.0}, {"i": 81, "x": 4526.0, "y": 23092.0}, {"i": 82, "x": 4558.0, "y": 8190.0}, {"i": 83, "x": 4622.0, "y": 5140.0}, {"i": 84, "x": 4630.0, "y": 17944.0}, {"i": 85, "x": 4670.0, "y": 7160.0}, {"i": 86, "x": 4684.0, "y": 4156.0}, {"i": 87, "x": 4738.0, "y": 10826.0}, {"i": 88, "x": 4766.0, "y": 14100.0}, {"i": 89, "x": 4774.0, "y": 2936.0}, {"i": 90, "x": 4776.0, "y": 9480.0}, {"i": 91, "x": 4872.0, "y": 9448.0}, {"i": 92, "x": 4904.0, "y": 8514.0}, {"i": 93, "x": 4918.0, "y": 18082.0}, {"i": 94, "x": 5076.0, "y": 11668.0}, {"i": 95, "x": 5142.0, "y": 14696.0}, {"i": 96, "x": 5178.0, "y": 3166.0}, {"i": 97, "x": 5218.0, "y": 16486.0}, {"i": 98, "x": 5242.0, "y": 5448.0}, {"i": 99, "x": 5484.0, "y": 21956.0}, {"i": 100, "x": 5546.0, "y": 9460.0}, {"i": 101, "x": 5596.0, "y": 13730.0}, {"i": 102, "x": 5626.0, "y": 20254.0}, {"i": 103, "x": 5664.0, "y": 17016.0}, {"i": 104, "x": 5692.0, "y": 12628.0}, {"i": 105, "x": 5724.0, "y": 3886.0}, {"i": 106, "x": 5774.0, "y": 6048.0}, {"i": 107, "x": 5780.0, "y": 21398.0}, {"i": 108, "x": 5802.0, "y": 18968.0}, {"i": 109, "x": 5804.0, "y": 4724.0}, {"i": 110, "x": 5852.0, "y": 8086.0}, {"i": 111, "x": 5926.0, "y": 20252.0}, {"i": 112, "x": 6032.0, "y": 6074.0}, {"i": 113, "x": 6054.0, "y": 10084.0}, {"i": 114, "x": 6156.0, "y": 14524.0}, {"i": 115, "x": 6220.0, "y": 6370.0}, {"i": 116, "x": 6236.0, "y": 7598.0}, {"i": 117, "x": 6236.0, "y": 18024.0}, {"i": 118, "x": 6240.0, "y": 8704.0}, {"i": 119, "x": 6252.0, "y": 22260.0}, {"i": 120, "x": 6306.0, "y": 8144.0}, {"i": 121, "x": 6328.0, "y": 20176.0}, {"i": 122, "x": 6352.0, "y": 12520.0}, {"i": 123, "x": 6360.0, "y": 23822.0}, {"i": 124, "x": 6458.0, "y": 20014.0}, {"i": 125, "x": 6564.0, "y": 13060.0}, {"i": 126, "x": 6596.0, "y": 23002.0}, {"i": 127, "x": 6626.0, "y": 5002.0}, {"i": 128, "x": 6646.0, "y": 17338.0}, {"i": 129, "x": 6774.0, "y": 14288.0}, {"i": 130, "x": 6796.0, "y": 22082.0}, {"i": 131, "x": 6820.0, "y": 19298.0}, {"i": 132, "x": 6826.0, "y": 12992.0}, {"i": 133, "x": 6838.0, "y": 2802.0}, {"i": 134, "x": 6842.0, "y": 23832.0}, {"i": 135, "x": 7098.0, "y": 19414.0}, {"i": 136, "x": 7144.0, "y": 20322.0}, {"i": 137, "x": 7162.0, "y": 14674.0}, {"i": 138, "x": 7168.0, "y": 140.0}, {"i": 139, "x": 7174.0, "y": 7140.0}, {"i": 140, "x": 7186.0, "y": 5342.0}, {"i": 141, "x": 7202.0, "y": 1878.0}, {"i": 142, "x": 7268.0, "y": 3730.0}, {"i": 143, "x": 7310.0, "y": 14488.0}, {"i": 144, "x": 7350.0, "y": 18018.0}, {"i": 145, "x": 7392.0, "y": 16836.0}, {"i": 146, "x": 7396.0, "y": 19736.0}, {"i": 147, "x": 7448.0, "y": 15424.0}, {"i": 148, "x": 7486.0, "y": 638.0}, {"i": 149, "x": 7494.0, "y": 19988.0}, {"i": 150, "x": 7630.0, "y": 10738.0}, {"i": 151, "x": 7720.0, "y": 10798.0}, {"i": 152, "x": 7722.0, "y": 15916.0}, {"i": 153, "x": 7800.0, "y": 7138.0}, {"i": 154, "x": 7940.0, "y": 2200.0}, {"i": 155, "x": 7962.0, "y": 21666.0}, {"i": 156, "x": 7980.0, "y": 23606.0}, {"i": 157, "x": 8020.0, "y": 18262.0}, {"i": 158, "x": 8022.0, "y": 20040.0}, {"i": 159, "x": 8068.0, "y": 5332.0}, {"i": 160, "x": 8192.0, "y": 13900.0}, {"i": 161, "x": 8232.0, "y": 126.0}, {"i": 162, "x": 8354.0, "y": 4378.0}, {"i": 163, "x": 8522.0, "y": 17844.0}, {"i": 164, "x": 8524.0, "y": 3052.0}, {"i": 165, "x": 8542.0, "y": 6166.0}, {"i": 166, "x": 8794.0, "y": 20026.0}, {"i": 167, "x": 8918.0, "y": 19960.0}, {"i": 168, "x": 8930.0, "y": 16108.0}, {"i": 169, "x": 8972.0, "y": 12890.0}, {"i": 170, "x": 8976.0, "y": 6698.0}, {"i": 171, "x": 9056.0, "y": 12794.0}, {"i": 172, "x": 9064.0, "y": 1408.0}, {"i": 173, "x": 9158.0, "y": 3032.0}, {"i": 174, "x": 9276.0, "y": 10828.0}, {"i": 175, "x": 9282.0, "y": 23044.0}, {"i": 176, "x": 9384.0, "y": 14508.0}, {"i": 177, "x": 9424.0, "y": 14232.0}, {"i": 178, "x": 9426.0, "y": 7174.0}, {"i": 179, "x": 9504.0, "y": 6012.0}, {"i": 180, "x": 9510.0, "y": 9228.0}, {"i": 181, "x": 9566.0, "y": 21974.0}, {"i": 182, "x": 9594.0, "y": 18894.0}, {"i": 183, "x": 9724.0, "y": 5574.0}, {"i": 184, "x": 9748.0, "y": 1560.0}, {"i": 185, "x": 9756.0, "y": 14798.0}, {"i": 186, "x": 9782.0, "y": 5934.0}, {"i": 187, "x": 9938.0, "y": 8096.0}, {"i": 188, "x": 9942.0, "y": 16710.0}, {"i": 189, "x": 9990.0, "y": 8568.0}, {"i": 190, "x": 10058.0, "y": 17914.0}, {"i": 191, "x": 10184.0, "y": 14100.0}, {"i": 192, "x": 10262.0, "y": 9598.0}, {"i": 193, "x": 10318.0, "y": 22574.0}, {"i": 194, "x": 10384.0, "y": 21216.0}, {"i": 195, "x": 10386.0, "y": 12706.0}, {"i": 196, "x": 10406.0, "y": 12050.0}, {"i": 197, "x": 10440.0, "y": 21988.0}, {"i": 198, "x": 10442.0, "y": 144.0}, {"i": 199, "x": 10454.0, "y": 1040.0}, {"i": 200, "x": 10570.0, "y": 6654.0}, {"i": 201, "x": 10616.0, "y": 6506.0}, {"i": 202, "x": 10634.0, "y": 9876.0}, {"i": 203, "x": 10718.0, "y": 19052.0}, {"i": 204, "x": 10834.0, "y": 21046.0}, {"i": 205, "x": 10840.0, "y": 21270.0}, {"i": 206, "x": 10844.0, "y": 20186.0}, {"i": 207, "x": 11042.0, "y": 16178.0}, {"i": 208, "x": 11062.0, "y": 23064.0}, {"i": 209, "x": 11166.0, "y": 17452.0}, {"i": 210, "x": 11318.0, "y": 18618.0}, {"i": 211, "x": 11320.0, "y": 19616.0}, {"i": 212, "x": 11452.0, "y": 2788.0}, {"i": 213, "x": 11456.0, "y": 23286.0}, {"i": 214, "x": 11512.0, "y": 4662.0}, {"i": 215, "x": 11594.0, "y": 16024.0}, {"i": 216, "x": 11704.0, "y": 15796.0}, {"i": 217, "x": 11862.0, "y": 922.0}, {"i": 218, "x": 12028.0, "y": 13204.0}, {"i": 219, "x": 12032.0, "y": 9030.0}, {"i": 220, "x": 12036.0, "y": 16002.0}, {"i": 221, "x": 12036.0, "y": 17806.0}, {"i": 222, "x": 12206.0, "y": 10426.0}, {"i": 223, "x": 12360.0, "y": 4608.0}, {"i": 224, "x": 12400.0, "y": 244.0}, {"i": 225, "x": 12472.0, "y": 14120.0}, {"i": 226, "x": 12530.0, "y": 19372.0}, {"i": 227, "x": 12598.0, "y": 15852.0}, {"i": 228, "x": 12640.0, "y": 11658.0}, {"i": 229, "x": 12656.0, "y": 15830.0}, {"i": 230, "x": 12688.0, "y": 17556.0}, {"i": 231, "x": 12826.0, "y": 19228.0}, {"i": 232, "x": 12836.0, "y": 16502.0}, {"i": 233, "x": 12836.0, "y": 22198.0}, {"i": 234, "x": 12872.0, "y": 4914.0}, {"i": 235, "x": 12888.0, "y": 6970.0}, {"i": 236, "x": 12898.0, "y": 14702.0}, {"i": 237, "x": 12916.0, "y": 2370.0}, {"i": 238, "x": 12932.0, "y": 8890.0}, {"i": 239, "x": 13156.0, "y": 14130.0}, {"i": 240, "x": 13248.0, "y": 12358.0}, {"i": 241, "x": 13274.0, "y": 19528.0}, {"i": 242, "x": 13314.0, "y": 19436.0}, {"i": 243, "x": 13330.0, "y": 17168.0}, {"i": 244, "x": 13366.0, "y": 18414.0}, {"i": 245, "x": 13410.0, "y": 204.0}, {"i": 246, "x": 13442.0, "y": 178.0}, {"i": 247, "x": 13652.0, "y": 20652.0}, {"i": 248, "x": 13694.0, "y": 17116.0}, {"i": 249, "x": 13722.0, "y": 17600.0}, {"i": 250, "x": 13742.0, "y": 16478.0}, {"i": 251, "x": 13880.0, "y": 1612.0}, {"i": 252, "x": 13920.0, "y": 1312.0}, {"i": 253, "x": 13994.0, "y": 4748.0}, {"i": 254, "x": 14024.0, "y": 16436.0}, {"i": 255, "x": 14030.0, "y": 21526.0}, {"i": 256, "x": 14046.0, "y": 23484.0}, {"i": 257, "x": 14048.0, "y": 17546.0}, {"i": 258, "x": 14048.0, "y": 18290.0}, {"i": 259, "x": 14266.0, "y": 1234.0}, {"i": 260, "x": 14280.0, "y": 4302.0}, {"i": 261, "x": 14402.0, "y": 20058.0}, {"i": 262, "x": 14526.0, "y": 8650.0}, {"i": 263, "x": 14562.0, "y": 7492.0}, {"i": 264, "x": 14576.0, "y": 9634.0}, {"i": 265, "x": 14592.0, "y": 13648.0}, {"i": 266, "x": 14674.0, "y": 9892.0}, {"i": 267, "x": 14784.0, "y": 766.0}, {"i": 268, "x": 14802.0, "y": 7352.0}, {"i": 269, "x": 14930.0, "y": 9424.0}, {"i": 270, "x": 14992.0, "y": 21608.0}, {"i": 271, "x": 15132.0, "y": 3306.0}, {"i": 272, "x": 15152.0, "y": 6254.0}, {"i": 273, "x": 15188.0, "y": 4330.0}, {"i": 274, "x": 15230.0, "y": 3124.0}, {"i": 275, "x": 15300.0, "y": 4192.0}, {"i": 276, "x": 15374.0, "y": 20664.0}, {"i": 277, "x": 15428.0, "y": 7456.0}, {"i": 278, "x": 15438.0, "y": 20420.0}, {"i": 279, "x": 15492.0, "y": 22280.0}, {"i": 280, "x": 15696.0, "y": 15466.0}, {"i": 281, "x": 15814.0, "y": 17530.0}, {"i": 282, "x": 15838.0, "y": 2586.0}, {"i": 283, "x": 15860.0, "y": 18602.0}, {"i": 284, "x": 16030.0, "y": 14232.0}, {"i": 285, "x": 16284.0, "y": 3598.0}, {"i": 286, "x": 16310.0, "y": 1058.0}, {"i": 287, "x": 16518.0, "y": 17198.0}, {"i": 288, "x": 16668.0, "y": 21480.0}, {"i": 289, "x": 16690.0, "y": 10664.0}, {"i": 290, "x": 16704.0, "y": 4058.0}, {"i": 291, "x": 16706.0, "y": 15606.0}, {"i": 292, "x": 16730.0, "y": 16746.0}, {"i": 293, "x": 16768.0, "y": 1014.0}, {"i": 294, "x": 16790.0, "y": 22898.0}, {"i": 295, "x": 16820.0, "y": 8770.0}, {"i": 296, "x": 16820.0, "y": 19964.0}, {"i": 297, "x": 16892.0, "y": 12342.0}, {"i": 298, "x": 16892.0, "y": 17240.0}, {"i": 299, "x": 16958.0, "y": 614.0}, {"i": 300, "x": 17258.0, "y": 12582.0}, {"i": 301, "x": 17358.0, "y": 23620.0}, {"i": 302, "x": 17414.0, "y": 3860.0}, {"i": 303, "x": 17432.0, "y": 922.0}, {"i": 304, "x": 17506.0, "y": 7806.0}, {"i": 305, "x": 17516.0, "y": 2684.0}, {"i": 306, "x": 17594.0, "y": 5516.0}, {"i": 307, "x": 17616.0, "y": 3228.0}, {"i": 308, "x": 17842.0, "y": 3430.0}, {"i": 309, "x": 17870.0, "y": 3694.0}, {"i": 310, "x": 17990.0, "y": 15838.0}, {"i": 311, "x": 17996.0, "y": 3112.0}, {"i": 312, "x": 18230.0, "y": 22764.0}, {"i": 313, "x": 18278.0, "y": 18298.0}, {"i": 314, "x": 18328.0, "y": 16982.0}, {"i": 315, "x": 18386.0, "y": 10638.0}, {"i": 316, "x": 18466.0, "y": 18456.0}, {"i": 317, "x": 18484.0, "y": 9540.0}, {"i": 318, "x": 18556.0, "y": 12788.0}, {"i": 319, "x": 18702.0, "y": 22876.0}, {"i": 320, "x": 18870.0, "y": 7024.0}, {"i": 321, "x": 18872.0, "y": 2584.0}, {"i": 322, "x": 18876.0, "y": 4308.0}, {"i": 323, "x": 18886.0, "y": 9218.0}, {"i": 324, "x": 18994.0, "y": 16132.0}, {"i": 325, "x": 19062.0, "y": 5140.0}, {"i": 326, "x": 19086.0, "y": 10630.0}, {"i": 327, "x": 19086.0, "y": 23774.0}, {"i": 328, "x": 19160.0, "y": 2462.0}, {"i": 329, "x": 19184.0, "y": 2910.0}, {"i": 330, "x": 19190.0, "y": 6792.0}, {"i": 331, "x": 19202.0, "y": 7410.0}, {"i": 332, "x": 19282.0, "y": 8710.0}, {"i": 333, "x": 19378.0, "y": 15510.0}, {"i": 334, "x": 19500.0, "y": 10374.0}, {"i": 335, "x": 19548.0, "y": 7996.0}, {"i": 336, "x": 19602.0, "y": 204.0}, {"i": 337, "x": 19606.0, "y": 16986.0}, {"i": 338, "x": 19652.0, "y": 23444.0}, {"i": 339, "x": 19800.0, "y": 13584.0}, {"i": 340, "x": 19946.0, "y": 14396.0}, {"i": 341, "x": 19978.0, "y": 5432.0}, {"i": 342, "x": 20008.0, "y": 22090.0}, {"i": 343, "x": 20080.0, "y": 18470.0}, {"i": 344, "x": 20114.0, "y": 18090.0}, {"i": 345, "x": 20144.0, "y": 10684.0}, {"i": 346, "x": 20148.0, "y": 16256.0}, {"i": 347, "x": 20316.0, "y": 21364.0}, {"i": 348, "x": 20506.0, "y": 21524.0}, {"i": 349, "x": 20530.0, "y": 8342.0}, {"i": 350, "x": 20626.0, "y": 13882.0}, {"i": 351, "x": 20694.0, "y": 5882.0}, {"i": 352, "x": 20704.0, "y": 3472.0}, {"i": 353, "x": 20764.0, "y": 6414.0}, {"i": 354, "x": 20770.0, "y": 18958.0}, {"i": 355, "x": 20826.0, "y": 23386.0}, {"i": 356, "x": 20918.0, "y": 7382.0}, {"i": 357, "x": 20918.0, "y": 19130.0}, {"i": 358, "x": 21000.0, "y": 22992.0}, {"i": 359, "x": 21198.0, "y": 4102.0}, {"i": 360, "x": 21246.0, "y": 12018.0}, {"i": 361, "x": 21270.0, "y": 10512.0}, {"i": 362, "x": 21354.0, "y": 12078.0}, {"i": 363, "x": 21486.0, "y": 18368.0}, {"i": 364, "x": 21688.0, "y": 270.0}, {"i": 365, "x": 21694.0, "y": 4648.0}, {"i": 366, "x": 21712.0, "y": 7532.0}, {"i": 367, "x": 21734.0, "y": 16582.0}, {"i": 368, "x": 21764.0, "y": 5184.0}, {"i": 369, "x": 21946.0, "y": 6658.0}, {"i": 370, "x": 21946.0, "y": 14292.0}, {"i": 371, "x": 22010.0, "y": 13698.0}, {"i": 372, "x": 22016.0, "y": 22152.0}, {"i": 373, "x": 22024.0, "y": 20986.0}, {"i": 374, "x": 22222.0, "y": 2064.0}, {"i": 375, "x": 22270.0, "y": 17026.0}, {"i": 376, "x": 22280.0, "y": 16226.0}, {"i": 377, "x": 22308.0, "y": 7602.0}, {"i": 378, "x": 22460.0, "y": 1142.0}, {"i": 379, "x": 22474.0, "y": 10042.0}, {"i": 380, "x": 22496.0, "y": 20194.0}, {"i": 381, "x": 22516.0, "y": 4634.0}, {"i": 382, "x": 22694.0, "y": 8018.0}, {"i": 383, "x": 22698.0, "y": 3288.0}, {"i": 384, "x": 22792.0, "y": 9322.0}, {"i": 385, "x": 22928.0, "y": 6228.0}, {"i": 386, "x": 22954.0, "y": 23210.0}, {"i": 387, "x": 23056.0, "y": 23140.0}, {"i": 388, "x": 23076.0, "y": 6664.0}, {"i": 389, "x": 23082.0, "y": 11846.0}, {"i": 390, "x": 23296.0, "y": 15198.0}, {"i": 391, "x": 23312.0, "y": 16240.0}, {"i": 392, "x": 23364.0, "y": 8782.0}, {"i": 393, "x": 23378.0, "y": 16552.0}, {"i": 394, "x": 23574.0, "y": 9926.0}, {"i": 395, "x": 23624.0, "y": 17796.0}, {"i": 396, "x": 23674.0, "y": 8092.0}, {"i": 397, "x": 23838.0, "y": 15018.0}, {"i": 398, "x": 23946.0, "y": 8638.0}, {"i": 399, "x": 23952.0, "y": 2146.0}], "type": "Instance", "name": "uniform-0000400-2", "meta": {"comment": "HIP random 2-dimensional integral point set (400 points), distribution 'uniform'", "faces_in_delaunay": 782}}