{"points": [{"i": 0, "x": 60.0, "y": 32938.0}, {"i": 1, "x": 90.0, "y": 38820.0}, {"i": 2, "x": 162.0, "y": 29592.0}, {"i": 3, "x": 240.0, "y": 18838.0}, {"i": 4, "x": 282.0, "y": 1366.0}, {"i": 5, "x": 362.0, "y": 23344.0}, {"i": 6, "x": 388.0, "y": 8746.0}, {"i": 7, "x": 486.0, "y": 34332.0}, {"i": 8, "x": 564.0, "y": 31344.0}, {"i": 9, "x": 630.0, "y": 1856.0}, {"i": 10, "x": 652.0, "y": 3388.0}, {"i": 11, "x": 660.0, "y": 11870.0}, {"i": 12, "x": 660.0, "y": 20562.0}, {"i": 13, "x": 716.0, "y": 20976.0}, {"i": 14, "x": 796.0, "y": 17046.0}, {"i": 15, "x": 830.0, "y": 35578.0}, {"i": 16, "x": 870.0, "y": 40426.0}, {"i": 17, "x": 894.0, "y": 21126.0}, {"i": 18, "x": 914.0, "y": 23732.0}, {"i": 19, "x": 934.0, "y": 26386.0}, {"i": 20, "x": 1040.0, "y": 13058.0}, {"i": 21, "x": 1074.0, "y": 10732.0}, {"i": 22, "x": 1136.0, "y": 4390.0}, {"i": 23, "x": 1160.0, "y": 41188.0}, {"i": 24, "x": 1190.0, "y": 30410.0}, {"i": 25, "x": 1326.0, "y": 6926.0}, {"i": 26, "x": 1354.0, "y": 30712.0}, {"i": 27, "x": 1436.0, "y": 34612.0}, {"i": 28, "x": 1470.0, "y": 200.0}, {"i": 29, "x": 1508.0, "y": 12612.0}, {"i": 30, "x": 1516.0, "y": 33344.0}, {"i": 31, "x": 1544.0, "y": 34510.0}, {"i": 32, "x": 1562.0, "y": 1226.0}, {"i": 33, "x": 1578.0, "y": 11480.0}, {"i": 34, "x": 1694.0, "y": 7080.0}, {"i": 35, "x": 1740.0, "y": 20156.0}, {"i": 36, "x": 1742.0, "y": 36000.0}, {"i": 37, "x": 1754.0, "y": 5040.0}, {"i": 38, "x": 1798.0, "y": 16484.0}, {"i": 39, "x": 1832.0, "y": 19594.0}, {"i": 40, "x": 1920.0, "y": 16706.0}, {"i": 41, "x": 1940.0, "y": 15020.0}, {"i": 42, "x": 1940.0, "y": 26960.0}, {"i": 43, "x": 2180.0, "y": 6532.0}, {"i": 44, "x": 2218.0, "y": 30126.0}, {"i": 45, "x": 2286.0, "y": 3990.0}, {"i": 46, "x": 2300.0, "y": 7188.0}, {"i": 47, "x": 2466.0, "y": 33074.0}, {"i": 48, "x": 2474.0, "y": 4368.0}, {"i": 49, "x": 2476.0, "y": 31534.0}, {"i": 50, "x": 2540.0, "y": 14810.0}, {"i": 51, "x": 2548.0, "y": 4752.0}, {"i": 52, "x": 2554.0, "y": 10182.0}, {"i": 53, "x": 2638.0, "y": 29002.0}, {"i": 54, "x": 2644.0, "y": 9272.0}, {"i": 55, "x": 2674.0, "y": 28808.0}, {"i": 56, "x": 2680.0, "y": 5164.0}, {"i": 57, "x": 2714.0, "y": 34454.0}, {"i": 58, "x": 2842.0, "y": 41560.0}, {"i": 59, "x": 2924.0, "y": 11518.0}, {"i": 60, "x": 2960.0, "y": 11802.0}, {"i": 61, "x": 3000.0, "y": 11660.0}, {"i": 62, "x": 3032.0, "y": 11406.0}, {"i": 63, "x": 3134.0, "y": 32360.0}, {"i": 64, "x": 3190.0, "y": 8562.0}, {"i": 65, "x": 3306.0, "y": 40784.0}, {"i": 66, "x": 3308.0, "y": 36156.0}, {"i": 67, "x": 3356.0, "y": 27572.0}, {"i": 68, "x": 3368.0, "y": 1872.0}, {"i": 69, "x": 3422.0, "y": 12230.0}, {"i": 70, "x": 3938.0, "y": 17682.0}, {"i": 71, "x": 4024.0, "y": 4212.0}, {"i": 72, "x": 4032.0, "y": 660.0}, {"i": 73, "x": 4048.0, "y": 18488.0}, {"i": 74, "x": 4160.0, "y": 466.0}, {"i": 75, "x": 4172.0, "y": 39002.0}, {"i": 76, "x": 4194.0, "y": 31202.0}, {"i": 77, "x": 4380.0, "y": 15840.0}, {"i": 78, "x": 4402.0, "y": 29332.0}, {"i": 79, "x": 4442.0, "y": 24466.0}, {"i": 80, "x": 4444.0, "y": 15054.0}, {"i": 81, "x": 4460.0, "y": 26024.0}, {"i": 82, "x": 4484.0, "y": 34304.0}, {"i": 83, "x": 4494.0, "y": 9666.0}, {"i": 84, "x": 4558.0, "y": 20570.0}, {"i": 85, "x": 4576.0, "y": 29196.0}, {"i": 86, "x": 4628.0, "y": 24504.0}, {"i": 87, "x": 4690.0, "y": 13092.0}, {"i": 88, "x": 4728.0, "y": 814.0}, {"i": 89, "x": 4780.0, "y": 14912.0}, {"i": 90, "x": 4832.0, "y": 588.0}, {"i": 91, "x": 5030.0, "y": 9976.0}, {"i": 92, "x": 5054.0, "y": 35418.0}, {"i": 93, "x": 5070.0, "y": 32490.0}, {"i": 94, "x": 5160.0, "y": 5840.0}, {"i": 95, "x": 5202.0, "y": 31188.0}, {"i": 96, "x": 5214.0, "y": 35240.0}, {"i": 97, "x": 5224.0, "y": 41230.0}, {"i": 98, "x": 5240.0, "y": 14370.0}, {"i": 99, "x": 5256.0, "y": 28530.0}, {"i": 100, "x": 5582.0, "y": 10714.0}, {"i": 101, "x": 5664.0, "y": 12682.0}, {"i": 102, "x": 5666.0, "y": 13848.0}, {"i": 103, "x": 5798.0, "y": 19834.0}, {"i": 104, "x": 5800.0, "y": 3678.0}, {"i": 105, "x": 5930.0, "y": 524.0}, {"i": 106, "x": 5986.0, "y": 2660.0}, {"i": 107, "x": 6020.0, "y": 38898.0}, {"i": 108, "x": 6050.0, "y": 19100.0}, {"i": 109, "x": 6080.0, "y": 16574.0}, {"i": 110, "x": 6120.0, "y": 5824.0}, {"i": 111, "x": 6132.0, "y": 22396.0}, {"i": 112, "x": 6230.0, "y": 788.0}, {"i": 113, "x": 6288.0, "y": 8314.0}, {"i": 114, "x": 6340.0, "y": 21182.0}, {"i": 115, "x": 6396.0, "y": 41240.0}, {"i": 116, "x": 6460.0, "y": 6090.0}, {"i": 117, "x": 6468.0, "y": 38820.0}, {"i": 118, "x": 6494.0, "y": 17672.0}, {"i": 119, "x": 6500.0, "y": 37654.0}, {"i": 120, "x": 6554.0, "y": 6390.0}, {"i": 121, "x": 6598.0, "y": 11394.0}, {"i": 122, "x": 6616.0, "y": 27202.0}, {"i": 123, "x": 6916.0, "y": 20168.0}, {"i": 124, "x": 6948.0, "y": 32892.0}, {"i": 125, "x": 7004.0, "y": 34160.0}, {"i": 126, "x": 7054.0, "y": 37310.0}, {"i": 127, "x": 7094.0, "y": 22298.0}, {"i": 128, "x": 7248.0, "y": 7108.0}, {"i": 129, "x": 7256.0, "y": 27326.0}, {"i": 130, "x": 7458.0, "y": 1336.0}, {"i": 131, "x": 7552.0, "y": 6938.0}, {"i": 132, "x": 7792.0, "y": 15544.0}, {"i": 133, "x": 7796.0, "y": 3468.0}, {"i": 134, "x": 7892.0, "y": 2622.0}, {"i": 135, "x": 8050.0, "y": 374.0}, {"i": 136, "x": 8086.0, "y": 22254.0}, {"i": 137, "x": 8150.0, "y": 16436.0}, {"i": 138, "x": 8184.0, "y": 34858.0}, {"i": 139, "x": 8214.0, "y": 13346.0}, {"i": 140, "x": 8272.0, "y": 39446.0}, {"i": 141, "x": 8278.0, "y": 12112.0}, {"i": 142, "x": 8278.0, "y": 25778.0}, {"i": 143, "x": 8426.0, "y": 3082.0}, {"i": 144, "x": 8438.0, "y": 15814.0}, {"i": 145, "x": 8448.0, "y": 398.0}, {"i": 146, "x": 8476.0, "y": 23002.0}, {"i": 147, "x": 8496.0, "y": 32538.0}, {"i": 148, "x": 8660.0, "y": 28688.0}, {"i": 149, "x": 8738.0, "y": 16784.0}, {"i": 150, "x": 8738.0, "y": 21968.0}, {"i": 151, "x": 8774.0, "y": 32868.0}, {"i": 152, "x": 8842.0, "y": 36186.0}, {"i": 153, "x": 8854.0, "y": 40708.0}, {"i": 154, "x": 8862.0, "y": 27000.0}, {"i": 155, "x": 8974.0, "y": 13526.0}, {"i": 156, "x": 9014.0, "y": 9356.0}, {"i": 157, "x": 9016.0, "y": 26044.0}, {"i": 158, "x": 9100.0, "y": 8078.0}, {"i": 159, "x": 9150.0, "y": 34776.0}, {"i": 160, "x": 9164.0, "y": 19208.0}, {"i": 161, "x": 9184.0, "y": 3092.0}, {"i": 162, "x": 9262.0, "y": 14542.0}, {"i": 163, "x": 9290.0, "y": 34736.0}, {"i": 164, "x": 9358.0, "y": 8544.0}, {"i": 165, "x": 9418.0, "y": 6532.0}, {"i": 166, "x": 9506.0, "y": 17054.0}, {"i": 167, "x": 9512.0, "y": 33732.0}, {"i": 168, "x": 9518.0, "y": 27970.0}, {"i": 169, "x": 9564.0, "y": 10528.0}, {"i": 170, "x": 9590.0, "y": 27436.0}, {"i": 171, "x": 9758.0, "y": 24048.0}, {"i": 172, "x": 9866.0, "y": 35460.0}, {"i": 173, "x": 9952.0, "y": 8290.0}, {"i": 174, "x": 9966.0, "y": 18716.0}, {"i": 175, "x": 10002.0, "y": 744.0}, {"i": 176, "x": 10020.0, "y": 21174.0}, {"i": 177, "x": 10142.0, "y": 13862.0}, {"i": 178, "x": 10174.0, "y": 16204.0}, {"i": 179, "x": 10202.0, "y": 3824.0}, {"i": 180, "x": 10354.0, "y": 31070.0}, {"i": 181, "x": 10374.0, "y": 16410.0}, {"i": 182, "x": 10440.0, "y": 1348.0}, {"i": 183, "x": 10520.0, "y": 29300.0}, {"i": 184, "x": 10586.0, "y": 28910.0}, {"i": 185, "x": 10708.0, "y": 33332.0}, {"i": 186, "x": 10760.0, "y": 37604.0}, {"i": 187, "x": 10794.0, "y": 11644.0}, {"i": 188, "x": 10846.0, "y": 22108.0}, {"i": 189, "x": 10880.0, "y": 19958.0}, {"i": 190, "x": 10894.0, "y": 88.0}, {"i": 191, "x": 10954.0, "y": 13430.0}, {"i": 192, "x": 11102.0, "y": 6004.0}, {"i": 193, "x": 11184.0, "y": 36928.0}, {"i": 194, "x": 11260.0, "y": 36340.0}, {"i": 195, "x": 11374.0, "y": 12648.0}, {"i": 196, "x": 11476.0, "y": 39648.0}, {"i": 197, "x": 11482.0, "y": 17648.0}, {"i": 198, "x": 11652.0, "y": 7150.0}, {"i": 199, "x": 11972.0, "y": 28338.0}, {"i": 200, "x": 12094.0, "y": 41684.0}, {"i": 201, "x": 12186.0, "y": 32290.0}, {"i": 202, "x": 12222.0, "y": 40680.0}, {"i": 203, "x": 12244.0, "y": 21556.0}, {"i": 204, "x": 12422.0, "y": 9654.0}, {"i": 205, "x": 12450.0, "y": 3838.0}, {"i": 206, "x": 12454.0, "y": 39508.0}, {"i": 207, "x": 12494.0, "y": 10812.0}, {"i": 208, "x": 12518.0, "y": 40626.0}, {"i": 209, "x": 12526.0, "y": 8068.0}, {"i": 210, "x": 12526.0, "y": 8488.0}, {"i": 211, "x": 12532.0, "y": 1314.0}, {"i": 212, "x": 12628.0, "y": 37334.0}, {"i": 213, "x": 12760.0, "y": 21836.0}, {"i": 214, "x": 12780.0, "y": 11924.0}, {"i": 215, "x": 12806.0, "y": 25526.0}, {"i": 216, "x": 12854.0, "y": 14684.0}, {"i": 217, "x": 12958.0, "y": 18438.0}, {"i": 218, "x": 13008.0, "y": 21014.0}, {"i": 219, "x": 13032.0, "y": 30704.0}, {"i": 220, "x": 13040.0, "y": 26366.0}, {"i": 221, "x": 13080.0, "y": 8888.0}, {"i": 222, "x": 13082.0, "y": 4678.0}, {"i": 223, "x": 13154.0, "y": 12428.0}, {"i": 224, "x": 13166.0, "y": 8314.0}, {"i": 225, "x": 13198.0, "y": 15098.0}, {"i": 226, "x": 13244.0, "y": 24070.0}, {"i": 227, "x": 13330.0, "y": 40752.0}, {"i": 228, "x": 13402.0, "y": 36444.0}, {"i": 229, "x": 13412.0, "y": 23008.0}, {"i": 230, "x": 13492.0, "y": 22440.0}, {"i": 231, "x": 13512.0, "y": 26626.0}, {"i": 232, "x": 13536.0, "y": 23550.0}, {"i": 233, "x": 13576.0, "y": 34176.0}, {"i": 234, "x": 13612.0, "y": 6306.0}, {"i": 235, "x": 13620.0, "y": 25016.0}, {"i": 236, "x": 13630.0, "y": 22692.0}, {"i": 237, "x": 13672.0, "y": 20892.0}, {"i": 238, "x": 13754.0, "y": 7834.0}, {"i": 239, "x": 13798.0, "y": 36324.0}, {"i": 240, "x": 13820.0, "y": 39296.0}, {"i": 241, "x": 13856.0, "y": 2162.0}, {"i": 242, "x": 13880.0, "y": 20880.0}, {"i": 243, "x": 13880.0, "y": 40934.0}, {"i": 244, "x": 13972.0, "y": 30184.0}, {"i": 245, "x": 14020.0, "y": 30970.0}, {"i": 246, "x": 14034.0, "y": 16730.0}, {"i": 247, "x": 14044.0, "y": 29226.0}, {"i": 248, "x": 14058.0, "y": 2560.0}, {"i": 249, "x": 14092.0, "y": 26650.0}, {"i": 250, "x": 14118.0, "y": 6872.0}, {"i": 251, "x": 14130.0, "y": 8584.0}, {"i": 252, "x": 14182.0, "y": 33408.0}, {"i": 253, "x": 14298.0, "y": 23248.0}, {"i": 254, "x": 14454.0, "y": 27196.0}, {"i": 255, "x": 14480.0, "y": 3628.0}, {"i": 256, "x": 14480.0, "y": 8178.0}, {"i": 257, "x": 14524.0, "y": 24286.0}, {"i": 258, "x": 14646.0, "y": 260.0}, {"i": 259, "x": 14646.0, "y": 6490.0}, {"i": 260, "x": 14872.0, "y": 31394.0}, {"i": 261, "x": 14908.0, "y": 36930.0}, {"i": 262, "x": 14996.0, "y": 28242.0}, {"i": 263, "x": 15016.0, "y": 32.0}, {"i": 264, "x": 15046.0, "y": 19710.0}, {"i": 265, "x": 15074.0, "y": 33862.0}, {"i": 266, "x": 15214.0, "y": 2904.0}, {"i": 267, "x": 15220.0, "y": 6914.0}, {"i": 268, "x": 15258.0, "y": 7962.0}, {"i": 269, "x": 15286.0, "y": 38372.0}, {"i": 270, "x": 15370.0, "y": 2688.0}, {"i": 271, "x": 15386.0, "y": 30574.0}, {"i": 272, "x": 15406.0, "y": 18108.0}, {"i": 273, "x": 15474.0, "y": 1610.0}, {"i": 274, "x": 15546.0, "y": 40560.0}, {"i": 275, "x": 15658.0, "y": 2266.0}, {"i": 276, "x": 15668.0, "y": 1536.0}, {"i": 277, "x": 15680.0, "y": 33458.0}, {"i": 278, "x": 15746.0, "y": 37180.0}, {"i": 279, "x": 15786.0, "y": 5896.0}, {"i": 280, "x": 15898.0, "y": 27110.0}, {"i": 281, "x": 15926.0, "y": 25202.0}, {"i": 282, "x": 15976.0, "y": 41094.0}, {"i": 283, "x": 16014.0, "y": 29566.0}, {"i": 284, "x": 16146.0, "y": 29422.0}, {"i": 285, "x": 16272.0, "y": 23508.0}, {"i": 286, "x": 16278.0, "y": 41890.0}, {"i": 287, "x": 16282.0, "y": 13294.0}, {"i": 288, "x": 16336.0, "y": 12988.0}, {"i": 289, "x": 16596.0, "y": 8578.0}, {"i": 290, "x": 16624.0, "y": 31298.0}, {"i": 291, "x": 16626.0, "y": 39602.0}, {"i": 292, "x": 16650.0, "y": 31466.0}, {"i": 293, "x": 16700.0, "y": 10692.0}, {"i": 294, "x": 16740.0, "y": 12234.0}, {"i": 295, "x": 16782.0, "y": 24446.0}, {"i": 296, "x": 16840.0, "y": 1676.0}, {"i": 297, "x": 16870.0, "y": 4326.0}, {"i": 298, "x": 16982.0, "y": 41812.0}, {"i": 299, "x": 17002.0, "y": 24778.0}, {"i": 300, "x": 17088.0, "y": 10756.0}, {"i": 301, "x": 17182.0, "y": 33856.0}, {"i": 302, "x": 17306.0, "y": 13818.0}, {"i": 303, "x": 17306.0, "y": 34848.0}, {"i": 304, "x": 17340.0, "y": 10412.0}, {"i": 305, "x": 17402.0, "y": 7040.0}, {"i": 306, "x": 17506.0, "y": 35364.0}, {"i": 307, "x": 17522.0, "y": 474.0}, {"i": 308, "x": 17620.0, "y": 36888.0}, {"i": 309, "x": 17674.0, "y": 24312.0}, {"i": 310, "x": 17678.0, "y": 15202.0}, {"i": 311, "x": 17742.0, "y": 27900.0}, {"i": 312, "x": 17786.0, "y": 34470.0}, {"i": 313, "x": 17800.0, "y": 20474.0}, {"i": 314, "x": 17866.0, "y": 23666.0}, {"i": 315, "x": 17872.0, "y": 3180.0}, {"i": 316, "x": 17912.0, "y": 37010.0}, {"i": 317, "x": 17946.0, "y": 5184.0}, {"i": 318, "x": 18094.0, "y": 11328.0}, {"i": 319, "x": 18158.0, "y": 13918.0}, {"i": 320, "x": 18342.0, "y": 29724.0}, {"i": 321, "x": 18404.0, "y": 5684.0}, {"i": 322, "x": 18448.0, "y": 21406.0}, {"i": 323, "x": 18502.0, "y": 3452.0}, {"i": 324, "x": 18504.0, "y": 10448.0}, {"i": 325, "x": 18526.0, "y": 37950.0}, {"i": 326, "x": 18662.0, "y": 18230.0}, {"i": 327, "x": 18698.0, "y": 36742.0}, {"i": 328, "x": 18718.0, "y": 11880.0}, {"i": 329, "x": 18770.0, "y": 28206.0}, {"i": 330, "x": 18784.0, "y": 18166.0}, {"i": 331, "x": 18890.0, "y": 32414.0}, {"i": 332, "x": 19014.0, "y": 7706.0}, {"i": 333, "x": 19020.0, "y": 16830.0}, {"i": 334, "x": 19122.0, "y": 2276.0}, {"i": 335, "x": 19146.0, "y": 17678.0}, {"i": 336, "x": 19182.0, "y": 29250.0}, {"i": 337, "x": 19296.0, "y": 27758.0}, {"i": 338, "x": 19374.0, "y": 36758.0}, {"i": 339, "x": 19576.0, "y": 26934.0}, {"i": 340, "x": 19576.0, "y": 38326.0}, {"i": 341, "x": 19638.0, "y": 15216.0}, {"i": 342, "x": 19646.0, "y": 22474.0}, {"i": 343, "x": 19694.0, "y": 21188.0}, {"i": 344, "x": 19746.0, "y": 9228.0}, {"i": 345, "x": 19770.0, "y": 38000.0}, {"i": 346, "x": 19810.0, "y": 22290.0}, {"i": 347, "x": 19954.0, "y": 35652.0}, {"i": 348, "x": 19958.0, "y": 13248.0}, {"i": 349, "x": 20072.0, "y": 2470.0}, {"i": 350, "x": 20074.0, "y": 25804.0}, {"i": 351, "x": 20128.0, "y": 2146.0}, {"i": 352, "x": 20190.0, "y": 38474.0}, {"i": 353, "x": 20196.0, "y": 21260.0}, {"i": 354, "x": 20204.0, "y": 26302.0}, {"i": 355, "x": 20240.0, "y": 594.0}, {"i": 356, "x": 20242.0, "y": 27392.0}, {"i": 357, "x": 20346.0, "y": 10464.0}, {"i": 358, "x": 20408.0, "y": 22668.0}, {"i": 359, "x": 20476.0, "y": 8404.0}, {"i": 360, "x": 20526.0, "y": 27590.0}, {"i": 361, "x": 20566.0, "y": 31436.0}, {"i": 362, "x": 20594.0, "y": 18102.0}, {"i": 363, "x": 20614.0, "y": 15692.0}, {"i": 364, "x": 20666.0, "y": 13242.0}, {"i": 365, "x": 20732.0, "y": 32576.0}, {"i": 366, "x": 20756.0, "y": 9646.0}, {"i": 367, "x": 20766.0, "y": 31794.0}, {"i": 368, "x": 20830.0, "y": 22962.0}, {"i": 369, "x": 20852.0, "y": 17324.0}, {"i": 370, "x": 20870.0, "y": 9198.0}, {"i": 371, "x": 20902.0, "y": 3786.0}, {"i": 372, "x": 21042.0, "y": 10288.0}, {"i": 373, "x": 21142.0, "y": 102.0}, {"i": 374, "x": 21204.0, "y": 7686.0}, {"i": 375, "x": 21244.0, "y": 38386.0}, {"i": 376, "x": 21294.0, "y": 32632.0}, {"i": 377, "x": 21294.0, "y": 38346.0}, {"i": 378, "x": 21374.0, "y": 12596.0}, {"i": 379, "x": 21386.0, "y": 18684.0}, {"i": 380, "x": 21426.0, "y": 16908.0}, {"i": 381, "x": 21574.0, "y": 12424.0}, {"i": 382, "x": 21582.0, "y": 26582.0}, {"i": 383, "x": 21604.0, "y": 32526.0}, {"i": 384, "x": 21614.0, "y": 10364.0}, {"i": 385, "x": 21640.0, "y": 28172.0}, {"i": 386, "x": 21646.0, "y": 18278.0}, {"i": 387, "x": 21672.0, "y": 41786.0}, {"i": 388, "x": 21796.0, "y": 31200.0}, {"i": 389, "x": 21802.0, "y": 19124.0}, {"i": 390, "x": 21892.0, "y": 37444.0}, {"i": 391, "x": 21914.0, "y": 1298.0}, {"i": 392, "x": 21916.0, "y": 3158.0}, {"i": 393, "x": 21994.0, "y": 32746.0}, {"i": 394, "x": 22022.0, "y": 41150.0}, {"i": 395, "x": 22124.0, "y": 18644.0}, {"i": 396, "x": 22298.0, "y": 39876.0}, {"i": 397, "x": 22338.0, "y": 40944.0}, {"i": 398, "x": 22420.0, "y": 10006.0}, {"i": 399, "x": 22472.0, "y": 1932.0}, {"i": 400, "x": 22516.0, "y": 7914.0}, {"i": 401, "x": 22520.0, "y": 16812.0}, {"i": 402, "x": 22700.0, "y": 5064.0}, {"i": 403, "x": 22870.0, "y": 38022.0}, {"i": 404, "x": 22896.0, "y": 12652.0}, {"i": 405, "x": 22898.0, "y": 24148.0}, {"i": 406, "x": 23010.0, "y": 28774.0}, {"i": 407, "x": 23042.0, "y": 27364.0}, {"i": 408, "x": 23060.0, "y": 20512.0}, {"i": 409, "x": 23060.0, "y": 21738.0}, {"i": 410, "x": 23104.0, "y": 14578.0}, {"i": 411, "x": 23130.0, "y": 31536.0}, {"i": 412, "x": 23140.0, "y": 378.0}, {"i": 413, "x": 23168.0, "y": 16438.0}, {"i": 414, "x": 23218.0, "y": 14574.0}, {"i": 415, "x": 23390.0, "y": 34900.0}, {"i": 416, "x": 23492.0, "y": 12268.0}, {"i": 417, "x": 23628.0, "y": 35312.0}, {"i": 418, "x": 23672.0, "y": 40514.0}, {"i": 419, "x": 23700.0, "y": 40400.0}, {"i": 420, "x": 23704.0, "y": 21174.0}, {"i": 421, "x": 23722.0, "y": 31120.0}, {"i": 422, "x": 23784.0, "y": 37248.0}, {"i": 423, "x": 23820.0, "y": 3062.0}, {"i": 424, "x": 23850.0, "y": 33758.0}, {"i": 425, "x": 23882.0, "y": 10926.0}, {"i": 426, "x": 24040.0, "y": 21186.0}, {"i": 427, "x": 24084.0, "y": 33508.0}, {"i": 428, "x": 24108.0, "y": 15734.0}, {"i": 429, "x": 24154.0, "y": 40230.0}, {"i": 430, "x": 24236.0, "y": 36186.0}, {"i": 431, "x": 24298.0, "y": 19546.0}, {"i": 432, "x": 24302.0, "y": 25378.0}, {"i": 433, "x": 24348.0, "y": 29634.0}, {"i": 434, "x": 24360.0, "y": 11694.0}, {"i": 435, "x": 24394.0, "y": 25528.0}, {"i": 436, "x": 24522.0, "y": 12698.0}, {"i": 437, "x": 24564.0, "y": 35634.0}, {"i": 438, "x": 24582.0, "y": 13114.0}, {"i": 439, "x": 24654.0, "y": 8838.0}, {"i": 440, "x": 24696.0, "y": 12324.0}, {"i": 441, "x": 24762.0, "y": 20498.0}, {"i": 442, "x": 24794.0, "y": 41768.0}, {"i": 443, "x": 24836.0, "y": 35976.0}, {"i": 444, "x": 24858.0, "y": 9684.0}, {"i": 445, "x": 24868.0, "y": 5540.0}, {"i": 446, "x": 25052.0, "y": 13464.0}, {"i": 447, "x": 25080.0, "y": 30504.0}, {"i": 448, "x": 25086.0, "y": 36464.0}, {"i": 449, "x": 25196.0, "y": 20492.0}, {"i": 450, "x": 25496.0, "y": 2864.0}, {"i": 451, "x": 25516.0, "y": 18674.0}, {"i": 452, "x": 25656.0, "y": 41830.0}, {"i": 453, "x": 25916.0, "y": 29148.0}, {"i": 454, "x": 26214.0, "y": 19426.0}, {"i": 455, "x": 26238.0, "y": 20624.0}, {"i": 456, "x": 26370.0, "y": 13038.0}, {"i": 457, "x": 26400.0, "y": 23456.0}, {"i": 458, "x": 26518.0, "y": 9036.0}, {"i": 459, "x": 26518.0, "y": 13324.0}, {"i": 460, "x": 26534.0, "y": 25842.0}, {"i": 461, "x": 26540.0, "y": 39560.0}, {"i": 462, "x": 26604.0, "y": 15058.0}, {"i": 463, "x": 26624.0, "y": 27914.0}, {"i": 464, "x": 26686.0, "y": 36414.0}, {"i": 465, "x": 26690.0, "y": 14516.0}, {"i": 466, "x": 26786.0, "y": 18800.0}, {"i": 467, "x": 26820.0, "y": 28250.0}, {"i": 468, "x": 26918.0, "y": 34280.0}, {"i": 469, "x": 26976.0, "y": 5268.0}, {"i": 470, "x": 26980.0, "y": 8794.0}, {"i": 471, "x": 27064.0, "y": 4930.0}, {"i": 472, "x": 27080.0, "y": 23966.0}, {"i": 473, "x": 27114.0, "y": 26876.0}, {"i": 474, "x": 27188.0, "y": 22078.0}, {"i": 475, "x": 27274.0, "y": 26530.0}, {"i": 476, "x": 27302.0, "y": 18726.0}, {"i": 477, "x": 27340.0, "y": 21056.0}, {"i": 478, "x": 27654.0, "y": 34716.0}, {"i": 479, "x": 27730.0, "y": 44.0}, {"i": 480, "x": 27816.0, "y": 39552.0}, {"i": 481, "x": 27992.0, "y": 6268.0}, {"i": 482, "x": 28076.0, "y": 1032.0}, {"i": 483, "x": 28216.0, "y": 17396.0}, {"i": 484, "x": 28252.0, "y": 13486.0}, {"i": 485, "x": 28266.0, "y": 37338.0}, {"i": 486, "x": 28268.0, "y": 40764.0}, {"i": 487, "x": 28352.0, "y": 39262.0}, {"i": 488, "x": 28384.0, "y": 18490.0}, {"i": 489, "x": 28418.0, "y": 10452.0}, {"i": 490, "x": 28508.0, "y": 22696.0}, {"i": 491, "x": 28540.0, "y": 34900.0}, {"i": 492, "x": 28626.0, "y": 9950.0}, {"i": 493, "x": 28670.0, "y": 9204.0}, {"i": 494, "x": 28790.0, "y": 41318.0}, {"i": 495, "x": 28830.0, "y": 5180.0}, {"i": 496, "x": 28864.0, "y": 3488.0}, {"i": 497, "x": 28918.0, "y": 38004.0}, {"i": 498, "x": 29194.0, "y": 30910.0}, {"i": 499, "x": 29198.0, "y": 24896.0}, {"i": 500, "x": 29296.0, "y": 7918.0}, {"i": 501, "x": 29304.0, "y": 39776.0}, {"i": 502, "x": 29392.0, "y": 17338.0}, {"i": 503, "x": 29524.0, "y": 35756.0}, {"i": 504, "x": 29532.0, "y": 12752.0}, {"i": 505, "x": 29884.0, "y": 7808.0}, {"i": 506, "x": 29926.0, "y": 28366.0}, {"i": 507, "x": 29928.0, "y": 35146.0}, {"i": 508, "x": 30008.0, "y": 5040.0}, {"i": 509, "x": 30008.0, "y": 6422.0}, {"i": 510, "x": 30152.0, "y": 38746.0}, {"i": 511, "x": 30178.0, "y": 29652.0}, {"i": 512, "x": 30180.0, "y": 17486.0}, {"i": 513, "x": 30230.0, "y": 21832.0}, {"i": 514, "x": 30388.0, "y": 7696.0}, {"i": 515, "x": 30440.0, "y": 2022.0}, {"i": 516, "x": 30518.0, "y": 35042.0}, {"i": 517, "x": 30612.0, "y": 8670.0}, {"i": 518, "x": 30690.0, "y": 14510.0}, {"i": 519, "x": 30780.0, "y": 13544.0}, {"i": 520, "x": 30850.0, "y": 5498.0}, {"i": 521, "x": 30892.0, "y": 24772.0}, {"i": 522, "x": 31004.0, "y": 24450.0}, {"i": 523, "x": 31004.0, "y": 35506.0}, {"i": 524, "x": 31026.0, "y": 38464.0}, {"i": 525, "x": 31356.0, "y": 27952.0}, {"i": 526, "x": 31396.0, "y": 3860.0}, {"i": 527, "x": 31398.0, "y": 11222.0}, {"i": 528, "x": 31466.0, "y": 15744.0}, {"i": 529, "x": 31484.0, "y": 34952.0}, {"i": 530, "x": 31510.0, "y": 6084.0}, {"i": 531, "x": 31732.0, "y": 16860.0}, {"i": 532, "x": 31744.0, "y": 26902.0}, {"i": 533, "x": 31758.0, "y": 33864.0}, {"i": 534, "x": 31766.0, "y": 11806.0}, {"i": 535, "x": 31838.0, "y": 35712.0}, {"i": 536, "x": 31968.0, "y": 20130.0}, {"i": 537, "x": 31974.0, "y": 16040.0}, {"i": 538, "x": 31974.0, "y": 28284.0}, {"i": 539, "x": 32012.0, "y": 12002.0}, {"i": 540, "x": 32088.0, "y": 26636.0}, {"i": 541, "x": 32122.0, "y": 27354.0}, {"i": 542, "x": 32154.0, "y": 9182.0}, {"i": 543, "x": 32172.0, "y": 25958.0}, {"i": 544, "x": 32306.0, "y": 14250.0}, {"i": 545, "x": 32376.0, "y": 25550.0}, {"i": 546, "x": 32392.0, "y": 14072.0}, {"i": 547, "x": 32394.0, "y": 1208.0}, {"i": 548, "x": 32456.0, "y": 28908.0}, {"i": 549, "x": 32670.0, "y": 23998.0}, {"i": 550, "x": 32684.0, "y": 13534.0}, {"i": 551, "x": 32688.0, "y": 27354.0}, {"i": 552, "x": 32710.0, "y": 15152.0}, {"i": 553, "x": 32754.0, "y": 9726.0}, {"i": 554, "x": 32868.0, "y": 20774.0}, {"i": 555, "x": 33048.0, "y": 12424.0}, {"i": 556, "x": 33156.0, "y": 1178.0}, {"i": 557, "x": 33192.0, "y": 14078.0}, {"i": 558, "x": 33214.0, "y": 25244.0}, {"i": 559, "x": 33260.0, "y": 36474.0}, {"i": 560, "x": 33338.0, "y": 22488.0}, {"i": 561, "x": 33454.0, "y": 29950.0}, {"i": 562, "x": 33512.0, "y": 29312.0}, {"i": 563, "x": 33522.0, "y": 39456.0}, {"i": 564, "x": 33546.0, "y": 3844.0}, {"i": 565, "x": 33654.0, "y": 39748.0}, {"i": 566, "x": 33696.0, "y": 19214.0}, {"i": 567, "x": 33784.0, "y": 18006.0}, {"i": 568, "x": 33800.0, "y": 6632.0}, {"i": 569, "x": 33866.0, "y": 19674.0}, {"i": 570, "x": 33900.0, "y": 40430.0}, {"i": 571, "x": 34098.0, "y": 39892.0}, {"i": 572, "x": 34116.0, "y": 16894.0}, {"i": 573, "x": 34120.0, "y": 17736.0}, {"i": 574, "x": 34156.0, "y": 23400.0}, {"i": 575, "x": 34238.0, "y": 37610.0}, {"i": 576, "x": 34288.0, "y": 12122.0}, {"i": 577, "x": 34292.0, "y": 11912.0}, {"i": 578, "x": 34306.0, "y": 2760.0}, {"i": 579, "x": 34308.0, "y": 7386.0}, {"i": 580, "x": 34336.0, "y": 6452.0}, {"i": 581, "x": 34380.0, "y": 14728.0}, {"i": 582, "x": 34380.0, "y": 39712.0}, {"i": 583, "x": 34424.0, "y": 30724.0}, {"i": 584, "x": 34484.0, "y": 7402.0}, {"i": 585, "x": 34612.0, "y": 16542.0}, {"i": 586, "x": 34638.0, "y": 39662.0}, {"i": 587, "x": 34718.0, "y": 24682.0}, {"i": 588, "x": 34828.0, "y": 30206.0}, {"i": 589, "x": 34844.0, "y": 19976.0}, {"i": 590, "x": 34852.0, "y": 28158.0}, {"i": 591, "x": 35068.0, "y": 1976.0}, {"i": 592, "x": 35102.0, "y": 24764.0}, {"i": 593, "x": 35200.0, "y": 18950.0}, {"i": 594, "x": 35322.0, "y": 13802.0}, {"i": 595, "x": 35410.0, "y": 24590.0}, {"i": 596, "x": 35500.0, "y": 20044.0}, {"i": 597, "x": 35642.0, "y": 19972.0}, {"i": 598, "x": 35766.0, "y": 29768.0}, {"i": 599, "x": 35808.0, "y": 31400.0}, {"i": 600, "x": 35834.0, "y": 33090.0}, {"i": 601, "x": 35866.0, "y": 41226.0}, {"i": 602, "x": 35888.0, "y": 22052.0}, {"i": 603, "x": 35890.0, "y": 16496.0}, {"i": 604, "x": 35954.0, "y": 41560.0}, {"i": 605, "x": 35992.0, "y": 30448.0}, {"i": 606, "x": 35992.0, "y": 33610.0}, {"i": 607, "x": 36082.0, "y": 15354.0}, {"i": 608, "x": 36136.0, "y": 30.0}, {"i": 609, "x": 36162.0, "y": 9768.0}, {"i": 610, "x": 36166.0, "y": 3894.0}, {"i": 611, "x": 36234.0, "y": 5500.0}, {"i": 612, "x": 36466.0, "y": 7756.0}, {"i": 613, "x": 36472.0, "y": 37662.0}, {"i": 614, "x": 36676.0, "y": 30202.0}, {"i": 615, "x": 36836.0, "y": 25234.0}, {"i": 616, "x": 36864.0, "y": 16424.0}, {"i": 617, "x": 36952.0, "y": 24782.0}, {"i": 618, "x": 36994.0, "y": 15230.0}, {"i": 619, "x": 37166.0, "y": 22402.0}, {"i": 620, "x": 37396.0, "y": 38026.0}, {"i": 621, "x": 37476.0, "y": 32594.0}, {"i": 622, "x": 37490.0, "y": 10270.0}, {"i": 623, "x": 37494.0, "y": 16362.0}, {"i": 624, "x": 37518.0, "y": 37618.0}, {"i": 625, "x": 37608.0, "y": 14668.0}, {"i": 626, "x": 37628.0, "y": 20710.0}, {"i": 627, "x": 37638.0, "y": 8624.0}, {"i": 628, "x": 37662.0, "y": 38302.0}, {"i": 629, "x": 37726.0, "y": 22872.0}, {"i": 630, "x": 37874.0, "y": 14050.0}, {"i": 631, "x": 37910.0, "y": 41362.0}, {"i": 632, "x": 37922.0, "y": 20244.0}, {"i": 633, "x": 37992.0, "y": 31058.0}, {"i": 634, "x": 38022.0, "y": 1914.0}, {"i": 635, "x": 38042.0, "y": 22386.0}, {"i": 636, "x": 38042.0, "y": 30380.0}, {"i": 637, "x": 38052.0, "y": 17692.0}, {"i": 638, "x": 38146.0, "y": 38378.0}, {"i": 639, "x": 38206.0, "y": 5046.0}, {"i": 640, "x": 38278.0, "y": 36672.0}, {"i": 641, "x": 38350.0, "y": 8508.0}, {"i": 642, "x": 38412.0, "y": 30476.0}, {"i": 643, "x": 38448.0, "y": 11238.0}, {"i": 644, "x": 38538.0, "y": 4908.0}, {"i": 645, "x": 38540.0, "y": 31140.0}, {"i": 646, "x": 38694.0, "y": 38898.0}, {"i": 647, "x": 38724.0, "y": 29170.0}, {"i": 648, "x": 38752.0, "y": 27904.0}, {"i": 649, "x": 38844.0, "y": 16812.0}, {"i": 650, "x": 38854.0, "y": 15096.0}, {"i": 651, "x": 38866.0, "y": 12016.0}, {"i": 652, "x": 38872.0, "y": 27782.0}, {"i": 653, "x": 39060.0, "y": 16004.0}, {"i": 654, "x": 39070.0, "y": 16016.0}, {"i": 655, "x": 39200.0, "y": 12740.0}, {"i": 656, "x": 39276.0, "y": 14378.0}, {"i": 657, "x": 39354.0, "y": 23318.0}, {"i": 658, "x": 39414.0, "y": 31194.0}, {"i": 659, "x": 39436.0, "y": 30776.0}, {"i": 660, "x": 39594.0, "y": 2828.0}, {"i": 661, "x": 39692.0, "y": 40134.0}, {"i": 662, "x": 39750.0, "y": 6366.0}, {"i": 663, "x": 39930.0, "y": 33750.0}, {"i": 664, "x": 39982.0, "y": 36734.0}, {"i": 665, "x": 40022.0, "y": 22398.0}, {"i": 666, "x": 40044.0, "y": 18072.0}, {"i": 667, "x": 40060.0, "y": 7058.0}, {"i": 668, "x": 40144.0, "y": 18842.0}, {"i": 669, "x": 40262.0, "y": 28524.0}, {"i": 670, "x": 40350.0, "y": 16200.0}, {"i": 671, "x": 40368.0, "y": 16660.0}, {"i": 672, "x": 40438.0, "y": 41792.0}, {"i": 673, "x": 40500.0, "y": 3106.0}, {"i": 674, "x": 40516.0, "y": 29612.0}, {"i": 675, "x": 40740.0, "y": 35574.0}, {"i": 676, "x": 40866.0, "y": 21746.0}, {"i": 677, "x": 40922.0, "y": 6092.0}, {"i": 678, "x": 41034.0, "y": 20650.0}, {"i": 679, "x": 41124.0, "y": 7696.0}, {"i": 680, "x": 41134.0, "y": 21012.0}, {"i": 681, "x": 41180.0, "y": 720.0}, {"i": 682, "x": 41208.0, "y": 39572.0}, {"i": 683, "x": 41266.0, "y": 32384.0}, {"i": 684, "x": 41294.0, "y": 33722.0}, {"i": 685, "x": 41296.0, "y": 6140.0}, {"i": 686, "x": 41320.0, "y": 38792.0}, {"i": 687, "x": 41334.0, "y": 1574.0}, {"i": 688, "x": 41342.0, "y": 25670.0}, {"i": 689, "x": 41384.0, "y": 14832.0}, {"i": 690, "x": 41410.0, "y": 6810.0}, {"i": 691, "x": 41494.0, "y": 21738.0}, {"i": 692, "x": 41544.0, "y": 11896.0}, {"i": 693, "x": 41558.0, "y": 22860.0}, {"i": 694, "x": 41734.0, "y": 25126.0}, {"i": 695, "x": 41820.0, "y": 17158.0}, {"i": 696, "x": 41846.0, "y": 4544.0}, {"i": 697, "x": 41874.0, "y": 13110.0}, {"i": 698, "x": 41932.0, "y": 17938.0}, {"i": 699, "x": 41958.0, "y": 8958.0}], "type": "Instance", "name": "uniform-0000700-2", "meta": {"comment": "HIP random 2-dimensional integral point set (700 points), distribution 'uniform'", "faces_in_delaunay": 1380}}