{"points": [{"i": 0, "x": 18.0, "y": 1396.0}, {"i": 1, "x": 42.0, "y": 22.0}, {"i": 2, "x": 128.0, "y": 662.0}, {"i": 3, "x": 150.0, "y": 348.0}, {"i": 4, "x": 246.0, "y": 858.0}, {"i": 5, "x": 248.0, "y": 396.0}, {"i": 6, "x": 270.0, "y": 1428.0}, {"i": 7, "x": 308.0, "y": 1568.0}, {"i": 8, "x": 318.0, "y": 1356.0}, {"i": 9, "x": 320.0, "y": 1126.0}, {"i": 10, "x": 468.0, "y": 360.0}, {"i": 11, "x": 524.0, "y": 1766.0}, {"i": 12, "x": 604.0, "y": 2084.0}, {"i": 13, "x": 670.0, "y": 1564.0}, {"i": 14, "x": 786.0, "y": 1618.0}, {"i": 15, "x": 992.0, "y": 774.0}, {"i": 16, "x": 1038.0, "y": 1628.0}, {"i": 17, "x": 1122.0, "y": 1924.0}, {"i": 18, "x": 1156.0, "y": 1968.0}, {"i": 19, "x": 1206.0, "y": 888.0}, {"i": 20, "x": 1384.0, "y": 868.0}, {"i": 21, "x": 1398.0, "y": 456.0}, {"i": 22, "x": 1420.0, "y": 228.0}, {"i": 23, "x": 1468.0, "y": 940.0}, {"i": 24, "x": 1626.0, "y": 128.0}, {"i": 25, "x": 1628.0, "y": 970.0}, {"i": 26, "x": 1638.0, "y": 918.0}, {"i": 27, "x": 1660.0, "y": 1816.0}, {"i": 28, "x": 1742.0, "y": 1700.0}, {"i": 29, "x": 1776.0, "y": 1472.0}, {"i": 30, "x": 1796.0, "y": 1048.0}, {"i": 31, "x": 1946.0, "y": 176.0}, {"i": 32, "x": 1998.0, "y": 1108.0}, {"i": 33, "x": 2032.0, "y": 1772.0}, {"i": 34, "x": 2048.0, "y": 1544.0}], "type": "Instance", "name": "uniform-0000035-2", "meta": {"comment": "HIP random 2-dimensional integral point set (35 points), distribution 'uniform'", "faces_in_delaunay": 60}}