{"points": [{"i": 0, "x": 36.0, "y": 3840.0}, {"i": 1, "x": 166.0, "y": 16890.0}, {"i": 2, "x": 276.0, "y": 9540.0}, {"i": 3, "x": 286.0, "y": 11656.0}, {"i": 4, "x": 512.0, "y": 8634.0}, {"i": 5, "x": 578.0, "y": 17850.0}, {"i": 6, "x": 620.0, "y": 17390.0}, {"i": 7, "x": 630.0, "y": 4192.0}, {"i": 8, "x": 678.0, "y": 6766.0}, {"i": 9, "x": 692.0, "y": 4372.0}, {"i": 10, "x": 724.0, "y": 11752.0}, {"i": 11, "x": 810.0, "y": 17692.0}, {"i": 12, "x": 814.0, "y": 4970.0}, {"i": 13, "x": 1048.0, "y": 2910.0}, {"i": 14, "x": 1112.0, "y": 17052.0}, {"i": 15, "x": 1204.0, "y": 13072.0}, {"i": 16, "x": 1222.0, "y": 8970.0}, {"i": 17, "x": 1276.0, "y": 10426.0}, {"i": 18, "x": 1298.0, "y": 8272.0}, {"i": 19, "x": 1306.0, "y": 3698.0}, {"i": 20, "x": 1318.0, "y": 17808.0}, {"i": 21, "x": 1334.0, "y": 10156.0}, {"i": 22, "x": 1336.0, "y": 3022.0}, {"i": 23, "x": 1486.0, "y": 7788.0}, {"i": 24, "x": 1516.0, "y": 2150.0}, {"i": 25, "x": 1518.0, "y": 15506.0}, {"i": 26, "x": 1540.0, "y": 5002.0}, {"i": 27, "x": 1600.0, "y": 1780.0}, {"i": 28, "x": 1642.0, "y": 432.0}, {"i": 29, "x": 1674.0, "y": 7636.0}, {"i": 30, "x": 1714.0, "y": 3192.0}, {"i": 31, "x": 1732.0, "y": 17154.0}, {"i": 32, "x": 1772.0, "y": 12622.0}, {"i": 33, "x": 1870.0, "y": 14104.0}, {"i": 34, "x": 1902.0, "y": 2500.0}, {"i": 35, "x": 1944.0, "y": 8338.0}, {"i": 36, "x": 2172.0, "y": 3398.0}, {"i": 37, "x": 2228.0, "y": 4902.0}, {"i": 38, "x": 2258.0, "y": 9790.0}, {"i": 39, "x": 2312.0, "y": 6516.0}, {"i": 40, "x": 2352.0, "y": 3112.0}, {"i": 41, "x": 2356.0, "y": 15864.0}, {"i": 42, "x": 2362.0, "y": 12620.0}, {"i": 43, "x": 2520.0, "y": 3660.0}, {"i": 44, "x": 2520.0, "y": 15598.0}, {"i": 45, "x": 2544.0, "y": 2110.0}, {"i": 46, "x": 2750.0, "y": 5434.0}, {"i": 47, "x": 2798.0, "y": 11248.0}, {"i": 48, "x": 2800.0, "y": 6822.0}, {"i": 49, "x": 2872.0, "y": 17372.0}, {"i": 50, "x": 2904.0, "y": 918.0}, {"i": 51, "x": 2950.0, "y": 6214.0}, {"i": 52, "x": 3014.0, "y": 15502.0}, {"i": 53, "x": 3260.0, "y": 5652.0}, {"i": 54, "x": 3496.0, "y": 670.0}, {"i": 55, "x": 3580.0, "y": 1282.0}, {"i": 56, "x": 3602.0, "y": 8146.0}, {"i": 57, "x": 3670.0, "y": 9602.0}, {"i": 58, "x": 3732.0, "y": 1392.0}, {"i": 59, "x": 3736.0, "y": 964.0}, {"i": 60, "x": 3766.0, "y": 7784.0}, {"i": 61, "x": 3822.0, "y": 7430.0}, {"i": 62, "x": 3966.0, "y": 8004.0}, {"i": 63, "x": 3994.0, "y": 12150.0}, {"i": 64, "x": 4052.0, "y": 8220.0}, {"i": 65, "x": 4054.0, "y": 12942.0}, {"i": 66, "x": 4196.0, "y": 14310.0}, {"i": 67, "x": 4408.0, "y": 7502.0}, {"i": 68, "x": 4530.0, "y": 13142.0}, {"i": 69, "x": 4542.0, "y": 5536.0}, {"i": 70, "x": 4546.0, "y": 5680.0}, {"i": 71, "x": 4644.0, "y": 8686.0}, {"i": 72, "x": 4662.0, "y": 8218.0}, {"i": 73, "x": 4730.0, "y": 17662.0}, {"i": 74, "x": 4758.0, "y": 15688.0}, {"i": 75, "x": 4758.0, "y": 17668.0}, {"i": 76, "x": 4836.0, "y": 14980.0}, {"i": 77, "x": 5012.0, "y": 6414.0}, {"i": 78, "x": 5022.0, "y": 7394.0}, {"i": 79, "x": 5066.0, "y": 14104.0}, {"i": 80, "x": 5070.0, "y": 2508.0}, {"i": 81, "x": 5214.0, "y": 17038.0}, {"i": 82, "x": 5264.0, "y": 15022.0}, {"i": 83, "x": 5322.0, "y": 10978.0}, {"i": 84, "x": 5348.0, "y": 2220.0}, {"i": 85, "x": 5502.0, "y": 11232.0}, {"i": 86, "x": 5518.0, "y": 9690.0}, {"i": 87, "x": 5520.0, "y": 14478.0}, {"i": 88, "x": 5572.0, "y": 2404.0}, {"i": 89, "x": 5678.0, "y": 4998.0}, {"i": 90, "x": 5686.0, "y": 4418.0}, {"i": 91, "x": 5778.0, "y": 14182.0}, {"i": 92, "x": 5778.0, "y": 15982.0}, {"i": 93, "x": 5798.0, "y": 3210.0}, {"i": 94, "x": 5864.0, "y": 5680.0}, {"i": 95, "x": 5924.0, "y": 8806.0}, {"i": 96, "x": 5960.0, "y": 3164.0}, {"i": 97, "x": 5964.0, "y": 16798.0}, {"i": 98, "x": 6048.0, "y": 7394.0}, {"i": 99, "x": 6052.0, "y": 17240.0}, {"i": 100, "x": 6206.0, "y": 9974.0}, {"i": 101, "x": 6212.0, "y": 2182.0}, {"i": 102, "x": 6246.0, "y": 738.0}, {"i": 103, "x": 6416.0, "y": 11938.0}, {"i": 104, "x": 6444.0, "y": 4154.0}, {"i": 105, "x": 6508.0, "y": 7978.0}, {"i": 106, "x": 6628.0, "y": 16090.0}, {"i": 107, "x": 6660.0, "y": 2556.0}, {"i": 108, "x": 6696.0, "y": 1778.0}, {"i": 109, "x": 6816.0, "y": 6272.0}, {"i": 110, "x": 6846.0, "y": 11628.0}, {"i": 111, "x": 6958.0, "y": 13478.0}, {"i": 112, "x": 7058.0, "y": 17510.0}, {"i": 113, "x": 7142.0, "y": 14944.0}, {"i": 114, "x": 7262.0, "y": 16424.0}, {"i": 115, "x": 7330.0, "y": 1672.0}, {"i": 116, "x": 7432.0, "y": 4186.0}, {"i": 117, "x": 7464.0, "y": 6526.0}, {"i": 118, "x": 7494.0, "y": 830.0}, {"i": 119, "x": 7506.0, "y": 15154.0}, {"i": 120, "x": 7554.0, "y": 2502.0}, {"i": 121, "x": 7924.0, "y": 6610.0}, {"i": 122, "x": 7946.0, "y": 4764.0}, {"i": 123, "x": 7992.0, "y": 8328.0}, {"i": 124, "x": 8070.0, "y": 7188.0}, {"i": 125, "x": 8092.0, "y": 13050.0}, {"i": 126, "x": 8094.0, "y": 17518.0}, {"i": 127, "x": 8136.0, "y": 8628.0}, {"i": 128, "x": 8206.0, "y": 17826.0}, {"i": 129, "x": 8324.0, "y": 5724.0}, {"i": 130, "x": 8330.0, "y": 4834.0}, {"i": 131, "x": 8560.0, "y": 9334.0}, {"i": 132, "x": 8584.0, "y": 2922.0}, {"i": 133, "x": 8608.0, "y": 7630.0}, {"i": 134, "x": 8672.0, "y": 14934.0}, {"i": 135, "x": 8794.0, "y": 6670.0}, {"i": 136, "x": 8888.0, "y": 3888.0}, {"i": 137, "x": 8896.0, "y": 10568.0}, {"i": 138, "x": 8950.0, "y": 4850.0}, {"i": 139, "x": 8952.0, "y": 8812.0}, {"i": 140, "x": 8954.0, "y": 6566.0}, {"i": 141, "x": 8986.0, "y": 5002.0}, {"i": 142, "x": 9026.0, "y": 9192.0}, {"i": 143, "x": 9030.0, "y": 4874.0}, {"i": 144, "x": 9122.0, "y": 9332.0}, {"i": 145, "x": 9154.0, "y": 15160.0}, {"i": 146, "x": 9186.0, "y": 5058.0}, {"i": 147, "x": 9302.0, "y": 16246.0}, {"i": 148, "x": 9348.0, "y": 7110.0}, {"i": 149, "x": 9394.0, "y": 3394.0}, {"i": 150, "x": 9416.0, "y": 3682.0}, {"i": 151, "x": 9570.0, "y": 5604.0}, {"i": 152, "x": 9650.0, "y": 8424.0}, {"i": 153, "x": 9768.0, "y": 6328.0}, {"i": 154, "x": 9866.0, "y": 4740.0}, {"i": 155, "x": 9906.0, "y": 14292.0}, {"i": 156, "x": 10130.0, "y": 11364.0}, {"i": 157, "x": 10194.0, "y": 16262.0}, {"i": 158, "x": 10232.0, "y": 2858.0}, {"i": 159, "x": 10280.0, "y": 2234.0}, {"i": 160, "x": 10328.0, "y": 13994.0}, {"i": 161, "x": 10360.0, "y": 15296.0}, {"i": 162, "x": 10376.0, "y": 3116.0}, {"i": 163, "x": 10406.0, "y": 1862.0}, {"i": 164, "x": 10448.0, "y": 4076.0}, {"i": 165, "x": 10458.0, "y": 2522.0}, {"i": 166, "x": 10514.0, "y": 12212.0}, {"i": 167, "x": 10552.0, "y": 5902.0}, {"i": 168, "x": 10564.0, "y": 6236.0}, {"i": 169, "x": 10708.0, "y": 5452.0}, {"i": 170, "x": 10834.0, "y": 7090.0}, {"i": 171, "x": 10840.0, "y": 10970.0}, {"i": 172, "x": 10934.0, "y": 11850.0}, {"i": 173, "x": 10938.0, "y": 1706.0}, {"i": 174, "x": 10974.0, "y": 6228.0}, {"i": 175, "x": 10978.0, "y": 16690.0}, {"i": 176, "x": 11066.0, "y": 662.0}, {"i": 177, "x": 11148.0, "y": 16668.0}, {"i": 178, "x": 11158.0, "y": 16170.0}, {"i": 179, "x": 11262.0, "y": 730.0}, {"i": 180, "x": 11336.0, "y": 58.0}, {"i": 181, "x": 11398.0, "y": 1298.0}, {"i": 182, "x": 11424.0, "y": 13308.0}, {"i": 183, "x": 11520.0, "y": 15874.0}, {"i": 184, "x": 11566.0, "y": 2158.0}, {"i": 185, "x": 11598.0, "y": 16342.0}, {"i": 186, "x": 11670.0, "y": 6476.0}, {"i": 187, "x": 11692.0, "y": 1716.0}, {"i": 188, "x": 11700.0, "y": 15636.0}, {"i": 189, "x": 11704.0, "y": 6944.0}, {"i": 190, "x": 11706.0, "y": 12028.0}, {"i": 191, "x": 11754.0, "y": 12272.0}, {"i": 192, "x": 11928.0, "y": 1080.0}, {"i": 193, "x": 11946.0, "y": 11768.0}, {"i": 194, "x": 11966.0, "y": 12982.0}, {"i": 195, "x": 12068.0, "y": 10506.0}, {"i": 196, "x": 12312.0, "y": 2930.0}, {"i": 197, "x": 12314.0, "y": 1744.0}, {"i": 198, "x": 12350.0, "y": 622.0}, {"i": 199, "x": 12366.0, "y": 12792.0}, {"i": 200, "x": 12412.0, "y": 6908.0}, {"i": 201, "x": 12438.0, "y": 7780.0}, {"i": 202, "x": 12492.0, "y": 4608.0}, {"i": 203, "x": 12522.0, "y": 2298.0}, {"i": 204, "x": 12572.0, "y": 9894.0}, {"i": 205, "x": 12682.0, "y": 15044.0}, {"i": 206, "x": 12776.0, "y": 13464.0}, {"i": 207, "x": 12842.0, "y": 6996.0}, {"i": 208, "x": 12886.0, "y": 9872.0}, {"i": 209, "x": 12892.0, "y": 12214.0}, {"i": 210, "x": 12918.0, "y": 17546.0}, {"i": 211, "x": 13102.0, "y": 1546.0}, {"i": 212, "x": 13280.0, "y": 12088.0}, {"i": 213, "x": 13290.0, "y": 3814.0}, {"i": 214, "x": 13372.0, "y": 2122.0}, {"i": 215, "x": 13398.0, "y": 11110.0}, {"i": 216, "x": 13432.0, "y": 15702.0}, {"i": 217, "x": 13484.0, "y": 5022.0}, {"i": 218, "x": 13520.0, "y": 12322.0}, {"i": 219, "x": 13562.0, "y": 7906.0}, {"i": 220, "x": 13612.0, "y": 10478.0}, {"i": 221, "x": 13646.0, "y": 14856.0}, {"i": 222, "x": 13682.0, "y": 8096.0}, {"i": 223, "x": 13686.0, "y": 68.0}, {"i": 224, "x": 13716.0, "y": 7284.0}, {"i": 225, "x": 13760.0, "y": 16974.0}, {"i": 226, "x": 13804.0, "y": 13634.0}, {"i": 227, "x": 13818.0, "y": 4804.0}, {"i": 228, "x": 13838.0, "y": 17184.0}, {"i": 229, "x": 13930.0, "y": 5426.0}, {"i": 230, "x": 14044.0, "y": 2254.0}, {"i": 231, "x": 14204.0, "y": 14918.0}, {"i": 232, "x": 14240.0, "y": 6830.0}, {"i": 233, "x": 14242.0, "y": 12732.0}, {"i": 234, "x": 14276.0, "y": 7494.0}, {"i": 235, "x": 14436.0, "y": 4458.0}, {"i": 236, "x": 14442.0, "y": 14194.0}, {"i": 237, "x": 14456.0, "y": 5486.0}, {"i": 238, "x": 14516.0, "y": 7386.0}, {"i": 239, "x": 14520.0, "y": 2064.0}, {"i": 240, "x": 14548.0, "y": 1336.0}, {"i": 241, "x": 14638.0, "y": 3820.0}, {"i": 242, "x": 14660.0, "y": 15564.0}, {"i": 243, "x": 14666.0, "y": 9216.0}, {"i": 244, "x": 14674.0, "y": 10532.0}, {"i": 245, "x": 14744.0, "y": 14562.0}, {"i": 246, "x": 15008.0, "y": 2078.0}, {"i": 247, "x": 15022.0, "y": 5186.0}, {"i": 248, "x": 15154.0, "y": 9468.0}, {"i": 249, "x": 15264.0, "y": 11436.0}, {"i": 250, "x": 15274.0, "y": 17818.0}, {"i": 251, "x": 15288.0, "y": 7524.0}, {"i": 252, "x": 15326.0, "y": 7156.0}, {"i": 253, "x": 15346.0, "y": 17022.0}, {"i": 254, "x": 15582.0, "y": 5032.0}, {"i": 255, "x": 15620.0, "y": 10576.0}, {"i": 256, "x": 15676.0, "y": 7910.0}, {"i": 257, "x": 15778.0, "y": 16566.0}, {"i": 258, "x": 15860.0, "y": 13600.0}, {"i": 259, "x": 15876.0, "y": 14026.0}, {"i": 260, "x": 15934.0, "y": 9608.0}, {"i": 261, "x": 15976.0, "y": 4192.0}, {"i": 262, "x": 15988.0, "y": 778.0}, {"i": 263, "x": 16098.0, "y": 8020.0}, {"i": 264, "x": 16102.0, "y": 17020.0}, {"i": 265, "x": 16166.0, "y": 8636.0}, {"i": 266, "x": 16176.0, "y": 11754.0}, {"i": 267, "x": 16216.0, "y": 12016.0}, {"i": 268, "x": 16230.0, "y": 2102.0}, {"i": 269, "x": 16322.0, "y": 10558.0}, {"i": 270, "x": 16354.0, "y": 3830.0}, {"i": 271, "x": 16390.0, "y": 15990.0}, {"i": 272, "x": 16426.0, "y": 2314.0}, {"i": 273, "x": 16444.0, "y": 7704.0}, {"i": 274, "x": 16480.0, "y": 13786.0}, {"i": 275, "x": 16484.0, "y": 11804.0}, {"i": 276, "x": 16518.0, "y": 7088.0}, {"i": 277, "x": 16738.0, "y": 5436.0}, {"i": 278, "x": 16752.0, "y": 9596.0}, {"i": 279, "x": 16766.0, "y": 3380.0}, {"i": 280, "x": 16796.0, "y": 7716.0}, {"i": 281, "x": 16804.0, "y": 11002.0}, {"i": 282, "x": 17034.0, "y": 13366.0}, {"i": 283, "x": 17080.0, "y": 15214.0}, {"i": 284, "x": 17106.0, "y": 6106.0}, {"i": 285, "x": 17166.0, "y": 10084.0}, {"i": 286, "x": 17182.0, "y": 1592.0}, {"i": 287, "x": 17226.0, "y": 8616.0}, {"i": 288, "x": 17242.0, "y": 10964.0}, {"i": 289, "x": 17276.0, "y": 3154.0}, {"i": 290, "x": 17524.0, "y": 16820.0}, {"i": 291, "x": 17534.0, "y": 14726.0}, {"i": 292, "x": 17610.0, "y": 1146.0}, {"i": 293, "x": 17724.0, "y": 9426.0}, {"i": 294, "x": 17810.0, "y": 8882.0}, {"i": 295, "x": 17856.0, "y": 15882.0}, {"i": 296, "x": 17856.0, "y": 17114.0}, {"i": 297, "x": 17904.0, "y": 7450.0}, {"i": 298, "x": 17954.0, "y": 12974.0}, {"i": 299, "x": 17990.0, "y": 11482.0}], "type": "Instance", "name": "uniform-0000300-2", "meta": {"comment": "HIP random 2-dimensional integral point set (300 points), distribution 'uniform'", "faces_in_delaunay": 587}}