{"points": [{"i": 0, "x": 24.0, "y": 9694.0}, {"i": 1, "x": 82.0, "y": 28152.0}, {"i": 2, "x": 134.0, "y": 3494.0}, {"i": 3, "x": 156.0, "y": 23120.0}, {"i": 4, "x": 272.0, "y": 5370.0}, {"i": 5, "x": 346.0, "y": 29936.0}, {"i": 6, "x": 358.0, "y": 10970.0}, {"i": 7, "x": 404.0, "y": 5850.0}, {"i": 8, "x": 414.0, "y": 34708.0}, {"i": 9, "x": 500.0, "y": 16418.0}, {"i": 10, "x": 600.0, "y": 16792.0}, {"i": 11, "x": 618.0, "y": 34502.0}, {"i": 12, "x": 642.0, "y": 32436.0}, {"i": 13, "x": 680.0, "y": 18996.0}, {"i": 14, "x": 706.0, "y": 23230.0}, {"i": 15, "x": 734.0, "y": 7890.0}, {"i": 16, "x": 744.0, "y": 30722.0}, {"i": 17, "x": 772.0, "y": 7884.0}, {"i": 18, "x": 834.0, "y": 10630.0}, {"i": 19, "x": 884.0, "y": 16316.0}, {"i": 20, "x": 1058.0, "y": 4586.0}, {"i": 21, "x": 1104.0, "y": 7420.0}, {"i": 22, "x": 1108.0, "y": 11702.0}, {"i": 23, "x": 1144.0, "y": 4608.0}, {"i": 24, "x": 1206.0, "y": 9914.0}, {"i": 25, "x": 1242.0, "y": 17598.0}, {"i": 26, "x": 1372.0, "y": 26398.0}, {"i": 27, "x": 1444.0, "y": 10180.0}, {"i": 28, "x": 1462.0, "y": 29746.0}, {"i": 29, "x": 1488.0, "y": 9536.0}, {"i": 30, "x": 1488.0, "y": 34884.0}, {"i": 31, "x": 1528.0, "y": 17036.0}, {"i": 32, "x": 1598.0, "y": 3386.0}, {"i": 33, "x": 1684.0, "y": 26584.0}, {"i": 34, "x": 1736.0, "y": 15740.0}, {"i": 35, "x": 1790.0, "y": 19564.0}, {"i": 36, "x": 1842.0, "y": 33816.0}, {"i": 37, "x": 1944.0, "y": 15342.0}, {"i": 38, "x": 2044.0, "y": 31550.0}, {"i": 39, "x": 2124.0, "y": 8706.0}, {"i": 40, "x": 2156.0, "y": 29884.0}, {"i": 41, "x": 2194.0, "y": 16730.0}, {"i": 42, "x": 2246.0, "y": 7954.0}, {"i": 43, "x": 2420.0, "y": 35054.0}, {"i": 44, "x": 2426.0, "y": 7742.0}, {"i": 45, "x": 2526.0, "y": 23870.0}, {"i": 46, "x": 2556.0, "y": 3312.0}, {"i": 47, "x": 2636.0, "y": 32700.0}, {"i": 48, "x": 2654.0, "y": 5330.0}, {"i": 49, "x": 2692.0, "y": 27908.0}, {"i": 50, "x": 2774.0, "y": 10780.0}, {"i": 51, "x": 2832.0, "y": 8830.0}, {"i": 52, "x": 2870.0, "y": 5074.0}, {"i": 53, "x": 2872.0, "y": 24088.0}, {"i": 54, "x": 2918.0, "y": 15896.0}, {"i": 55, "x": 3016.0, "y": 16742.0}, {"i": 56, "x": 3046.0, "y": 3414.0}, {"i": 57, "x": 3060.0, "y": 3502.0}, {"i": 58, "x": 3178.0, "y": 22962.0}, {"i": 59, "x": 3242.0, "y": 28240.0}, {"i": 60, "x": 3248.0, "y": 17744.0}, {"i": 61, "x": 3280.0, "y": 26760.0}, {"i": 62, "x": 3282.0, "y": 29158.0}, {"i": 63, "x": 3282.0, "y": 31142.0}, {"i": 64, "x": 3300.0, "y": 34028.0}, {"i": 65, "x": 3304.0, "y": 18886.0}, {"i": 66, "x": 3366.0, "y": 1526.0}, {"i": 67, "x": 3380.0, "y": 98.0}, {"i": 68, "x": 3418.0, "y": 1372.0}, {"i": 69, "x": 3436.0, "y": 16884.0}, {"i": 70, "x": 3548.0, "y": 23246.0}, {"i": 71, "x": 3570.0, "y": 31000.0}, {"i": 72, "x": 3670.0, "y": 28970.0}, {"i": 73, "x": 3672.0, "y": 28422.0}, {"i": 74, "x": 3722.0, "y": 21936.0}, {"i": 75, "x": 3736.0, "y": 30114.0}, {"i": 76, "x": 3742.0, "y": 28306.0}, {"i": 77, "x": 3748.0, "y": 25688.0}, {"i": 78, "x": 3750.0, "y": 1466.0}, {"i": 79, "x": 3806.0, "y": 7524.0}, {"i": 80, "x": 3836.0, "y": 1804.0}, {"i": 81, "x": 3852.0, "y": 16374.0}, {"i": 82, "x": 3860.0, "y": 4428.0}, {"i": 83, "x": 3862.0, "y": 3368.0}, {"i": 84, "x": 3902.0, "y": 2784.0}, {"i": 85, "x": 3974.0, "y": 15734.0}, {"i": 86, "x": 4002.0, "y": 23264.0}, {"i": 87, "x": 4028.0, "y": 2982.0}, {"i": 88, "x": 4040.0, "y": 8016.0}, {"i": 89, "x": 4044.0, "y": 732.0}, {"i": 90, "x": 4086.0, "y": 7242.0}, {"i": 91, "x": 4250.0, "y": 32612.0}, {"i": 92, "x": 4358.0, "y": 13142.0}, {"i": 93, "x": 4362.0, "y": 15930.0}, {"i": 94, "x": 4372.0, "y": 13292.0}, {"i": 95, "x": 4424.0, "y": 10648.0}, {"i": 96, "x": 4468.0, "y": 34104.0}, {"i": 97, "x": 4492.0, "y": 33820.0}, {"i": 98, "x": 4570.0, "y": 31624.0}, {"i": 99, "x": 4642.0, "y": 8304.0}, {"i": 100, "x": 4710.0, "y": 25836.0}, {"i": 101, "x": 4716.0, "y": 19498.0}, {"i": 102, "x": 4780.0, "y": 1614.0}, {"i": 103, "x": 4830.0, "y": 7026.0}, {"i": 104, "x": 4990.0, "y": 3872.0}, {"i": 105, "x": 5058.0, "y": 16660.0}, {"i": 106, "x": 5148.0, "y": 7678.0}, {"i": 107, "x": 5164.0, "y": 5134.0}, {"i": 108, "x": 5244.0, "y": 29834.0}, {"i": 109, "x": 5298.0, "y": 12648.0}, {"i": 110, "x": 5340.0, "y": 18016.0}, {"i": 111, "x": 5470.0, "y": 29898.0}, {"i": 112, "x": 5530.0, "y": 12996.0}, {"i": 113, "x": 5596.0, "y": 24072.0}, {"i": 114, "x": 5604.0, "y": 23998.0}, {"i": 115, "x": 5662.0, "y": 708.0}, {"i": 116, "x": 5728.0, "y": 31020.0}, {"i": 117, "x": 5832.0, "y": 34444.0}, {"i": 118, "x": 5846.0, "y": 32338.0}, {"i": 119, "x": 5866.0, "y": 12230.0}, {"i": 120, "x": 5918.0, "y": 11522.0}, {"i": 121, "x": 5934.0, "y": 14922.0}, {"i": 122, "x": 6014.0, "y": 13080.0}, {"i": 123, "x": 6046.0, "y": 18272.0}, {"i": 124, "x": 6046.0, "y": 24268.0}, {"i": 125, "x": 6174.0, "y": 20694.0}, {"i": 126, "x": 6190.0, "y": 31486.0}, {"i": 127, "x": 6260.0, "y": 24502.0}, {"i": 128, "x": 6328.0, "y": 19104.0}, {"i": 129, "x": 6342.0, "y": 3028.0}, {"i": 130, "x": 6416.0, "y": 21114.0}, {"i": 131, "x": 6462.0, "y": 10352.0}, {"i": 132, "x": 6574.0, "y": 4998.0}, {"i": 133, "x": 6586.0, "y": 23488.0}, {"i": 134, "x": 6590.0, "y": 20172.0}, {"i": 135, "x": 6604.0, "y": 17898.0}, {"i": 136, "x": 6656.0, "y": 13204.0}, {"i": 137, "x": 6694.0, "y": 9480.0}, {"i": 138, "x": 6738.0, "y": 28222.0}, {"i": 139, "x": 6850.0, "y": 4820.0}, {"i": 140, "x": 6920.0, "y": 14890.0}, {"i": 141, "x": 7030.0, "y": 32392.0}, {"i": 142, "x": 7142.0, "y": 28156.0}, {"i": 143, "x": 7154.0, "y": 14684.0}, {"i": 144, "x": 7218.0, "y": 20208.0}, {"i": 145, "x": 7388.0, "y": 31292.0}, {"i": 146, "x": 7408.0, "y": 31634.0}, {"i": 147, "x": 7502.0, "y": 13588.0}, {"i": 148, "x": 7568.0, "y": 29518.0}, {"i": 149, "x": 7606.0, "y": 30238.0}, {"i": 150, "x": 7788.0, "y": 25690.0}, {"i": 151, "x": 7790.0, "y": 16358.0}, {"i": 152, "x": 7792.0, "y": 15088.0}, {"i": 153, "x": 7898.0, "y": 19224.0}, {"i": 154, "x": 7970.0, "y": 7776.0}, {"i": 155, "x": 7992.0, "y": 33338.0}, {"i": 156, "x": 8188.0, "y": 17962.0}, {"i": 157, "x": 8226.0, "y": 17424.0}, {"i": 158, "x": 8262.0, "y": 19566.0}, {"i": 159, "x": 8468.0, "y": 19398.0}, {"i": 160, "x": 8504.0, "y": 29628.0}, {"i": 161, "x": 8516.0, "y": 12516.0}, {"i": 162, "x": 8590.0, "y": 5886.0}, {"i": 163, "x": 8594.0, "y": 11390.0}, {"i": 164, "x": 8772.0, "y": 14460.0}, {"i": 165, "x": 8782.0, "y": 80.0}, {"i": 166, "x": 8800.0, "y": 3726.0}, {"i": 167, "x": 8854.0, "y": 16850.0}, {"i": 168, "x": 9162.0, "y": 32446.0}, {"i": 169, "x": 9170.0, "y": 9706.0}, {"i": 170, "x": 9176.0, "y": 11202.0}, {"i": 171, "x": 9310.0, "y": 22686.0}, {"i": 172, "x": 9336.0, "y": 25254.0}, {"i": 173, "x": 9368.0, "y": 23758.0}, {"i": 174, "x": 9464.0, "y": 13648.0}, {"i": 175, "x": 9470.0, "y": 9310.0}, {"i": 176, "x": 9548.0, "y": 5200.0}, {"i": 177, "x": 9558.0, "y": 294.0}, {"i": 178, "x": 9566.0, "y": 28572.0}, {"i": 179, "x": 9668.0, "y": 3688.0}, {"i": 180, "x": 9708.0, "y": 9868.0}, {"i": 181, "x": 9832.0, "y": 31156.0}, {"i": 182, "x": 9860.0, "y": 33642.0}, {"i": 183, "x": 9930.0, "y": 27816.0}, {"i": 184, "x": 9952.0, "y": 17678.0}, {"i": 185, "x": 9966.0, "y": 12374.0}, {"i": 186, "x": 9966.0, "y": 17212.0}, {"i": 187, "x": 10090.0, "y": 13246.0}, {"i": 188, "x": 10178.0, "y": 7516.0}, {"i": 189, "x": 10300.0, "y": 9448.0}, {"i": 190, "x": 10390.0, "y": 3524.0}, {"i": 191, "x": 10476.0, "y": 13422.0}, {"i": 192, "x": 10514.0, "y": 27330.0}, {"i": 193, "x": 10548.0, "y": 10660.0}, {"i": 194, "x": 10692.0, "y": 20650.0}, {"i": 195, "x": 10706.0, "y": 32504.0}, {"i": 196, "x": 10722.0, "y": 18856.0}, {"i": 197, "x": 10772.0, "y": 13264.0}, {"i": 198, "x": 10880.0, "y": 11428.0}, {"i": 199, "x": 10896.0, "y": 19536.0}, {"i": 200, "x": 10910.0, "y": 25572.0}, {"i": 201, "x": 11184.0, "y": 14874.0}, {"i": 202, "x": 11188.0, "y": 8970.0}, {"i": 203, "x": 11194.0, "y": 30280.0}, {"i": 204, "x": 11196.0, "y": 18496.0}, {"i": 205, "x": 11250.0, "y": 6750.0}, {"i": 206, "x": 11392.0, "y": 33658.0}, {"i": 207, "x": 11604.0, "y": 18870.0}, {"i": 208, "x": 11704.0, "y": 6460.0}, {"i": 209, "x": 11786.0, "y": 19002.0}, {"i": 210, "x": 11906.0, "y": 5048.0}, {"i": 211, "x": 11972.0, "y": 20762.0}, {"i": 212, "x": 12018.0, "y": 4846.0}, {"i": 213, "x": 12036.0, "y": 2196.0}, {"i": 214, "x": 12042.0, "y": 29244.0}, {"i": 215, "x": 12104.0, "y": 7230.0}, {"i": 216, "x": 12118.0, "y": 22298.0}, {"i": 217, "x": 12176.0, "y": 22038.0}, {"i": 218, "x": 12360.0, "y": 12662.0}, {"i": 219, "x": 12444.0, "y": 2298.0}, {"i": 220, "x": 12444.0, "y": 35934.0}, {"i": 221, "x": 12468.0, "y": 9764.0}, {"i": 222, "x": 12482.0, "y": 21376.0}, {"i": 223, "x": 12540.0, "y": 19002.0}, {"i": 224, "x": 12652.0, "y": 17604.0}, {"i": 225, "x": 12666.0, "y": 22636.0}, {"i": 226, "x": 12758.0, "y": 12510.0}, {"i": 227, "x": 12770.0, "y": 11414.0}, {"i": 228, "x": 12814.0, "y": 28904.0}, {"i": 229, "x": 12830.0, "y": 20222.0}, {"i": 230, "x": 12850.0, "y": 656.0}, {"i": 231, "x": 13046.0, "y": 11800.0}, {"i": 232, "x": 13052.0, "y": 27496.0}, {"i": 233, "x": 13100.0, "y": 28554.0}, {"i": 234, "x": 13114.0, "y": 2658.0}, {"i": 235, "x": 13184.0, "y": 2640.0}, {"i": 236, "x": 13258.0, "y": 266.0}, {"i": 237, "x": 13348.0, "y": 4318.0}, {"i": 238, "x": 13352.0, "y": 6300.0}, {"i": 239, "x": 13450.0, "y": 12296.0}, {"i": 240, "x": 13574.0, "y": 18174.0}, {"i": 241, "x": 13742.0, "y": 29008.0}, {"i": 242, "x": 13826.0, "y": 8498.0}, {"i": 243, "x": 13834.0, "y": 28770.0}, {"i": 244, "x": 13844.0, "y": 21824.0}, {"i": 245, "x": 13860.0, "y": 11602.0}, {"i": 246, "x": 13924.0, "y": 6568.0}, {"i": 247, "x": 13946.0, "y": 2982.0}, {"i": 248, "x": 13946.0, "y": 11790.0}, {"i": 249, "x": 14002.0, "y": 4086.0}, {"i": 250, "x": 14016.0, "y": 10616.0}, {"i": 251, "x": 14070.0, "y": 25642.0}, {"i": 252, "x": 14216.0, "y": 24606.0}, {"i": 253, "x": 14222.0, "y": 27712.0}, {"i": 254, "x": 14276.0, "y": 24502.0}, {"i": 255, "x": 14292.0, "y": 15688.0}, {"i": 256, "x": 14294.0, "y": 10096.0}, {"i": 257, "x": 14536.0, "y": 23514.0}, {"i": 258, "x": 14598.0, "y": 19312.0}, {"i": 259, "x": 14728.0, "y": 8586.0}, {"i": 260, "x": 14752.0, "y": 30658.0}, {"i": 261, "x": 14754.0, "y": 17074.0}, {"i": 262, "x": 14886.0, "y": 2306.0}, {"i": 263, "x": 14932.0, "y": 32762.0}, {"i": 264, "x": 14934.0, "y": 10490.0}, {"i": 265, "x": 15116.0, "y": 23362.0}, {"i": 266, "x": 15126.0, "y": 29990.0}, {"i": 267, "x": 15208.0, "y": 23590.0}, {"i": 268, "x": 15234.0, "y": 23436.0}, {"i": 269, "x": 15492.0, "y": 16888.0}, {"i": 270, "x": 15530.0, "y": 5720.0}, {"i": 271, "x": 15630.0, "y": 1942.0}, {"i": 272, "x": 15664.0, "y": 7132.0}, {"i": 273, "x": 15680.0, "y": 14534.0}, {"i": 274, "x": 15690.0, "y": 20808.0}, {"i": 275, "x": 15798.0, "y": 30920.0}, {"i": 276, "x": 15890.0, "y": 26386.0}, {"i": 277, "x": 15970.0, "y": 1852.0}, {"i": 278, "x": 16016.0, "y": 18742.0}, {"i": 279, "x": 16168.0, "y": 21154.0}, {"i": 280, "x": 16172.0, "y": 29786.0}, {"i": 281, "x": 16190.0, "y": 34674.0}, {"i": 282, "x": 16232.0, "y": 31070.0}, {"i": 283, "x": 16254.0, "y": 5222.0}, {"i": 284, "x": 16288.0, "y": 28492.0}, {"i": 285, "x": 16318.0, "y": 21464.0}, {"i": 286, "x": 16340.0, "y": 29940.0}, {"i": 287, "x": 16380.0, "y": 19054.0}, {"i": 288, "x": 16384.0, "y": 2166.0}, {"i": 289, "x": 16394.0, "y": 9868.0}, {"i": 290, "x": 16554.0, "y": 32350.0}, {"i": 291, "x": 16570.0, "y": 32348.0}, {"i": 292, "x": 16574.0, "y": 8352.0}, {"i": 293, "x": 16716.0, "y": 31522.0}, {"i": 294, "x": 16740.0, "y": 9554.0}, {"i": 295, "x": 16740.0, "y": 20802.0}, {"i": 296, "x": 16778.0, "y": 14296.0}, {"i": 297, "x": 16788.0, "y": 14630.0}, {"i": 298, "x": 16862.0, "y": 34218.0}, {"i": 299, "x": 16940.0, "y": 34626.0}, {"i": 300, "x": 16976.0, "y": 14862.0}, {"i": 301, "x": 17054.0, "y": 7032.0}, {"i": 302, "x": 17098.0, "y": 35172.0}, {"i": 303, "x": 17134.0, "y": 5072.0}, {"i": 304, "x": 17164.0, "y": 34420.0}, {"i": 305, "x": 17176.0, "y": 6230.0}, {"i": 306, "x": 17204.0, "y": 22222.0}, {"i": 307, "x": 17212.0, "y": 15790.0}, {"i": 308, "x": 17284.0, "y": 7538.0}, {"i": 309, "x": 17292.0, "y": 14530.0}, {"i": 310, "x": 17302.0, "y": 19118.0}, {"i": 311, "x": 17446.0, "y": 11164.0}, {"i": 312, "x": 17464.0, "y": 28586.0}, {"i": 313, "x": 17560.0, "y": 29978.0}, {"i": 314, "x": 17580.0, "y": 31626.0}, {"i": 315, "x": 17610.0, "y": 18358.0}, {"i": 316, "x": 17622.0, "y": 5194.0}, {"i": 317, "x": 17622.0, "y": 21218.0}, {"i": 318, "x": 17642.0, "y": 1822.0}, {"i": 319, "x": 17684.0, "y": 20794.0}, {"i": 320, "x": 17712.0, "y": 2400.0}, {"i": 321, "x": 17744.0, "y": 10234.0}, {"i": 322, "x": 17776.0, "y": 30160.0}, {"i": 323, "x": 17788.0, "y": 3770.0}, {"i": 324, "x": 17804.0, "y": 24084.0}, {"i": 325, "x": 17828.0, "y": 29868.0}, {"i": 326, "x": 17838.0, "y": 30262.0}, {"i": 327, "x": 17918.0, "y": 30590.0}, {"i": 328, "x": 17922.0, "y": 19972.0}, {"i": 329, "x": 18052.0, "y": 7424.0}, {"i": 330, "x": 18080.0, "y": 34450.0}, {"i": 331, "x": 18114.0, "y": 29380.0}, {"i": 332, "x": 18358.0, "y": 35112.0}, {"i": 333, "x": 18486.0, "y": 11488.0}, {"i": 334, "x": 18514.0, "y": 32710.0}, {"i": 335, "x": 18570.0, "y": 2424.0}, {"i": 336, "x": 18958.0, "y": 20580.0}, {"i": 337, "x": 19002.0, "y": 12690.0}, {"i": 338, "x": 19036.0, "y": 22486.0}, {"i": 339, "x": 19050.0, "y": 16160.0}, {"i": 340, "x": 19060.0, "y": 3928.0}, {"i": 341, "x": 19080.0, "y": 1616.0}, {"i": 342, "x": 19080.0, "y": 18314.0}, {"i": 343, "x": 19178.0, "y": 9600.0}, {"i": 344, "x": 19340.0, "y": 17260.0}, {"i": 345, "x": 19342.0, "y": 16392.0}, {"i": 346, "x": 19428.0, "y": 574.0}, {"i": 347, "x": 19478.0, "y": 8634.0}, {"i": 348, "x": 19490.0, "y": 6066.0}, {"i": 349, "x": 19492.0, "y": 31934.0}, {"i": 350, "x": 19496.0, "y": 15716.0}, {"i": 351, "x": 19546.0, "y": 16776.0}, {"i": 352, "x": 19640.0, "y": 25578.0}, {"i": 353, "x": 19664.0, "y": 25808.0}, {"i": 354, "x": 19676.0, "y": 1298.0}, {"i": 355, "x": 19702.0, "y": 22314.0}, {"i": 356, "x": 19748.0, "y": 31420.0}, {"i": 357, "x": 19788.0, "y": 31064.0}, {"i": 358, "x": 19818.0, "y": 18542.0}, {"i": 359, "x": 19874.0, "y": 12002.0}, {"i": 360, "x": 19962.0, "y": 14520.0}, {"i": 361, "x": 19966.0, "y": 27622.0}, {"i": 362, "x": 19988.0, "y": 9100.0}, {"i": 363, "x": 20028.0, "y": 22850.0}, {"i": 364, "x": 20180.0, "y": 14286.0}, {"i": 365, "x": 20256.0, "y": 11864.0}, {"i": 366, "x": 20332.0, "y": 14984.0}, {"i": 367, "x": 20332.0, "y": 16818.0}, {"i": 368, "x": 20340.0, "y": 11584.0}, {"i": 369, "x": 20404.0, "y": 14760.0}, {"i": 370, "x": 20444.0, "y": 5308.0}, {"i": 371, "x": 20506.0, "y": 31822.0}, {"i": 372, "x": 20532.0, "y": 27900.0}, {"i": 373, "x": 20548.0, "y": 6166.0}, {"i": 374, "x": 20564.0, "y": 33294.0}, {"i": 375, "x": 20646.0, "y": 23128.0}, {"i": 376, "x": 20652.0, "y": 2752.0}, {"i": 377, "x": 20812.0, "y": 26964.0}, {"i": 378, "x": 20960.0, "y": 31256.0}, {"i": 379, "x": 21030.0, "y": 27904.0}, {"i": 380, "x": 21062.0, "y": 10152.0}, {"i": 381, "x": 21136.0, "y": 17328.0}, {"i": 382, "x": 21168.0, "y": 28710.0}, {"i": 383, "x": 21172.0, "y": 23892.0}, {"i": 384, "x": 21298.0, "y": 9888.0}, {"i": 385, "x": 21322.0, "y": 24192.0}, {"i": 386, "x": 21520.0, "y": 536.0}, {"i": 387, "x": 21538.0, "y": 3652.0}, {"i": 388, "x": 21600.0, "y": 3304.0}, {"i": 389, "x": 21600.0, "y": 22370.0}, {"i": 390, "x": 21636.0, "y": 34264.0}, {"i": 391, "x": 21654.0, "y": 18076.0}, {"i": 392, "x": 21748.0, "y": 7980.0}, {"i": 393, "x": 21782.0, "y": 12756.0}, {"i": 394, "x": 21854.0, "y": 9260.0}, {"i": 395, "x": 21862.0, "y": 4044.0}, {"i": 396, "x": 21992.0, "y": 9926.0}, {"i": 397, "x": 22052.0, "y": 1950.0}, {"i": 398, "x": 22238.0, "y": 13622.0}, {"i": 399, "x": 22412.0, "y": 17962.0}, {"i": 400, "x": 22438.0, "y": 28842.0}, {"i": 401, "x": 22474.0, "y": 15352.0}, {"i": 402, "x": 22554.0, "y": 938.0}, {"i": 403, "x": 22648.0, "y": 32600.0}, {"i": 404, "x": 22782.0, "y": 28628.0}, {"i": 405, "x": 22888.0, "y": 6226.0}, {"i": 406, "x": 22920.0, "y": 17898.0}, {"i": 407, "x": 22934.0, "y": 6860.0}, {"i": 408, "x": 22962.0, "y": 35486.0}, {"i": 409, "x": 22968.0, "y": 14726.0}, {"i": 410, "x": 23056.0, "y": 668.0}, {"i": 411, "x": 23104.0, "y": 34464.0}, {"i": 412, "x": 23186.0, "y": 19838.0}, {"i": 413, "x": 23312.0, "y": 25680.0}, {"i": 414, "x": 23428.0, "y": 3000.0}, {"i": 415, "x": 23464.0, "y": 3188.0}, {"i": 416, "x": 23528.0, "y": 9078.0}, {"i": 417, "x": 23556.0, "y": 13942.0}, {"i": 418, "x": 23608.0, "y": 10990.0}, {"i": 419, "x": 23812.0, "y": 32120.0}, {"i": 420, "x": 23896.0, "y": 1020.0}, {"i": 421, "x": 23936.0, "y": 18274.0}, {"i": 422, "x": 24006.0, "y": 30022.0}, {"i": 423, "x": 24158.0, "y": 742.0}, {"i": 424, "x": 24252.0, "y": 19234.0}, {"i": 425, "x": 24254.0, "y": 24156.0}, {"i": 426, "x": 24278.0, "y": 31432.0}, {"i": 427, "x": 24462.0, "y": 10784.0}, {"i": 428, "x": 24482.0, "y": 25962.0}, {"i": 429, "x": 24576.0, "y": 16364.0}, {"i": 430, "x": 24594.0, "y": 21858.0}, {"i": 431, "x": 24980.0, "y": 4638.0}, {"i": 432, "x": 25008.0, "y": 29074.0}, {"i": 433, "x": 25082.0, "y": 6158.0}, {"i": 434, "x": 25214.0, "y": 11702.0}, {"i": 435, "x": 25250.0, "y": 32050.0}, {"i": 436, "x": 25400.0, "y": 9658.0}, {"i": 437, "x": 25494.0, "y": 31790.0}, {"i": 438, "x": 25512.0, "y": 198.0}, {"i": 439, "x": 25636.0, "y": 34228.0}, {"i": 440, "x": 25702.0, "y": 8672.0}, {"i": 441, "x": 25762.0, "y": 24088.0}, {"i": 442, "x": 25886.0, "y": 16396.0}, {"i": 443, "x": 25894.0, "y": 24576.0}, {"i": 444, "x": 25936.0, "y": 27428.0}, {"i": 445, "x": 25978.0, "y": 9666.0}, {"i": 446, "x": 25992.0, "y": 22178.0}, {"i": 447, "x": 26092.0, "y": 29726.0}, {"i": 448, "x": 26104.0, "y": 1592.0}, {"i": 449, "x": 26148.0, "y": 21616.0}, {"i": 450, "x": 26154.0, "y": 10644.0}, {"i": 451, "x": 26304.0, "y": 34498.0}, {"i": 452, "x": 26308.0, "y": 22920.0}, {"i": 453, "x": 26312.0, "y": 28390.0}, {"i": 454, "x": 26446.0, "y": 23956.0}, {"i": 455, "x": 26816.0, "y": 746.0}, {"i": 456, "x": 26860.0, "y": 11386.0}, {"i": 457, "x": 26880.0, "y": 29754.0}, {"i": 458, "x": 26884.0, "y": 12754.0}, {"i": 459, "x": 26956.0, "y": 6238.0}, {"i": 460, "x": 27222.0, "y": 16446.0}, {"i": 461, "x": 27320.0, "y": 12882.0}, {"i": 462, "x": 27358.0, "y": 23654.0}, {"i": 463, "x": 27520.0, "y": 23100.0}, {"i": 464, "x": 27554.0, "y": 19274.0}, {"i": 465, "x": 27724.0, "y": 24932.0}, {"i": 466, "x": 27810.0, "y": 35136.0}, {"i": 467, "x": 27968.0, "y": 1914.0}, {"i": 468, "x": 28080.0, "y": 8466.0}, {"i": 469, "x": 28086.0, "y": 5934.0}, {"i": 470, "x": 28108.0, "y": 5552.0}, {"i": 471, "x": 28272.0, "y": 46.0}, {"i": 472, "x": 28340.0, "y": 1994.0}, {"i": 473, "x": 28354.0, "y": 14800.0}, {"i": 474, "x": 28448.0, "y": 35468.0}, {"i": 475, "x": 28524.0, "y": 24990.0}, {"i": 476, "x": 28594.0, "y": 15148.0}, {"i": 477, "x": 28604.0, "y": 22204.0}, {"i": 478, "x": 28684.0, "y": 12828.0}, {"i": 479, "x": 28734.0, "y": 15554.0}, {"i": 480, "x": 28740.0, "y": 17982.0}, {"i": 481, "x": 28806.0, "y": 17300.0}, {"i": 482, "x": 28810.0, "y": 6440.0}, {"i": 483, "x": 28824.0, "y": 17472.0}, {"i": 484, "x": 28870.0, "y": 26124.0}, {"i": 485, "x": 28936.0, "y": 19838.0}, {"i": 486, "x": 28956.0, "y": 6320.0}, {"i": 487, "x": 29012.0, "y": 13746.0}, {"i": 488, "x": 29190.0, "y": 32484.0}, {"i": 489, "x": 29218.0, "y": 28988.0}, {"i": 490, "x": 29420.0, "y": 27530.0}, {"i": 491, "x": 29456.0, "y": 19436.0}, {"i": 492, "x": 29476.0, "y": 15340.0}, {"i": 493, "x": 29660.0, "y": 19282.0}, {"i": 494, "x": 29674.0, "y": 14160.0}, {"i": 495, "x": 29816.0, "y": 2486.0}, {"i": 496, "x": 29840.0, "y": 1598.0}, {"i": 497, "x": 29886.0, "y": 21802.0}, {"i": 498, "x": 29942.0, "y": 26978.0}, {"i": 499, "x": 29944.0, "y": 32494.0}, {"i": 500, "x": 29992.0, "y": 20044.0}, {"i": 501, "x": 30012.0, "y": 15694.0}, {"i": 502, "x": 30056.0, "y": 11464.0}, {"i": 503, "x": 30062.0, "y": 23076.0}, {"i": 504, "x": 30120.0, "y": 12820.0}, {"i": 505, "x": 30144.0, "y": 6058.0}, {"i": 506, "x": 30164.0, "y": 31574.0}, {"i": 507, "x": 30236.0, "y": 31012.0}, {"i": 508, "x": 30308.0, "y": 4204.0}, {"i": 509, "x": 30374.0, "y": 31508.0}, {"i": 510, "x": 30414.0, "y": 12938.0}, {"i": 511, "x": 30440.0, "y": 24624.0}, {"i": 512, "x": 30450.0, "y": 8868.0}, {"i": 513, "x": 30468.0, "y": 29222.0}, {"i": 514, "x": 30496.0, "y": 29304.0}, {"i": 515, "x": 30610.0, "y": 32930.0}, {"i": 516, "x": 30746.0, "y": 30104.0}, {"i": 517, "x": 30978.0, "y": 19930.0}, {"i": 518, "x": 31042.0, "y": 31780.0}, {"i": 519, "x": 31118.0, "y": 638.0}, {"i": 520, "x": 31136.0, "y": 16782.0}, {"i": 521, "x": 31210.0, "y": 31824.0}, {"i": 522, "x": 31302.0, "y": 22610.0}, {"i": 523, "x": 31660.0, "y": 14434.0}, {"i": 524, "x": 31662.0, "y": 336.0}, {"i": 525, "x": 31894.0, "y": 5074.0}, {"i": 526, "x": 31912.0, "y": 20428.0}, {"i": 527, "x": 32060.0, "y": 18256.0}, {"i": 528, "x": 32132.0, "y": 11176.0}, {"i": 529, "x": 32138.0, "y": 26304.0}, {"i": 530, "x": 32288.0, "y": 4828.0}, {"i": 531, "x": 32288.0, "y": 24628.0}, {"i": 532, "x": 32300.0, "y": 20552.0}, {"i": 533, "x": 32306.0, "y": 23284.0}, {"i": 534, "x": 32382.0, "y": 35966.0}, {"i": 535, "x": 32406.0, "y": 9460.0}, {"i": 536, "x": 32466.0, "y": 2882.0}, {"i": 537, "x": 32472.0, "y": 34432.0}, {"i": 538, "x": 32544.0, "y": 17078.0}, {"i": 539, "x": 32568.0, "y": 26342.0}, {"i": 540, "x": 32570.0, "y": 23930.0}, {"i": 541, "x": 32636.0, "y": 7604.0}, {"i": 542, "x": 32660.0, "y": 3196.0}, {"i": 543, "x": 32672.0, "y": 21344.0}, {"i": 544, "x": 32700.0, "y": 35080.0}, {"i": 545, "x": 32706.0, "y": 7816.0}, {"i": 546, "x": 32708.0, "y": 28608.0}, {"i": 547, "x": 32822.0, "y": 27382.0}, {"i": 548, "x": 32830.0, "y": 408.0}, {"i": 549, "x": 32836.0, "y": 24518.0}, {"i": 550, "x": 32842.0, "y": 11464.0}, {"i": 551, "x": 32912.0, "y": 21306.0}, {"i": 552, "x": 33002.0, "y": 748.0}, {"i": 553, "x": 33276.0, "y": 25456.0}, {"i": 554, "x": 33420.0, "y": 13744.0}, {"i": 555, "x": 33442.0, "y": 4190.0}, {"i": 556, "x": 33450.0, "y": 19110.0}, {"i": 557, "x": 33582.0, "y": 21456.0}, {"i": 558, "x": 33598.0, "y": 18538.0}, {"i": 559, "x": 33696.0, "y": 27492.0}, {"i": 560, "x": 33838.0, "y": 33692.0}, {"i": 561, "x": 33968.0, "y": 29908.0}, {"i": 562, "x": 34236.0, "y": 5160.0}, {"i": 563, "x": 34270.0, "y": 16290.0}, {"i": 564, "x": 34294.0, "y": 6440.0}, {"i": 565, "x": 34318.0, "y": 30690.0}, {"i": 566, "x": 34380.0, "y": 35194.0}, {"i": 567, "x": 34394.0, "y": 31320.0}, {"i": 568, "x": 34396.0, "y": 27198.0}, {"i": 569, "x": 34492.0, "y": 11682.0}, {"i": 570, "x": 34496.0, "y": 10202.0}, {"i": 571, "x": 34560.0, "y": 35180.0}, {"i": 572, "x": 34590.0, "y": 6182.0}, {"i": 573, "x": 34592.0, "y": 17186.0}, {"i": 574, "x": 34648.0, "y": 16032.0}, {"i": 575, "x": 34706.0, "y": 7212.0}, {"i": 576, "x": 34824.0, "y": 20734.0}, {"i": 577, "x": 34892.0, "y": 8828.0}, {"i": 578, "x": 34914.0, "y": 18662.0}, {"i": 579, "x": 34984.0, "y": 11094.0}, {"i": 580, "x": 35082.0, "y": 7756.0}, {"i": 581, "x": 35146.0, "y": 7962.0}, {"i": 582, "x": 35202.0, "y": 4088.0}, {"i": 583, "x": 35234.0, "y": 25494.0}, {"i": 584, "x": 35270.0, "y": 24968.0}, {"i": 585, "x": 35304.0, "y": 8906.0}, {"i": 586, "x": 35346.0, "y": 32606.0}, {"i": 587, "x": 35426.0, "y": 21558.0}, {"i": 588, "x": 35518.0, "y": 28866.0}, {"i": 589, "x": 35520.0, "y": 31112.0}, {"i": 590, "x": 35542.0, "y": 1132.0}, {"i": 591, "x": 35550.0, "y": 3960.0}, {"i": 592, "x": 35556.0, "y": 31508.0}, {"i": 593, "x": 35592.0, "y": 19578.0}, {"i": 594, "x": 35700.0, "y": 2084.0}, {"i": 595, "x": 35716.0, "y": 22764.0}, {"i": 596, "x": 35844.0, "y": 7106.0}, {"i": 597, "x": 35880.0, "y": 4148.0}, {"i": 598, "x": 35882.0, "y": 20604.0}, {"i": 599, "x": 35928.0, "y": 702.0}], "type": "Instance", "name": "uniform-0000600-1", "meta": {"comment": "HIP random 2-dimensional integral point set (600 points), distribution 'uniform'", "faces_in_delaunay": 1182}}