{"points": [{"i": 0, "x": 8.0, "y": 44016.0}, {"i": 1, "x": 92.0, "y": 5408.0}, {"i": 2, "x": 102.0, "y": 15574.0}, {"i": 3, "x": 102.0, "y": 56146.0}, {"i": 4, "x": 106.0, "y": 44664.0}, {"i": 5, "x": 112.0, "y": 59312.0}, {"i": 6, "x": 164.0, "y": 33364.0}, {"i": 7, "x": 204.0, "y": 48400.0}, {"i": 8, "x": 230.0, "y": 7034.0}, {"i": 9, "x": 374.0, "y": 32842.0}, {"i": 10, "x": 520.0, "y": 57496.0}, {"i": 11, "x": 572.0, "y": 19332.0}, {"i": 12, "x": 614.0, "y": 8084.0}, {"i": 13, "x": 638.0, "y": 44946.0}, {"i": 14, "x": 884.0, "y": 6718.0}, {"i": 15, "x": 954.0, "y": 41518.0}, {"i": 16, "x": 960.0, "y": 7316.0}, {"i": 17, "x": 980.0, "y": 33004.0}, {"i": 18, "x": 1028.0, "y": 19658.0}, {"i": 19, "x": 1052.0, "y": 40904.0}, {"i": 20, "x": 1114.0, "y": 46848.0}, {"i": 21, "x": 1140.0, "y": 14134.0}, {"i": 22, "x": 1394.0, "y": 51486.0}, {"i": 23, "x": 1396.0, "y": 24660.0}, {"i": 24, "x": 1538.0, "y": 15300.0}, {"i": 25, "x": 1542.0, "y": 37140.0}, {"i": 26, "x": 1626.0, "y": 37654.0}, {"i": 27, "x": 1758.0, "y": 25996.0}, {"i": 28, "x": 1778.0, "y": 13608.0}, {"i": 29, "x": 1876.0, "y": 16206.0}, {"i": 30, "x": 1898.0, "y": 5374.0}, {"i": 31, "x": 1928.0, "y": 51124.0}, {"i": 32, "x": 1958.0, "y": 40074.0}, {"i": 33, "x": 1974.0, "y": 8320.0}, {"i": 34, "x": 2066.0, "y": 18206.0}, {"i": 35, "x": 2180.0, "y": 6582.0}, {"i": 36, "x": 2218.0, "y": 3112.0}, {"i": 37, "x": 2270.0, "y": 4578.0}, {"i": 38, "x": 2302.0, "y": 3586.0}, {"i": 39, "x": 2310.0, "y": 43504.0}, {"i": 40, "x": 2338.0, "y": 9610.0}, {"i": 41, "x": 2444.0, "y": 38686.0}, {"i": 42, "x": 2578.0, "y": 18396.0}, {"i": 43, "x": 2592.0, "y": 20304.0}, {"i": 44, "x": 2598.0, "y": 28820.0}, {"i": 45, "x": 2628.0, "y": 40590.0}, {"i": 46, "x": 2684.0, "y": 29066.0}, {"i": 47, "x": 2812.0, "y": 28158.0}, {"i": 48, "x": 2860.0, "y": 57200.0}, {"i": 49, "x": 2868.0, "y": 46296.0}, {"i": 50, "x": 2946.0, "y": 59784.0}, {"i": 51, "x": 3042.0, "y": 26150.0}, {"i": 52, "x": 3056.0, "y": 56186.0}, {"i": 53, "x": 3150.0, "y": 14314.0}, {"i": 54, "x": 3164.0, "y": 2132.0}, {"i": 55, "x": 3204.0, "y": 16836.0}, {"i": 56, "x": 3320.0, "y": 17848.0}, {"i": 57, "x": 3356.0, "y": 6998.0}, {"i": 58, "x": 3400.0, "y": 6542.0}, {"i": 59, "x": 3408.0, "y": 3976.0}, {"i": 60, "x": 3426.0, "y": 24366.0}, {"i": 61, "x": 3478.0, "y": 19668.0}, {"i": 62, "x": 3606.0, "y": 44712.0}, {"i": 63, "x": 3642.0, "y": 33832.0}, {"i": 64, "x": 3680.0, "y": 15512.0}, {"i": 65, "x": 3700.0, "y": 20258.0}, {"i": 66, "x": 3760.0, "y": 6132.0}, {"i": 67, "x": 3828.0, "y": 31590.0}, {"i": 68, "x": 3832.0, "y": 23388.0}, {"i": 69, "x": 3876.0, "y": 28240.0}, {"i": 70, "x": 3878.0, "y": 41914.0}, {"i": 71, "x": 3942.0, "y": 36398.0}, {"i": 72, "x": 3944.0, "y": 45432.0}, {"i": 73, "x": 4050.0, "y": 45910.0}, {"i": 74, "x": 4082.0, "y": 56784.0}, {"i": 75, "x": 4156.0, "y": 11432.0}, {"i": 76, "x": 4160.0, "y": 7810.0}, {"i": 77, "x": 4196.0, "y": 15006.0}, {"i": 78, "x": 4376.0, "y": 15706.0}, {"i": 79, "x": 4408.0, "y": 53728.0}, {"i": 80, "x": 4418.0, "y": 49138.0}, {"i": 81, "x": 4432.0, "y": 16198.0}, {"i": 82, "x": 4450.0, "y": 7666.0}, {"i": 83, "x": 4484.0, "y": 3322.0}, {"i": 84, "x": 4548.0, "y": 49148.0}, {"i": 85, "x": 4614.0, "y": 29066.0}, {"i": 86, "x": 4656.0, "y": 50738.0}, {"i": 87, "x": 4660.0, "y": 25884.0}, {"i": 88, "x": 4772.0, "y": 31628.0}, {"i": 89, "x": 4790.0, "y": 56768.0}, {"i": 90, "x": 4936.0, "y": 47644.0}, {"i": 91, "x": 5282.0, "y": 3254.0}, {"i": 92, "x": 5282.0, "y": 27840.0}, {"i": 93, "x": 5288.0, "y": 15718.0}, {"i": 94, "x": 5344.0, "y": 31038.0}, {"i": 95, "x": 5346.0, "y": 18820.0}, {"i": 96, "x": 5462.0, "y": 59994.0}, {"i": 97, "x": 5526.0, "y": 2904.0}, {"i": 98, "x": 5540.0, "y": 2266.0}, {"i": 99, "x": 5594.0, "y": 39410.0}, {"i": 100, "x": 5626.0, "y": 9740.0}, {"i": 101, "x": 5682.0, "y": 27360.0}, {"i": 102, "x": 5698.0, "y": 49152.0}, {"i": 103, "x": 5850.0, "y": 14752.0}, {"i": 104, "x": 5850.0, "y": 31376.0}, {"i": 105, "x": 5856.0, "y": 1822.0}, {"i": 106, "x": 5862.0, "y": 43760.0}, {"i": 107, "x": 5880.0, "y": 14678.0}, {"i": 108, "x": 5956.0, "y": 31268.0}, {"i": 109, "x": 6052.0, "y": 50368.0}, {"i": 110, "x": 6088.0, "y": 57662.0}, {"i": 111, "x": 6158.0, "y": 26366.0}, {"i": 112, "x": 6166.0, "y": 48062.0}, {"i": 113, "x": 6236.0, "y": 8526.0}, {"i": 114, "x": 6236.0, "y": 37490.0}, {"i": 115, "x": 6352.0, "y": 20304.0}, {"i": 116, "x": 6416.0, "y": 56096.0}, {"i": 117, "x": 6484.0, "y": 34316.0}, {"i": 118, "x": 6634.0, "y": 206.0}, {"i": 119, "x": 6656.0, "y": 9598.0}, {"i": 120, "x": 6728.0, "y": 13198.0}, {"i": 121, "x": 6862.0, "y": 52126.0}, {"i": 122, "x": 6912.0, "y": 8328.0}, {"i": 123, "x": 7028.0, "y": 4820.0}, {"i": 124, "x": 7032.0, "y": 35978.0}, {"i": 125, "x": 7082.0, "y": 14458.0}, {"i": 126, "x": 7332.0, "y": 3686.0}, {"i": 127, "x": 7402.0, "y": 47702.0}, {"i": 128, "x": 7418.0, "y": 24228.0}, {"i": 129, "x": 7422.0, "y": 22506.0}, {"i": 130, "x": 7424.0, "y": 33436.0}, {"i": 131, "x": 7478.0, "y": 34560.0}, {"i": 132, "x": 7524.0, "y": 55558.0}, {"i": 133, "x": 7542.0, "y": 46752.0}, {"i": 134, "x": 7572.0, "y": 33658.0}, {"i": 135, "x": 7606.0, "y": 18110.0}, {"i": 136, "x": 7638.0, "y": 7104.0}, {"i": 137, "x": 7654.0, "y": 19466.0}, {"i": 138, "x": 7784.0, "y": 50600.0}, {"i": 139, "x": 7802.0, "y": 47022.0}, {"i": 140, "x": 7840.0, "y": 13484.0}, {"i": 141, "x": 7904.0, "y": 34474.0}, {"i": 142, "x": 7918.0, "y": 8924.0}, {"i": 143, "x": 7924.0, "y": 46190.0}, {"i": 144, "x": 7966.0, "y": 57246.0}, {"i": 145, "x": 8120.0, "y": 20160.0}, {"i": 146, "x": 8224.0, "y": 34920.0}, {"i": 147, "x": 8260.0, "y": 28430.0}, {"i": 148, "x": 8316.0, "y": 52736.0}, {"i": 149, "x": 8500.0, "y": 29486.0}, {"i": 150, "x": 8506.0, "y": 54152.0}, {"i": 151, "x": 8518.0, "y": 30034.0}, {"i": 152, "x": 8544.0, "y": 42786.0}, {"i": 153, "x": 8632.0, "y": 32566.0}, {"i": 154, "x": 8634.0, "y": 7892.0}, {"i": 155, "x": 8688.0, "y": 27170.0}, {"i": 156, "x": 8758.0, "y": 42830.0}, {"i": 157, "x": 8828.0, "y": 41490.0}, {"i": 158, "x": 8854.0, "y": 22200.0}, {"i": 159, "x": 8876.0, "y": 13668.0}, {"i": 160, "x": 8920.0, "y": 8394.0}, {"i": 161, "x": 8942.0, "y": 32306.0}, {"i": 162, "x": 9038.0, "y": 47570.0}, {"i": 163, "x": 9046.0, "y": 16912.0}, {"i": 164, "x": 9070.0, "y": 58058.0}, {"i": 165, "x": 9110.0, "y": 42754.0}, {"i": 166, "x": 9222.0, "y": 54022.0}, {"i": 167, "x": 9234.0, "y": 26866.0}, {"i": 168, "x": 9284.0, "y": 55752.0}, {"i": 169, "x": 9290.0, "y": 34502.0}, {"i": 170, "x": 9310.0, "y": 13748.0}, {"i": 171, "x": 9512.0, "y": 15106.0}, {"i": 172, "x": 9546.0, "y": 16578.0}, {"i": 173, "x": 9556.0, "y": 57056.0}, {"i": 174, "x": 9654.0, "y": 18780.0}, {"i": 175, "x": 9694.0, "y": 3898.0}, {"i": 176, "x": 9702.0, "y": 32326.0}, {"i": 177, "x": 9732.0, "y": 20750.0}, {"i": 178, "x": 9784.0, "y": 39840.0}, {"i": 179, "x": 9994.0, "y": 30780.0}, {"i": 180, "x": 10100.0, "y": 27624.0}, {"i": 181, "x": 10160.0, "y": 36252.0}, {"i": 182, "x": 10182.0, "y": 54580.0}, {"i": 183, "x": 10250.0, "y": 5720.0}, {"i": 184, "x": 10260.0, "y": 38286.0}, {"i": 185, "x": 10270.0, "y": 45260.0}, {"i": 186, "x": 10364.0, "y": 31660.0}, {"i": 187, "x": 10398.0, "y": 25978.0}, {"i": 188, "x": 10414.0, "y": 35460.0}, {"i": 189, "x": 10446.0, "y": 4910.0}, {"i": 190, "x": 10448.0, "y": 50506.0}, {"i": 191, "x": 10480.0, "y": 25920.0}, {"i": 192, "x": 10502.0, "y": 14276.0}, {"i": 193, "x": 10514.0, "y": 19152.0}, {"i": 194, "x": 10566.0, "y": 49666.0}, {"i": 195, "x": 10734.0, "y": 8898.0}, {"i": 196, "x": 10878.0, "y": 20042.0}, {"i": 197, "x": 11114.0, "y": 19024.0}, {"i": 198, "x": 11184.0, "y": 46034.0}, {"i": 199, "x": 11244.0, "y": 37548.0}, {"i": 200, "x": 11258.0, "y": 22870.0}, {"i": 201, "x": 11292.0, "y": 49944.0}, {"i": 202, "x": 11336.0, "y": 34194.0}, {"i": 203, "x": 11342.0, "y": 55398.0}, {"i": 204, "x": 11470.0, "y": 11504.0}, {"i": 205, "x": 11670.0, "y": 49854.0}, {"i": 206, "x": 11680.0, "y": 58950.0}, {"i": 207, "x": 11688.0, "y": 6242.0}, {"i": 208, "x": 11744.0, "y": 15662.0}, {"i": 209, "x": 12000.0, "y": 22136.0}, {"i": 210, "x": 12164.0, "y": 31962.0}, {"i": 211, "x": 12190.0, "y": 35600.0}, {"i": 212, "x": 12222.0, "y": 45108.0}, {"i": 213, "x": 12266.0, "y": 49392.0}, {"i": 214, "x": 12284.0, "y": 7294.0}, {"i": 215, "x": 12314.0, "y": 17448.0}, {"i": 216, "x": 12346.0, "y": 30272.0}, {"i": 217, "x": 12446.0, "y": 15422.0}, {"i": 218, "x": 12472.0, "y": 57300.0}, {"i": 219, "x": 12562.0, "y": 10688.0}, {"i": 220, "x": 12664.0, "y": 9724.0}, {"i": 221, "x": 12666.0, "y": 22176.0}, {"i": 222, "x": 12676.0, "y": 50448.0}, {"i": 223, "x": 12682.0, "y": 90.0}, {"i": 224, "x": 12726.0, "y": 25402.0}, {"i": 225, "x": 12728.0, "y": 5346.0}, {"i": 226, "x": 12790.0, "y": 28568.0}, {"i": 227, "x": 12904.0, "y": 1866.0}, {"i": 228, "x": 12970.0, "y": 49188.0}, {"i": 229, "x": 12996.0, "y": 36894.0}, {"i": 230, "x": 13006.0, "y": 10184.0}, {"i": 231, "x": 13008.0, "y": 34656.0}, {"i": 232, "x": 13044.0, "y": 7172.0}, {"i": 233, "x": 13054.0, "y": 31818.0}, {"i": 234, "x": 13056.0, "y": 30240.0}, {"i": 235, "x": 13120.0, "y": 24974.0}, {"i": 236, "x": 13152.0, "y": 33716.0}, {"i": 237, "x": 13258.0, "y": 40156.0}, {"i": 238, "x": 13316.0, "y": 8732.0}, {"i": 239, "x": 13346.0, "y": 43906.0}, {"i": 240, "x": 13482.0, "y": 1796.0}, {"i": 241, "x": 13490.0, "y": 49172.0}, {"i": 242, "x": 13500.0, "y": 35172.0}, {"i": 243, "x": 13500.0, "y": 43254.0}, {"i": 244, "x": 13560.0, "y": 51550.0}, {"i": 245, "x": 13590.0, "y": 18656.0}, {"i": 246, "x": 13754.0, "y": 10070.0}, {"i": 247, "x": 13758.0, "y": 15040.0}, {"i": 248, "x": 13788.0, "y": 3776.0}, {"i": 249, "x": 13820.0, "y": 41320.0}, {"i": 250, "x": 13826.0, "y": 18046.0}, {"i": 251, "x": 13836.0, "y": 39504.0}, {"i": 252, "x": 13880.0, "y": 54418.0}, {"i": 253, "x": 14064.0, "y": 47704.0}, {"i": 254, "x": 14086.0, "y": 2468.0}, {"i": 255, "x": 14088.0, "y": 310.0}, {"i": 256, "x": 14092.0, "y": 24422.0}, {"i": 257, "x": 14114.0, "y": 30098.0}, {"i": 258, "x": 14208.0, "y": 5786.0}, {"i": 259, "x": 14238.0, "y": 8820.0}, {"i": 260, "x": 14266.0, "y": 6674.0}, {"i": 261, "x": 14278.0, "y": 29438.0}, {"i": 262, "x": 14508.0, "y": 45090.0}, {"i": 263, "x": 14516.0, "y": 44324.0}, {"i": 264, "x": 14576.0, "y": 3112.0}, {"i": 265, "x": 14634.0, "y": 106.0}, {"i": 266, "x": 14644.0, "y": 44148.0}, {"i": 267, "x": 14776.0, "y": 41336.0}, {"i": 268, "x": 14796.0, "y": 39724.0}, {"i": 269, "x": 14818.0, "y": 40946.0}, {"i": 270, "x": 14866.0, "y": 2494.0}, {"i": 271, "x": 14904.0, "y": 59032.0}, {"i": 272, "x": 14914.0, "y": 31450.0}, {"i": 273, "x": 14932.0, "y": 40052.0}, {"i": 274, "x": 14934.0, "y": 58068.0}, {"i": 275, "x": 15054.0, "y": 21422.0}, {"i": 276, "x": 15080.0, "y": 27566.0}, {"i": 277, "x": 15144.0, "y": 39766.0}, {"i": 278, "x": 15230.0, "y": 34040.0}, {"i": 279, "x": 15278.0, "y": 17508.0}, {"i": 280, "x": 15288.0, "y": 57980.0}, {"i": 281, "x": 15318.0, "y": 40632.0}, {"i": 282, "x": 15348.0, "y": 25438.0}, {"i": 283, "x": 15392.0, "y": 55440.0}, {"i": 284, "x": 15452.0, "y": 5320.0}, {"i": 285, "x": 15468.0, "y": 11230.0}, {"i": 286, "x": 15482.0, "y": 57860.0}, {"i": 287, "x": 15516.0, "y": 35906.0}, {"i": 288, "x": 16070.0, "y": 26314.0}, {"i": 289, "x": 16100.0, "y": 36322.0}, {"i": 290, "x": 16124.0, "y": 35074.0}, {"i": 291, "x": 16186.0, "y": 15426.0}, {"i": 292, "x": 16218.0, "y": 13068.0}, {"i": 293, "x": 16218.0, "y": 52084.0}, {"i": 294, "x": 16380.0, "y": 50254.0}, {"i": 295, "x": 16422.0, "y": 48992.0}, {"i": 296, "x": 16442.0, "y": 26596.0}, {"i": 297, "x": 16458.0, "y": 49478.0}, {"i": 298, "x": 16548.0, "y": 58080.0}, {"i": 299, "x": 16596.0, "y": 2700.0}, {"i": 300, "x": 16668.0, "y": 944.0}, {"i": 301, "x": 16692.0, "y": 39050.0}, {"i": 302, "x": 16782.0, "y": 342.0}, {"i": 303, "x": 16786.0, "y": 38912.0}, {"i": 304, "x": 16860.0, "y": 36480.0}, {"i": 305, "x": 16896.0, "y": 11518.0}, {"i": 306, "x": 17032.0, "y": 19346.0}, {"i": 307, "x": 17046.0, "y": 34390.0}, {"i": 308, "x": 17136.0, "y": 15676.0}, {"i": 309, "x": 17236.0, "y": 35918.0}, {"i": 310, "x": 17322.0, "y": 1678.0}, {"i": 311, "x": 17322.0, "y": 25100.0}, {"i": 312, "x": 17362.0, "y": 2564.0}, {"i": 313, "x": 17384.0, "y": 49194.0}, {"i": 314, "x": 17446.0, "y": 57556.0}, {"i": 315, "x": 17462.0, "y": 10252.0}, {"i": 316, "x": 17552.0, "y": 45882.0}, {"i": 317, "x": 17716.0, "y": 44506.0}, {"i": 318, "x": 17720.0, "y": 38774.0}, {"i": 319, "x": 17798.0, "y": 58874.0}, {"i": 320, "x": 17920.0, "y": 54716.0}, {"i": 321, "x": 17942.0, "y": 36190.0}, {"i": 322, "x": 17980.0, "y": 30906.0}, {"i": 323, "x": 18006.0, "y": 3438.0}, {"i": 324, "x": 18144.0, "y": 51484.0}, {"i": 325, "x": 18234.0, "y": 934.0}, {"i": 326, "x": 18328.0, "y": 10298.0}, {"i": 327, "x": 18418.0, "y": 24924.0}, {"i": 328, "x": 18520.0, "y": 4926.0}, {"i": 329, "x": 18628.0, "y": 26228.0}, {"i": 330, "x": 18654.0, "y": 8766.0}, {"i": 331, "x": 18662.0, "y": 34822.0}, {"i": 332, "x": 18666.0, "y": 23964.0}, {"i": 333, "x": 18760.0, "y": 37744.0}, {"i": 334, "x": 18782.0, "y": 34968.0}, {"i": 335, "x": 18826.0, "y": 28838.0}, {"i": 336, "x": 18880.0, "y": 50622.0}, {"i": 337, "x": 18900.0, "y": 24296.0}, {"i": 338, "x": 18978.0, "y": 11052.0}, {"i": 339, "x": 18996.0, "y": 45826.0}, {"i": 340, "x": 19014.0, "y": 31040.0}, {"i": 341, "x": 19342.0, "y": 45304.0}, {"i": 342, "x": 19432.0, "y": 46406.0}, {"i": 343, "x": 19600.0, "y": 18030.0}, {"i": 344, "x": 19726.0, "y": 40506.0}, {"i": 345, "x": 19798.0, "y": 49176.0}, {"i": 346, "x": 19842.0, "y": 47926.0}, {"i": 347, "x": 19964.0, "y": 12098.0}, {"i": 348, "x": 19994.0, "y": 50490.0}, {"i": 349, "x": 19998.0, "y": 48120.0}, {"i": 350, "x": 20020.0, "y": 27548.0}, {"i": 351, "x": 20326.0, "y": 27404.0}, {"i": 352, "x": 20420.0, "y": 19254.0}, {"i": 353, "x": 20490.0, "y": 32486.0}, {"i": 354, "x": 20506.0, "y": 48796.0}, {"i": 355, "x": 20508.0, "y": 47490.0}, {"i": 356, "x": 20568.0, "y": 5026.0}, {"i": 357, "x": 20618.0, "y": 44682.0}, {"i": 358, "x": 20738.0, "y": 57814.0}, {"i": 359, "x": 20810.0, "y": 57246.0}, {"i": 360, "x": 20898.0, "y": 48632.0}, {"i": 361, "x": 21038.0, "y": 56042.0}, {"i": 362, "x": 21070.0, "y": 52486.0}, {"i": 363, "x": 21088.0, "y": 59786.0}, {"i": 364, "x": 21112.0, "y": 42764.0}, {"i": 365, "x": 21130.0, "y": 8960.0}, {"i": 366, "x": 21170.0, "y": 11050.0}, {"i": 367, "x": 21176.0, "y": 9332.0}, {"i": 368, "x": 21186.0, "y": 49498.0}, {"i": 369, "x": 21240.0, "y": 30848.0}, {"i": 370, "x": 21240.0, "y": 53776.0}, {"i": 371, "x": 21336.0, "y": 29814.0}, {"i": 372, "x": 21386.0, "y": 56478.0}, {"i": 373, "x": 21406.0, "y": 21970.0}, {"i": 374, "x": 21504.0, "y": 32650.0}, {"i": 375, "x": 21514.0, "y": 33124.0}, {"i": 376, "x": 21580.0, "y": 49944.0}, {"i": 377, "x": 21696.0, "y": 13528.0}, {"i": 378, "x": 21824.0, "y": 1666.0}, {"i": 379, "x": 21942.0, "y": 808.0}, {"i": 380, "x": 21976.0, "y": 11364.0}, {"i": 381, "x": 22070.0, "y": 16862.0}, {"i": 382, "x": 22120.0, "y": 46582.0}, {"i": 383, "x": 22190.0, "y": 688.0}, {"i": 384, "x": 22248.0, "y": 53712.0}, {"i": 385, "x": 22300.0, "y": 27366.0}, {"i": 386, "x": 22460.0, "y": 23918.0}, {"i": 387, "x": 22488.0, "y": 33364.0}, {"i": 388, "x": 22546.0, "y": 34992.0}, {"i": 389, "x": 22574.0, "y": 34166.0}, {"i": 390, "x": 22656.0, "y": 10854.0}, {"i": 391, "x": 22662.0, "y": 43716.0}, {"i": 392, "x": 22682.0, "y": 40534.0}, {"i": 393, "x": 22720.0, "y": 38948.0}, {"i": 394, "x": 22782.0, "y": 52158.0}, {"i": 395, "x": 23042.0, "y": 4426.0}, {"i": 396, "x": 23104.0, "y": 6716.0}, {"i": 397, "x": 23176.0, "y": 7390.0}, {"i": 398, "x": 23232.0, "y": 23694.0}, {"i": 399, "x": 23254.0, "y": 9164.0}, {"i": 400, "x": 23344.0, "y": 6954.0}, {"i": 401, "x": 23382.0, "y": 32424.0}, {"i": 402, "x": 23450.0, "y": 46160.0}, {"i": 403, "x": 23528.0, "y": 23568.0}, {"i": 404, "x": 23620.0, "y": 5536.0}, {"i": 405, "x": 23658.0, "y": 17750.0}, {"i": 406, "x": 23804.0, "y": 17310.0}, {"i": 407, "x": 23880.0, "y": 54064.0}, {"i": 408, "x": 24192.0, "y": 14928.0}, {"i": 409, "x": 24370.0, "y": 25618.0}, {"i": 410, "x": 24452.0, "y": 7034.0}, {"i": 411, "x": 24510.0, "y": 27024.0}, {"i": 412, "x": 24568.0, "y": 5234.0}, {"i": 413, "x": 24664.0, "y": 50358.0}, {"i": 414, "x": 24688.0, "y": 19166.0}, {"i": 415, "x": 24706.0, "y": 8384.0}, {"i": 416, "x": 24748.0, "y": 3342.0}, {"i": 417, "x": 24770.0, "y": 18332.0}, {"i": 418, "x": 24824.0, "y": 45292.0}, {"i": 419, "x": 24934.0, "y": 48428.0}, {"i": 420, "x": 25000.0, "y": 1606.0}, {"i": 421, "x": 25112.0, "y": 34546.0}, {"i": 422, "x": 25330.0, "y": 12812.0}, {"i": 423, "x": 25422.0, "y": 19434.0}, {"i": 424, "x": 25432.0, "y": 45732.0}, {"i": 425, "x": 25576.0, "y": 17484.0}, {"i": 426, "x": 25692.0, "y": 37830.0}, {"i": 427, "x": 25742.0, "y": 5566.0}, {"i": 428, "x": 25866.0, "y": 37312.0}, {"i": 429, "x": 26044.0, "y": 14996.0}, {"i": 430, "x": 26044.0, "y": 50812.0}, {"i": 431, "x": 26048.0, "y": 37510.0}, {"i": 432, "x": 26216.0, "y": 44092.0}, {"i": 433, "x": 26228.0, "y": 4606.0}, {"i": 434, "x": 26270.0, "y": 6598.0}, {"i": 435, "x": 26526.0, "y": 39562.0}, {"i": 436, "x": 26532.0, "y": 22182.0}, {"i": 437, "x": 26604.0, "y": 15880.0}, {"i": 438, "x": 26730.0, "y": 48376.0}, {"i": 439, "x": 26762.0, "y": 36670.0}, {"i": 440, "x": 26780.0, "y": 7052.0}, {"i": 441, "x": 26836.0, "y": 29020.0}, {"i": 442, "x": 26876.0, "y": 39662.0}, {"i": 443, "x": 26876.0, "y": 45636.0}, {"i": 444, "x": 26876.0, "y": 59492.0}, {"i": 445, "x": 26950.0, "y": 46628.0}, {"i": 446, "x": 27006.0, "y": 45204.0}, {"i": 447, "x": 27006.0, "y": 47348.0}, {"i": 448, "x": 27026.0, "y": 14252.0}, {"i": 449, "x": 27032.0, "y": 57660.0}, {"i": 450, "x": 27074.0, "y": 45178.0}, {"i": 451, "x": 27116.0, "y": 45028.0}, {"i": 452, "x": 27220.0, "y": 43110.0}, {"i": 453, "x": 27232.0, "y": 27842.0}, {"i": 454, "x": 27266.0, "y": 3830.0}, {"i": 455, "x": 27308.0, "y": 46392.0}, {"i": 456, "x": 27356.0, "y": 34536.0}, {"i": 457, "x": 27488.0, "y": 7770.0}, {"i": 458, "x": 27498.0, "y": 21538.0}, {"i": 459, "x": 27836.0, "y": 14460.0}, {"i": 460, "x": 27876.0, "y": 30940.0}, {"i": 461, "x": 27944.0, "y": 9580.0}, {"i": 462, "x": 28018.0, "y": 41570.0}, {"i": 463, "x": 28020.0, "y": 52668.0}, {"i": 464, "x": 28052.0, "y": 19584.0}, {"i": 465, "x": 28156.0, "y": 27220.0}, {"i": 466, "x": 28176.0, "y": 2162.0}, {"i": 467, "x": 28304.0, "y": 37758.0}, {"i": 468, "x": 28340.0, "y": 58246.0}, {"i": 469, "x": 28396.0, "y": 23916.0}, {"i": 470, "x": 28456.0, "y": 35722.0}, {"i": 471, "x": 28500.0, "y": 11348.0}, {"i": 472, "x": 28554.0, "y": 41644.0}, {"i": 473, "x": 28624.0, "y": 26298.0}, {"i": 474, "x": 28640.0, "y": 50402.0}, {"i": 475, "x": 28666.0, "y": 41058.0}, {"i": 476, "x": 28740.0, "y": 40604.0}, {"i": 477, "x": 28828.0, "y": 51396.0}, {"i": 478, "x": 28922.0, "y": 12528.0}, {"i": 479, "x": 28938.0, "y": 32522.0}, {"i": 480, "x": 29052.0, "y": 43896.0}, {"i": 481, "x": 29066.0, "y": 7914.0}, {"i": 482, "x": 29076.0, "y": 23936.0}, {"i": 483, "x": 29172.0, "y": 48766.0}, {"i": 484, "x": 29210.0, "y": 28772.0}, {"i": 485, "x": 29348.0, "y": 59688.0}, {"i": 486, "x": 29358.0, "y": 58630.0}, {"i": 487, "x": 29366.0, "y": 25768.0}, {"i": 488, "x": 29552.0, "y": 45940.0}, {"i": 489, "x": 29626.0, "y": 9964.0}, {"i": 490, "x": 29638.0, "y": 51746.0}, {"i": 491, "x": 29652.0, "y": 49010.0}, {"i": 492, "x": 29788.0, "y": 21596.0}, {"i": 493, "x": 29798.0, "y": 59304.0}, {"i": 494, "x": 29806.0, "y": 18012.0}, {"i": 495, "x": 29814.0, "y": 34126.0}, {"i": 496, "x": 29848.0, "y": 50254.0}, {"i": 497, "x": 29928.0, "y": 33338.0}, {"i": 498, "x": 29934.0, "y": 57346.0}, {"i": 499, "x": 29960.0, "y": 21720.0}, {"i": 500, "x": 30096.0, "y": 8474.0}, {"i": 501, "x": 30128.0, "y": 21608.0}, {"i": 502, "x": 30168.0, "y": 57160.0}, {"i": 503, "x": 30184.0, "y": 43114.0}, {"i": 504, "x": 30310.0, "y": 57650.0}, {"i": 505, "x": 30326.0, "y": 4142.0}, {"i": 506, "x": 30358.0, "y": 59036.0}, {"i": 507, "x": 30380.0, "y": 14536.0}, {"i": 508, "x": 30506.0, "y": 42056.0}, {"i": 509, "x": 30514.0, "y": 39486.0}, {"i": 510, "x": 30548.0, "y": 46528.0}, {"i": 511, "x": 30622.0, "y": 35116.0}, {"i": 512, "x": 30646.0, "y": 6292.0}, {"i": 513, "x": 30662.0, "y": 4814.0}, {"i": 514, "x": 30720.0, "y": 17132.0}, {"i": 515, "x": 30728.0, "y": 26746.0}, {"i": 516, "x": 30750.0, "y": 54086.0}, {"i": 517, "x": 30830.0, "y": 32976.0}, {"i": 518, "x": 30840.0, "y": 47794.0}, {"i": 519, "x": 30876.0, "y": 5678.0}, {"i": 520, "x": 30880.0, "y": 39048.0}, {"i": 521, "x": 30888.0, "y": 44936.0}, {"i": 522, "x": 31024.0, "y": 16136.0}, {"i": 523, "x": 31034.0, "y": 19374.0}, {"i": 524, "x": 31064.0, "y": 32274.0}, {"i": 525, "x": 31378.0, "y": 2704.0}, {"i": 526, "x": 31432.0, "y": 57104.0}, {"i": 527, "x": 31450.0, "y": 14814.0}, {"i": 528, "x": 31468.0, "y": 20892.0}, {"i": 529, "x": 31548.0, "y": 55712.0}, {"i": 530, "x": 31598.0, "y": 51826.0}, {"i": 531, "x": 31642.0, "y": 8252.0}, {"i": 532, "x": 31706.0, "y": 10596.0}, {"i": 533, "x": 31918.0, "y": 57382.0}, {"i": 534, "x": 31932.0, "y": 1280.0}, {"i": 535, "x": 31958.0, "y": 22364.0}, {"i": 536, "x": 32014.0, "y": 28074.0}, {"i": 537, "x": 32046.0, "y": 24032.0}, {"i": 538, "x": 32142.0, "y": 37166.0}, {"i": 539, "x": 32180.0, "y": 27334.0}, {"i": 540, "x": 32192.0, "y": 40880.0}, {"i": 541, "x": 32258.0, "y": 48606.0}, {"i": 542, "x": 32260.0, "y": 568.0}, {"i": 543, "x": 32282.0, "y": 36340.0}, {"i": 544, "x": 32296.0, "y": 26776.0}, {"i": 545, "x": 32338.0, "y": 36728.0}, {"i": 546, "x": 32348.0, "y": 2358.0}, {"i": 547, "x": 32356.0, "y": 32632.0}, {"i": 548, "x": 32378.0, "y": 11088.0}, {"i": 549, "x": 32378.0, "y": 39118.0}, {"i": 550, "x": 32414.0, "y": 40582.0}, {"i": 551, "x": 32416.0, "y": 2986.0}, {"i": 552, "x": 32582.0, "y": 2854.0}, {"i": 553, "x": 32602.0, "y": 22818.0}, {"i": 554, "x": 32670.0, "y": 20936.0}, {"i": 555, "x": 32764.0, "y": 23498.0}, {"i": 556, "x": 32772.0, "y": 59510.0}, {"i": 557, "x": 32970.0, "y": 18750.0}, {"i": 558, "x": 33036.0, "y": 45662.0}, {"i": 559, "x": 33122.0, "y": 19936.0}, {"i": 560, "x": 33144.0, "y": 48576.0}, {"i": 561, "x": 33168.0, "y": 48888.0}, {"i": 562, "x": 33194.0, "y": 14376.0}, {"i": 563, "x": 33212.0, "y": 12026.0}, {"i": 564, "x": 33302.0, "y": 54256.0}, {"i": 565, "x": 33326.0, "y": 3726.0}, {"i": 566, "x": 33332.0, "y": 27236.0}, {"i": 567, "x": 33348.0, "y": 34622.0}, {"i": 568, "x": 33370.0, "y": 37068.0}, {"i": 569, "x": 33402.0, "y": 2322.0}, {"i": 570, "x": 33420.0, "y": 3006.0}, {"i": 571, "x": 33494.0, "y": 38656.0}, {"i": 572, "x": 33604.0, "y": 33060.0}, {"i": 573, "x": 33652.0, "y": 11944.0}, {"i": 574, "x": 33802.0, "y": 24094.0}, {"i": 575, "x": 33826.0, "y": 680.0}, {"i": 576, "x": 33846.0, "y": 49016.0}, {"i": 577, "x": 33896.0, "y": 57420.0}, {"i": 578, "x": 33934.0, "y": 41774.0}, {"i": 579, "x": 34070.0, "y": 11608.0}, {"i": 580, "x": 34072.0, "y": 59166.0}, {"i": 581, "x": 34160.0, "y": 24508.0}, {"i": 582, "x": 34232.0, "y": 36050.0}, {"i": 583, "x": 34290.0, "y": 9542.0}, {"i": 584, "x": 34372.0, "y": 24700.0}, {"i": 585, "x": 34518.0, "y": 15728.0}, {"i": 586, "x": 34630.0, "y": 20976.0}, {"i": 587, "x": 34710.0, "y": 37324.0}, {"i": 588, "x": 34820.0, "y": 58088.0}, {"i": 589, "x": 34826.0, "y": 54708.0}, {"i": 590, "x": 34932.0, "y": 9346.0}, {"i": 591, "x": 35236.0, "y": 7058.0}, {"i": 592, "x": 35334.0, "y": 48014.0}, {"i": 593, "x": 35402.0, "y": 58308.0}, {"i": 594, "x": 35510.0, "y": 46284.0}, {"i": 595, "x": 35526.0, "y": 16942.0}, {"i": 596, "x": 35530.0, "y": 20670.0}, {"i": 597, "x": 35620.0, "y": 24148.0}, {"i": 598, "x": 35678.0, "y": 35038.0}, {"i": 599, "x": 35736.0, "y": 17842.0}, {"i": 600, "x": 35754.0, "y": 11256.0}, {"i": 601, "x": 35758.0, "y": 57458.0}, {"i": 602, "x": 35802.0, "y": 45096.0}, {"i": 603, "x": 35936.0, "y": 13772.0}, {"i": 604, "x": 36136.0, "y": 44044.0}, {"i": 605, "x": 36234.0, "y": 9368.0}, {"i": 606, "x": 36506.0, "y": 44398.0}, {"i": 607, "x": 36542.0, "y": 50292.0}, {"i": 608, "x": 36608.0, "y": 48896.0}, {"i": 609, "x": 36738.0, "y": 48056.0}, {"i": 610, "x": 36760.0, "y": 40528.0}, {"i": 611, "x": 36858.0, "y": 33588.0}, {"i": 612, "x": 36892.0, "y": 51044.0}, {"i": 613, "x": 36910.0, "y": 37700.0}, {"i": 614, "x": 36926.0, "y": 15368.0}, {"i": 615, "x": 37070.0, "y": 10230.0}, {"i": 616, "x": 37268.0, "y": 41426.0}, {"i": 617, "x": 37276.0, "y": 5112.0}, {"i": 618, "x": 37446.0, "y": 44830.0}, {"i": 619, "x": 37500.0, "y": 18134.0}, {"i": 620, "x": 37514.0, "y": 4142.0}, {"i": 621, "x": 37614.0, "y": 47430.0}, {"i": 622, "x": 37634.0, "y": 53884.0}, {"i": 623, "x": 37640.0, "y": 36608.0}, {"i": 624, "x": 37748.0, "y": 21200.0}, {"i": 625, "x": 37750.0, "y": 35022.0}, {"i": 626, "x": 37816.0, "y": 22616.0}, {"i": 627, "x": 37842.0, "y": 9566.0}, {"i": 628, "x": 37912.0, "y": 30358.0}, {"i": 629, "x": 37976.0, "y": 35352.0}, {"i": 630, "x": 38022.0, "y": 23720.0}, {"i": 631, "x": 38040.0, "y": 40938.0}, {"i": 632, "x": 38164.0, "y": 4416.0}, {"i": 633, "x": 38172.0, "y": 48470.0}, {"i": 634, "x": 38328.0, "y": 23024.0}, {"i": 635, "x": 38370.0, "y": 8624.0}, {"i": 636, "x": 38388.0, "y": 52952.0}, {"i": 637, "x": 38396.0, "y": 29364.0}, {"i": 638, "x": 38454.0, "y": 38516.0}, {"i": 639, "x": 38470.0, "y": 32802.0}, {"i": 640, "x": 38480.0, "y": 57938.0}, {"i": 641, "x": 38496.0, "y": 10584.0}, {"i": 642, "x": 38496.0, "y": 49502.0}, {"i": 643, "x": 38530.0, "y": 19656.0}, {"i": 644, "x": 38584.0, "y": 13586.0}, {"i": 645, "x": 38670.0, "y": 42586.0}, {"i": 646, "x": 38672.0, "y": 22376.0}, {"i": 647, "x": 38690.0, "y": 38760.0}, {"i": 648, "x": 38766.0, "y": 3218.0}, {"i": 649, "x": 38796.0, "y": 53360.0}, {"i": 650, "x": 38816.0, "y": 364.0}, {"i": 651, "x": 38828.0, "y": 100.0}, {"i": 652, "x": 38880.0, "y": 45898.0}, {"i": 653, "x": 39000.0, "y": 43708.0}, {"i": 654, "x": 39122.0, "y": 6892.0}, {"i": 655, "x": 39130.0, "y": 10956.0}, {"i": 656, "x": 39132.0, "y": 37026.0}, {"i": 657, "x": 39174.0, "y": 54060.0}, {"i": 658, "x": 39400.0, "y": 29030.0}, {"i": 659, "x": 39456.0, "y": 41304.0}, {"i": 660, "x": 39478.0, "y": 3686.0}, {"i": 661, "x": 39482.0, "y": 12328.0}, {"i": 662, "x": 39484.0, "y": 35682.0}, {"i": 663, "x": 39510.0, "y": 33312.0}, {"i": 664, "x": 39630.0, "y": 392.0}, {"i": 665, "x": 39690.0, "y": 41176.0}, {"i": 666, "x": 39712.0, "y": 20760.0}, {"i": 667, "x": 40074.0, "y": 10752.0}, {"i": 668, "x": 40114.0, "y": 18506.0}, {"i": 669, "x": 40176.0, "y": 41340.0}, {"i": 670, "x": 40236.0, "y": 49634.0}, {"i": 671, "x": 40270.0, "y": 5362.0}, {"i": 672, "x": 40414.0, "y": 40310.0}, {"i": 673, "x": 40426.0, "y": 54840.0}, {"i": 674, "x": 40520.0, "y": 37668.0}, {"i": 675, "x": 40558.0, "y": 45968.0}, {"i": 676, "x": 40562.0, "y": 52566.0}, {"i": 677, "x": 40598.0, "y": 12684.0}, {"i": 678, "x": 40630.0, "y": 5168.0}, {"i": 679, "x": 40700.0, "y": 5828.0}, {"i": 680, "x": 40734.0, "y": 56736.0}, {"i": 681, "x": 40740.0, "y": 37270.0}, {"i": 682, "x": 40768.0, "y": 15534.0}, {"i": 683, "x": 40820.0, "y": 31188.0}, {"i": 684, "x": 40906.0, "y": 58218.0}, {"i": 685, "x": 40950.0, "y": 25266.0}, {"i": 686, "x": 41180.0, "y": 21180.0}, {"i": 687, "x": 41194.0, "y": 25264.0}, {"i": 688, "x": 41236.0, "y": 28038.0}, {"i": 689, "x": 41242.0, "y": 3554.0}, {"i": 690, "x": 41324.0, "y": 30406.0}, {"i": 691, "x": 41332.0, "y": 46718.0}, {"i": 692, "x": 41442.0, "y": 12716.0}, {"i": 693, "x": 41510.0, "y": 29046.0}, {"i": 694, "x": 41524.0, "y": 2508.0}, {"i": 695, "x": 41616.0, "y": 58928.0}, {"i": 696, "x": 41684.0, "y": 12766.0}, {"i": 697, "x": 41690.0, "y": 44468.0}, {"i": 698, "x": 41816.0, "y": 55630.0}, {"i": 699, "x": 41816.0, "y": 57810.0}, {"i": 700, "x": 41842.0, "y": 22564.0}, {"i": 701, "x": 41908.0, "y": 48544.0}, {"i": 702, "x": 42012.0, "y": 14734.0}, {"i": 703, "x": 42044.0, "y": 28274.0}, {"i": 704, "x": 42138.0, "y": 47666.0}, {"i": 705, "x": 42164.0, "y": 32638.0}, {"i": 706, "x": 42202.0, "y": 35442.0}, {"i": 707, "x": 42284.0, "y": 23618.0}, {"i": 708, "x": 42306.0, "y": 56366.0}, {"i": 709, "x": 42336.0, "y": 50306.0}, {"i": 710, "x": 42430.0, "y": 53060.0}, {"i": 711, "x": 42434.0, "y": 47628.0}, {"i": 712, "x": 42454.0, "y": 43144.0}, {"i": 713, "x": 42498.0, "y": 15528.0}, {"i": 714, "x": 42504.0, "y": 40592.0}, {"i": 715, "x": 42542.0, "y": 37584.0}, {"i": 716, "x": 42558.0, "y": 8568.0}, {"i": 717, "x": 42720.0, "y": 19132.0}, {"i": 718, "x": 42866.0, "y": 13024.0}, {"i": 719, "x": 42870.0, "y": 58262.0}, {"i": 720, "x": 42940.0, "y": 46900.0}, {"i": 721, "x": 42992.0, "y": 26200.0}, {"i": 722, "x": 43012.0, "y": 19942.0}, {"i": 723, "x": 43102.0, "y": 30196.0}, {"i": 724, "x": 43116.0, "y": 55170.0}, {"i": 725, "x": 43150.0, "y": 45664.0}, {"i": 726, "x": 43232.0, "y": 2792.0}, {"i": 727, "x": 43238.0, "y": 24688.0}, {"i": 728, "x": 43248.0, "y": 47224.0}, {"i": 729, "x": 43288.0, "y": 20874.0}, {"i": 730, "x": 43300.0, "y": 38386.0}, {"i": 731, "x": 43314.0, "y": 25142.0}, {"i": 732, "x": 43550.0, "y": 1174.0}, {"i": 733, "x": 43594.0, "y": 30492.0}, {"i": 734, "x": 43738.0, "y": 53420.0}, {"i": 735, "x": 43816.0, "y": 59476.0}, {"i": 736, "x": 43902.0, "y": 57554.0}, {"i": 737, "x": 43966.0, "y": 22540.0}, {"i": 738, "x": 43974.0, "y": 23366.0}, {"i": 739, "x": 44002.0, "y": 44890.0}, {"i": 740, "x": 44122.0, "y": 55636.0}, {"i": 741, "x": 44308.0, "y": 15312.0}, {"i": 742, "x": 44318.0, "y": 19990.0}, {"i": 743, "x": 44358.0, "y": 23960.0}, {"i": 744, "x": 44456.0, "y": 25682.0}, {"i": 745, "x": 44458.0, "y": 21200.0}, {"i": 746, "x": 44650.0, "y": 55156.0}, {"i": 747, "x": 44806.0, "y": 59632.0}, {"i": 748, "x": 44846.0, "y": 23278.0}, {"i": 749, "x": 45022.0, "y": 24694.0}, {"i": 750, "x": 45034.0, "y": 15680.0}, {"i": 751, "x": 45168.0, "y": 2182.0}, {"i": 752, "x": 45260.0, "y": 2348.0}, {"i": 753, "x": 45306.0, "y": 41988.0}, {"i": 754, "x": 45376.0, "y": 12962.0}, {"i": 755, "x": 45470.0, "y": 29500.0}, {"i": 756, "x": 45470.0, "y": 58260.0}, {"i": 757, "x": 45502.0, "y": 13990.0}, {"i": 758, "x": 45504.0, "y": 28490.0}, {"i": 759, "x": 45608.0, "y": 11304.0}, {"i": 760, "x": 45676.0, "y": 5998.0}, {"i": 761, "x": 45712.0, "y": 33384.0}, {"i": 762, "x": 45726.0, "y": 34800.0}, {"i": 763, "x": 45790.0, "y": 41172.0}, {"i": 764, "x": 45854.0, "y": 54932.0}, {"i": 765, "x": 45942.0, "y": 18806.0}, {"i": 766, "x": 46028.0, "y": 29268.0}, {"i": 767, "x": 46032.0, "y": 18272.0}, {"i": 768, "x": 46076.0, "y": 9588.0}, {"i": 769, "x": 46084.0, "y": 43580.0}, {"i": 770, "x": 46132.0, "y": 25138.0}, {"i": 771, "x": 46158.0, "y": 30990.0}, {"i": 772, "x": 46210.0, "y": 42730.0}, {"i": 773, "x": 46260.0, "y": 34424.0}, {"i": 774, "x": 46406.0, "y": 1298.0}, {"i": 775, "x": 46518.0, "y": 56802.0}, {"i": 776, "x": 46524.0, "y": 25566.0}, {"i": 777, "x": 46688.0, "y": 14008.0}, {"i": 778, "x": 46756.0, "y": 49744.0}, {"i": 779, "x": 46804.0, "y": 24372.0}, {"i": 780, "x": 46804.0, "y": 26126.0}, {"i": 781, "x": 46862.0, "y": 52202.0}, {"i": 782, "x": 46870.0, "y": 43958.0}, {"i": 783, "x": 46876.0, "y": 2322.0}, {"i": 784, "x": 47014.0, "y": 17184.0}, {"i": 785, "x": 47036.0, "y": 11778.0}, {"i": 786, "x": 47042.0, "y": 48046.0}, {"i": 787, "x": 47062.0, "y": 566.0}, {"i": 788, "x": 47100.0, "y": 46094.0}, {"i": 789, "x": 47120.0, "y": 35160.0}, {"i": 790, "x": 47134.0, "y": 38966.0}, {"i": 791, "x": 47166.0, "y": 39406.0}, {"i": 792, "x": 47180.0, "y": 46784.0}, {"i": 793, "x": 47212.0, "y": 40044.0}, {"i": 794, "x": 47298.0, "y": 36418.0}, {"i": 795, "x": 47372.0, "y": 6472.0}, {"i": 796, "x": 47444.0, "y": 42822.0}, {"i": 797, "x": 47532.0, "y": 52606.0}, {"i": 798, "x": 47558.0, "y": 45880.0}, {"i": 799, "x": 47810.0, "y": 53412.0}, {"i": 800, "x": 47938.0, "y": 30906.0}, {"i": 801, "x": 47996.0, "y": 35340.0}, {"i": 802, "x": 48178.0, "y": 4896.0}, {"i": 803, "x": 48178.0, "y": 12734.0}, {"i": 804, "x": 48252.0, "y": 57890.0}, {"i": 805, "x": 48446.0, "y": 51930.0}, {"i": 806, "x": 48450.0, "y": 43442.0}, {"i": 807, "x": 48500.0, "y": 4886.0}, {"i": 808, "x": 48550.0, "y": 6090.0}, {"i": 809, "x": 48550.0, "y": 49776.0}, {"i": 810, "x": 48648.0, "y": 12396.0}, {"i": 811, "x": 48760.0, "y": 1006.0}, {"i": 812, "x": 48792.0, "y": 2940.0}, {"i": 813, "x": 48864.0, "y": 48370.0}, {"i": 814, "x": 48946.0, "y": 9456.0}, {"i": 815, "x": 48986.0, "y": 50580.0}, {"i": 816, "x": 49006.0, "y": 18618.0}, {"i": 817, "x": 49010.0, "y": 42386.0}, {"i": 818, "x": 49078.0, "y": 25268.0}, {"i": 819, "x": 49078.0, "y": 33552.0}, {"i": 820, "x": 49356.0, "y": 48112.0}, {"i": 821, "x": 49360.0, "y": 32164.0}, {"i": 822, "x": 49418.0, "y": 59210.0}, {"i": 823, "x": 49426.0, "y": 41292.0}, {"i": 824, "x": 49456.0, "y": 3522.0}, {"i": 825, "x": 49524.0, "y": 39696.0}, {"i": 826, "x": 49534.0, "y": 20066.0}, {"i": 827, "x": 49660.0, "y": 42528.0}, {"i": 828, "x": 49674.0, "y": 22836.0}, {"i": 829, "x": 49750.0, "y": 25218.0}, {"i": 830, "x": 49894.0, "y": 46354.0}, {"i": 831, "x": 49924.0, "y": 30090.0}, {"i": 832, "x": 49974.0, "y": 7792.0}, {"i": 833, "x": 50204.0, "y": 12156.0}, {"i": 834, "x": 50242.0, "y": 52238.0}, {"i": 835, "x": 50356.0, "y": 43972.0}, {"i": 836, "x": 50360.0, "y": 45326.0}, {"i": 837, "x": 50384.0, "y": 40398.0}, {"i": 838, "x": 50398.0, "y": 32704.0}, {"i": 839, "x": 50418.0, "y": 58574.0}, {"i": 840, "x": 50448.0, "y": 56206.0}, {"i": 841, "x": 50464.0, "y": 8900.0}, {"i": 842, "x": 50546.0, "y": 41920.0}, {"i": 843, "x": 50556.0, "y": 41746.0}, {"i": 844, "x": 50606.0, "y": 20926.0}, {"i": 845, "x": 50700.0, "y": 20886.0}, {"i": 846, "x": 50882.0, "y": 17764.0}, {"i": 847, "x": 50890.0, "y": 29920.0}, {"i": 848, "x": 50994.0, "y": 16676.0}, {"i": 849, "x": 51056.0, "y": 38226.0}, {"i": 850, "x": 51218.0, "y": 16330.0}, {"i": 851, "x": 51272.0, "y": 26606.0}, {"i": 852, "x": 51344.0, "y": 48804.0}, {"i": 853, "x": 51374.0, "y": 47718.0}, {"i": 854, "x": 51392.0, "y": 57780.0}, {"i": 855, "x": 51484.0, "y": 17344.0}, {"i": 856, "x": 51498.0, "y": 56120.0}, {"i": 857, "x": 51504.0, "y": 58538.0}, {"i": 858, "x": 51556.0, "y": 45088.0}, {"i": 859, "x": 51598.0, "y": 31022.0}, {"i": 860, "x": 51620.0, "y": 34944.0}, {"i": 861, "x": 51770.0, "y": 47116.0}, {"i": 862, "x": 51832.0, "y": 13234.0}, {"i": 863, "x": 51884.0, "y": 8282.0}, {"i": 864, "x": 51902.0, "y": 43220.0}, {"i": 865, "x": 51912.0, "y": 11798.0}, {"i": 866, "x": 51924.0, "y": 11212.0}, {"i": 867, "x": 51952.0, "y": 5998.0}, {"i": 868, "x": 52070.0, "y": 51610.0}, {"i": 869, "x": 52084.0, "y": 18796.0}, {"i": 870, "x": 52136.0, "y": 40608.0}, {"i": 871, "x": 52384.0, "y": 9954.0}, {"i": 872, "x": 52494.0, "y": 14696.0}, {"i": 873, "x": 52576.0, "y": 46.0}, {"i": 874, "x": 52580.0, "y": 11230.0}, {"i": 875, "x": 52670.0, "y": 55620.0}, {"i": 876, "x": 52830.0, "y": 18890.0}, {"i": 877, "x": 52934.0, "y": 3954.0}, {"i": 878, "x": 53050.0, "y": 55592.0}, {"i": 879, "x": 53106.0, "y": 9400.0}, {"i": 880, "x": 53164.0, "y": 14776.0}, {"i": 881, "x": 53264.0, "y": 37558.0}, {"i": 882, "x": 53352.0, "y": 43406.0}, {"i": 883, "x": 53366.0, "y": 10852.0}, {"i": 884, "x": 53482.0, "y": 43104.0}, {"i": 885, "x": 53486.0, "y": 45982.0}, {"i": 886, "x": 53564.0, "y": 15462.0}, {"i": 887, "x": 53656.0, "y": 46796.0}, {"i": 888, "x": 53684.0, "y": 11834.0}, {"i": 889, "x": 53712.0, "y": 47236.0}, {"i": 890, "x": 53932.0, "y": 13478.0}, {"i": 891, "x": 54100.0, "y": 17388.0}, {"i": 892, "x": 54140.0, "y": 19522.0}, {"i": 893, "x": 54152.0, "y": 7994.0}, {"i": 894, "x": 54220.0, "y": 788.0}, {"i": 895, "x": 54228.0, "y": 17126.0}, {"i": 896, "x": 54252.0, "y": 43042.0}, {"i": 897, "x": 54258.0, "y": 25682.0}, {"i": 898, "x": 54262.0, "y": 42734.0}, {"i": 899, "x": 54424.0, "y": 3528.0}, {"i": 900, "x": 54508.0, "y": 9040.0}, {"i": 901, "x": 54508.0, "y": 40572.0}, {"i": 902, "x": 54560.0, "y": 7924.0}, {"i": 903, "x": 54564.0, "y": 50880.0}, {"i": 904, "x": 54566.0, "y": 194.0}, {"i": 905, "x": 54646.0, "y": 54082.0}, {"i": 906, "x": 54784.0, "y": 6536.0}, {"i": 907, "x": 54790.0, "y": 51318.0}, {"i": 908, "x": 54938.0, "y": 9540.0}, {"i": 909, "x": 55034.0, "y": 10176.0}, {"i": 910, "x": 55070.0, "y": 44664.0}, {"i": 911, "x": 55150.0, "y": 57170.0}, {"i": 912, "x": 55166.0, "y": 58980.0}, {"i": 913, "x": 55170.0, "y": 53490.0}, {"i": 914, "x": 55220.0, "y": 23410.0}, {"i": 915, "x": 55330.0, "y": 6128.0}, {"i": 916, "x": 55440.0, "y": 10596.0}, {"i": 917, "x": 55466.0, "y": 43656.0}, {"i": 918, "x": 55558.0, "y": 43910.0}, {"i": 919, "x": 55602.0, "y": 54680.0}, {"i": 920, "x": 55676.0, "y": 33100.0}, {"i": 921, "x": 55778.0, "y": 48392.0}, {"i": 922, "x": 55786.0, "y": 2514.0}, {"i": 923, "x": 55860.0, "y": 35292.0}, {"i": 924, "x": 56004.0, "y": 52494.0}, {"i": 925, "x": 56052.0, "y": 20030.0}, {"i": 926, "x": 56138.0, "y": 32436.0}, {"i": 927, "x": 56360.0, "y": 2990.0}, {"i": 928, "x": 56500.0, "y": 23082.0}, {"i": 929, "x": 56500.0, "y": 44712.0}, {"i": 930, "x": 56532.0, "y": 31790.0}, {"i": 931, "x": 56548.0, "y": 17974.0}, {"i": 932, "x": 56594.0, "y": 24598.0}, {"i": 933, "x": 56596.0, "y": 42790.0}, {"i": 934, "x": 56612.0, "y": 9624.0}, {"i": 935, "x": 56626.0, "y": 52716.0}, {"i": 936, "x": 56724.0, "y": 28026.0}, {"i": 937, "x": 56766.0, "y": 19402.0}, {"i": 938, "x": 56838.0, "y": 46786.0}, {"i": 939, "x": 56858.0, "y": 22170.0}, {"i": 940, "x": 56862.0, "y": 5014.0}, {"i": 941, "x": 56888.0, "y": 14680.0}, {"i": 942, "x": 56918.0, "y": 47104.0}, {"i": 943, "x": 56930.0, "y": 5004.0}, {"i": 944, "x": 57066.0, "y": 4072.0}, {"i": 945, "x": 57126.0, "y": 3482.0}, {"i": 946, "x": 57188.0, "y": 30460.0}, {"i": 947, "x": 57242.0, "y": 43178.0}, {"i": 948, "x": 57268.0, "y": 12536.0}, {"i": 949, "x": 57330.0, "y": 6762.0}, {"i": 950, "x": 57382.0, "y": 46102.0}, {"i": 951, "x": 57432.0, "y": 58174.0}, {"i": 952, "x": 57450.0, "y": 49796.0}, {"i": 953, "x": 57536.0, "y": 48408.0}, {"i": 954, "x": 57600.0, "y": 20164.0}, {"i": 955, "x": 57602.0, "y": 38506.0}, {"i": 956, "x": 57702.0, "y": 30772.0}, {"i": 957, "x": 57708.0, "y": 17946.0}, {"i": 958, "x": 57738.0, "y": 36228.0}, {"i": 959, "x": 57768.0, "y": 7430.0}, {"i": 960, "x": 57794.0, "y": 28872.0}, {"i": 961, "x": 58046.0, "y": 14198.0}, {"i": 962, "x": 58078.0, "y": 50438.0}, {"i": 963, "x": 58204.0, "y": 6998.0}, {"i": 964, "x": 58300.0, "y": 39386.0}, {"i": 965, "x": 58376.0, "y": 30094.0}, {"i": 966, "x": 58434.0, "y": 1590.0}, {"i": 967, "x": 58462.0, "y": 688.0}, {"i": 968, "x": 58480.0, "y": 49048.0}, {"i": 969, "x": 58524.0, "y": 2532.0}, {"i": 970, "x": 58608.0, "y": 53746.0}, {"i": 971, "x": 58732.0, "y": 49174.0}, {"i": 972, "x": 58858.0, "y": 6452.0}, {"i": 973, "x": 58908.0, "y": 45682.0}, {"i": 974, "x": 59012.0, "y": 59856.0}, {"i": 975, "x": 59040.0, "y": 19844.0}, {"i": 976, "x": 59176.0, "y": 15208.0}, {"i": 977, "x": 59218.0, "y": 3064.0}, {"i": 978, "x": 59268.0, "y": 8822.0}, {"i": 979, "x": 59298.0, "y": 30326.0}, {"i": 980, "x": 59318.0, "y": 10010.0}, {"i": 981, "x": 59350.0, "y": 55764.0}, {"i": 982, "x": 59402.0, "y": 33036.0}, {"i": 983, "x": 59438.0, "y": 51996.0}, {"i": 984, "x": 59524.0, "y": 59060.0}, {"i": 985, "x": 59556.0, "y": 24542.0}, {"i": 986, "x": 59590.0, "y": 20646.0}, {"i": 987, "x": 59598.0, "y": 47570.0}, {"i": 988, "x": 59628.0, "y": 37014.0}, {"i": 989, "x": 59636.0, "y": 44250.0}, {"i": 990, "x": 59650.0, "y": 15972.0}, {"i": 991, "x": 59690.0, "y": 4144.0}, {"i": 992, "x": 59752.0, "y": 35560.0}, {"i": 993, "x": 59806.0, "y": 4984.0}, {"i": 994, "x": 59814.0, "y": 13396.0}, {"i": 995, "x": 59820.0, "y": 37378.0}, {"i": 996, "x": 59864.0, "y": 30352.0}, {"i": 997, "x": 59870.0, "y": 22730.0}, {"i": 998, "x": 59920.0, "y": 45940.0}, {"i": 999, "x": 59982.0, "y": 50476.0}], "type": "Instance", "name": "uniform-0001000-2", "meta": {"comment": "HIP random 2-dimensional integral point set (1000 points), distribution 'uniform'", "faces_in_delaunay": 1981}}