{"points": [{"i": 0, "x": 20.0, "y": 442.0}, {"i": 1, "x": 36.0, "y": 104.0}, {"i": 2, "x": 92.0, "y": 264.0}, {"i": 3, "x": 168.0, "y": 578.0}, {"i": 4, "x": 188.0, "y": 428.0}, {"i": 5, "x": 188.0, "y": 962.0}, {"i": 6, "x": 216.0, "y": 144.0}, {"i": 7, "x": 294.0, "y": 256.0}, {"i": 8, "x": 342.0, "y": 912.0}, {"i": 9, "x": 472.0, "y": 1120.0}, {"i": 10, "x": 622.0, "y": 454.0}, {"i": 11, "x": 670.0, "y": 578.0}, {"i": 12, "x": 686.0, "y": 398.0}, {"i": 13, "x": 740.0, "y": 906.0}, {"i": 14, "x": 882.0, "y": 868.0}, {"i": 15, "x": 886.0, "y": 296.0}, {"i": 16, "x": 954.0, "y": 722.0}, {"i": 17, "x": 982.0, "y": 148.0}, {"i": 18, "x": 1104.0, "y": 828.0}, {"i": 19, "x": 1112.0, "y": 290.0}], "type": "Instance", "name": "uniform-0000020-1", "meta": {"comment": "HIP random 2-dimensional integral point set (20 points), distribution 'uniform'", "faces_in_delaunay": 31}}