{"points": [{"i": 0, "x": 70.0, "y": 686.0}, {"i": 1, "x": 208.0, "y": 4452.0}, {"i": 2, "x": 472.0, "y": 130.0}, {"i": 3, "x": 654.0, "y": 4216.0}, {"i": 4, "x": 664.0, "y": 2112.0}, {"i": 5, "x": 700.0, "y": 1984.0}, {"i": 6, "x": 716.0, "y": 4634.0}, {"i": 7, "x": 736.0, "y": 940.0}, {"i": 8, "x": 758.0, "y": 2650.0}, {"i": 9, "x": 824.0, "y": 528.0}, {"i": 10, "x": 898.0, "y": 364.0}, {"i": 11, "x": 1112.0, "y": 3208.0}, {"i": 12, "x": 1192.0, "y": 294.0}, {"i": 13, "x": 1204.0, "y": 2194.0}, {"i": 14, "x": 1212.0, "y": 70.0}, {"i": 15, "x": 1220.0, "y": 1490.0}, {"i": 16, "x": 1340.0, "y": 1622.0}, {"i": 17, "x": 1354.0, "y": 2126.0}, {"i": 18, "x": 1418.0, "y": 3618.0}, {"i": 19, "x": 1476.0, "y": 612.0}, {"i": 20, "x": 1536.0, "y": 1672.0}, {"i": 21, "x": 1858.0, "y": 2390.0}, {"i": 22, "x": 1926.0, "y": 1852.0}, {"i": 23, "x": 1936.0, "y": 2464.0}, {"i": 24, "x": 1940.0, "y": 2046.0}, {"i": 25, "x": 1956.0, "y": 1298.0}, {"i": 26, "x": 1980.0, "y": 4436.0}, {"i": 27, "x": 2014.0, "y": 932.0}, {"i": 28, "x": 2014.0, "y": 956.0}, {"i": 29, "x": 2068.0, "y": 16.0}, {"i": 30, "x": 2084.0, "y": 3342.0}, {"i": 31, "x": 2098.0, "y": 1566.0}, {"i": 32, "x": 2224.0, "y": 4216.0}, {"i": 33, "x": 2346.0, "y": 2654.0}, {"i": 34, "x": 2376.0, "y": 2470.0}, {"i": 35, "x": 2480.0, "y": 1028.0}, {"i": 36, "x": 2504.0, "y": 2382.0}, {"i": 37, "x": 2518.0, "y": 2128.0}, {"i": 38, "x": 2616.0, "y": 3344.0}, {"i": 39, "x": 2630.0, "y": 1814.0}, {"i": 40, "x": 2664.0, "y": 1670.0}, {"i": 41, "x": 2718.0, "y": 2546.0}, {"i": 42, "x": 2802.0, "y": 20.0}, {"i": 43, "x": 2820.0, "y": 4356.0}, {"i": 44, "x": 2982.0, "y": 1524.0}, {"i": 45, "x": 2988.0, "y": 4328.0}, {"i": 46, "x": 3024.0, "y": 3206.0}, {"i": 47, "x": 3030.0, "y": 1676.0}, {"i": 48, "x": 3070.0, "y": 1900.0}, {"i": 49, "x": 3088.0, "y": 4492.0}, {"i": 50, "x": 3108.0, "y": 2292.0}, {"i": 51, "x": 3116.0, "y": 1000.0}, {"i": 52, "x": 3116.0, "y": 2686.0}, {"i": 53, "x": 3158.0, "y": 3586.0}, {"i": 54, "x": 3226.0, "y": 4104.0}, {"i": 55, "x": 3228.0, "y": 2336.0}, {"i": 56, "x": 3232.0, "y": 3198.0}, {"i": 57, "x": 3344.0, "y": 1194.0}, {"i": 58, "x": 3460.0, "y": 874.0}, {"i": 59, "x": 3594.0, "y": 4568.0}, {"i": 60, "x": 3668.0, "y": 50.0}, {"i": 61, "x": 3810.0, "y": 3674.0}, {"i": 62, "x": 3816.0, "y": 3582.0}, {"i": 63, "x": 3878.0, "y": 3404.0}, {"i": 64, "x": 3908.0, "y": 3548.0}, {"i": 65, "x": 3966.0, "y": 2848.0}, {"i": 66, "x": 3980.0, "y": 1482.0}, {"i": 67, "x": 3986.0, "y": 4592.0}, {"i": 68, "x": 4150.0, "y": 3846.0}, {"i": 69, "x": 4338.0, "y": 3538.0}, {"i": 70, "x": 4350.0, "y": 2274.0}, {"i": 71, "x": 4358.0, "y": 2474.0}, {"i": 72, "x": 4414.0, "y": 1350.0}, {"i": 73, "x": 4454.0, "y": 4630.0}, {"i": 74, "x": 4486.0, "y": 4238.0}, {"i": 75, "x": 4504.0, "y": 398.0}, {"i": 76, "x": 4528.0, "y": 1428.0}, {"i": 77, "x": 4556.0, "y": 4274.0}, {"i": 78, "x": 4574.0, "y": 2170.0}, {"i": 79, "x": 4608.0, "y": 3250.0}], "type": "Instance", "name": "uniform-0000080-2", "meta": {"comment": "HIP random 2-dimensional integral point set (80 points), distribution 'uniform'", "faces_in_delaunay": 145}}