{"points": [{"i": 0, "x": 18.0, "y": 1594.0}, {"i": 1, "x": 76.0, "y": 372.0}, {"i": 2, "x": 102.0, "y": 254.0}, {"i": 3, "x": 140.0, "y": 274.0}, {"i": 4, "x": 150.0, "y": 1748.0}, {"i": 5, "x": 304.0, "y": 60.0}, {"i": 6, "x": 398.0, "y": 1632.0}, {"i": 7, "x": 464.0, "y": 1150.0}, {"i": 8, "x": 466.0, "y": 568.0}, {"i": 9, "x": 528.0, "y": 770.0}, {"i": 10, "x": 570.0, "y": 1110.0}, {"i": 11, "x": 572.0, "y": 1524.0}, {"i": 12, "x": 608.0, "y": 512.0}, {"i": 13, "x": 646.0, "y": 1024.0}, {"i": 14, "x": 696.0, "y": 1992.0}, {"i": 15, "x": 728.0, "y": 36.0}, {"i": 16, "x": 768.0, "y": 774.0}, {"i": 17, "x": 792.0, "y": 1862.0}, {"i": 18, "x": 820.0, "y": 768.0}, {"i": 19, "x": 870.0, "y": 1284.0}, {"i": 20, "x": 1032.0, "y": 1342.0}, {"i": 21, "x": 1072.0, "y": 934.0}, {"i": 22, "x": 1220.0, "y": 1730.0}, {"i": 23, "x": 1230.0, "y": 760.0}, {"i": 24, "x": 1280.0, "y": 1840.0}, {"i": 25, "x": 1286.0, "y": 1008.0}, {"i": 26, "x": 1376.0, "y": 1186.0}, {"i": 27, "x": 1652.0, "y": 1256.0}, {"i": 28, "x": 1772.0, "y": 1074.0}, {"i": 29, "x": 1776.0, "y": 2088.0}, {"i": 30, "x": 1818.0, "y": 1922.0}, {"i": 31, "x": 1836.0, "y": 1778.0}, {"i": 32, "x": 1862.0, "y": 1444.0}, {"i": 33, "x": 1962.0, "y": 280.0}, {"i": 34, "x": 1968.0, "y": 1788.0}], "type": "Instance", "name": "uniform-0000035-1", "meta": {"comment": "HIP random 2-dimensional integral point set (35 points), distribution 'uniform'", "faces_in_delaunay": 58}}