{"points": [{"i": 0, "x": 46.0, "y": 96.0}, {"i": 1, "x": 98.0, "y": 32.0}, {"i": 2, "x": 302.0, "y": 176.0}, {"i": 3, "x": 478.0, "y": 3204.0}, {"i": 4, "x": 552.0, "y": 990.0}, {"i": 5, "x": 554.0, "y": 2074.0}, {"i": 6, "x": 682.0, "y": 528.0}, {"i": 7, "x": 780.0, "y": 1546.0}, {"i": 8, "x": 828.0, "y": 3298.0}, {"i": 9, "x": 880.0, "y": 1010.0}, {"i": 10, "x": 946.0, "y": 304.0}, {"i": 11, "x": 974.0, "y": 730.0}, {"i": 12, "x": 1012.0, "y": 2026.0}, {"i": 13, "x": 1038.0, "y": 2392.0}, {"i": 14, "x": 1046.0, "y": 372.0}, {"i": 15, "x": 1200.0, "y": 1110.0}, {"i": 16, "x": 1220.0, "y": 156.0}, {"i": 17, "x": 1318.0, "y": 2910.0}, {"i": 18, "x": 1360.0, "y": 504.0}, {"i": 19, "x": 1396.0, "y": 2044.0}, {"i": 20, "x": 1460.0, "y": 1130.0}, {"i": 21, "x": 1532.0, "y": 3114.0}, {"i": 22, "x": 1544.0, "y": 770.0}, {"i": 23, "x": 1626.0, "y": 2362.0}, {"i": 24, "x": 1640.0, "y": 1170.0}, {"i": 25, "x": 1670.0, "y": 248.0}, {"i": 26, "x": 1846.0, "y": 910.0}, {"i": 27, "x": 1852.0, "y": 814.0}, {"i": 28, "x": 1854.0, "y": 924.0}, {"i": 29, "x": 1930.0, "y": 576.0}, {"i": 30, "x": 2040.0, "y": 474.0}, {"i": 31, "x": 2078.0, "y": 394.0}, {"i": 32, "x": 2090.0, "y": 1692.0}, {"i": 33, "x": 2186.0, "y": 2042.0}, {"i": 34, "x": 2222.0, "y": 502.0}, {"i": 35, "x": 2242.0, "y": 1194.0}, {"i": 36, "x": 2272.0, "y": 2436.0}, {"i": 37, "x": 2356.0, "y": 3466.0}, {"i": 38, "x": 2400.0, "y": 3358.0}, {"i": 39, "x": 2478.0, "y": 2048.0}, {"i": 40, "x": 2486.0, "y": 376.0}, {"i": 41, "x": 2546.0, "y": 1548.0}, {"i": 42, "x": 2568.0, "y": 1454.0}, {"i": 43, "x": 2602.0, "y": 1398.0}, {"i": 44, "x": 2648.0, "y": 3016.0}, {"i": 45, "x": 2666.0, "y": 3032.0}, {"i": 46, "x": 2682.0, "y": 592.0}, {"i": 47, "x": 2770.0, "y": 2762.0}, {"i": 48, "x": 2908.0, "y": 1764.0}, {"i": 49, "x": 2976.0, "y": 1010.0}, {"i": 50, "x": 3006.0, "y": 3176.0}, {"i": 51, "x": 3124.0, "y": 2568.0}, {"i": 52, "x": 3138.0, "y": 750.0}, {"i": 53, "x": 3186.0, "y": 2640.0}, {"i": 54, "x": 3254.0, "y": 1362.0}, {"i": 55, "x": 3294.0, "y": 0.0}, {"i": 56, "x": 3340.0, "y": 354.0}, {"i": 57, "x": 3406.0, "y": 272.0}, {"i": 58, "x": 3492.0, "y": 2344.0}, {"i": 59, "x": 3590.0, "y": 1756.0}], "type": "Instance", "name": "uniform-0000060-1", "meta": {"comment": "HIP random 2-dimensional integral point set (60 points), distribution 'uniform'", "faces_in_delaunay": 108}}