{"points": [{"i": 0, "x": 40.0, "y": 20256.0}, {"i": 1, "x": 42.0, "y": 26618.0}, {"i": 2, "x": 160.0, "y": 4004.0}, {"i": 3, "x": 324.0, "y": 26498.0}, {"i": 4, "x": 324.0, "y": 31848.0}, {"i": 5, "x": 326.0, "y": 6066.0}, {"i": 6, "x": 434.0, "y": 22302.0}, {"i": 7, "x": 524.0, "y": 38706.0}, {"i": 8, "x": 536.0, "y": 23476.0}, {"i": 9, "x": 566.0, "y": 12502.0}, {"i": 10, "x": 588.0, "y": 14930.0}, {"i": 11, "x": 696.0, "y": 41796.0}, {"i": 12, "x": 782.0, "y": 36630.0}, {"i": 13, "x": 860.0, "y": 29918.0}, {"i": 14, "x": 890.0, "y": 16064.0}, {"i": 15, "x": 920.0, "y": 35008.0}, {"i": 16, "x": 944.0, "y": 1668.0}, {"i": 17, "x": 960.0, "y": 28992.0}, {"i": 18, "x": 1016.0, "y": 32948.0}, {"i": 19, "x": 1024.0, "y": 28576.0}, {"i": 20, "x": 1046.0, "y": 13008.0}, {"i": 21, "x": 1116.0, "y": 10958.0}, {"i": 22, "x": 1128.0, "y": 34164.0}, {"i": 23, "x": 1168.0, "y": 37576.0}, {"i": 24, "x": 1180.0, "y": 32022.0}, {"i": 25, "x": 1232.0, "y": 4232.0}, {"i": 26, "x": 1250.0, "y": 32802.0}, {"i": 27, "x": 1312.0, "y": 22226.0}, {"i": 28, "x": 1314.0, "y": 36654.0}, {"i": 29, "x": 1346.0, "y": 958.0}, {"i": 30, "x": 1478.0, "y": 8390.0}, {"i": 31, "x": 1490.0, "y": 4372.0}, {"i": 32, "x": 1518.0, "y": 17362.0}, {"i": 33, "x": 1534.0, "y": 41830.0}, {"i": 34, "x": 1668.0, "y": 17220.0}, {"i": 35, "x": 1864.0, "y": 26744.0}, {"i": 36, "x": 1868.0, "y": 16266.0}, {"i": 37, "x": 2084.0, "y": 32828.0}, {"i": 38, "x": 2138.0, "y": 26250.0}, {"i": 39, "x": 2174.0, "y": 35438.0}, {"i": 40, "x": 2212.0, "y": 21798.0}, {"i": 41, "x": 2248.0, "y": 7458.0}, {"i": 42, "x": 2268.0, "y": 6988.0}, {"i": 43, "x": 2314.0, "y": 40244.0}, {"i": 44, "x": 2400.0, "y": 11002.0}, {"i": 45, "x": 2452.0, "y": 24504.0}, {"i": 46, "x": 2486.0, "y": 23198.0}, {"i": 47, "x": 2564.0, "y": 10652.0}, {"i": 48, "x": 2646.0, "y": 27758.0}, {"i": 49, "x": 2660.0, "y": 1934.0}, {"i": 50, "x": 2660.0, "y": 37958.0}, {"i": 51, "x": 2702.0, "y": 1268.0}, {"i": 52, "x": 2704.0, "y": 14160.0}, {"i": 53, "x": 2816.0, "y": 22856.0}, {"i": 54, "x": 2870.0, "y": 1060.0}, {"i": 55, "x": 2896.0, "y": 35870.0}, {"i": 56, "x": 2972.0, "y": 35262.0}, {"i": 57, "x": 3026.0, "y": 588.0}, {"i": 58, "x": 3124.0, "y": 41980.0}, {"i": 59, "x": 3140.0, "y": 25642.0}, {"i": 60, "x": 3142.0, "y": 9256.0}, {"i": 61, "x": 3168.0, "y": 23158.0}, {"i": 62, "x": 3328.0, "y": 23742.0}, {"i": 63, "x": 3376.0, "y": 40714.0}, {"i": 64, "x": 3384.0, "y": 13144.0}, {"i": 65, "x": 3384.0, "y": 18134.0}, {"i": 66, "x": 3426.0, "y": 17716.0}, {"i": 67, "x": 3476.0, "y": 18994.0}, {"i": 68, "x": 3576.0, "y": 1172.0}, {"i": 69, "x": 3660.0, "y": 22108.0}, {"i": 70, "x": 3666.0, "y": 3132.0}, {"i": 71, "x": 3726.0, "y": 12748.0}, {"i": 72, "x": 3756.0, "y": 25800.0}, {"i": 73, "x": 3780.0, "y": 2224.0}, {"i": 74, "x": 3850.0, "y": 35980.0}, {"i": 75, "x": 3886.0, "y": 31526.0}, {"i": 76, "x": 3920.0, "y": 28378.0}, {"i": 77, "x": 3938.0, "y": 10176.0}, {"i": 78, "x": 4020.0, "y": 9862.0}, {"i": 79, "x": 4066.0, "y": 40176.0}, {"i": 80, "x": 4136.0, "y": 31382.0}, {"i": 81, "x": 4146.0, "y": 26022.0}, {"i": 82, "x": 4176.0, "y": 12050.0}, {"i": 83, "x": 4182.0, "y": 14454.0}, {"i": 84, "x": 4220.0, "y": 22790.0}, {"i": 85, "x": 4356.0, "y": 8704.0}, {"i": 86, "x": 4464.0, "y": 30798.0}, {"i": 87, "x": 4476.0, "y": 35534.0}, {"i": 88, "x": 4554.0, "y": 40372.0}, {"i": 89, "x": 4652.0, "y": 12364.0}, {"i": 90, "x": 4688.0, "y": 32998.0}, {"i": 91, "x": 4716.0, "y": 12154.0}, {"i": 92, "x": 4746.0, "y": 38114.0}, {"i": 93, "x": 4898.0, "y": 20432.0}, {"i": 94, "x": 4918.0, "y": 2436.0}, {"i": 95, "x": 4926.0, "y": 25970.0}, {"i": 96, "x": 5038.0, "y": 1766.0}, {"i": 97, "x": 5074.0, "y": 40518.0}, {"i": 98, "x": 5090.0, "y": 36032.0}, {"i": 99, "x": 5098.0, "y": 36434.0}, {"i": 100, "x": 5118.0, "y": 610.0}, {"i": 101, "x": 5134.0, "y": 38970.0}, {"i": 102, "x": 5254.0, "y": 22296.0}, {"i": 103, "x": 5304.0, "y": 19968.0}, {"i": 104, "x": 5324.0, "y": 36282.0}, {"i": 105, "x": 5360.0, "y": 40428.0}, {"i": 106, "x": 5416.0, "y": 1734.0}, {"i": 107, "x": 5528.0, "y": 11032.0}, {"i": 108, "x": 5550.0, "y": 2912.0}, {"i": 109, "x": 5552.0, "y": 14656.0}, {"i": 110, "x": 5560.0, "y": 3082.0}, {"i": 111, "x": 5576.0, "y": 26058.0}, {"i": 112, "x": 5620.0, "y": 11308.0}, {"i": 113, "x": 5638.0, "y": 6484.0}, {"i": 114, "x": 5652.0, "y": 23932.0}, {"i": 115, "x": 5902.0, "y": 14792.0}, {"i": 116, "x": 5956.0, "y": 38782.0}, {"i": 117, "x": 6140.0, "y": 8952.0}, {"i": 118, "x": 6226.0, "y": 23096.0}, {"i": 119, "x": 6232.0, "y": 37950.0}, {"i": 120, "x": 6348.0, "y": 11480.0}, {"i": 121, "x": 6404.0, "y": 3634.0}, {"i": 122, "x": 6460.0, "y": 8740.0}, {"i": 123, "x": 6478.0, "y": 18708.0}, {"i": 124, "x": 6572.0, "y": 5780.0}, {"i": 125, "x": 6660.0, "y": 37096.0}, {"i": 126, "x": 6722.0, "y": 35552.0}, {"i": 127, "x": 6764.0, "y": 6342.0}, {"i": 128, "x": 6764.0, "y": 27298.0}, {"i": 129, "x": 6812.0, "y": 35452.0}, {"i": 130, "x": 6870.0, "y": 36118.0}, {"i": 131, "x": 7026.0, "y": 14030.0}, {"i": 132, "x": 7058.0, "y": 22874.0}, {"i": 133, "x": 7176.0, "y": 8562.0}, {"i": 134, "x": 7206.0, "y": 40408.0}, {"i": 135, "x": 7334.0, "y": 23636.0}, {"i": 136, "x": 7416.0, "y": 26380.0}, {"i": 137, "x": 7474.0, "y": 29210.0}, {"i": 138, "x": 7570.0, "y": 3756.0}, {"i": 139, "x": 7628.0, "y": 29186.0}, {"i": 140, "x": 7728.0, "y": 3572.0}, {"i": 141, "x": 7940.0, "y": 10010.0}, {"i": 142, "x": 7994.0, "y": 10340.0}, {"i": 143, "x": 8054.0, "y": 4228.0}, {"i": 144, "x": 8110.0, "y": 26468.0}, {"i": 145, "x": 8268.0, "y": 32978.0}, {"i": 146, "x": 8276.0, "y": 14340.0}, {"i": 147, "x": 8360.0, "y": 39878.0}, {"i": 148, "x": 8392.0, "y": 19220.0}, {"i": 149, "x": 8406.0, "y": 31100.0}, {"i": 150, "x": 8436.0, "y": 7752.0}, {"i": 151, "x": 8580.0, "y": 36164.0}, {"i": 152, "x": 8610.0, "y": 33454.0}, {"i": 153, "x": 8786.0, "y": 11184.0}, {"i": 154, "x": 8882.0, "y": 8832.0}, {"i": 155, "x": 8946.0, "y": 22190.0}, {"i": 156, "x": 8956.0, "y": 20096.0}, {"i": 157, "x": 9064.0, "y": 31970.0}, {"i": 158, "x": 9128.0, "y": 17434.0}, {"i": 159, "x": 9154.0, "y": 24744.0}, {"i": 160, "x": 9176.0, "y": 30270.0}, {"i": 161, "x": 9246.0, "y": 28242.0}, {"i": 162, "x": 9350.0, "y": 25274.0}, {"i": 163, "x": 9364.0, "y": 17740.0}, {"i": 164, "x": 9366.0, "y": 16678.0}, {"i": 165, "x": 9372.0, "y": 14980.0}, {"i": 166, "x": 9462.0, "y": 18558.0}, {"i": 167, "x": 9564.0, "y": 10392.0}, {"i": 168, "x": 9656.0, "y": 21026.0}, {"i": 169, "x": 9766.0, "y": 16886.0}, {"i": 170, "x": 9800.0, "y": 22072.0}, {"i": 171, "x": 9870.0, "y": 40394.0}, {"i": 172, "x": 9908.0, "y": 4006.0}, {"i": 173, "x": 9942.0, "y": 12272.0}, {"i": 174, "x": 9994.0, "y": 3826.0}, {"i": 175, "x": 10062.0, "y": 3988.0}, {"i": 176, "x": 10076.0, "y": 30874.0}, {"i": 177, "x": 10116.0, "y": 8546.0}, {"i": 178, "x": 10116.0, "y": 15804.0}, {"i": 179, "x": 10272.0, "y": 430.0}, {"i": 180, "x": 10382.0, "y": 35886.0}, {"i": 181, "x": 10408.0, "y": 29200.0}, {"i": 182, "x": 10468.0, "y": 1674.0}, {"i": 183, "x": 10702.0, "y": 39442.0}, {"i": 184, "x": 10702.0, "y": 41688.0}, {"i": 185, "x": 10762.0, "y": 39256.0}, {"i": 186, "x": 10768.0, "y": 4394.0}, {"i": 187, "x": 10828.0, "y": 10602.0}, {"i": 188, "x": 10836.0, "y": 19466.0}, {"i": 189, "x": 10918.0, "y": 48.0}, {"i": 190, "x": 10918.0, "y": 12660.0}, {"i": 191, "x": 10954.0, "y": 26874.0}, {"i": 192, "x": 10956.0, "y": 38750.0}, {"i": 193, "x": 11138.0, "y": 25950.0}, {"i": 194, "x": 11304.0, "y": 18838.0}, {"i": 195, "x": 11310.0, "y": 13038.0}, {"i": 196, "x": 11416.0, "y": 27012.0}, {"i": 197, "x": 11454.0, "y": 37736.0}, {"i": 198, "x": 11550.0, "y": 6708.0}, {"i": 199, "x": 11574.0, "y": 3582.0}, {"i": 200, "x": 11660.0, "y": 9280.0}, {"i": 201, "x": 11662.0, "y": 19308.0}, {"i": 202, "x": 11686.0, "y": 18754.0}, {"i": 203, "x": 11746.0, "y": 41898.0}, {"i": 204, "x": 11820.0, "y": 28836.0}, {"i": 205, "x": 12026.0, "y": 15862.0}, {"i": 206, "x": 12030.0, "y": 17734.0}, {"i": 207, "x": 12166.0, "y": 28318.0}, {"i": 208, "x": 12184.0, "y": 30746.0}, {"i": 209, "x": 12224.0, "y": 28702.0}, {"i": 210, "x": 12262.0, "y": 35972.0}, {"i": 211, "x": 12294.0, "y": 22706.0}, {"i": 212, "x": 12432.0, "y": 4208.0}, {"i": 213, "x": 12506.0, "y": 37452.0}, {"i": 214, "x": 12578.0, "y": 13426.0}, {"i": 215, "x": 12634.0, "y": 4076.0}, {"i": 216, "x": 12760.0, "y": 40528.0}, {"i": 217, "x": 12786.0, "y": 3320.0}, {"i": 218, "x": 12996.0, "y": 30552.0}, {"i": 219, "x": 13004.0, "y": 17942.0}, {"i": 220, "x": 13070.0, "y": 29018.0}, {"i": 221, "x": 13100.0, "y": 28534.0}, {"i": 222, "x": 13142.0, "y": 12898.0}, {"i": 223, "x": 13152.0, "y": 6722.0}, {"i": 224, "x": 13382.0, "y": 398.0}, {"i": 225, "x": 13400.0, "y": 15032.0}, {"i": 226, "x": 13534.0, "y": 35446.0}, {"i": 227, "x": 13640.0, "y": 37490.0}, {"i": 228, "x": 13690.0, "y": 17018.0}, {"i": 229, "x": 13714.0, "y": 25466.0}, {"i": 230, "x": 13716.0, "y": 29848.0}, {"i": 231, "x": 13760.0, "y": 19248.0}, {"i": 232, "x": 13770.0, "y": 6158.0}, {"i": 233, "x": 13788.0, "y": 11908.0}, {"i": 234, "x": 13864.0, "y": 32218.0}, {"i": 235, "x": 13938.0, "y": 9370.0}, {"i": 236, "x": 13940.0, "y": 14826.0}, {"i": 237, "x": 13982.0, "y": 8864.0}, {"i": 238, "x": 14122.0, "y": 14496.0}, {"i": 239, "x": 14160.0, "y": 41516.0}, {"i": 240, "x": 14174.0, "y": 38442.0}, {"i": 241, "x": 14282.0, "y": 11826.0}, {"i": 242, "x": 14302.0, "y": 40564.0}, {"i": 243, "x": 14376.0, "y": 10906.0}, {"i": 244, "x": 14402.0, "y": 15530.0}, {"i": 245, "x": 14404.0, "y": 40522.0}, {"i": 246, "x": 14498.0, "y": 12200.0}, {"i": 247, "x": 14588.0, "y": 14202.0}, {"i": 248, "x": 14618.0, "y": 20088.0}, {"i": 249, "x": 14718.0, "y": 23680.0}, {"i": 250, "x": 14876.0, "y": 6564.0}, {"i": 251, "x": 14876.0, "y": 19884.0}, {"i": 252, "x": 14906.0, "y": 7994.0}, {"i": 253, "x": 14916.0, "y": 5458.0}, {"i": 254, "x": 14922.0, "y": 11560.0}, {"i": 255, "x": 14948.0, "y": 8560.0}, {"i": 256, "x": 14968.0, "y": 5022.0}, {"i": 257, "x": 15048.0, "y": 4458.0}, {"i": 258, "x": 15110.0, "y": 15436.0}, {"i": 259, "x": 15238.0, "y": 26898.0}, {"i": 260, "x": 15404.0, "y": 8994.0}, {"i": 261, "x": 15476.0, "y": 28326.0}, {"i": 262, "x": 15480.0, "y": 16748.0}, {"i": 263, "x": 15502.0, "y": 4526.0}, {"i": 264, "x": 15508.0, "y": 15050.0}, {"i": 265, "x": 15598.0, "y": 30470.0}, {"i": 266, "x": 15678.0, "y": 1214.0}, {"i": 267, "x": 15688.0, "y": 32390.0}, {"i": 268, "x": 15690.0, "y": 19080.0}, {"i": 269, "x": 15702.0, "y": 7006.0}, {"i": 270, "x": 15768.0, "y": 4988.0}, {"i": 271, "x": 15838.0, "y": 4442.0}, {"i": 272, "x": 15856.0, "y": 14372.0}, {"i": 273, "x": 15958.0, "y": 25674.0}, {"i": 274, "x": 16056.0, "y": 2682.0}, {"i": 275, "x": 16178.0, "y": 15570.0}, {"i": 276, "x": 16370.0, "y": 360.0}, {"i": 277, "x": 16384.0, "y": 32916.0}, {"i": 278, "x": 16494.0, "y": 6748.0}, {"i": 279, "x": 16528.0, "y": 292.0}, {"i": 280, "x": 16602.0, "y": 23206.0}, {"i": 281, "x": 16604.0, "y": 7910.0}, {"i": 282, "x": 16664.0, "y": 23500.0}, {"i": 283, "x": 16752.0, "y": 41576.0}, {"i": 284, "x": 16798.0, "y": 38100.0}, {"i": 285, "x": 16826.0, "y": 23750.0}, {"i": 286, "x": 16970.0, "y": 33078.0}, {"i": 287, "x": 16972.0, "y": 25584.0}, {"i": 288, "x": 17082.0, "y": 14760.0}, {"i": 289, "x": 17394.0, "y": 10940.0}, {"i": 290, "x": 17548.0, "y": 18934.0}, {"i": 291, "x": 17572.0, "y": 19894.0}, {"i": 292, "x": 17722.0, "y": 30374.0}, {"i": 293, "x": 17752.0, "y": 25522.0}, {"i": 294, "x": 17770.0, "y": 3362.0}, {"i": 295, "x": 17814.0, "y": 12766.0}, {"i": 296, "x": 17852.0, "y": 18226.0}, {"i": 297, "x": 17994.0, "y": 24846.0}, {"i": 298, "x": 18136.0, "y": 32256.0}, {"i": 299, "x": 18150.0, "y": 2200.0}, {"i": 300, "x": 18158.0, "y": 20446.0}, {"i": 301, "x": 18198.0, "y": 33734.0}, {"i": 302, "x": 18252.0, "y": 13320.0}, {"i": 303, "x": 18288.0, "y": 31272.0}, {"i": 304, "x": 18382.0, "y": 19452.0}, {"i": 305, "x": 18450.0, "y": 35516.0}, {"i": 306, "x": 18472.0, "y": 8266.0}, {"i": 307, "x": 18654.0, "y": 40874.0}, {"i": 308, "x": 18814.0, "y": 22380.0}, {"i": 309, "x": 18926.0, "y": 6760.0}, {"i": 310, "x": 18974.0, "y": 17316.0}, {"i": 311, "x": 18994.0, "y": 32690.0}, {"i": 312, "x": 19194.0, "y": 13430.0}, {"i": 313, "x": 19324.0, "y": 23578.0}, {"i": 314, "x": 19356.0, "y": 24946.0}, {"i": 315, "x": 19362.0, "y": 25124.0}, {"i": 316, "x": 19426.0, "y": 10604.0}, {"i": 317, "x": 19454.0, "y": 2946.0}, {"i": 318, "x": 19546.0, "y": 2246.0}, {"i": 319, "x": 19590.0, "y": 6816.0}, {"i": 320, "x": 19590.0, "y": 39746.0}, {"i": 321, "x": 19592.0, "y": 25082.0}, {"i": 322, "x": 19628.0, "y": 31910.0}, {"i": 323, "x": 19676.0, "y": 6280.0}, {"i": 324, "x": 19880.0, "y": 31246.0}, {"i": 325, "x": 19978.0, "y": 5964.0}, {"i": 326, "x": 19978.0, "y": 22898.0}, {"i": 327, "x": 19988.0, "y": 21504.0}, {"i": 328, "x": 20004.0, "y": 15218.0}, {"i": 329, "x": 20088.0, "y": 16682.0}, {"i": 330, "x": 20138.0, "y": 38868.0}, {"i": 331, "x": 20154.0, "y": 21254.0}, {"i": 332, "x": 20164.0, "y": 20012.0}, {"i": 333, "x": 20210.0, "y": 2222.0}, {"i": 334, "x": 20246.0, "y": 41448.0}, {"i": 335, "x": 20378.0, "y": 10500.0}, {"i": 336, "x": 20410.0, "y": 33144.0}, {"i": 337, "x": 20528.0, "y": 32318.0}, {"i": 338, "x": 20574.0, "y": 16350.0}, {"i": 339, "x": 20626.0, "y": 38768.0}, {"i": 340, "x": 20782.0, "y": 38366.0}, {"i": 341, "x": 20922.0, "y": 38240.0}, {"i": 342, "x": 20932.0, "y": 26834.0}, {"i": 343, "x": 20942.0, "y": 8958.0}, {"i": 344, "x": 21054.0, "y": 9352.0}, {"i": 345, "x": 21096.0, "y": 41592.0}, {"i": 346, "x": 21118.0, "y": 12500.0}, {"i": 347, "x": 21118.0, "y": 20702.0}, {"i": 348, "x": 21184.0, "y": 18932.0}, {"i": 349, "x": 21206.0, "y": 31676.0}, {"i": 350, "x": 21232.0, "y": 41298.0}, {"i": 351, "x": 21264.0, "y": 38432.0}, {"i": 352, "x": 21286.0, "y": 40088.0}, {"i": 353, "x": 21316.0, "y": 5428.0}, {"i": 354, "x": 21646.0, "y": 31668.0}, {"i": 355, "x": 21654.0, "y": 40166.0}, {"i": 356, "x": 21660.0, "y": 37310.0}, {"i": 357, "x": 21774.0, "y": 18842.0}, {"i": 358, "x": 21866.0, "y": 4170.0}, {"i": 359, "x": 21888.0, "y": 13492.0}, {"i": 360, "x": 21968.0, "y": 21414.0}, {"i": 361, "x": 22244.0, "y": 32650.0}, {"i": 362, "x": 22348.0, "y": 10840.0}, {"i": 363, "x": 22396.0, "y": 20206.0}, {"i": 364, "x": 22412.0, "y": 28052.0}, {"i": 365, "x": 22604.0, "y": 38354.0}, {"i": 366, "x": 22768.0, "y": 25716.0}, {"i": 367, "x": 22770.0, "y": 5400.0}, {"i": 368, "x": 22772.0, "y": 41166.0}, {"i": 369, "x": 22784.0, "y": 18888.0}, {"i": 370, "x": 22822.0, "y": 31200.0}, {"i": 371, "x": 22824.0, "y": 10422.0}, {"i": 372, "x": 22824.0, "y": 41912.0}, {"i": 373, "x": 22826.0, "y": 23154.0}, {"i": 374, "x": 22906.0, "y": 4216.0}, {"i": 375, "x": 22942.0, "y": 7196.0}, {"i": 376, "x": 22968.0, "y": 12582.0}, {"i": 377, "x": 23010.0, "y": 18340.0}, {"i": 378, "x": 23038.0, "y": 23808.0}, {"i": 379, "x": 23054.0, "y": 39206.0}, {"i": 380, "x": 23066.0, "y": 5950.0}, {"i": 381, "x": 23144.0, "y": 32572.0}, {"i": 382, "x": 23224.0, "y": 9284.0}, {"i": 383, "x": 23234.0, "y": 25408.0}, {"i": 384, "x": 23322.0, "y": 2370.0}, {"i": 385, "x": 23526.0, "y": 38238.0}, {"i": 386, "x": 23606.0, "y": 17444.0}, {"i": 387, "x": 23626.0, "y": 504.0}, {"i": 388, "x": 23626.0, "y": 32458.0}, {"i": 389, "x": 23674.0, "y": 34030.0}, {"i": 390, "x": 23724.0, "y": 38572.0}, {"i": 391, "x": 23746.0, "y": 19314.0}, {"i": 392, "x": 23814.0, "y": 7384.0}, {"i": 393, "x": 23828.0, "y": 5146.0}, {"i": 394, "x": 23864.0, "y": 39406.0}, {"i": 395, "x": 23888.0, "y": 22302.0}, {"i": 396, "x": 23940.0, "y": 23834.0}, {"i": 397, "x": 23992.0, "y": 21028.0}, {"i": 398, "x": 24046.0, "y": 5788.0}, {"i": 399, "x": 24072.0, "y": 20656.0}, {"i": 400, "x": 24080.0, "y": 912.0}, {"i": 401, "x": 24316.0, "y": 21570.0}, {"i": 402, "x": 24354.0, "y": 34426.0}, {"i": 403, "x": 24524.0, "y": 4910.0}, {"i": 404, "x": 24528.0, "y": 28036.0}, {"i": 405, "x": 24556.0, "y": 38264.0}, {"i": 406, "x": 24702.0, "y": 14638.0}, {"i": 407, "x": 24714.0, "y": 2314.0}, {"i": 408, "x": 24724.0, "y": 14314.0}, {"i": 409, "x": 24746.0, "y": 17298.0}, {"i": 410, "x": 24752.0, "y": 6378.0}, {"i": 411, "x": 24854.0, "y": 3864.0}, {"i": 412, "x": 25032.0, "y": 15242.0}, {"i": 413, "x": 25190.0, "y": 31670.0}, {"i": 414, "x": 25200.0, "y": 318.0}, {"i": 415, "x": 25210.0, "y": 3926.0}, {"i": 416, "x": 25240.0, "y": 37012.0}, {"i": 417, "x": 25246.0, "y": 32226.0}, {"i": 418, "x": 25268.0, "y": 24434.0}, {"i": 419, "x": 25354.0, "y": 41518.0}, {"i": 420, "x": 25468.0, "y": 12046.0}, {"i": 421, "x": 25472.0, "y": 41470.0}, {"i": 422, "x": 25614.0, "y": 4572.0}, {"i": 423, "x": 25622.0, "y": 27850.0}, {"i": 424, "x": 25630.0, "y": 19368.0}, {"i": 425, "x": 25670.0, "y": 31558.0}, {"i": 426, "x": 25718.0, "y": 37502.0}, {"i": 427, "x": 26090.0, "y": 25232.0}, {"i": 428, "x": 26208.0, "y": 9262.0}, {"i": 429, "x": 26272.0, "y": 5196.0}, {"i": 430, "x": 26356.0, "y": 15806.0}, {"i": 431, "x": 26386.0, "y": 6708.0}, {"i": 432, "x": 26416.0, "y": 9450.0}, {"i": 433, "x": 26508.0, "y": 22014.0}, {"i": 434, "x": 26540.0, "y": 27580.0}, {"i": 435, "x": 26566.0, "y": 39384.0}, {"i": 436, "x": 26614.0, "y": 36490.0}, {"i": 437, "x": 26656.0, "y": 22814.0}, {"i": 438, "x": 26726.0, "y": 11612.0}, {"i": 439, "x": 26726.0, "y": 20632.0}, {"i": 440, "x": 26734.0, "y": 20622.0}, {"i": 441, "x": 26854.0, "y": 11302.0}, {"i": 442, "x": 26988.0, "y": 2504.0}, {"i": 443, "x": 27086.0, "y": 25284.0}, {"i": 444, "x": 27266.0, "y": 12774.0}, {"i": 445, "x": 27380.0, "y": 15750.0}, {"i": 446, "x": 27404.0, "y": 20992.0}, {"i": 447, "x": 27472.0, "y": 4052.0}, {"i": 448, "x": 27484.0, "y": 27434.0}, {"i": 449, "x": 27566.0, "y": 14720.0}, {"i": 450, "x": 27570.0, "y": 4216.0}, {"i": 451, "x": 27622.0, "y": 4120.0}, {"i": 452, "x": 27646.0, "y": 39744.0}, {"i": 453, "x": 27672.0, "y": 7528.0}, {"i": 454, "x": 27746.0, "y": 9636.0}, {"i": 455, "x": 27784.0, "y": 10518.0}, {"i": 456, "x": 27818.0, "y": 35166.0}, {"i": 457, "x": 27846.0, "y": 26124.0}, {"i": 458, "x": 27884.0, "y": 33404.0}, {"i": 459, "x": 28176.0, "y": 34364.0}, {"i": 460, "x": 28200.0, "y": 11490.0}, {"i": 461, "x": 28252.0, "y": 6132.0}, {"i": 462, "x": 28456.0, "y": 6856.0}, {"i": 463, "x": 28506.0, "y": 8686.0}, {"i": 464, "x": 28534.0, "y": 26762.0}, {"i": 465, "x": 28568.0, "y": 23682.0}, {"i": 466, "x": 28576.0, "y": 20604.0}, {"i": 467, "x": 28584.0, "y": 18440.0}, {"i": 468, "x": 28608.0, "y": 28830.0}, {"i": 469, "x": 28764.0, "y": 1042.0}, {"i": 470, "x": 28794.0, "y": 16612.0}, {"i": 471, "x": 28804.0, "y": 29458.0}, {"i": 472, "x": 28914.0, "y": 17800.0}, {"i": 473, "x": 28922.0, "y": 21666.0}, {"i": 474, "x": 28940.0, "y": 18414.0}, {"i": 475, "x": 28990.0, "y": 19908.0}, {"i": 476, "x": 29012.0, "y": 3378.0}, {"i": 477, "x": 29108.0, "y": 23890.0}, {"i": 478, "x": 29110.0, "y": 11712.0}, {"i": 479, "x": 29172.0, "y": 2030.0}, {"i": 480, "x": 29190.0, "y": 41400.0}, {"i": 481, "x": 29218.0, "y": 39002.0}, {"i": 482, "x": 29230.0, "y": 16350.0}, {"i": 483, "x": 29260.0, "y": 22394.0}, {"i": 484, "x": 29290.0, "y": 23184.0}, {"i": 485, "x": 29318.0, "y": 17104.0}, {"i": 486, "x": 29338.0, "y": 27186.0}, {"i": 487, "x": 29416.0, "y": 26294.0}, {"i": 488, "x": 29534.0, "y": 13372.0}, {"i": 489, "x": 29556.0, "y": 26370.0}, {"i": 490, "x": 29592.0, "y": 1624.0}, {"i": 491, "x": 29624.0, "y": 2600.0}, {"i": 492, "x": 29788.0, "y": 21002.0}, {"i": 493, "x": 29808.0, "y": 8292.0}, {"i": 494, "x": 29818.0, "y": 240.0}, {"i": 495, "x": 29864.0, "y": 39752.0}, {"i": 496, "x": 29916.0, "y": 828.0}, {"i": 497, "x": 29920.0, "y": 30594.0}, {"i": 498, "x": 29954.0, "y": 36406.0}, {"i": 499, "x": 29970.0, "y": 9026.0}, {"i": 500, "x": 30082.0, "y": 21440.0}, {"i": 501, "x": 30088.0, "y": 27592.0}, {"i": 502, "x": 30138.0, "y": 27822.0}, {"i": 503, "x": 30148.0, "y": 40904.0}, {"i": 504, "x": 30222.0, "y": 29132.0}, {"i": 505, "x": 30236.0, "y": 18694.0}, {"i": 506, "x": 30268.0, "y": 34144.0}, {"i": 507, "x": 30282.0, "y": 2422.0}, {"i": 508, "x": 30300.0, "y": 29738.0}, {"i": 509, "x": 30326.0, "y": 284.0}, {"i": 510, "x": 30512.0, "y": 31494.0}, {"i": 511, "x": 30630.0, "y": 33766.0}, {"i": 512, "x": 30648.0, "y": 2788.0}, {"i": 513, "x": 30682.0, "y": 40486.0}, {"i": 514, "x": 30704.0, "y": 4130.0}, {"i": 515, "x": 30836.0, "y": 1958.0}, {"i": 516, "x": 30840.0, "y": 35750.0}, {"i": 517, "x": 30850.0, "y": 28794.0}, {"i": 518, "x": 30934.0, "y": 1056.0}, {"i": 519, "x": 30990.0, "y": 10942.0}, {"i": 520, "x": 31022.0, "y": 33668.0}, {"i": 521, "x": 31044.0, "y": 18786.0}, {"i": 522, "x": 31056.0, "y": 23722.0}, {"i": 523, "x": 31108.0, "y": 34794.0}, {"i": 524, "x": 31114.0, "y": 33164.0}, {"i": 525, "x": 31156.0, "y": 20752.0}, {"i": 526, "x": 31160.0, "y": 34462.0}, {"i": 527, "x": 31210.0, "y": 32106.0}, {"i": 528, "x": 31334.0, "y": 30318.0}, {"i": 529, "x": 31364.0, "y": 37896.0}, {"i": 530, "x": 31434.0, "y": 27618.0}, {"i": 531, "x": 31440.0, "y": 31286.0}, {"i": 532, "x": 31460.0, "y": 24848.0}, {"i": 533, "x": 31464.0, "y": 29034.0}, {"i": 534, "x": 31528.0, "y": 28238.0}, {"i": 535, "x": 31564.0, "y": 5278.0}, {"i": 536, "x": 31568.0, "y": 8488.0}, {"i": 537, "x": 31608.0, "y": 26798.0}, {"i": 538, "x": 31674.0, "y": 6480.0}, {"i": 539, "x": 31704.0, "y": 22012.0}, {"i": 540, "x": 31734.0, "y": 37454.0}, {"i": 541, "x": 31886.0, "y": 3418.0}, {"i": 542, "x": 31892.0, "y": 3226.0}, {"i": 543, "x": 31896.0, "y": 30140.0}, {"i": 544, "x": 31898.0, "y": 12622.0}, {"i": 545, "x": 31930.0, "y": 8998.0}, {"i": 546, "x": 31972.0, "y": 26578.0}, {"i": 547, "x": 32002.0, "y": 34974.0}, {"i": 548, "x": 32032.0, "y": 15124.0}, {"i": 549, "x": 32032.0, "y": 19414.0}, {"i": 550, "x": 32056.0, "y": 5842.0}, {"i": 551, "x": 32066.0, "y": 18680.0}, {"i": 552, "x": 32118.0, "y": 31256.0}, {"i": 553, "x": 32278.0, "y": 14096.0}, {"i": 554, "x": 32292.0, "y": 9634.0}, {"i": 555, "x": 32330.0, "y": 37934.0}, {"i": 556, "x": 32348.0, "y": 32772.0}, {"i": 557, "x": 32412.0, "y": 18182.0}, {"i": 558, "x": 32638.0, "y": 29166.0}, {"i": 559, "x": 32722.0, "y": 27978.0}, {"i": 560, "x": 32784.0, "y": 31328.0}, {"i": 561, "x": 32840.0, "y": 13644.0}, {"i": 562, "x": 32926.0, "y": 13102.0}, {"i": 563, "x": 33004.0, "y": 7948.0}, {"i": 564, "x": 33032.0, "y": 40708.0}, {"i": 565, "x": 33114.0, "y": 6484.0}, {"i": 566, "x": 33192.0, "y": 28858.0}, {"i": 567, "x": 33222.0, "y": 26654.0}, {"i": 568, "x": 33234.0, "y": 39302.0}, {"i": 569, "x": 33260.0, "y": 25492.0}, {"i": 570, "x": 33458.0, "y": 32786.0}, {"i": 571, "x": 33464.0, "y": 614.0}, {"i": 572, "x": 33496.0, "y": 37168.0}, {"i": 573, "x": 33562.0, "y": 13548.0}, {"i": 574, "x": 33652.0, "y": 27370.0}, {"i": 575, "x": 33838.0, "y": 10016.0}, {"i": 576, "x": 33906.0, "y": 2342.0}, {"i": 577, "x": 33980.0, "y": 23258.0}, {"i": 578, "x": 34018.0, "y": 31598.0}, {"i": 579, "x": 34042.0, "y": 5362.0}, {"i": 580, "x": 34068.0, "y": 26394.0}, {"i": 581, "x": 34074.0, "y": 17486.0}, {"i": 582, "x": 34130.0, "y": 7956.0}, {"i": 583, "x": 34326.0, "y": 41388.0}, {"i": 584, "x": 34384.0, "y": 30000.0}, {"i": 585, "x": 34498.0, "y": 10808.0}, {"i": 586, "x": 34540.0, "y": 25202.0}, {"i": 587, "x": 34546.0, "y": 31878.0}, {"i": 588, "x": 34706.0, "y": 1516.0}, {"i": 589, "x": 34726.0, "y": 1394.0}, {"i": 590, "x": 34780.0, "y": 4378.0}, {"i": 591, "x": 34804.0, "y": 9136.0}, {"i": 592, "x": 34858.0, "y": 39158.0}, {"i": 593, "x": 34892.0, "y": 526.0}, {"i": 594, "x": 35024.0, "y": 2602.0}, {"i": 595, "x": 35088.0, "y": 15822.0}, {"i": 596, "x": 35112.0, "y": 12962.0}, {"i": 597, "x": 35140.0, "y": 7888.0}, {"i": 598, "x": 35150.0, "y": 21334.0}, {"i": 599, "x": 35240.0, "y": 30126.0}, {"i": 600, "x": 35300.0, "y": 27778.0}, {"i": 601, "x": 35360.0, "y": 23500.0}, {"i": 602, "x": 35428.0, "y": 26630.0}, {"i": 603, "x": 35598.0, "y": 31878.0}, {"i": 604, "x": 35672.0, "y": 11914.0}, {"i": 605, "x": 35704.0, "y": 17048.0}, {"i": 606, "x": 35710.0, "y": 36386.0}, {"i": 607, "x": 35730.0, "y": 39496.0}, {"i": 608, "x": 35780.0, "y": 3228.0}, {"i": 609, "x": 35796.0, "y": 27052.0}, {"i": 610, "x": 35926.0, "y": 2222.0}, {"i": 611, "x": 35952.0, "y": 35820.0}, {"i": 612, "x": 35984.0, "y": 36222.0}, {"i": 613, "x": 36046.0, "y": 28756.0}, {"i": 614, "x": 36098.0, "y": 36360.0}, {"i": 615, "x": 36116.0, "y": 2316.0}, {"i": 616, "x": 36240.0, "y": 39856.0}, {"i": 617, "x": 36254.0, "y": 21168.0}, {"i": 618, "x": 36308.0, "y": 7616.0}, {"i": 619, "x": 36364.0, "y": 19712.0}, {"i": 620, "x": 36426.0, "y": 41214.0}, {"i": 621, "x": 36502.0, "y": 9194.0}, {"i": 622, "x": 36546.0, "y": 13468.0}, {"i": 623, "x": 36560.0, "y": 6160.0}, {"i": 624, "x": 36566.0, "y": 25604.0}, {"i": 625, "x": 36608.0, "y": 16820.0}, {"i": 626, "x": 36932.0, "y": 36360.0}, {"i": 627, "x": 36970.0, "y": 5954.0}, {"i": 628, "x": 37032.0, "y": 36992.0}, {"i": 629, "x": 37076.0, "y": 41864.0}, {"i": 630, "x": 37146.0, "y": 500.0}, {"i": 631, "x": 37320.0, "y": 18660.0}, {"i": 632, "x": 37320.0, "y": 27490.0}, {"i": 633, "x": 37370.0, "y": 34110.0}, {"i": 634, "x": 37398.0, "y": 2142.0}, {"i": 635, "x": 37398.0, "y": 39376.0}, {"i": 636, "x": 37414.0, "y": 40880.0}, {"i": 637, "x": 37450.0, "y": 9444.0}, {"i": 638, "x": 37466.0, "y": 34294.0}, {"i": 639, "x": 37662.0, "y": 12910.0}, {"i": 640, "x": 37708.0, "y": 15692.0}, {"i": 641, "x": 37850.0, "y": 3032.0}, {"i": 642, "x": 37864.0, "y": 37480.0}, {"i": 643, "x": 37992.0, "y": 9254.0}, {"i": 644, "x": 38150.0, "y": 8472.0}, {"i": 645, "x": 38188.0, "y": 31760.0}, {"i": 646, "x": 38194.0, "y": 35780.0}, {"i": 647, "x": 38280.0, "y": 2324.0}, {"i": 648, "x": 38288.0, "y": 25434.0}, {"i": 649, "x": 38350.0, "y": 28490.0}, {"i": 650, "x": 38406.0, "y": 39458.0}, {"i": 651, "x": 38500.0, "y": 16050.0}, {"i": 652, "x": 38516.0, "y": 13648.0}, {"i": 653, "x": 38658.0, "y": 3834.0}, {"i": 654, "x": 38840.0, "y": 11078.0}, {"i": 655, "x": 38876.0, "y": 27252.0}, {"i": 656, "x": 38964.0, "y": 32650.0}, {"i": 657, "x": 39104.0, "y": 25794.0}, {"i": 658, "x": 39326.0, "y": 2030.0}, {"i": 659, "x": 39348.0, "y": 8844.0}, {"i": 660, "x": 39352.0, "y": 28500.0}, {"i": 661, "x": 39424.0, "y": 37346.0}, {"i": 662, "x": 39464.0, "y": 2854.0}, {"i": 663, "x": 39508.0, "y": 7538.0}, {"i": 664, "x": 39524.0, "y": 14958.0}, {"i": 665, "x": 39548.0, "y": 16470.0}, {"i": 666, "x": 39562.0, "y": 30948.0}, {"i": 667, "x": 39578.0, "y": 14646.0}, {"i": 668, "x": 39712.0, "y": 33426.0}, {"i": 669, "x": 39736.0, "y": 27874.0}, {"i": 670, "x": 39830.0, "y": 30412.0}, {"i": 671, "x": 40008.0, "y": 34820.0}, {"i": 672, "x": 40014.0, "y": 23664.0}, {"i": 673, "x": 40048.0, "y": 8820.0}, {"i": 674, "x": 40200.0, "y": 22966.0}, {"i": 675, "x": 40232.0, "y": 78.0}, {"i": 676, "x": 40276.0, "y": 18498.0}, {"i": 677, "x": 40394.0, "y": 548.0}, {"i": 678, "x": 40440.0, "y": 17364.0}, {"i": 679, "x": 40442.0, "y": 6502.0}, {"i": 680, "x": 40578.0, "y": 20770.0}, {"i": 681, "x": 40630.0, "y": 25372.0}, {"i": 682, "x": 40632.0, "y": 23168.0}, {"i": 683, "x": 40814.0, "y": 32324.0}, {"i": 684, "x": 41066.0, "y": 22504.0}, {"i": 685, "x": 41080.0, "y": 6782.0}, {"i": 686, "x": 41132.0, "y": 5908.0}, {"i": 687, "x": 41170.0, "y": 16418.0}, {"i": 688, "x": 41220.0, "y": 30746.0}, {"i": 689, "x": 41342.0, "y": 14262.0}, {"i": 690, "x": 41374.0, "y": 28656.0}, {"i": 691, "x": 41406.0, "y": 12314.0}, {"i": 692, "x": 41414.0, "y": 21260.0}, {"i": 693, "x": 41434.0, "y": 21774.0}, {"i": 694, "x": 41500.0, "y": 30470.0}, {"i": 695, "x": 41510.0, "y": 5940.0}, {"i": 696, "x": 41664.0, "y": 17596.0}, {"i": 697, "x": 41724.0, "y": 8762.0}, {"i": 698, "x": 41758.0, "y": 380.0}, {"i": 699, "x": 41964.0, "y": 11262.0}], "type": "Instance", "name": "uniform-0000700-1", "meta": {"comment": "HIP random 2-dimensional integral point set (700 points), distribution 'uniform'", "faces_in_delaunay": 1381}}