{"points": [{"i": 0, "x": 12.0, "y": 248.0}, {"i": 1, "x": 112.0, "y": 1016.0}, {"i": 2, "x": 288.0, "y": 618.0}, {"i": 3, "x": 290.0, "y": 492.0}, {"i": 4, "x": 332.0, "y": 318.0}, {"i": 5, "x": 384.0, "y": 966.0}, {"i": 6, "x": 466.0, "y": 942.0}, {"i": 7, "x": 510.0, "y": 1442.0}, {"i": 8, "x": 556.0, "y": 592.0}, {"i": 9, "x": 572.0, "y": 296.0}, {"i": 10, "x": 594.0, "y": 1058.0}, {"i": 11, "x": 600.0, "y": 594.0}, {"i": 12, "x": 722.0, "y": 1336.0}, {"i": 13, "x": 936.0, "y": 1032.0}, {"i": 14, "x": 954.0, "y": 168.0}, {"i": 15, "x": 992.0, "y": 1186.0}, {"i": 16, "x": 1072.0, "y": 1010.0}, {"i": 17, "x": 1098.0, "y": 426.0}, {"i": 18, "x": 1098.0, "y": 714.0}, {"i": 19, "x": 1112.0, "y": 1466.0}, {"i": 20, "x": 1128.0, "y": 870.0}, {"i": 21, "x": 1202.0, "y": 408.0}, {"i": 22, "x": 1250.0, "y": 70.0}, {"i": 23, "x": 1336.0, "y": 1364.0}, {"i": 24, "x": 1470.0, "y": 1156.0}], "type": "Instance", "name": "uniform-0000025-1", "meta": {"comment": "HIP random 2-dimensional integral point set (25 points), distribution 'uniform'", "faces_in_delaunay": 41}}