{"points": [{"i": 0, "x": 14.0, "y": 328.0}, {"i": 1, "x": 30.0, "y": 484.0}, {"i": 2, "x": 98.0, "y": 412.0}, {"i": 3, "x": 116.0, "y": 260.0}, {"i": 4, "x": 120.0, "y": 210.0}, {"i": 5, "x": 284.0, "y": 52.0}, {"i": 6, "x": 356.0, "y": 460.0}, {"i": 7, "x": 378.0, "y": 362.0}, {"i": 8, "x": 594.0, "y": 88.0}, {"i": 9, "x": 600.0, "y": 74.0}], "type": "Instance", "name": "uniform-0000010-2", "meta": {"comment": "HIP random 2-dimensional integral point set (10 points), distribution 'uniform'", "faces_in_delaunay": 11}}