{"points": [{"i": 0, "x": 26.0, "y": 826.0}, {"i": 1, "x": 160.0, "y": 808.0}, {"i": 2, "x": 260.0, "y": 452.0}, {"i": 3, "x": 344.0, "y": 494.0}, {"i": 4, "x": 464.0, "y": 198.0}, {"i": 5, "x": 488.0, "y": 200.0}, {"i": 6, "x": 584.0, "y": 78.0}, {"i": 7, "x": 670.0, "y": 34.0}, {"i": 8, "x": 698.0, "y": 298.0}, {"i": 9, "x": 700.0, "y": 528.0}, {"i": 10, "x": 704.0, "y": 760.0}, {"i": 11, "x": 732.0, "y": 200.0}, {"i": 12, "x": 750.0, "y": 332.0}, {"i": 13, "x": 832.0, "y": 850.0}, {"i": 14, "x": 848.0, "y": 224.0}], "type": "Instance", "name": "uniform-0000015-1", "meta": {"comment": "HIP random 2-dimensional integral point set (15 points), distribution 'uniform'", "faces_in_delaunay": 21}}