{"points": [{"i": 0, "x": 248.0, "y": 4424.0}, {"i": 1, "x": 250.0, "y": 500.0}, {"i": 2, "x": 284.0, "y": 976.0}, {"i": 3, "x": 292.0, "y": 4460.0}, {"i": 4, "x": 398.0, "y": 3356.0}, {"i": 5, "x": 558.0, "y": 1410.0}, {"i": 6, "x": 568.0, "y": 2292.0}, {"i": 7, "x": 662.0, "y": 3234.0}, {"i": 8, "x": 696.0, "y": 1330.0}, {"i": 9, "x": 838.0, "y": 3078.0}, {"i": 10, "x": 972.0, "y": 4056.0}, {"i": 11, "x": 992.0, "y": 2954.0}, {"i": 12, "x": 1000.0, "y": 498.0}, {"i": 13, "x": 1060.0, "y": 3732.0}, {"i": 14, "x": 1146.0, "y": 5224.0}, {"i": 15, "x": 1188.0, "y": 4246.0}, {"i": 16, "x": 1290.0, "y": 2894.0}, {"i": 17, "x": 1316.0, "y": 234.0}, {"i": 18, "x": 1436.0, "y": 5232.0}, {"i": 19, "x": 1458.0, "y": 5144.0}, {"i": 20, "x": 1474.0, "y": 876.0}, {"i": 21, "x": 1536.0, "y": 822.0}, {"i": 22, "x": 1624.0, "y": 1026.0}, {"i": 23, "x": 1710.0, "y": 2402.0}, {"i": 24, "x": 1904.0, "y": 5310.0}, {"i": 25, "x": 1906.0, "y": 382.0}, {"i": 26, "x": 2002.0, "y": 5236.0}, {"i": 27, "x": 2030.0, "y": 1726.0}, {"i": 28, "x": 2100.0, "y": 2846.0}, {"i": 29, "x": 2124.0, "y": 4590.0}, {"i": 30, "x": 2358.0, "y": 1964.0}, {"i": 31, "x": 2366.0, "y": 656.0}, {"i": 32, "x": 2366.0, "y": 3414.0}, {"i": 33, "x": 2422.0, "y": 4854.0}, {"i": 34, "x": 2426.0, "y": 1228.0}, {"i": 35, "x": 2452.0, "y": 4480.0}, {"i": 36, "x": 2510.0, "y": 2902.0}, {"i": 37, "x": 2626.0, "y": 3362.0}, {"i": 38, "x": 2674.0, "y": 1918.0}, {"i": 39, "x": 2688.0, "y": 3564.0}, {"i": 40, "x": 2734.0, "y": 1676.0}, {"i": 41, "x": 2736.0, "y": 2798.0}, {"i": 42, "x": 2958.0, "y": 3388.0}, {"i": 43, "x": 2958.0, "y": 3872.0}, {"i": 44, "x": 2994.0, "y": 1430.0}, {"i": 45, "x": 3018.0, "y": 4024.0}, {"i": 46, "x": 3050.0, "y": 5258.0}, {"i": 47, "x": 3084.0, "y": 3072.0}, {"i": 48, "x": 3130.0, "y": 2004.0}, {"i": 49, "x": 3138.0, "y": 4536.0}, {"i": 50, "x": 3144.0, "y": 3856.0}, {"i": 51, "x": 3190.0, "y": 1090.0}, {"i": 52, "x": 3510.0, "y": 4618.0}, {"i": 53, "x": 3526.0, "y": 1874.0}, {"i": 54, "x": 3598.0, "y": 5356.0}, {"i": 55, "x": 3764.0, "y": 2962.0}, {"i": 56, "x": 3776.0, "y": 2208.0}, {"i": 57, "x": 3920.0, "y": 2218.0}, {"i": 58, "x": 3922.0, "y": 3200.0}, {"i": 59, "x": 3934.0, "y": 4934.0}, {"i": 60, "x": 3962.0, "y": 4590.0}, {"i": 61, "x": 4090.0, "y": 4706.0}, {"i": 62, "x": 4106.0, "y": 1856.0}, {"i": 63, "x": 4190.0, "y": 1936.0}, {"i": 64, "x": 4242.0, "y": 3170.0}, {"i": 65, "x": 4306.0, "y": 5348.0}, {"i": 66, "x": 4328.0, "y": 80.0}, {"i": 67, "x": 4334.0, "y": 5202.0}, {"i": 68, "x": 4496.0, "y": 1076.0}, {"i": 69, "x": 4666.0, "y": 3614.0}, {"i": 70, "x": 4680.0, "y": 938.0}, {"i": 71, "x": 4682.0, "y": 4022.0}, {"i": 72, "x": 4706.0, "y": 208.0}, {"i": 73, "x": 4736.0, "y": 2968.0}, {"i": 74, "x": 4862.0, "y": 448.0}, {"i": 75, "x": 4864.0, "y": 1578.0}, {"i": 76, "x": 4876.0, "y": 1292.0}, {"i": 77, "x": 4928.0, "y": 4640.0}, {"i": 78, "x": 4966.0, "y": 3932.0}, {"i": 79, "x": 4970.0, "y": 5080.0}, {"i": 80, "x": 5146.0, "y": 3716.0}, {"i": 81, "x": 5180.0, "y": 3256.0}, {"i": 82, "x": 5192.0, "y": 4710.0}, {"i": 83, "x": 5248.0, "y": 3800.0}, {"i": 84, "x": 5258.0, "y": 2944.0}, {"i": 85, "x": 5270.0, "y": 3122.0}, {"i": 86, "x": 5300.0, "y": 5202.0}, {"i": 87, "x": 5376.0, "y": 1662.0}, {"i": 88, "x": 5376.0, "y": 1986.0}, {"i": 89, "x": 5384.0, "y": 4230.0}], "type": "Instance", "name": "uniform-0000090-1", "meta": {"comment": "HIP random 2-dimensional integral point set (90 points), distribution 'uniform'", "faces_in_delaunay": 165}}