{"points": [{"i": 0, "x": 6.0, "y": 7900.0}, {"i": 1, "x": 92.0, "y": 36640.0}, {"i": 2, "x": 140.0, "y": 25434.0}, {"i": 3, "x": 198.0, "y": 16988.0}, {"i": 4, "x": 396.0, "y": 4232.0}, {"i": 5, "x": 398.0, "y": 37998.0}, {"i": 6, "x": 408.0, "y": 50202.0}, {"i": 7, "x": 480.0, "y": 9042.0}, {"i": 8, "x": 570.0, "y": 4698.0}, {"i": 9, "x": 630.0, "y": 34708.0}, {"i": 10, "x": 714.0, "y": 8568.0}, {"i": 11, "x": 734.0, "y": 16088.0}, {"i": 12, "x": 804.0, "y": 17840.0}, {"i": 13, "x": 980.0, "y": 20018.0}, {"i": 14, "x": 996.0, "y": 40464.0}, {"i": 15, "x": 1022.0, "y": 30070.0}, {"i": 16, "x": 1062.0, "y": 39572.0}, {"i": 17, "x": 1118.0, "y": 16528.0}, {"i": 18, "x": 1120.0, "y": 37010.0}, {"i": 19, "x": 1158.0, "y": 4598.0}, {"i": 20, "x": 1200.0, "y": 47530.0}, {"i": 21, "x": 1212.0, "y": 40072.0}, {"i": 22, "x": 1254.0, "y": 7360.0}, {"i": 23, "x": 1270.0, "y": 34426.0}, {"i": 24, "x": 1278.0, "y": 24536.0}, {"i": 25, "x": 1318.0, "y": 30508.0}, {"i": 26, "x": 1440.0, "y": 10510.0}, {"i": 27, "x": 1498.0, "y": 10220.0}, {"i": 28, "x": 1600.0, "y": 29942.0}, {"i": 29, "x": 1686.0, "y": 30160.0}, {"i": 30, "x": 1692.0, "y": 52786.0}, {"i": 31, "x": 1704.0, "y": 40496.0}, {"i": 32, "x": 1722.0, "y": 43322.0}, {"i": 33, "x": 1740.0, "y": 42730.0}, {"i": 34, "x": 1802.0, "y": 32338.0}, {"i": 35, "x": 1816.0, "y": 14190.0}, {"i": 36, "x": 1868.0, "y": 29272.0}, {"i": 37, "x": 1950.0, "y": 51794.0}, {"i": 38, "x": 2016.0, "y": 49358.0}, {"i": 39, "x": 2108.0, "y": 5002.0}, {"i": 40, "x": 2120.0, "y": 49134.0}, {"i": 41, "x": 2184.0, "y": 22868.0}, {"i": 42, "x": 2202.0, "y": 26676.0}, {"i": 43, "x": 2274.0, "y": 41144.0}, {"i": 44, "x": 2296.0, "y": 31210.0}, {"i": 45, "x": 2512.0, "y": 9612.0}, {"i": 46, "x": 2546.0, "y": 1606.0}, {"i": 47, "x": 2574.0, "y": 20384.0}, {"i": 48, "x": 2638.0, "y": 19376.0}, {"i": 49, "x": 2738.0, "y": 43182.0}, {"i": 50, "x": 2774.0, "y": 2098.0}, {"i": 51, "x": 2778.0, "y": 50506.0}, {"i": 52, "x": 2796.0, "y": 10328.0}, {"i": 53, "x": 2864.0, "y": 2560.0}, {"i": 54, "x": 2900.0, "y": 40926.0}, {"i": 55, "x": 2936.0, "y": 49724.0}, {"i": 56, "x": 2956.0, "y": 53908.0}, {"i": 57, "x": 2958.0, "y": 14832.0}, {"i": 58, "x": 3090.0, "y": 7342.0}, {"i": 59, "x": 3108.0, "y": 47174.0}, {"i": 60, "x": 3198.0, "y": 8038.0}, {"i": 61, "x": 3244.0, "y": 46418.0}, {"i": 62, "x": 3264.0, "y": 17616.0}, {"i": 63, "x": 3326.0, "y": 39206.0}, {"i": 64, "x": 3436.0, "y": 52166.0}, {"i": 65, "x": 3456.0, "y": 13640.0}, {"i": 66, "x": 3462.0, "y": 49392.0}, {"i": 67, "x": 3572.0, "y": 15354.0}, {"i": 68, "x": 3612.0, "y": 25878.0}, {"i": 69, "x": 3722.0, "y": 16294.0}, {"i": 70, "x": 3768.0, "y": 53378.0}, {"i": 71, "x": 3874.0, "y": 23930.0}, {"i": 72, "x": 3940.0, "y": 34738.0}, {"i": 73, "x": 4026.0, "y": 9278.0}, {"i": 74, "x": 4068.0, "y": 52852.0}, {"i": 75, "x": 4090.0, "y": 0.0}, {"i": 76, "x": 4254.0, "y": 24970.0}, {"i": 77, "x": 4308.0, "y": 44148.0}, {"i": 78, "x": 4318.0, "y": 1338.0}, {"i": 79, "x": 4418.0, "y": 2322.0}, {"i": 80, "x": 4512.0, "y": 41926.0}, {"i": 81, "x": 4518.0, "y": 9170.0}, {"i": 82, "x": 4524.0, "y": 16594.0}, {"i": 83, "x": 4556.0, "y": 52304.0}, {"i": 84, "x": 4576.0, "y": 12720.0}, {"i": 85, "x": 4598.0, "y": 34538.0}, {"i": 86, "x": 4622.0, "y": 23656.0}, {"i": 87, "x": 4640.0, "y": 634.0}, {"i": 88, "x": 4838.0, "y": 4430.0}, {"i": 89, "x": 4850.0, "y": 10680.0}, {"i": 90, "x": 5012.0, "y": 16516.0}, {"i": 91, "x": 5048.0, "y": 26938.0}, {"i": 92, "x": 5058.0, "y": 42090.0}, {"i": 93, "x": 5124.0, "y": 15960.0}, {"i": 94, "x": 5224.0, "y": 43994.0}, {"i": 95, "x": 5260.0, "y": 32736.0}, {"i": 96, "x": 5318.0, "y": 13754.0}, {"i": 97, "x": 5326.0, "y": 50418.0}, {"i": 98, "x": 5494.0, "y": 42406.0}, {"i": 99, "x": 5506.0, "y": 1988.0}, {"i": 100, "x": 5588.0, "y": 598.0}, {"i": 101, "x": 5642.0, "y": 10016.0}, {"i": 102, "x": 5642.0, "y": 47114.0}, {"i": 103, "x": 5680.0, "y": 46960.0}, {"i": 104, "x": 5740.0, "y": 24236.0}, {"i": 105, "x": 5752.0, "y": 46758.0}, {"i": 106, "x": 5826.0, "y": 41754.0}, {"i": 107, "x": 5928.0, "y": 22426.0}, {"i": 108, "x": 5944.0, "y": 2874.0}, {"i": 109, "x": 5944.0, "y": 14632.0}, {"i": 110, "x": 6034.0, "y": 35810.0}, {"i": 111, "x": 6044.0, "y": 17190.0}, {"i": 112, "x": 6202.0, "y": 11070.0}, {"i": 113, "x": 6234.0, "y": 17728.0}, {"i": 114, "x": 6254.0, "y": 15094.0}, {"i": 115, "x": 6360.0, "y": 7618.0}, {"i": 116, "x": 6364.0, "y": 38338.0}, {"i": 117, "x": 6376.0, "y": 34614.0}, {"i": 118, "x": 6482.0, "y": 8468.0}, {"i": 119, "x": 6546.0, "y": 29728.0}, {"i": 120, "x": 6566.0, "y": 15232.0}, {"i": 121, "x": 6602.0, "y": 26088.0}, {"i": 122, "x": 6708.0, "y": 29154.0}, {"i": 123, "x": 6768.0, "y": 5660.0}, {"i": 124, "x": 6792.0, "y": 1606.0}, {"i": 125, "x": 7042.0, "y": 53840.0}, {"i": 126, "x": 7110.0, "y": 27496.0}, {"i": 127, "x": 7186.0, "y": 41074.0}, {"i": 128, "x": 7188.0, "y": 7456.0}, {"i": 129, "x": 7232.0, "y": 39976.0}, {"i": 130, "x": 7276.0, "y": 51320.0}, {"i": 131, "x": 7296.0, "y": 40300.0}, {"i": 132, "x": 7312.0, "y": 39208.0}, {"i": 133, "x": 7418.0, "y": 51554.0}, {"i": 134, "x": 7434.0, "y": 26502.0}, {"i": 135, "x": 7502.0, "y": 43670.0}, {"i": 136, "x": 7594.0, "y": 24822.0}, {"i": 137, "x": 7696.0, "y": 40256.0}, {"i": 138, "x": 7772.0, "y": 20342.0}, {"i": 139, "x": 7798.0, "y": 24546.0}, {"i": 140, "x": 7808.0, "y": 51350.0}, {"i": 141, "x": 7860.0, "y": 6618.0}, {"i": 142, "x": 7976.0, "y": 49456.0}, {"i": 143, "x": 8060.0, "y": 17010.0}, {"i": 144, "x": 8084.0, "y": 19858.0}, {"i": 145, "x": 8208.0, "y": 32512.0}, {"i": 146, "x": 8230.0, "y": 19388.0}, {"i": 147, "x": 8240.0, "y": 44362.0}, {"i": 148, "x": 8256.0, "y": 11938.0}, {"i": 149, "x": 8274.0, "y": 42416.0}, {"i": 150, "x": 8320.0, "y": 23998.0}, {"i": 151, "x": 8344.0, "y": 18496.0}, {"i": 152, "x": 8344.0, "y": 35248.0}, {"i": 153, "x": 8374.0, "y": 46166.0}, {"i": 154, "x": 8392.0, "y": 22378.0}, {"i": 155, "x": 8406.0, "y": 25356.0}, {"i": 156, "x": 8412.0, "y": 15742.0}, {"i": 157, "x": 8470.0, "y": 47908.0}, {"i": 158, "x": 8574.0, "y": 45190.0}, {"i": 159, "x": 8576.0, "y": 8290.0}, {"i": 160, "x": 8588.0, "y": 48456.0}, {"i": 161, "x": 8714.0, "y": 41122.0}, {"i": 162, "x": 8776.0, "y": 48914.0}, {"i": 163, "x": 8782.0, "y": 11202.0}, {"i": 164, "x": 8808.0, "y": 22390.0}, {"i": 165, "x": 8872.0, "y": 48320.0}, {"i": 166, "x": 8932.0, "y": 8250.0}, {"i": 167, "x": 8998.0, "y": 48566.0}, {"i": 168, "x": 9076.0, "y": 27334.0}, {"i": 169, "x": 9298.0, "y": 47002.0}, {"i": 170, "x": 9316.0, "y": 558.0}, {"i": 171, "x": 9354.0, "y": 20282.0}, {"i": 172, "x": 9388.0, "y": 5890.0}, {"i": 173, "x": 9398.0, "y": 53070.0}, {"i": 174, "x": 9406.0, "y": 15534.0}, {"i": 175, "x": 9470.0, "y": 15024.0}, {"i": 176, "x": 9648.0, "y": 52588.0}, {"i": 177, "x": 9672.0, "y": 11680.0}, {"i": 178, "x": 9878.0, "y": 46978.0}, {"i": 179, "x": 9960.0, "y": 18296.0}, {"i": 180, "x": 10034.0, "y": 41448.0}, {"i": 181, "x": 10124.0, "y": 52610.0}, {"i": 182, "x": 10182.0, "y": 53490.0}, {"i": 183, "x": 10258.0, "y": 12240.0}, {"i": 184, "x": 10294.0, "y": 51484.0}, {"i": 185, "x": 10394.0, "y": 38052.0}, {"i": 186, "x": 10432.0, "y": 22922.0}, {"i": 187, "x": 10452.0, "y": 23368.0}, {"i": 188, "x": 10548.0, "y": 26518.0}, {"i": 189, "x": 10608.0, "y": 3664.0}, {"i": 190, "x": 10700.0, "y": 21938.0}, {"i": 191, "x": 10804.0, "y": 32198.0}, {"i": 192, "x": 10820.0, "y": 40708.0}, {"i": 193, "x": 10894.0, "y": 3278.0}, {"i": 194, "x": 10952.0, "y": 32626.0}, {"i": 195, "x": 10974.0, "y": 42348.0}, {"i": 196, "x": 11130.0, "y": 42414.0}, {"i": 197, "x": 11198.0, "y": 15338.0}, {"i": 198, "x": 11402.0, "y": 29312.0}, {"i": 199, "x": 11450.0, "y": 10912.0}, {"i": 200, "x": 11566.0, "y": 570.0}, {"i": 201, "x": 11668.0, "y": 47538.0}, {"i": 202, "x": 11732.0, "y": 3060.0}, {"i": 203, "x": 11810.0, "y": 29360.0}, {"i": 204, "x": 11820.0, "y": 43658.0}, {"i": 205, "x": 11860.0, "y": 11420.0}, {"i": 206, "x": 11904.0, "y": 30510.0}, {"i": 207, "x": 11990.0, "y": 18868.0}, {"i": 208, "x": 12120.0, "y": 21622.0}, {"i": 209, "x": 12184.0, "y": 25482.0}, {"i": 210, "x": 12222.0, "y": 11042.0}, {"i": 211, "x": 12244.0, "y": 16072.0}, {"i": 212, "x": 12298.0, "y": 21628.0}, {"i": 213, "x": 12300.0, "y": 19880.0}, {"i": 214, "x": 12340.0, "y": 27658.0}, {"i": 215, "x": 12344.0, "y": 9628.0}, {"i": 216, "x": 12450.0, "y": 52460.0}, {"i": 217, "x": 12490.0, "y": 15196.0}, {"i": 218, "x": 12502.0, "y": 6486.0}, {"i": 219, "x": 12526.0, "y": 2658.0}, {"i": 220, "x": 12794.0, "y": 29254.0}, {"i": 221, "x": 12814.0, "y": 5160.0}, {"i": 222, "x": 12890.0, "y": 15838.0}, {"i": 223, "x": 12964.0, "y": 45992.0}, {"i": 224, "x": 13358.0, "y": 25436.0}, {"i": 225, "x": 13444.0, "y": 42376.0}, {"i": 226, "x": 13456.0, "y": 14002.0}, {"i": 227, "x": 13702.0, "y": 13886.0}, {"i": 228, "x": 13708.0, "y": 19668.0}, {"i": 229, "x": 13746.0, "y": 13866.0}, {"i": 230, "x": 13774.0, "y": 41392.0}, {"i": 231, "x": 13864.0, "y": 22392.0}, {"i": 232, "x": 13914.0, "y": 21082.0}, {"i": 233, "x": 13954.0, "y": 41232.0}, {"i": 234, "x": 13966.0, "y": 23830.0}, {"i": 235, "x": 14134.0, "y": 32516.0}, {"i": 236, "x": 14162.0, "y": 190.0}, {"i": 237, "x": 14178.0, "y": 15994.0}, {"i": 238, "x": 14232.0, "y": 6760.0}, {"i": 239, "x": 14274.0, "y": 34904.0}, {"i": 240, "x": 14290.0, "y": 49622.0}, {"i": 241, "x": 14430.0, "y": 45304.0}, {"i": 242, "x": 14430.0, "y": 51216.0}, {"i": 243, "x": 14524.0, "y": 4120.0}, {"i": 244, "x": 14590.0, "y": 29948.0}, {"i": 245, "x": 14660.0, "y": 16658.0}, {"i": 246, "x": 14826.0, "y": 7556.0}, {"i": 247, "x": 15018.0, "y": 31224.0}, {"i": 248, "x": 15068.0, "y": 41944.0}, {"i": 249, "x": 15074.0, "y": 47308.0}, {"i": 250, "x": 15146.0, "y": 38710.0}, {"i": 251, "x": 15174.0, "y": 47426.0}, {"i": 252, "x": 15256.0, "y": 33344.0}, {"i": 253, "x": 15260.0, "y": 23390.0}, {"i": 254, "x": 15312.0, "y": 22280.0}, {"i": 255, "x": 15374.0, "y": 24322.0}, {"i": 256, "x": 15432.0, "y": 18856.0}, {"i": 257, "x": 15440.0, "y": 18730.0}, {"i": 258, "x": 15446.0, "y": 18918.0}, {"i": 259, "x": 15540.0, "y": 8368.0}, {"i": 260, "x": 15590.0, "y": 42058.0}, {"i": 261, "x": 15638.0, "y": 50116.0}, {"i": 262, "x": 15688.0, "y": 24074.0}, {"i": 263, "x": 15720.0, "y": 17804.0}, {"i": 264, "x": 15732.0, "y": 24652.0}, {"i": 265, "x": 15768.0, "y": 34716.0}, {"i": 266, "x": 15808.0, "y": 30948.0}, {"i": 267, "x": 15818.0, "y": 45802.0}, {"i": 268, "x": 15886.0, "y": 12532.0}, {"i": 269, "x": 15902.0, "y": 42810.0}, {"i": 270, "x": 15986.0, "y": 40574.0}, {"i": 271, "x": 15990.0, "y": 21848.0}, {"i": 272, "x": 16074.0, "y": 7502.0}, {"i": 273, "x": 16118.0, "y": 1114.0}, {"i": 274, "x": 16194.0, "y": 47094.0}, {"i": 275, "x": 16244.0, "y": 23070.0}, {"i": 276, "x": 16252.0, "y": 30268.0}, {"i": 277, "x": 16264.0, "y": 47036.0}, {"i": 278, "x": 16284.0, "y": 48690.0}, {"i": 279, "x": 16314.0, "y": 45472.0}, {"i": 280, "x": 16358.0, "y": 40364.0}, {"i": 281, "x": 16362.0, "y": 29956.0}, {"i": 282, "x": 16402.0, "y": 29088.0}, {"i": 283, "x": 16478.0, "y": 41530.0}, {"i": 284, "x": 16498.0, "y": 1952.0}, {"i": 285, "x": 16674.0, "y": 15946.0}, {"i": 286, "x": 16718.0, "y": 12914.0}, {"i": 287, "x": 16720.0, "y": 20460.0}, {"i": 288, "x": 16822.0, "y": 12202.0}, {"i": 289, "x": 16858.0, "y": 12700.0}, {"i": 290, "x": 16866.0, "y": 49678.0}, {"i": 291, "x": 16910.0, "y": 2648.0}, {"i": 292, "x": 16988.0, "y": 28664.0}, {"i": 293, "x": 17004.0, "y": 10162.0}, {"i": 294, "x": 17038.0, "y": 40532.0}, {"i": 295, "x": 17132.0, "y": 8854.0}, {"i": 296, "x": 17132.0, "y": 26790.0}, {"i": 297, "x": 17186.0, "y": 45968.0}, {"i": 298, "x": 17196.0, "y": 10234.0}, {"i": 299, "x": 17236.0, "y": 30418.0}, {"i": 300, "x": 17294.0, "y": 50576.0}, {"i": 301, "x": 17350.0, "y": 12094.0}, {"i": 302, "x": 17420.0, "y": 32154.0}, {"i": 303, "x": 17538.0, "y": 3204.0}, {"i": 304, "x": 17598.0, "y": 32118.0}, {"i": 305, "x": 17676.0, "y": 45446.0}, {"i": 306, "x": 17680.0, "y": 50344.0}, {"i": 307, "x": 17758.0, "y": 4040.0}, {"i": 308, "x": 17784.0, "y": 12494.0}, {"i": 309, "x": 17798.0, "y": 33032.0}, {"i": 310, "x": 17898.0, "y": 40474.0}, {"i": 311, "x": 17988.0, "y": 11968.0}, {"i": 312, "x": 18052.0, "y": 31552.0}, {"i": 313, "x": 18176.0, "y": 52272.0}, {"i": 314, "x": 18204.0, "y": 16050.0}, {"i": 315, "x": 18218.0, "y": 53584.0}, {"i": 316, "x": 18236.0, "y": 33592.0}, {"i": 317, "x": 18308.0, "y": 34314.0}, {"i": 318, "x": 18348.0, "y": 10466.0}, {"i": 319, "x": 18368.0, "y": 34906.0}, {"i": 320, "x": 18422.0, "y": 49512.0}, {"i": 321, "x": 18430.0, "y": 13954.0}, {"i": 322, "x": 18506.0, "y": 51786.0}, {"i": 323, "x": 18516.0, "y": 48540.0}, {"i": 324, "x": 18542.0, "y": 35804.0}, {"i": 325, "x": 18678.0, "y": 4938.0}, {"i": 326, "x": 18726.0, "y": 37524.0}, {"i": 327, "x": 18842.0, "y": 8840.0}, {"i": 328, "x": 18894.0, "y": 1556.0}, {"i": 329, "x": 18918.0, "y": 41434.0}, {"i": 330, "x": 19044.0, "y": 792.0}, {"i": 331, "x": 19184.0, "y": 876.0}, {"i": 332, "x": 19504.0, "y": 16118.0}, {"i": 333, "x": 19512.0, "y": 38472.0}, {"i": 334, "x": 19528.0, "y": 13588.0}, {"i": 335, "x": 19612.0, "y": 16178.0}, {"i": 336, "x": 19732.0, "y": 33718.0}, {"i": 337, "x": 19768.0, "y": 24270.0}, {"i": 338, "x": 19786.0, "y": 6052.0}, {"i": 339, "x": 19818.0, "y": 49644.0}, {"i": 340, "x": 19890.0, "y": 48814.0}, {"i": 341, "x": 19900.0, "y": 30048.0}, {"i": 342, "x": 19980.0, "y": 39400.0}, {"i": 343, "x": 20022.0, "y": 30902.0}, {"i": 344, "x": 20090.0, "y": 22104.0}, {"i": 345, "x": 20132.0, "y": 17722.0}, {"i": 346, "x": 20202.0, "y": 39514.0}, {"i": 347, "x": 20214.0, "y": 32980.0}, {"i": 348, "x": 20330.0, "y": 2856.0}, {"i": 349, "x": 20410.0, "y": 5714.0}, {"i": 350, "x": 20860.0, "y": 20808.0}, {"i": 351, "x": 21070.0, "y": 16688.0}, {"i": 352, "x": 21138.0, "y": 53216.0}, {"i": 353, "x": 21164.0, "y": 39968.0}, {"i": 354, "x": 21174.0, "y": 34690.0}, {"i": 355, "x": 21350.0, "y": 20318.0}, {"i": 356, "x": 21352.0, "y": 11832.0}, {"i": 357, "x": 21390.0, "y": 14434.0}, {"i": 358, "x": 21390.0, "y": 27308.0}, {"i": 359, "x": 21482.0, "y": 48294.0}, {"i": 360, "x": 21724.0, "y": 25512.0}, {"i": 361, "x": 21876.0, "y": 53648.0}, {"i": 362, "x": 21916.0, "y": 50702.0}, {"i": 363, "x": 21936.0, "y": 22762.0}, {"i": 364, "x": 22002.0, "y": 1920.0}, {"i": 365, "x": 22054.0, "y": 32240.0}, {"i": 366, "x": 22064.0, "y": 1662.0}, {"i": 367, "x": 22130.0, "y": 38906.0}, {"i": 368, "x": 22182.0, "y": 9386.0}, {"i": 369, "x": 22240.0, "y": 20258.0}, {"i": 370, "x": 22258.0, "y": 11090.0}, {"i": 371, "x": 22264.0, "y": 38526.0}, {"i": 372, "x": 22290.0, "y": 52610.0}, {"i": 373, "x": 22352.0, "y": 40588.0}, {"i": 374, "x": 22368.0, "y": 22530.0}, {"i": 375, "x": 22410.0, "y": 23524.0}, {"i": 376, "x": 22432.0, "y": 45308.0}, {"i": 377, "x": 22494.0, "y": 35708.0}, {"i": 378, "x": 22564.0, "y": 36836.0}, {"i": 379, "x": 22604.0, "y": 15538.0}, {"i": 380, "x": 22610.0, "y": 29922.0}, {"i": 381, "x": 22626.0, "y": 48062.0}, {"i": 382, "x": 22694.0, "y": 35838.0}, {"i": 383, "x": 22734.0, "y": 13988.0}, {"i": 384, "x": 22864.0, "y": 17180.0}, {"i": 385, "x": 22994.0, "y": 18414.0}, {"i": 386, "x": 23036.0, "y": 732.0}, {"i": 387, "x": 23066.0, "y": 15330.0}, {"i": 388, "x": 23292.0, "y": 23136.0}, {"i": 389, "x": 23464.0, "y": 41558.0}, {"i": 390, "x": 23566.0, "y": 13176.0}, {"i": 391, "x": 23850.0, "y": 34386.0}, {"i": 392, "x": 23870.0, "y": 48894.0}, {"i": 393, "x": 23902.0, "y": 30128.0}, {"i": 394, "x": 24024.0, "y": 17368.0}, {"i": 395, "x": 24088.0, "y": 45946.0}, {"i": 396, "x": 24110.0, "y": 35616.0}, {"i": 397, "x": 24140.0, "y": 24266.0}, {"i": 398, "x": 24480.0, "y": 36824.0}, {"i": 399, "x": 24542.0, "y": 52684.0}, {"i": 400, "x": 24644.0, "y": 7060.0}, {"i": 401, "x": 24698.0, "y": 25082.0}, {"i": 402, "x": 24708.0, "y": 53426.0}, {"i": 403, "x": 24718.0, "y": 19454.0}, {"i": 404, "x": 24820.0, "y": 25890.0}, {"i": 405, "x": 24830.0, "y": 11020.0}, {"i": 406, "x": 24878.0, "y": 8162.0}, {"i": 407, "x": 24890.0, "y": 8694.0}, {"i": 408, "x": 24950.0, "y": 26436.0}, {"i": 409, "x": 25004.0, "y": 13472.0}, {"i": 410, "x": 25052.0, "y": 6550.0}, {"i": 411, "x": 25058.0, "y": 28618.0}, {"i": 412, "x": 25182.0, "y": 44764.0}, {"i": 413, "x": 25184.0, "y": 47800.0}, {"i": 414, "x": 25274.0, "y": 3046.0}, {"i": 415, "x": 25332.0, "y": 22220.0}, {"i": 416, "x": 25346.0, "y": 5706.0}, {"i": 417, "x": 25402.0, "y": 2020.0}, {"i": 418, "x": 25428.0, "y": 41130.0}, {"i": 419, "x": 25508.0, "y": 11104.0}, {"i": 420, "x": 25562.0, "y": 1688.0}, {"i": 421, "x": 25592.0, "y": 45412.0}, {"i": 422, "x": 25610.0, "y": 37970.0}, {"i": 423, "x": 25666.0, "y": 31044.0}, {"i": 424, "x": 25714.0, "y": 52924.0}, {"i": 425, "x": 25718.0, "y": 10562.0}, {"i": 426, "x": 25734.0, "y": 42056.0}, {"i": 427, "x": 25856.0, "y": 6836.0}, {"i": 428, "x": 25896.0, "y": 5586.0}, {"i": 429, "x": 25904.0, "y": 888.0}, {"i": 430, "x": 25908.0, "y": 11546.0}, {"i": 431, "x": 25952.0, "y": 43322.0}, {"i": 432, "x": 26012.0, "y": 40990.0}, {"i": 433, "x": 26076.0, "y": 50222.0}, {"i": 434, "x": 26162.0, "y": 41768.0}, {"i": 435, "x": 26184.0, "y": 4398.0}, {"i": 436, "x": 26200.0, "y": 29380.0}, {"i": 437, "x": 26220.0, "y": 34204.0}, {"i": 438, "x": 26262.0, "y": 16188.0}, {"i": 439, "x": 26372.0, "y": 35336.0}, {"i": 440, "x": 26394.0, "y": 2136.0}, {"i": 441, "x": 26406.0, "y": 12778.0}, {"i": 442, "x": 26416.0, "y": 28250.0}, {"i": 443, "x": 26686.0, "y": 30814.0}, {"i": 444, "x": 26716.0, "y": 14242.0}, {"i": 445, "x": 26774.0, "y": 30352.0}, {"i": 446, "x": 26892.0, "y": 53508.0}, {"i": 447, "x": 26968.0, "y": 53626.0}, {"i": 448, "x": 27056.0, "y": 20066.0}, {"i": 449, "x": 27112.0, "y": 34298.0}, {"i": 450, "x": 27118.0, "y": 23022.0}, {"i": 451, "x": 27136.0, "y": 11582.0}, {"i": 452, "x": 27258.0, "y": 18520.0}, {"i": 453, "x": 27284.0, "y": 7274.0}, {"i": 454, "x": 27368.0, "y": 18982.0}, {"i": 455, "x": 27432.0, "y": 43310.0}, {"i": 456, "x": 27482.0, "y": 33206.0}, {"i": 457, "x": 27572.0, "y": 1490.0}, {"i": 458, "x": 27702.0, "y": 46910.0}, {"i": 459, "x": 27852.0, "y": 6578.0}, {"i": 460, "x": 27878.0, "y": 53192.0}, {"i": 461, "x": 27892.0, "y": 41394.0}, {"i": 462, "x": 27904.0, "y": 35948.0}, {"i": 463, "x": 28256.0, "y": 28426.0}, {"i": 464, "x": 28468.0, "y": 23808.0}, {"i": 465, "x": 28494.0, "y": 3070.0}, {"i": 466, "x": 28554.0, "y": 41748.0}, {"i": 467, "x": 28674.0, "y": 45740.0}, {"i": 468, "x": 28680.0, "y": 22574.0}, {"i": 469, "x": 28798.0, "y": 48810.0}, {"i": 470, "x": 28820.0, "y": 2172.0}, {"i": 471, "x": 28856.0, "y": 32906.0}, {"i": 472, "x": 28898.0, "y": 9898.0}, {"i": 473, "x": 28910.0, "y": 938.0}, {"i": 474, "x": 29198.0, "y": 9502.0}, {"i": 475, "x": 29454.0, "y": 18390.0}, {"i": 476, "x": 29460.0, "y": 1660.0}, {"i": 477, "x": 29584.0, "y": 36386.0}, {"i": 478, "x": 29624.0, "y": 42804.0}, {"i": 479, "x": 29632.0, "y": 34986.0}, {"i": 480, "x": 29764.0, "y": 32420.0}, {"i": 481, "x": 29770.0, "y": 37118.0}, {"i": 482, "x": 29826.0, "y": 52398.0}, {"i": 483, "x": 29846.0, "y": 11188.0}, {"i": 484, "x": 29870.0, "y": 30180.0}, {"i": 485, "x": 30358.0, "y": 27726.0}, {"i": 486, "x": 30372.0, "y": 27712.0}, {"i": 487, "x": 30414.0, "y": 32926.0}, {"i": 488, "x": 30486.0, "y": 53186.0}, {"i": 489, "x": 30514.0, "y": 9970.0}, {"i": 490, "x": 30622.0, "y": 40354.0}, {"i": 491, "x": 30632.0, "y": 24722.0}, {"i": 492, "x": 30660.0, "y": 34890.0}, {"i": 493, "x": 30726.0, "y": 26214.0}, {"i": 494, "x": 30780.0, "y": 30016.0}, {"i": 495, "x": 30814.0, "y": 29620.0}, {"i": 496, "x": 30856.0, "y": 12050.0}, {"i": 497, "x": 30958.0, "y": 25706.0}, {"i": 498, "x": 31110.0, "y": 42992.0}, {"i": 499, "x": 31120.0, "y": 9740.0}, {"i": 500, "x": 31160.0, "y": 43336.0}, {"i": 501, "x": 31186.0, "y": 17488.0}, {"i": 502, "x": 31298.0, "y": 49704.0}, {"i": 503, "x": 31332.0, "y": 36590.0}, {"i": 504, "x": 31408.0, "y": 18558.0}, {"i": 505, "x": 31574.0, "y": 20756.0}, {"i": 506, "x": 31584.0, "y": 40996.0}, {"i": 507, "x": 31610.0, "y": 42522.0}, {"i": 508, "x": 31640.0, "y": 50706.0}, {"i": 509, "x": 31706.0, "y": 36820.0}, {"i": 510, "x": 31736.0, "y": 53912.0}, {"i": 511, "x": 31746.0, "y": 18848.0}, {"i": 512, "x": 31772.0, "y": 25328.0}, {"i": 513, "x": 31798.0, "y": 10242.0}, {"i": 514, "x": 31902.0, "y": 9776.0}, {"i": 515, "x": 32000.0, "y": 43762.0}, {"i": 516, "x": 32042.0, "y": 31054.0}, {"i": 517, "x": 32056.0, "y": 36486.0}, {"i": 518, "x": 32096.0, "y": 3404.0}, {"i": 519, "x": 32118.0, "y": 5276.0}, {"i": 520, "x": 32122.0, "y": 23012.0}, {"i": 521, "x": 32202.0, "y": 52920.0}, {"i": 522, "x": 32274.0, "y": 38726.0}, {"i": 523, "x": 32278.0, "y": 14764.0}, {"i": 524, "x": 32320.0, "y": 14950.0}, {"i": 525, "x": 32340.0, "y": 3334.0}, {"i": 526, "x": 32406.0, "y": 53854.0}, {"i": 527, "x": 32524.0, "y": 38448.0}, {"i": 528, "x": 32606.0, "y": 40036.0}, {"i": 529, "x": 32626.0, "y": 11668.0}, {"i": 530, "x": 32672.0, "y": 29774.0}, {"i": 531, "x": 32710.0, "y": 37378.0}, {"i": 532, "x": 32750.0, "y": 20074.0}, {"i": 533, "x": 32838.0, "y": 35832.0}, {"i": 534, "x": 32866.0, "y": 19652.0}, {"i": 535, "x": 32900.0, "y": 42774.0}, {"i": 536, "x": 32912.0, "y": 33950.0}, {"i": 537, "x": 32982.0, "y": 15476.0}, {"i": 538, "x": 33004.0, "y": 5882.0}, {"i": 539, "x": 33098.0, "y": 2908.0}, {"i": 540, "x": 33106.0, "y": 38990.0}, {"i": 541, "x": 33294.0, "y": 26468.0}, {"i": 542, "x": 33296.0, "y": 5502.0}, {"i": 543, "x": 33300.0, "y": 42428.0}, {"i": 544, "x": 33474.0, "y": 27026.0}, {"i": 545, "x": 33504.0, "y": 29524.0}, {"i": 546, "x": 33584.0, "y": 13422.0}, {"i": 547, "x": 33588.0, "y": 30868.0}, {"i": 548, "x": 33634.0, "y": 38958.0}, {"i": 549, "x": 33680.0, "y": 48576.0}, {"i": 550, "x": 33686.0, "y": 22202.0}, {"i": 551, "x": 33974.0, "y": 50508.0}, {"i": 552, "x": 34024.0, "y": 42226.0}, {"i": 553, "x": 34048.0, "y": 2412.0}, {"i": 554, "x": 34088.0, "y": 2734.0}, {"i": 555, "x": 34156.0, "y": 44108.0}, {"i": 556, "x": 34244.0, "y": 37176.0}, {"i": 557, "x": 34294.0, "y": 11240.0}, {"i": 558, "x": 34296.0, "y": 5108.0}, {"i": 559, "x": 34308.0, "y": 22694.0}, {"i": 560, "x": 34308.0, "y": 27262.0}, {"i": 561, "x": 34330.0, "y": 5030.0}, {"i": 562, "x": 34368.0, "y": 19200.0}, {"i": 563, "x": 34376.0, "y": 40728.0}, {"i": 564, "x": 34404.0, "y": 41164.0}, {"i": 565, "x": 34502.0, "y": 21798.0}, {"i": 566, "x": 34578.0, "y": 30964.0}, {"i": 567, "x": 34704.0, "y": 48354.0}, {"i": 568, "x": 34710.0, "y": 44646.0}, {"i": 569, "x": 34740.0, "y": 29706.0}, {"i": 570, "x": 34898.0, "y": 11402.0}, {"i": 571, "x": 35174.0, "y": 14048.0}, {"i": 572, "x": 35250.0, "y": 40784.0}, {"i": 573, "x": 35332.0, "y": 28226.0}, {"i": 574, "x": 35388.0, "y": 19628.0}, {"i": 575, "x": 35390.0, "y": 24520.0}, {"i": 576, "x": 35462.0, "y": 8530.0}, {"i": 577, "x": 35464.0, "y": 13206.0}, {"i": 578, "x": 35504.0, "y": 3366.0}, {"i": 579, "x": 35506.0, "y": 4842.0}, {"i": 580, "x": 35512.0, "y": 10982.0}, {"i": 581, "x": 35534.0, "y": 31154.0}, {"i": 582, "x": 35558.0, "y": 51854.0}, {"i": 583, "x": 35668.0, "y": 52298.0}, {"i": 584, "x": 35708.0, "y": 50534.0}, {"i": 585, "x": 35750.0, "y": 11270.0}, {"i": 586, "x": 35770.0, "y": 33656.0}, {"i": 587, "x": 35798.0, "y": 38694.0}, {"i": 588, "x": 35828.0, "y": 53174.0}, {"i": 589, "x": 35884.0, "y": 35560.0}, {"i": 590, "x": 35966.0, "y": 16076.0}, {"i": 591, "x": 36030.0, "y": 15360.0}, {"i": 592, "x": 36060.0, "y": 13388.0}, {"i": 593, "x": 36096.0, "y": 15432.0}, {"i": 594, "x": 36296.0, "y": 38068.0}, {"i": 595, "x": 36334.0, "y": 25924.0}, {"i": 596, "x": 36404.0, "y": 33964.0}, {"i": 597, "x": 36416.0, "y": 26272.0}, {"i": 598, "x": 36470.0, "y": 3178.0}, {"i": 599, "x": 36530.0, "y": 34726.0}, {"i": 600, "x": 36650.0, "y": 30112.0}, {"i": 601, "x": 36676.0, "y": 35922.0}, {"i": 602, "x": 36792.0, "y": 20510.0}, {"i": 603, "x": 36990.0, "y": 49840.0}, {"i": 604, "x": 37156.0, "y": 16734.0}, {"i": 605, "x": 37160.0, "y": 46618.0}, {"i": 606, "x": 37210.0, "y": 51630.0}, {"i": 607, "x": 37340.0, "y": 49770.0}, {"i": 608, "x": 37448.0, "y": 34728.0}, {"i": 609, "x": 37452.0, "y": 27912.0}, {"i": 610, "x": 37572.0, "y": 41096.0}, {"i": 611, "x": 37628.0, "y": 24360.0}, {"i": 612, "x": 37656.0, "y": 2088.0}, {"i": 613, "x": 37876.0, "y": 34694.0}, {"i": 614, "x": 38080.0, "y": 4386.0}, {"i": 615, "x": 38124.0, "y": 22732.0}, {"i": 616, "x": 38126.0, "y": 22592.0}, {"i": 617, "x": 38130.0, "y": 42968.0}, {"i": 618, "x": 38146.0, "y": 27378.0}, {"i": 619, "x": 38158.0, "y": 6574.0}, {"i": 620, "x": 38184.0, "y": 15850.0}, {"i": 621, "x": 38258.0, "y": 53388.0}, {"i": 622, "x": 38294.0, "y": 18478.0}, {"i": 623, "x": 38368.0, "y": 32320.0}, {"i": 624, "x": 38426.0, "y": 27258.0}, {"i": 625, "x": 38464.0, "y": 39082.0}, {"i": 626, "x": 38482.0, "y": 17506.0}, {"i": 627, "x": 38506.0, "y": 13502.0}, {"i": 628, "x": 38536.0, "y": 16432.0}, {"i": 629, "x": 38586.0, "y": 2728.0}, {"i": 630, "x": 38614.0, "y": 23954.0}, {"i": 631, "x": 38698.0, "y": 26114.0}, {"i": 632, "x": 38754.0, "y": 49050.0}, {"i": 633, "x": 38762.0, "y": 26510.0}, {"i": 634, "x": 38860.0, "y": 7354.0}, {"i": 635, "x": 38914.0, "y": 34970.0}, {"i": 636, "x": 38934.0, "y": 12566.0}, {"i": 637, "x": 39116.0, "y": 40180.0}, {"i": 638, "x": 39138.0, "y": 50786.0}, {"i": 639, "x": 39146.0, "y": 25678.0}, {"i": 640, "x": 39194.0, "y": 1004.0}, {"i": 641, "x": 39248.0, "y": 27536.0}, {"i": 642, "x": 39328.0, "y": 13926.0}, {"i": 643, "x": 39396.0, "y": 6040.0}, {"i": 644, "x": 39528.0, "y": 6534.0}, {"i": 645, "x": 39588.0, "y": 9412.0}, {"i": 646, "x": 39600.0, "y": 50408.0}, {"i": 647, "x": 39656.0, "y": 52094.0}, {"i": 648, "x": 39780.0, "y": 29286.0}, {"i": 649, "x": 39830.0, "y": 20602.0}, {"i": 650, "x": 39972.0, "y": 4204.0}, {"i": 651, "x": 39992.0, "y": 50184.0}, {"i": 652, "x": 40050.0, "y": 2804.0}, {"i": 653, "x": 40186.0, "y": 39346.0}, {"i": 654, "x": 40232.0, "y": 3468.0}, {"i": 655, "x": 40234.0, "y": 18364.0}, {"i": 656, "x": 40322.0, "y": 53672.0}, {"i": 657, "x": 40468.0, "y": 38262.0}, {"i": 658, "x": 40480.0, "y": 39462.0}, {"i": 659, "x": 40486.0, "y": 35048.0}, {"i": 660, "x": 40654.0, "y": 33206.0}, {"i": 661, "x": 40656.0, "y": 40458.0}, {"i": 662, "x": 40780.0, "y": 6726.0}, {"i": 663, "x": 40952.0, "y": 10164.0}, {"i": 664, "x": 41042.0, "y": 38084.0}, {"i": 665, "x": 41050.0, "y": 25642.0}, {"i": 666, "x": 41092.0, "y": 43354.0}, {"i": 667, "x": 41120.0, "y": 25078.0}, {"i": 668, "x": 41144.0, "y": 28368.0}, {"i": 669, "x": 41158.0, "y": 14792.0}, {"i": 670, "x": 41218.0, "y": 50954.0}, {"i": 671, "x": 41226.0, "y": 23924.0}, {"i": 672, "x": 41262.0, "y": 47228.0}, {"i": 673, "x": 41314.0, "y": 45002.0}, {"i": 674, "x": 41336.0, "y": 10406.0}, {"i": 675, "x": 41350.0, "y": 22950.0}, {"i": 676, "x": 41392.0, "y": 10890.0}, {"i": 677, "x": 41458.0, "y": 31522.0}, {"i": 678, "x": 41462.0, "y": 3674.0}, {"i": 679, "x": 41468.0, "y": 1052.0}, {"i": 680, "x": 41598.0, "y": 8618.0}, {"i": 681, "x": 41606.0, "y": 1964.0}, {"i": 682, "x": 41660.0, "y": 51780.0}, {"i": 683, "x": 41688.0, "y": 27912.0}, {"i": 684, "x": 41738.0, "y": 3860.0}, {"i": 685, "x": 41758.0, "y": 36550.0}, {"i": 686, "x": 41788.0, "y": 43372.0}, {"i": 687, "x": 41960.0, "y": 35278.0}, {"i": 688, "x": 41972.0, "y": 29198.0}, {"i": 689, "x": 42000.0, "y": 52984.0}, {"i": 690, "x": 42122.0, "y": 33078.0}, {"i": 691, "x": 42146.0, "y": 43276.0}, {"i": 692, "x": 42160.0, "y": 186.0}, {"i": 693, "x": 42180.0, "y": 13010.0}, {"i": 694, "x": 42192.0, "y": 26790.0}, {"i": 695, "x": 42302.0, "y": 45190.0}, {"i": 696, "x": 42314.0, "y": 7830.0}, {"i": 697, "x": 42352.0, "y": 24212.0}, {"i": 698, "x": 42394.0, "y": 45502.0}, {"i": 699, "x": 42516.0, "y": 2820.0}, {"i": 700, "x": 42516.0, "y": 8350.0}, {"i": 701, "x": 42618.0, "y": 16408.0}, {"i": 702, "x": 42666.0, "y": 38438.0}, {"i": 703, "x": 42724.0, "y": 50748.0}, {"i": 704, "x": 42802.0, "y": 42822.0}, {"i": 705, "x": 42828.0, "y": 14992.0}, {"i": 706, "x": 42928.0, "y": 7314.0}, {"i": 707, "x": 42938.0, "y": 1260.0}, {"i": 708, "x": 43038.0, "y": 33394.0}, {"i": 709, "x": 43086.0, "y": 2098.0}, {"i": 710, "x": 43318.0, "y": 8128.0}, {"i": 711, "x": 43322.0, "y": 19994.0}, {"i": 712, "x": 43408.0, "y": 37518.0}, {"i": 713, "x": 43424.0, "y": 38378.0}, {"i": 714, "x": 43434.0, "y": 42474.0}, {"i": 715, "x": 43452.0, "y": 43734.0}, {"i": 716, "x": 43494.0, "y": 6232.0}, {"i": 717, "x": 43500.0, "y": 14778.0}, {"i": 718, "x": 43510.0, "y": 29666.0}, {"i": 719, "x": 43650.0, "y": 47572.0}, {"i": 720, "x": 43690.0, "y": 1780.0}, {"i": 721, "x": 43760.0, "y": 6954.0}, {"i": 722, "x": 43832.0, "y": 49856.0}, {"i": 723, "x": 43914.0, "y": 45266.0}, {"i": 724, "x": 43916.0, "y": 15538.0}, {"i": 725, "x": 44068.0, "y": 23942.0}, {"i": 726, "x": 44182.0, "y": 2742.0}, {"i": 727, "x": 44214.0, "y": 27124.0}, {"i": 728, "x": 44312.0, "y": 9290.0}, {"i": 729, "x": 44336.0, "y": 51364.0}, {"i": 730, "x": 44354.0, "y": 14586.0}, {"i": 731, "x": 44450.0, "y": 45104.0}, {"i": 732, "x": 44636.0, "y": 23412.0}, {"i": 733, "x": 44640.0, "y": 7716.0}, {"i": 734, "x": 44668.0, "y": 39686.0}, {"i": 735, "x": 44684.0, "y": 22332.0}, {"i": 736, "x": 44706.0, "y": 52162.0}, {"i": 737, "x": 44726.0, "y": 42638.0}, {"i": 738, "x": 44736.0, "y": 32344.0}, {"i": 739, "x": 44750.0, "y": 49816.0}, {"i": 740, "x": 44776.0, "y": 40236.0}, {"i": 741, "x": 44892.0, "y": 19506.0}, {"i": 742, "x": 45018.0, "y": 14226.0}, {"i": 743, "x": 45122.0, "y": 40254.0}, {"i": 744, "x": 45256.0, "y": 2118.0}, {"i": 745, "x": 45364.0, "y": 3770.0}, {"i": 746, "x": 45364.0, "y": 29992.0}, {"i": 747, "x": 45388.0, "y": 40938.0}, {"i": 748, "x": 45508.0, "y": 3210.0}, {"i": 749, "x": 45580.0, "y": 33844.0}, {"i": 750, "x": 45634.0, "y": 4414.0}, {"i": 751, "x": 45642.0, "y": 5010.0}, {"i": 752, "x": 45650.0, "y": 39086.0}, {"i": 753, "x": 45836.0, "y": 25848.0}, {"i": 754, "x": 45862.0, "y": 11794.0}, {"i": 755, "x": 45902.0, "y": 21774.0}, {"i": 756, "x": 45930.0, "y": 48616.0}, {"i": 757, "x": 45992.0, "y": 46144.0}, {"i": 758, "x": 46008.0, "y": 18278.0}, {"i": 759, "x": 46086.0, "y": 40342.0}, {"i": 760, "x": 46140.0, "y": 48060.0}, {"i": 761, "x": 46196.0, "y": 45588.0}, {"i": 762, "x": 46210.0, "y": 12552.0}, {"i": 763, "x": 46278.0, "y": 39960.0}, {"i": 764, "x": 46448.0, "y": 41750.0}, {"i": 765, "x": 46472.0, "y": 50200.0}, {"i": 766, "x": 46478.0, "y": 1710.0}, {"i": 767, "x": 46548.0, "y": 1162.0}, {"i": 768, "x": 46598.0, "y": 1876.0}, {"i": 769, "x": 46718.0, "y": 24588.0}, {"i": 770, "x": 46772.0, "y": 33724.0}, {"i": 771, "x": 46898.0, "y": 23858.0}, {"i": 772, "x": 47016.0, "y": 8936.0}, {"i": 773, "x": 47074.0, "y": 30372.0}, {"i": 774, "x": 47108.0, "y": 37556.0}, {"i": 775, "x": 47164.0, "y": 29440.0}, {"i": 776, "x": 47178.0, "y": 27106.0}, {"i": 777, "x": 47238.0, "y": 37340.0}, {"i": 778, "x": 47240.0, "y": 40894.0}, {"i": 779, "x": 47326.0, "y": 37336.0}, {"i": 780, "x": 47368.0, "y": 45812.0}, {"i": 781, "x": 47458.0, "y": 47252.0}, {"i": 782, "x": 47504.0, "y": 1708.0}, {"i": 783, "x": 47506.0, "y": 42410.0}, {"i": 784, "x": 47556.0, "y": 31156.0}, {"i": 785, "x": 47556.0, "y": 42166.0}, {"i": 786, "x": 47568.0, "y": 28424.0}, {"i": 787, "x": 47576.0, "y": 27942.0}, {"i": 788, "x": 47596.0, "y": 31956.0}, {"i": 789, "x": 47664.0, "y": 31002.0}, {"i": 790, "x": 47676.0, "y": 50560.0}, {"i": 791, "x": 47898.0, "y": 36754.0}, {"i": 792, "x": 48014.0, "y": 15304.0}, {"i": 793, "x": 48092.0, "y": 12774.0}, {"i": 794, "x": 48110.0, "y": 17222.0}, {"i": 795, "x": 48134.0, "y": 26434.0}, {"i": 796, "x": 48276.0, "y": 19730.0}, {"i": 797, "x": 48282.0, "y": 3558.0}, {"i": 798, "x": 48368.0, "y": 23996.0}, {"i": 799, "x": 48438.0, "y": 594.0}, {"i": 800, "x": 48626.0, "y": 16640.0}, {"i": 801, "x": 48644.0, "y": 31352.0}, {"i": 802, "x": 48684.0, "y": 37372.0}, {"i": 803, "x": 48776.0, "y": 43012.0}, {"i": 804, "x": 48782.0, "y": 41046.0}, {"i": 805, "x": 48828.0, "y": 19670.0}, {"i": 806, "x": 48836.0, "y": 52540.0}, {"i": 807, "x": 48882.0, "y": 24600.0}, {"i": 808, "x": 48998.0, "y": 39278.0}, {"i": 809, "x": 49182.0, "y": 51728.0}, {"i": 810, "x": 49484.0, "y": 40376.0}, {"i": 811, "x": 49490.0, "y": 39166.0}, {"i": 812, "x": 49580.0, "y": 26882.0}, {"i": 813, "x": 49588.0, "y": 14284.0}, {"i": 814, "x": 49594.0, "y": 38348.0}, {"i": 815, "x": 49612.0, "y": 8316.0}, {"i": 816, "x": 49630.0, "y": 28626.0}, {"i": 817, "x": 49638.0, "y": 30592.0}, {"i": 818, "x": 49648.0, "y": 53914.0}, {"i": 819, "x": 49670.0, "y": 17346.0}, {"i": 820, "x": 49726.0, "y": 24036.0}, {"i": 821, "x": 49734.0, "y": 20766.0}, {"i": 822, "x": 49904.0, "y": 40702.0}, {"i": 823, "x": 49910.0, "y": 13142.0}, {"i": 824, "x": 49912.0, "y": 326.0}, {"i": 825, "x": 49912.0, "y": 23376.0}, {"i": 826, "x": 50076.0, "y": 28758.0}, {"i": 827, "x": 50080.0, "y": 27124.0}, {"i": 828, "x": 50122.0, "y": 9412.0}, {"i": 829, "x": 50138.0, "y": 41276.0}, {"i": 830, "x": 50162.0, "y": 6526.0}, {"i": 831, "x": 50352.0, "y": 33906.0}, {"i": 832, "x": 50564.0, "y": 46328.0}, {"i": 833, "x": 50568.0, "y": 26966.0}, {"i": 834, "x": 50570.0, "y": 51170.0}, {"i": 835, "x": 50574.0, "y": 18526.0}, {"i": 836, "x": 50576.0, "y": 16300.0}, {"i": 837, "x": 50750.0, "y": 52438.0}, {"i": 838, "x": 50766.0, "y": 46596.0}, {"i": 839, "x": 50784.0, "y": 5772.0}, {"i": 840, "x": 50860.0, "y": 29598.0}, {"i": 841, "x": 50866.0, "y": 7340.0}, {"i": 842, "x": 50878.0, "y": 31706.0}, {"i": 843, "x": 50966.0, "y": 22612.0}, {"i": 844, "x": 51096.0, "y": 53764.0}, {"i": 845, "x": 51136.0, "y": 3118.0}, {"i": 846, "x": 51150.0, "y": 24966.0}, {"i": 847, "x": 51166.0, "y": 53232.0}, {"i": 848, "x": 51180.0, "y": 52188.0}, {"i": 849, "x": 51200.0, "y": 12276.0}, {"i": 850, "x": 51224.0, "y": 21562.0}, {"i": 851, "x": 51256.0, "y": 30934.0}, {"i": 852, "x": 51304.0, "y": 30930.0}, {"i": 853, "x": 51334.0, "y": 31876.0}, {"i": 854, "x": 51412.0, "y": 40744.0}, {"i": 855, "x": 51510.0, "y": 1774.0}, {"i": 856, "x": 51550.0, "y": 43026.0}, {"i": 857, "x": 51572.0, "y": 25790.0}, {"i": 858, "x": 51620.0, "y": 26806.0}, {"i": 859, "x": 51662.0, "y": 30312.0}, {"i": 860, "x": 51736.0, "y": 11538.0}, {"i": 861, "x": 51744.0, "y": 5646.0}, {"i": 862, "x": 51746.0, "y": 21990.0}, {"i": 863, "x": 51768.0, "y": 49118.0}, {"i": 864, "x": 51880.0, "y": 47052.0}, {"i": 865, "x": 51884.0, "y": 37450.0}, {"i": 866, "x": 51890.0, "y": 18078.0}, {"i": 867, "x": 52014.0, "y": 29082.0}, {"i": 868, "x": 52020.0, "y": 11170.0}, {"i": 869, "x": 52028.0, "y": 37404.0}, {"i": 870, "x": 52030.0, "y": 38098.0}, {"i": 871, "x": 52060.0, "y": 28544.0}, {"i": 872, "x": 52096.0, "y": 32100.0}, {"i": 873, "x": 52096.0, "y": 50828.0}, {"i": 874, "x": 52134.0, "y": 45694.0}, {"i": 875, "x": 52306.0, "y": 14084.0}, {"i": 876, "x": 52356.0, "y": 52698.0}, {"i": 877, "x": 52384.0, "y": 11614.0}, {"i": 878, "x": 52434.0, "y": 12404.0}, {"i": 879, "x": 52508.0, "y": 42142.0}, {"i": 880, "x": 52544.0, "y": 7090.0}, {"i": 881, "x": 52592.0, "y": 1582.0}, {"i": 882, "x": 52702.0, "y": 18846.0}, {"i": 883, "x": 52770.0, "y": 5064.0}, {"i": 884, "x": 52780.0, "y": 31074.0}, {"i": 885, "x": 52820.0, "y": 34248.0}, {"i": 886, "x": 53126.0, "y": 2562.0}, {"i": 887, "x": 53130.0, "y": 2242.0}, {"i": 888, "x": 53150.0, "y": 22164.0}, {"i": 889, "x": 53152.0, "y": 39630.0}, {"i": 890, "x": 53204.0, "y": 45094.0}, {"i": 891, "x": 53222.0, "y": 50108.0}, {"i": 892, "x": 53384.0, "y": 33410.0}, {"i": 893, "x": 53484.0, "y": 45504.0}, {"i": 894, "x": 53498.0, "y": 15958.0}, {"i": 895, "x": 53546.0, "y": 17978.0}, {"i": 896, "x": 53730.0, "y": 18956.0}, {"i": 897, "x": 53738.0, "y": 27028.0}, {"i": 898, "x": 53864.0, "y": 20620.0}, {"i": 899, "x": 53898.0, "y": 43666.0}], "type": "Instance", "name": "uniform-0000900-2", "meta": {"comment": "HIP random 2-dimensional integral point set (900 points), distribution 'uniform'", "faces_in_delaunay": 1779}}