{"points": [{"i": 0, "x": 90.0, "y": 1024.0}, {"i": 1, "x": 110.0, "y": 2262.0}, {"i": 2, "x": 118.0, "y": 1696.0}, {"i": 3, "x": 148.0, "y": 1658.0}, {"i": 4, "x": 154.0, "y": 1264.0}, {"i": 5, "x": 156.0, "y": 822.0}, {"i": 6, "x": 180.0, "y": 942.0}, {"i": 7, "x": 224.0, "y": 280.0}, {"i": 8, "x": 396.0, "y": 1916.0}, {"i": 9, "x": 396.0, "y": 2400.0}, {"i": 10, "x": 486.0, "y": 2284.0}, {"i": 11, "x": 516.0, "y": 354.0}, {"i": 12, "x": 708.0, "y": 2384.0}, {"i": 13, "x": 776.0, "y": 458.0}, {"i": 14, "x": 878.0, "y": 544.0}, {"i": 15, "x": 916.0, "y": 110.0}, {"i": 16, "x": 956.0, "y": 2086.0}, {"i": 17, "x": 998.0, "y": 416.0}, {"i": 18, "x": 1042.0, "y": 1520.0}, {"i": 19, "x": 1050.0, "y": 1526.0}, {"i": 20, "x": 1124.0, "y": 710.0}, {"i": 21, "x": 1210.0, "y": 2360.0}, {"i": 22, "x": 1308.0, "y": 1700.0}, {"i": 23, "x": 1328.0, "y": 350.0}, {"i": 24, "x": 1414.0, "y": 600.0}, {"i": 25, "x": 1442.0, "y": 1262.0}, {"i": 26, "x": 1474.0, "y": 2134.0}, {"i": 27, "x": 1476.0, "y": 32.0}, {"i": 28, "x": 1556.0, "y": 1304.0}, {"i": 29, "x": 1656.0, "y": 2336.0}, {"i": 30, "x": 1682.0, "y": 1568.0}, {"i": 31, "x": 1950.0, "y": 502.0}, {"i": 32, "x": 1968.0, "y": 994.0}, {"i": 33, "x": 2148.0, "y": 1184.0}, {"i": 34, "x": 2168.0, "y": 56.0}, {"i": 35, "x": 2186.0, "y": 228.0}, {"i": 36, "x": 2230.0, "y": 1940.0}, {"i": 37, "x": 2270.0, "y": 390.0}, {"i": 38, "x": 2352.0, "y": 2006.0}, {"i": 39, "x": 2380.0, "y": 1360.0}], "type": "Instance", "name": "uniform-0000040-1", "meta": {"comment": "HIP random 2-dimensional integral point set (40 points), distribution 'uniform'", "faces_in_delaunay": 66}}