{"points": [{"i": 0, "x": 18.0, "y": 3822.0}, {"i": 1, "x": 20.0, "y": 2516.0}, {"i": 2, "x": 76.0, "y": 2000.0}, {"i": 3, "x": 164.0, "y": 2244.0}, {"i": 4, "x": 248.0, "y": 3636.0}, {"i": 5, "x": 280.0, "y": 2894.0}, {"i": 6, "x": 328.0, "y": 3710.0}, {"i": 7, "x": 426.0, "y": 456.0}, {"i": 8, "x": 442.0, "y": 2168.0}, {"i": 9, "x": 442.0, "y": 2318.0}, {"i": 10, "x": 444.0, "y": 2700.0}, {"i": 11, "x": 486.0, "y": 2176.0}, {"i": 12, "x": 502.0, "y": 2074.0}, {"i": 13, "x": 540.0, "y": 2256.0}, {"i": 14, "x": 572.0, "y": 3694.0}, {"i": 15, "x": 622.0, "y": 3710.0}, {"i": 16, "x": 648.0, "y": 148.0}, {"i": 17, "x": 720.0, "y": 2948.0}, {"i": 18, "x": 724.0, "y": 64.0}, {"i": 19, "x": 742.0, "y": 2444.0}, {"i": 20, "x": 870.0, "y": 94.0}, {"i": 21, "x": 888.0, "y": 390.0}, {"i": 22, "x": 958.0, "y": 2838.0}, {"i": 23, "x": 1044.0, "y": 2254.0}, {"i": 24, "x": 1122.0, "y": 2552.0}, {"i": 25, "x": 1138.0, "y": 1998.0}, {"i": 26, "x": 1168.0, "y": 1086.0}, {"i": 27, "x": 1422.0, "y": 108.0}, {"i": 28, "x": 1436.0, "y": 2332.0}, {"i": 29, "x": 1584.0, "y": 1554.0}, {"i": 30, "x": 1634.0, "y": 3008.0}, {"i": 31, "x": 1654.0, "y": 3082.0}, {"i": 32, "x": 1810.0, "y": 1492.0}, {"i": 33, "x": 1978.0, "y": 3220.0}, {"i": 34, "x": 2206.0, "y": 426.0}, {"i": 35, "x": 2264.0, "y": 2022.0}, {"i": 36, "x": 2362.0, "y": 926.0}, {"i": 37, "x": 2362.0, "y": 2132.0}, {"i": 38, "x": 2466.0, "y": 3974.0}, {"i": 39, "x": 2484.0, "y": 1790.0}, {"i": 40, "x": 2572.0, "y": 4156.0}, {"i": 41, "x": 2576.0, "y": 3812.0}, {"i": 42, "x": 2680.0, "y": 100.0}, {"i": 43, "x": 2704.0, "y": 1286.0}, {"i": 44, "x": 2726.0, "y": 2146.0}, {"i": 45, "x": 2830.0, "y": 2618.0}, {"i": 46, "x": 2950.0, "y": 3734.0}, {"i": 47, "x": 2970.0, "y": 3754.0}, {"i": 48, "x": 3162.0, "y": 4126.0}, {"i": 49, "x": 3202.0, "y": 602.0}, {"i": 50, "x": 3252.0, "y": 3588.0}, {"i": 51, "x": 3350.0, "y": 2320.0}, {"i": 52, "x": 3368.0, "y": 1808.0}, {"i": 53, "x": 3428.0, "y": 1774.0}, {"i": 54, "x": 3594.0, "y": 954.0}, {"i": 55, "x": 3744.0, "y": 2688.0}, {"i": 56, "x": 3778.0, "y": 1758.0}, {"i": 57, "x": 3788.0, "y": 2814.0}, {"i": 58, "x": 3798.0, "y": 1034.0}, {"i": 59, "x": 3806.0, "y": 544.0}, {"i": 60, "x": 3816.0, "y": 3160.0}, {"i": 61, "x": 3872.0, "y": 2820.0}, {"i": 62, "x": 3932.0, "y": 2956.0}, {"i": 63, "x": 3986.0, "y": 4176.0}, {"i": 64, "x": 4010.0, "y": 3738.0}, {"i": 65, "x": 4030.0, "y": 722.0}, {"i": 66, "x": 4034.0, "y": 3064.0}, {"i": 67, "x": 4060.0, "y": 3428.0}, {"i": 68, "x": 4064.0, "y": 4098.0}, {"i": 69, "x": 4176.0, "y": 4118.0}], "type": "Instance", "name": "uniform-0000070-2", "meta": {"comment": "HIP random 2-dimensional integral point set (70 points), distribution 'uniform'", "faces_in_delaunay": 126}}