{"points": [{"i": 0, "x": 20.0, "y": 1198.0}, {"i": 1, "x": 176.0, "y": 638.0}, {"i": 2, "x": 182.0, "y": 598.0}, {"i": 3, "x": 228.0, "y": 982.0}, {"i": 4, "x": 260.0, "y": 762.0}, {"i": 5, "x": 302.0, "y": 772.0}, {"i": 6, "x": 324.0, "y": 802.0}, {"i": 7, "x": 340.0, "y": 598.0}, {"i": 8, "x": 444.0, "y": 192.0}, {"i": 9, "x": 564.0, "y": 976.0}, {"i": 10, "x": 570.0, "y": 1172.0}, {"i": 11, "x": 606.0, "y": 1104.0}, {"i": 12, "x": 670.0, "y": 488.0}, {"i": 13, "x": 686.0, "y": 1036.0}, {"i": 14, "x": 772.0, "y": 22.0}, {"i": 15, "x": 880.0, "y": 1024.0}, {"i": 16, "x": 948.0, "y": 694.0}, {"i": 17, "x": 948.0, "y": 968.0}, {"i": 18, "x": 1146.0, "y": 988.0}, {"i": 19, "x": 1194.0, "y": 726.0}], "type": "Instance", "name": "uniform-0000020-2", "meta": {"comment": "HIP random 2-dimensional integral point set (20 points), distribution 'uniform'", "faces_in_delaunay": 31}}