{"points": [{"i": 0, "x": 14.0, "y": 1248.0}, {"i": 1, "x": 32.0, "y": 1002.0}, {"i": 2, "x": 44.0, "y": 650.0}, {"i": 3, "x": 104.0, "y": 1006.0}, {"i": 4, "x": 210.0, "y": 204.0}, {"i": 5, "x": 234.0, "y": 2214.0}, {"i": 6, "x": 238.0, "y": 2672.0}, {"i": 7, "x": 290.0, "y": 2922.0}, {"i": 8, "x": 374.0, "y": 2552.0}, {"i": 9, "x": 374.0, "y": 2900.0}, {"i": 10, "x": 420.0, "y": 2966.0}, {"i": 11, "x": 684.0, "y": 194.0}, {"i": 12, "x": 736.0, "y": 2894.0}, {"i": 13, "x": 776.0, "y": 1360.0}, {"i": 14, "x": 826.0, "y": 756.0}, {"i": 15, "x": 854.0, "y": 2006.0}, {"i": 16, "x": 956.0, "y": 164.0}, {"i": 17, "x": 1044.0, "y": 2080.0}, {"i": 18, "x": 1108.0, "y": 2942.0}, {"i": 19, "x": 1168.0, "y": 2342.0}, {"i": 20, "x": 1330.0, "y": 1346.0}, {"i": 21, "x": 1538.0, "y": 1908.0}, {"i": 22, "x": 1552.0, "y": 392.0}, {"i": 23, "x": 1706.0, "y": 294.0}, {"i": 24, "x": 1760.0, "y": 1744.0}, {"i": 25, "x": 1770.0, "y": 2320.0}, {"i": 26, "x": 1836.0, "y": 2106.0}, {"i": 27, "x": 1868.0, "y": 1480.0}, {"i": 28, "x": 1898.0, "y": 536.0}, {"i": 29, "x": 2008.0, "y": 354.0}, {"i": 30, "x": 2114.0, "y": 1592.0}, {"i": 31, "x": 2174.0, "y": 1002.0}, {"i": 32, "x": 2176.0, "y": 2538.0}, {"i": 33, "x": 2176.0, "y": 2746.0}, {"i": 34, "x": 2344.0, "y": 2426.0}, {"i": 35, "x": 2400.0, "y": 1022.0}, {"i": 36, "x": 2454.0, "y": 28.0}, {"i": 37, "x": 2458.0, "y": 398.0}, {"i": 38, "x": 2482.0, "y": 1200.0}, {"i": 39, "x": 2600.0, "y": 2016.0}, {"i": 40, "x": 2700.0, "y": 840.0}, {"i": 41, "x": 2704.0, "y": 2262.0}, {"i": 42, "x": 2742.0, "y": 1932.0}, {"i": 43, "x": 2774.0, "y": 1452.0}, {"i": 44, "x": 2782.0, "y": 918.0}, {"i": 45, "x": 2784.0, "y": 1854.0}, {"i": 46, "x": 2850.0, "y": 2480.0}, {"i": 47, "x": 2936.0, "y": 172.0}, {"i": 48, "x": 2938.0, "y": 2424.0}, {"i": 49, "x": 2958.0, "y": 2776.0}], "type": "Instance", "name": "uniform-0000050-2", "meta": {"comment": "HIP random 2-dimensional integral point set (50 points), distribution 'uniform'", "faces_in_delaunay": 88}}