{"points": [{"i": 0, "x": 134.0, "y": 13042.0}, {"i": 1, "x": 140.0, "y": 6226.0}, {"i": 2, "x": 144.0, "y": 8144.0}, {"i": 3, "x": 168.0, "y": 11994.0}, {"i": 4, "x": 244.0, "y": 3678.0}, {"i": 5, "x": 292.0, "y": 21658.0}, {"i": 6, "x": 306.0, "y": 19130.0}, {"i": 7, "x": 328.0, "y": 15520.0}, {"i": 8, "x": 362.0, "y": 27338.0}, {"i": 9, "x": 382.0, "y": 16104.0}, {"i": 10, "x": 402.0, "y": 1318.0}, {"i": 11, "x": 498.0, "y": 15548.0}, {"i": 12, "x": 554.0, "y": 15708.0}, {"i": 13, "x": 596.0, "y": 18876.0}, {"i": 14, "x": 644.0, "y": 12218.0}, {"i": 15, "x": 654.0, "y": 5664.0}, {"i": 16, "x": 764.0, "y": 22536.0}, {"i": 17, "x": 770.0, "y": 18126.0}, {"i": 18, "x": 798.0, "y": 20098.0}, {"i": 19, "x": 840.0, "y": 10174.0}, {"i": 20, "x": 846.0, "y": 14340.0}, {"i": 21, "x": 1040.0, "y": 23078.0}, {"i": 22, "x": 1084.0, "y": 14614.0}, {"i": 23, "x": 1110.0, "y": 9546.0}, {"i": 24, "x": 1124.0, "y": 4436.0}, {"i": 25, "x": 1192.0, "y": 4030.0}, {"i": 26, "x": 1404.0, "y": 15674.0}, {"i": 27, "x": 1428.0, "y": 29952.0}, {"i": 28, "x": 1506.0, "y": 13068.0}, {"i": 29, "x": 1548.0, "y": 1666.0}, {"i": 30, "x": 1620.0, "y": 2344.0}, {"i": 31, "x": 1658.0, "y": 7304.0}, {"i": 32, "x": 1688.0, "y": 28866.0}, {"i": 33, "x": 1692.0, "y": 6034.0}, {"i": 34, "x": 1696.0, "y": 24240.0}, {"i": 35, "x": 1734.0, "y": 1008.0}, {"i": 36, "x": 1734.0, "y": 22458.0}, {"i": 37, "x": 1744.0, "y": 10630.0}, {"i": 38, "x": 1864.0, "y": 44.0}, {"i": 39, "x": 1890.0, "y": 118.0}, {"i": 40, "x": 2042.0, "y": 13498.0}, {"i": 41, "x": 2088.0, "y": 6382.0}, {"i": 42, "x": 2130.0, "y": 8502.0}, {"i": 43, "x": 2156.0, "y": 29406.0}, {"i": 44, "x": 2208.0, "y": 13436.0}, {"i": 45, "x": 2214.0, "y": 23948.0}, {"i": 46, "x": 2300.0, "y": 10248.0}, {"i": 47, "x": 2328.0, "y": 17566.0}, {"i": 48, "x": 2526.0, "y": 282.0}, {"i": 49, "x": 2560.0, "y": 2868.0}, {"i": 50, "x": 2590.0, "y": 26930.0}, {"i": 51, "x": 2610.0, "y": 16464.0}, {"i": 52, "x": 2752.0, "y": 1118.0}, {"i": 53, "x": 2766.0, "y": 510.0}, {"i": 54, "x": 2802.0, "y": 24120.0}, {"i": 55, "x": 2842.0, "y": 11386.0}, {"i": 56, "x": 2870.0, "y": 29602.0}, {"i": 57, "x": 2928.0, "y": 10032.0}, {"i": 58, "x": 3078.0, "y": 16564.0}, {"i": 59, "x": 3140.0, "y": 14244.0}, {"i": 60, "x": 3208.0, "y": 2338.0}, {"i": 61, "x": 3284.0, "y": 26668.0}, {"i": 62, "x": 3298.0, "y": 8642.0}, {"i": 63, "x": 3362.0, "y": 19392.0}, {"i": 64, "x": 3368.0, "y": 24832.0}, {"i": 65, "x": 3580.0, "y": 17810.0}, {"i": 66, "x": 3724.0, "y": 6856.0}, {"i": 67, "x": 3764.0, "y": 1902.0}, {"i": 68, "x": 3864.0, "y": 5168.0}, {"i": 69, "x": 3876.0, "y": 10198.0}, {"i": 70, "x": 3942.0, "y": 11220.0}, {"i": 71, "x": 3974.0, "y": 23630.0}, {"i": 72, "x": 4018.0, "y": 6668.0}, {"i": 73, "x": 4036.0, "y": 3846.0}, {"i": 74, "x": 4070.0, "y": 18886.0}, {"i": 75, "x": 4128.0, "y": 9972.0}, {"i": 76, "x": 4166.0, "y": 7514.0}, {"i": 77, "x": 4166.0, "y": 26916.0}, {"i": 78, "x": 4190.0, "y": 2432.0}, {"i": 79, "x": 4230.0, "y": 11510.0}, {"i": 80, "x": 4278.0, "y": 11742.0}, {"i": 81, "x": 4316.0, "y": 4210.0}, {"i": 82, "x": 4436.0, "y": 23182.0}, {"i": 83, "x": 4754.0, "y": 19798.0}, {"i": 84, "x": 4804.0, "y": 24926.0}, {"i": 85, "x": 4852.0, "y": 19588.0}, {"i": 86, "x": 4888.0, "y": 28352.0}, {"i": 87, "x": 4936.0, "y": 16694.0}, {"i": 88, "x": 4956.0, "y": 4176.0}, {"i": 89, "x": 4968.0, "y": 4812.0}, {"i": 90, "x": 5056.0, "y": 27796.0}, {"i": 91, "x": 5068.0, "y": 22116.0}, {"i": 92, "x": 5158.0, "y": 26378.0}, {"i": 93, "x": 5184.0, "y": 25134.0}, {"i": 94, "x": 5242.0, "y": 20820.0}, {"i": 95, "x": 5302.0, "y": 496.0}, {"i": 96, "x": 5334.0, "y": 6748.0}, {"i": 97, "x": 5412.0, "y": 8142.0}, {"i": 98, "x": 5656.0, "y": 7890.0}, {"i": 99, "x": 5754.0, "y": 5440.0}, {"i": 100, "x": 5888.0, "y": 19158.0}, {"i": 101, "x": 5906.0, "y": 6402.0}, {"i": 102, "x": 5948.0, "y": 4122.0}, {"i": 103, "x": 5954.0, "y": 3108.0}, {"i": 104, "x": 5960.0, "y": 10778.0}, {"i": 105, "x": 6016.0, "y": 23146.0}, {"i": 106, "x": 6038.0, "y": 7172.0}, {"i": 107, "x": 6058.0, "y": 10056.0}, {"i": 108, "x": 6084.0, "y": 21356.0}, {"i": 109, "x": 6114.0, "y": 2210.0}, {"i": 110, "x": 6134.0, "y": 9272.0}, {"i": 111, "x": 6138.0, "y": 4094.0}, {"i": 112, "x": 6158.0, "y": 1072.0}, {"i": 113, "x": 6192.0, "y": 1244.0}, {"i": 114, "x": 6202.0, "y": 12934.0}, {"i": 115, "x": 6248.0, "y": 14718.0}, {"i": 116, "x": 6274.0, "y": 8716.0}, {"i": 117, "x": 6280.0, "y": 6884.0}, {"i": 118, "x": 6332.0, "y": 3878.0}, {"i": 119, "x": 6400.0, "y": 21882.0}, {"i": 120, "x": 6406.0, "y": 2274.0}, {"i": 121, "x": 6410.0, "y": 3500.0}, {"i": 122, "x": 6414.0, "y": 52.0}, {"i": 123, "x": 6502.0, "y": 8820.0}, {"i": 124, "x": 6512.0, "y": 25592.0}, {"i": 125, "x": 6548.0, "y": 29432.0}, {"i": 126, "x": 6552.0, "y": 14814.0}, {"i": 127, "x": 6558.0, "y": 4504.0}, {"i": 128, "x": 6612.0, "y": 5560.0}, {"i": 129, "x": 6734.0, "y": 22384.0}, {"i": 130, "x": 6742.0, "y": 24136.0}, {"i": 131, "x": 6822.0, "y": 21818.0}, {"i": 132, "x": 6892.0, "y": 7936.0}, {"i": 133, "x": 7020.0, "y": 23894.0}, {"i": 134, "x": 7094.0, "y": 5226.0}, {"i": 135, "x": 7144.0, "y": 24504.0}, {"i": 136, "x": 7160.0, "y": 22848.0}, {"i": 137, "x": 7164.0, "y": 7752.0}, {"i": 138, "x": 7196.0, "y": 3596.0}, {"i": 139, "x": 7228.0, "y": 24168.0}, {"i": 140, "x": 7408.0, "y": 14256.0}, {"i": 141, "x": 7780.0, "y": 15864.0}, {"i": 142, "x": 7970.0, "y": 23572.0}, {"i": 143, "x": 8088.0, "y": 21794.0}, {"i": 144, "x": 8112.0, "y": 7846.0}, {"i": 145, "x": 8210.0, "y": 5430.0}, {"i": 146, "x": 8314.0, "y": 336.0}, {"i": 147, "x": 8438.0, "y": 3388.0}, {"i": 148, "x": 8458.0, "y": 23922.0}, {"i": 149, "x": 8684.0, "y": 6304.0}, {"i": 150, "x": 8728.0, "y": 18090.0}, {"i": 151, "x": 8734.0, "y": 15590.0}, {"i": 152, "x": 8752.0, "y": 7870.0}, {"i": 153, "x": 8882.0, "y": 11372.0}, {"i": 154, "x": 8916.0, "y": 27508.0}, {"i": 155, "x": 8982.0, "y": 11632.0}, {"i": 156, "x": 9032.0, "y": 972.0}, {"i": 157, "x": 9212.0, "y": 2126.0}, {"i": 158, "x": 9352.0, "y": 4982.0}, {"i": 159, "x": 9392.0, "y": 28734.0}, {"i": 160, "x": 9444.0, "y": 2126.0}, {"i": 161, "x": 9482.0, "y": 8988.0}, {"i": 162, "x": 9614.0, "y": 28380.0}, {"i": 163, "x": 9690.0, "y": 21954.0}, {"i": 164, "x": 9852.0, "y": 18218.0}, {"i": 165, "x": 9984.0, "y": 17546.0}, {"i": 166, "x": 9990.0, "y": 18042.0}, {"i": 167, "x": 9994.0, "y": 23682.0}, {"i": 168, "x": 10128.0, "y": 14532.0}, {"i": 169, "x": 10134.0, "y": 11858.0}, {"i": 170, "x": 10136.0, "y": 5984.0}, {"i": 171, "x": 10270.0, "y": 7622.0}, {"i": 172, "x": 10274.0, "y": 2452.0}, {"i": 173, "x": 10314.0, "y": 25518.0}, {"i": 174, "x": 10352.0, "y": 26704.0}, {"i": 175, "x": 10390.0, "y": 8272.0}, {"i": 176, "x": 10492.0, "y": 28100.0}, {"i": 177, "x": 10538.0, "y": 6284.0}, {"i": 178, "x": 10570.0, "y": 16066.0}, {"i": 179, "x": 10662.0, "y": 17180.0}, {"i": 180, "x": 10682.0, "y": 10704.0}, {"i": 181, "x": 10686.0, "y": 3382.0}, {"i": 182, "x": 10806.0, "y": 208.0}, {"i": 183, "x": 10806.0, "y": 5116.0}, {"i": 184, "x": 10906.0, "y": 29926.0}, {"i": 185, "x": 10916.0, "y": 13692.0}, {"i": 186, "x": 10968.0, "y": 27934.0}, {"i": 187, "x": 10982.0, "y": 28292.0}, {"i": 188, "x": 10996.0, "y": 15492.0}, {"i": 189, "x": 11060.0, "y": 3088.0}, {"i": 190, "x": 11088.0, "y": 1620.0}, {"i": 191, "x": 11116.0, "y": 7602.0}, {"i": 192, "x": 11228.0, "y": 19826.0}, {"i": 193, "x": 11276.0, "y": 10636.0}, {"i": 194, "x": 11302.0, "y": 23318.0}, {"i": 195, "x": 11354.0, "y": 4006.0}, {"i": 196, "x": 11372.0, "y": 11380.0}, {"i": 197, "x": 11540.0, "y": 29108.0}, {"i": 198, "x": 11580.0, "y": 24520.0}, {"i": 199, "x": 11626.0, "y": 11868.0}, {"i": 200, "x": 11768.0, "y": 15044.0}, {"i": 201, "x": 11772.0, "y": 6948.0}, {"i": 202, "x": 11812.0, "y": 23458.0}, {"i": 203, "x": 11884.0, "y": 224.0}, {"i": 204, "x": 12094.0, "y": 8848.0}, {"i": 205, "x": 12172.0, "y": 27488.0}, {"i": 206, "x": 12182.0, "y": 24354.0}, {"i": 207, "x": 12296.0, "y": 22214.0}, {"i": 208, "x": 12304.0, "y": 15738.0}, {"i": 209, "x": 12420.0, "y": 23892.0}, {"i": 210, "x": 12496.0, "y": 2624.0}, {"i": 211, "x": 12526.0, "y": 11936.0}, {"i": 212, "x": 12544.0, "y": 29576.0}, {"i": 213, "x": 12632.0, "y": 9818.0}, {"i": 214, "x": 12668.0, "y": 6990.0}, {"i": 215, "x": 12682.0, "y": 27714.0}, {"i": 216, "x": 12758.0, "y": 29258.0}, {"i": 217, "x": 12774.0, "y": 27762.0}, {"i": 218, "x": 12890.0, "y": 1386.0}, {"i": 219, "x": 12950.0, "y": 10518.0}, {"i": 220, "x": 13002.0, "y": 4132.0}, {"i": 221, "x": 13062.0, "y": 19706.0}, {"i": 222, "x": 13116.0, "y": 4742.0}, {"i": 223, "x": 13286.0, "y": 29996.0}, {"i": 224, "x": 13326.0, "y": 2764.0}, {"i": 225, "x": 13482.0, "y": 18740.0}, {"i": 226, "x": 13530.0, "y": 29996.0}, {"i": 227, "x": 13590.0, "y": 6114.0}, {"i": 228, "x": 13636.0, "y": 26102.0}, {"i": 229, "x": 13804.0, "y": 29058.0}, {"i": 230, "x": 13874.0, "y": 25476.0}, {"i": 231, "x": 13946.0, "y": 4378.0}, {"i": 232, "x": 13976.0, "y": 17722.0}, {"i": 233, "x": 13984.0, "y": 10326.0}, {"i": 234, "x": 14060.0, "y": 16992.0}, {"i": 235, "x": 14138.0, "y": 25852.0}, {"i": 236, "x": 14156.0, "y": 6692.0}, {"i": 237, "x": 14176.0, "y": 17828.0}, {"i": 238, "x": 14218.0, "y": 5448.0}, {"i": 239, "x": 14246.0, "y": 24842.0}, {"i": 240, "x": 14424.0, "y": 26350.0}, {"i": 241, "x": 14426.0, "y": 6808.0}, {"i": 242, "x": 14524.0, "y": 21258.0}, {"i": 243, "x": 14526.0, "y": 29626.0}, {"i": 244, "x": 14654.0, "y": 17740.0}, {"i": 245, "x": 14908.0, "y": 24538.0}, {"i": 246, "x": 14924.0, "y": 24566.0}, {"i": 247, "x": 15016.0, "y": 16816.0}, {"i": 248, "x": 15078.0, "y": 28972.0}, {"i": 249, "x": 15088.0, "y": 7570.0}, {"i": 250, "x": 15196.0, "y": 4276.0}, {"i": 251, "x": 15288.0, "y": 29818.0}, {"i": 252, "x": 15342.0, "y": 25920.0}, {"i": 253, "x": 15454.0, "y": 16794.0}, {"i": 254, "x": 15484.0, "y": 19740.0}, {"i": 255, "x": 15754.0, "y": 3862.0}, {"i": 256, "x": 15826.0, "y": 13168.0}, {"i": 257, "x": 15828.0, "y": 21212.0}, {"i": 258, "x": 15854.0, "y": 23032.0}, {"i": 259, "x": 15886.0, "y": 4202.0}, {"i": 260, "x": 15894.0, "y": 15696.0}, {"i": 261, "x": 15970.0, "y": 9952.0}, {"i": 262, "x": 16010.0, "y": 5202.0}, {"i": 263, "x": 16082.0, "y": 17140.0}, {"i": 264, "x": 16110.0, "y": 20442.0}, {"i": 265, "x": 16170.0, "y": 24170.0}, {"i": 266, "x": 16182.0, "y": 21858.0}, {"i": 267, "x": 16226.0, "y": 18270.0}, {"i": 268, "x": 16338.0, "y": 14364.0}, {"i": 269, "x": 16590.0, "y": 24100.0}, {"i": 270, "x": 16656.0, "y": 20822.0}, {"i": 271, "x": 16684.0, "y": 214.0}, {"i": 272, "x": 16684.0, "y": 7670.0}, {"i": 273, "x": 16696.0, "y": 29672.0}, {"i": 274, "x": 16870.0, "y": 5462.0}, {"i": 275, "x": 16898.0, "y": 27838.0}, {"i": 276, "x": 17070.0, "y": 14198.0}, {"i": 277, "x": 17132.0, "y": 21392.0}, {"i": 278, "x": 17140.0, "y": 28930.0}, {"i": 279, "x": 17150.0, "y": 28624.0}, {"i": 280, "x": 17194.0, "y": 27458.0}, {"i": 281, "x": 17232.0, "y": 27798.0}, {"i": 282, "x": 17272.0, "y": 20094.0}, {"i": 283, "x": 17298.0, "y": 4106.0}, {"i": 284, "x": 17440.0, "y": 26478.0}, {"i": 285, "x": 17450.0, "y": 26654.0}, {"i": 286, "x": 17492.0, "y": 3246.0}, {"i": 287, "x": 17508.0, "y": 16268.0}, {"i": 288, "x": 17542.0, "y": 2444.0}, {"i": 289, "x": 17600.0, "y": 29124.0}, {"i": 290, "x": 17642.0, "y": 9762.0}, {"i": 291, "x": 17762.0, "y": 10508.0}, {"i": 292, "x": 17852.0, "y": 584.0}, {"i": 293, "x": 17928.0, "y": 27270.0}, {"i": 294, "x": 17958.0, "y": 7406.0}, {"i": 295, "x": 17974.0, "y": 15316.0}, {"i": 296, "x": 18044.0, "y": 1288.0}, {"i": 297, "x": 18174.0, "y": 27526.0}, {"i": 298, "x": 18190.0, "y": 5400.0}, {"i": 299, "x": 18294.0, "y": 11872.0}, {"i": 300, "x": 18310.0, "y": 8436.0}, {"i": 301, "x": 18408.0, "y": 26502.0}, {"i": 302, "x": 18616.0, "y": 482.0}, {"i": 303, "x": 18630.0, "y": 4626.0}, {"i": 304, "x": 18636.0, "y": 7934.0}, {"i": 305, "x": 18644.0, "y": 29718.0}, {"i": 306, "x": 18716.0, "y": 24896.0}, {"i": 307, "x": 18820.0, "y": 24522.0}, {"i": 308, "x": 18876.0, "y": 14278.0}, {"i": 309, "x": 18950.0, "y": 28164.0}, {"i": 310, "x": 18988.0, "y": 2700.0}, {"i": 311, "x": 19124.0, "y": 16898.0}, {"i": 312, "x": 19144.0, "y": 18738.0}, {"i": 313, "x": 19170.0, "y": 5150.0}, {"i": 314, "x": 19194.0, "y": 5150.0}, {"i": 315, "x": 19342.0, "y": 3582.0}, {"i": 316, "x": 19346.0, "y": 11444.0}, {"i": 317, "x": 19364.0, "y": 1546.0}, {"i": 318, "x": 19402.0, "y": 9726.0}, {"i": 319, "x": 19408.0, "y": 17480.0}, {"i": 320, "x": 19424.0, "y": 23220.0}, {"i": 321, "x": 19574.0, "y": 238.0}, {"i": 322, "x": 19598.0, "y": 18220.0}, {"i": 323, "x": 19646.0, "y": 20024.0}, {"i": 324, "x": 19662.0, "y": 10938.0}, {"i": 325, "x": 19700.0, "y": 24116.0}, {"i": 326, "x": 19706.0, "y": 21652.0}, {"i": 327, "x": 19812.0, "y": 732.0}, {"i": 328, "x": 19826.0, "y": 22334.0}, {"i": 329, "x": 19930.0, "y": 22360.0}, {"i": 330, "x": 20082.0, "y": 7236.0}, {"i": 331, "x": 20188.0, "y": 28598.0}, {"i": 332, "x": 20342.0, "y": 26024.0}, {"i": 333, "x": 20382.0, "y": 21188.0}, {"i": 334, "x": 20386.0, "y": 29798.0}, {"i": 335, "x": 20494.0, "y": 21762.0}, {"i": 336, "x": 20508.0, "y": 8240.0}, {"i": 337, "x": 20644.0, "y": 3162.0}, {"i": 338, "x": 20678.0, "y": 16404.0}, {"i": 339, "x": 20720.0, "y": 13222.0}, {"i": 340, "x": 20782.0, "y": 24342.0}, {"i": 341, "x": 20796.0, "y": 9518.0}, {"i": 342, "x": 20796.0, "y": 9656.0}, {"i": 343, "x": 20808.0, "y": 13336.0}, {"i": 344, "x": 20816.0, "y": 19438.0}, {"i": 345, "x": 20854.0, "y": 18600.0}, {"i": 346, "x": 20944.0, "y": 496.0}, {"i": 347, "x": 20966.0, "y": 17896.0}, {"i": 348, "x": 20992.0, "y": 24598.0}, {"i": 349, "x": 20994.0, "y": 9590.0}, {"i": 350, "x": 21028.0, "y": 14714.0}, {"i": 351, "x": 21140.0, "y": 6496.0}, {"i": 352, "x": 21148.0, "y": 14314.0}, {"i": 353, "x": 21226.0, "y": 12456.0}, {"i": 354, "x": 21230.0, "y": 4444.0}, {"i": 355, "x": 21424.0, "y": 28312.0}, {"i": 356, "x": 21436.0, "y": 23658.0}, {"i": 357, "x": 21474.0, "y": 2418.0}, {"i": 358, "x": 21486.0, "y": 22868.0}, {"i": 359, "x": 21548.0, "y": 2594.0}, {"i": 360, "x": 21710.0, "y": 7728.0}, {"i": 361, "x": 21712.0, "y": 3086.0}, {"i": 362, "x": 21764.0, "y": 21086.0}, {"i": 363, "x": 21782.0, "y": 17976.0}, {"i": 364, "x": 21978.0, "y": 12702.0}, {"i": 365, "x": 22084.0, "y": 22036.0}, {"i": 366, "x": 22086.0, "y": 7506.0}, {"i": 367, "x": 22148.0, "y": 8374.0}, {"i": 368, "x": 22212.0, "y": 10330.0}, {"i": 369, "x": 22234.0, "y": 23742.0}, {"i": 370, "x": 22260.0, "y": 25396.0}, {"i": 371, "x": 22298.0, "y": 28642.0}, {"i": 372, "x": 22346.0, "y": 14786.0}, {"i": 373, "x": 22474.0, "y": 17352.0}, {"i": 374, "x": 22544.0, "y": 25246.0}, {"i": 375, "x": 22552.0, "y": 2212.0}, {"i": 376, "x": 22554.0, "y": 15220.0}, {"i": 377, "x": 22598.0, "y": 4808.0}, {"i": 378, "x": 22610.0, "y": 14234.0}, {"i": 379, "x": 22694.0, "y": 23536.0}, {"i": 380, "x": 22704.0, "y": 14780.0}, {"i": 381, "x": 22772.0, "y": 6944.0}, {"i": 382, "x": 22802.0, "y": 3020.0}, {"i": 383, "x": 22846.0, "y": 25934.0}, {"i": 384, "x": 22870.0, "y": 15690.0}, {"i": 385, "x": 22962.0, "y": 16854.0}, {"i": 386, "x": 23052.0, "y": 3084.0}, {"i": 387, "x": 23072.0, "y": 3654.0}, {"i": 388, "x": 23158.0, "y": 28456.0}, {"i": 389, "x": 23172.0, "y": 3290.0}, {"i": 390, "x": 23372.0, "y": 23636.0}, {"i": 391, "x": 23382.0, "y": 15814.0}, {"i": 392, "x": 23418.0, "y": 12164.0}, {"i": 393, "x": 23444.0, "y": 20086.0}, {"i": 394, "x": 23482.0, "y": 19924.0}, {"i": 395, "x": 23514.0, "y": 10316.0}, {"i": 396, "x": 23862.0, "y": 7944.0}, {"i": 397, "x": 23910.0, "y": 16492.0}, {"i": 398, "x": 23940.0, "y": 22180.0}, {"i": 399, "x": 23944.0, "y": 16236.0}, {"i": 400, "x": 23976.0, "y": 20720.0}, {"i": 401, "x": 24204.0, "y": 18990.0}, {"i": 402, "x": 24284.0, "y": 29412.0}, {"i": 403, "x": 24296.0, "y": 11038.0}, {"i": 404, "x": 24300.0, "y": 27450.0}, {"i": 405, "x": 24372.0, "y": 24690.0}, {"i": 406, "x": 24390.0, "y": 19076.0}, {"i": 407, "x": 24448.0, "y": 6568.0}, {"i": 408, "x": 24642.0, "y": 7944.0}, {"i": 409, "x": 24716.0, "y": 1248.0}, {"i": 410, "x": 24838.0, "y": 26124.0}, {"i": 411, "x": 24898.0, "y": 10770.0}, {"i": 412, "x": 24946.0, "y": 28360.0}, {"i": 413, "x": 25052.0, "y": 2424.0}, {"i": 414, "x": 25086.0, "y": 22840.0}, {"i": 415, "x": 25102.0, "y": 28542.0}, {"i": 416, "x": 25140.0, "y": 26842.0}, {"i": 417, "x": 25176.0, "y": 12568.0}, {"i": 418, "x": 25288.0, "y": 17968.0}, {"i": 419, "x": 25340.0, "y": 24890.0}, {"i": 420, "x": 25398.0, "y": 17756.0}, {"i": 421, "x": 25466.0, "y": 6506.0}, {"i": 422, "x": 25546.0, "y": 13364.0}, {"i": 423, "x": 25552.0, "y": 418.0}, {"i": 424, "x": 25558.0, "y": 18936.0}, {"i": 425, "x": 25648.0, "y": 21390.0}, {"i": 426, "x": 25688.0, "y": 25202.0}, {"i": 427, "x": 25748.0, "y": 21298.0}, {"i": 428, "x": 25774.0, "y": 17896.0}, {"i": 429, "x": 25814.0, "y": 18968.0}, {"i": 430, "x": 25858.0, "y": 11166.0}, {"i": 431, "x": 25938.0, "y": 17370.0}, {"i": 432, "x": 26024.0, "y": 5014.0}, {"i": 433, "x": 26166.0, "y": 24648.0}, {"i": 434, "x": 26224.0, "y": 27496.0}, {"i": 435, "x": 26306.0, "y": 918.0}, {"i": 436, "x": 26344.0, "y": 12934.0}, {"i": 437, "x": 26346.0, "y": 1884.0}, {"i": 438, "x": 26684.0, "y": 9874.0}, {"i": 439, "x": 26722.0, "y": 12742.0}, {"i": 440, "x": 26736.0, "y": 9484.0}, {"i": 441, "x": 26790.0, "y": 21262.0}, {"i": 442, "x": 26828.0, "y": 28414.0}, {"i": 443, "x": 26876.0, "y": 29844.0}, {"i": 444, "x": 26906.0, "y": 1486.0}, {"i": 445, "x": 27002.0, "y": 6034.0}, {"i": 446, "x": 27018.0, "y": 23582.0}, {"i": 447, "x": 27054.0, "y": 28846.0}, {"i": 448, "x": 27082.0, "y": 8496.0}, {"i": 449, "x": 27106.0, "y": 13064.0}, {"i": 450, "x": 27168.0, "y": 978.0}, {"i": 451, "x": 27274.0, "y": 10344.0}, {"i": 452, "x": 27308.0, "y": 2660.0}, {"i": 453, "x": 27386.0, "y": 21096.0}, {"i": 454, "x": 27432.0, "y": 17800.0}, {"i": 455, "x": 27450.0, "y": 25728.0}, {"i": 456, "x": 27458.0, "y": 7298.0}, {"i": 457, "x": 27558.0, "y": 23418.0}, {"i": 458, "x": 27644.0, "y": 1798.0}, {"i": 459, "x": 27686.0, "y": 10942.0}, {"i": 460, "x": 27822.0, "y": 28640.0}, {"i": 461, "x": 27870.0, "y": 25350.0}, {"i": 462, "x": 27938.0, "y": 20300.0}, {"i": 463, "x": 27994.0, "y": 16880.0}, {"i": 464, "x": 28030.0, "y": 22184.0}, {"i": 465, "x": 28078.0, "y": 23580.0}, {"i": 466, "x": 28190.0, "y": 21918.0}, {"i": 467, "x": 28242.0, "y": 10680.0}, {"i": 468, "x": 28308.0, "y": 19114.0}, {"i": 469, "x": 28336.0, "y": 23994.0}, {"i": 470, "x": 28346.0, "y": 3564.0}, {"i": 471, "x": 28406.0, "y": 10700.0}, {"i": 472, "x": 28440.0, "y": 2554.0}, {"i": 473, "x": 28452.0, "y": 1362.0}, {"i": 474, "x": 28520.0, "y": 15374.0}, {"i": 475, "x": 28530.0, "y": 22480.0}, {"i": 476, "x": 28566.0, "y": 10320.0}, {"i": 477, "x": 28578.0, "y": 21694.0}, {"i": 478, "x": 28582.0, "y": 21444.0}, {"i": 479, "x": 28686.0, "y": 27530.0}, {"i": 480, "x": 28984.0, "y": 16716.0}, {"i": 481, "x": 29052.0, "y": 4504.0}, {"i": 482, "x": 29096.0, "y": 13342.0}, {"i": 483, "x": 29146.0, "y": 6702.0}, {"i": 484, "x": 29190.0, "y": 25938.0}, {"i": 485, "x": 29276.0, "y": 7590.0}, {"i": 486, "x": 29314.0, "y": 26098.0}, {"i": 487, "x": 29360.0, "y": 4758.0}, {"i": 488, "x": 29362.0, "y": 1654.0}, {"i": 489, "x": 29396.0, "y": 28056.0}, {"i": 490, "x": 29410.0, "y": 9830.0}, {"i": 491, "x": 29446.0, "y": 4918.0}, {"i": 492, "x": 29482.0, "y": 24680.0}, {"i": 493, "x": 29584.0, "y": 15280.0}, {"i": 494, "x": 29686.0, "y": 7692.0}, {"i": 495, "x": 29736.0, "y": 25074.0}, {"i": 496, "x": 29774.0, "y": 12400.0}, {"i": 497, "x": 29776.0, "y": 6928.0}, {"i": 498, "x": 29786.0, "y": 19194.0}, {"i": 499, "x": 29796.0, "y": 16360.0}], "type": "Instance", "name": "uniform-0000500-1", "meta": {"comment": "HIP random 2-dimensional integral point set (500 points), distribution 'uniform'", "faces_in_delaunay": 979}}