{"points": [{"i": 0, "x": 126.0, "y": 410.0}, {"i": 1, "x": 140.0, "y": 230.0}, {"i": 2, "x": 208.0, "y": 1342.0}, {"i": 3, "x": 214.0, "y": 1082.0}, {"i": 4, "x": 314.0, "y": 70.0}, {"i": 5, "x": 336.0, "y": 170.0}, {"i": 6, "x": 344.0, "y": 1584.0}, {"i": 7, "x": 372.0, "y": 1382.0}, {"i": 8, "x": 402.0, "y": 664.0}, {"i": 9, "x": 414.0, "y": 388.0}, {"i": 10, "x": 472.0, "y": 32.0}, {"i": 11, "x": 506.0, "y": 1306.0}, {"i": 12, "x": 514.0, "y": 64.0}, {"i": 13, "x": 544.0, "y": 122.0}, {"i": 14, "x": 544.0, "y": 810.0}, {"i": 15, "x": 582.0, "y": 462.0}, {"i": 16, "x": 648.0, "y": 18.0}, {"i": 17, "x": 678.0, "y": 48.0}, {"i": 18, "x": 692.0, "y": 1058.0}, {"i": 19, "x": 724.0, "y": 476.0}, {"i": 20, "x": 756.0, "y": 884.0}, {"i": 21, "x": 812.0, "y": 1578.0}, {"i": 22, "x": 858.0, "y": 136.0}, {"i": 23, "x": 996.0, "y": 844.0}, {"i": 24, "x": 1260.0, "y": 898.0}, {"i": 25, "x": 1410.0, "y": 750.0}, {"i": 26, "x": 1460.0, "y": 28.0}, {"i": 27, "x": 1596.0, "y": 1132.0}, {"i": 28, "x": 1596.0, "y": 1480.0}, {"i": 29, "x": 1694.0, "y": 1340.0}], "type": "Instance", "name": "uniform-0000030-1", "meta": {"comment": "HIP random 2-dimensional integral point set (30 points), distribution 'uniform'", "faces_in_delaunay": 47}}