{"points": [{"i": 0, "x": 0.0, "y": 51882.0}, {"i": 1, "x": 200.0, "y": 970.0}, {"i": 2, "x": 224.0, "y": 88286.0}, {"i": 3, "x": 276.0, "y": 28896.0}, {"i": 4, "x": 336.0, "y": 97932.0}, {"i": 5, "x": 338.0, "y": 48496.0}, {"i": 6, "x": 396.0, "y": 88342.0}, {"i": 7, "x": 460.0, "y": 36404.0}, {"i": 8, "x": 522.0, "y": 59896.0}, {"i": 9, "x": 604.0, "y": 51918.0}, {"i": 10, "x": 702.0, "y": 116892.0}, {"i": 11, "x": 734.0, "y": 9158.0}, {"i": 12, "x": 748.0, "y": 10960.0}, {"i": 13, "x": 768.0, "y": 70614.0}, {"i": 14, "x": 828.0, "y": 52084.0}, {"i": 15, "x": 830.0, "y": 11728.0}, {"i": 16, "x": 856.0, "y": 27448.0}, {"i": 17, "x": 864.0, "y": 14656.0}, {"i": 18, "x": 904.0, "y": 20598.0}, {"i": 19, "x": 914.0, "y": 106202.0}, {"i": 20, "x": 1012.0, "y": 93662.0}, {"i": 21, "x": 1052.0, "y": 67156.0}, {"i": 22, "x": 1146.0, "y": 108350.0}, {"i": 23, "x": 1254.0, "y": 37454.0}, {"i": 24, "x": 1272.0, "y": 25406.0}, {"i": 25, "x": 1292.0, "y": 71116.0}, {"i": 26, "x": 1418.0, "y": 86928.0}, {"i": 27, "x": 1460.0, "y": 13728.0}, {"i": 28, "x": 1512.0, "y": 95076.0}, {"i": 29, "x": 1570.0, "y": 71412.0}, {"i": 30, "x": 1642.0, "y": 95312.0}, {"i": 31, "x": 1786.0, "y": 83968.0}, {"i": 32, "x": 1998.0, "y": 106440.0}, {"i": 33, "x": 2110.0, "y": 68836.0}, {"i": 34, "x": 2136.0, "y": 78206.0}, {"i": 35, "x": 2408.0, "y": 44398.0}, {"i": 36, "x": 2494.0, "y": 24960.0}, {"i": 37, "x": 2510.0, "y": 109064.0}, {"i": 38, "x": 2564.0, "y": 84824.0}, {"i": 39, "x": 2568.0, "y": 45136.0}, {"i": 40, "x": 2592.0, "y": 70046.0}, {"i": 41, "x": 2736.0, "y": 49406.0}, {"i": 42, "x": 2818.0, "y": 55568.0}, {"i": 43, "x": 2926.0, "y": 62544.0}, {"i": 44, "x": 2968.0, "y": 73032.0}, {"i": 45, "x": 3024.0, "y": 44052.0}, {"i": 46, "x": 3078.0, "y": 15714.0}, {"i": 47, "x": 3092.0, "y": 54098.0}, {"i": 48, "x": 3180.0, "y": 86192.0}, {"i": 49, "x": 3246.0, "y": 4838.0}, {"i": 50, "x": 3248.0, "y": 36574.0}, {"i": 51, "x": 3286.0, "y": 1580.0}, {"i": 52, "x": 3334.0, "y": 59990.0}, {"i": 53, "x": 3472.0, "y": 47084.0}, {"i": 54, "x": 3520.0, "y": 50688.0}, {"i": 55, "x": 3524.0, "y": 73966.0}, {"i": 56, "x": 3610.0, "y": 37562.0}, {"i": 57, "x": 3660.0, "y": 104060.0}, {"i": 58, "x": 3698.0, "y": 93816.0}, {"i": 59, "x": 3822.0, "y": 105334.0}, {"i": 60, "x": 3828.0, "y": 40324.0}, {"i": 61, "x": 3946.0, "y": 49660.0}, {"i": 62, "x": 3986.0, "y": 26488.0}, {"i": 63, "x": 4006.0, "y": 38148.0}, {"i": 64, "x": 4094.0, "y": 94852.0}, {"i": 65, "x": 4148.0, "y": 80352.0}, {"i": 66, "x": 4292.0, "y": 115136.0}, {"i": 67, "x": 4336.0, "y": 45178.0}, {"i": 68, "x": 4434.0, "y": 77040.0}, {"i": 69, "x": 4440.0, "y": 32306.0}, {"i": 70, "x": 4558.0, "y": 98874.0}, {"i": 71, "x": 4570.0, "y": 112926.0}, {"i": 72, "x": 4612.0, "y": 3226.0}, {"i": 73, "x": 4648.0, "y": 42964.0}, {"i": 74, "x": 4656.0, "y": 69340.0}, {"i": 75, "x": 4760.0, "y": 62776.0}, {"i": 76, "x": 4764.0, "y": 98722.0}, {"i": 77, "x": 4854.0, "y": 96972.0}, {"i": 78, "x": 4988.0, "y": 65498.0}, {"i": 79, "x": 5034.0, "y": 86272.0}, {"i": 80, "x": 5050.0, "y": 65136.0}, {"i": 81, "x": 5056.0, "y": 56130.0}, {"i": 82, "x": 5100.0, "y": 97274.0}, {"i": 83, "x": 5100.0, "y": 100112.0}, {"i": 84, "x": 5106.0, "y": 46924.0}, {"i": 85, "x": 5130.0, "y": 102588.0}, {"i": 86, "x": 5152.0, "y": 16040.0}, {"i": 87, "x": 5182.0, "y": 52710.0}, {"i": 88, "x": 5252.0, "y": 63198.0}, {"i": 89, "x": 5260.0, "y": 18290.0}, {"i": 90, "x": 5292.0, "y": 80606.0}, {"i": 91, "x": 5474.0, "y": 71356.0}, {"i": 92, "x": 5626.0, "y": 87722.0}, {"i": 93, "x": 5682.0, "y": 97714.0}, {"i": 94, "x": 5694.0, "y": 88878.0}, {"i": 95, "x": 5756.0, "y": 74096.0}, {"i": 96, "x": 5848.0, "y": 28074.0}, {"i": 97, "x": 5892.0, "y": 36352.0}, {"i": 98, "x": 5972.0, "y": 80172.0}, {"i": 99, "x": 6230.0, "y": 65860.0}, {"i": 100, "x": 6298.0, "y": 28668.0}, {"i": 101, "x": 6358.0, "y": 4018.0}, {"i": 102, "x": 6358.0, "y": 103894.0}, {"i": 103, "x": 6362.0, "y": 61912.0}, {"i": 104, "x": 6404.0, "y": 22960.0}, {"i": 105, "x": 6496.0, "y": 67218.0}, {"i": 106, "x": 6504.0, "y": 116416.0}, {"i": 107, "x": 6816.0, "y": 73974.0}, {"i": 108, "x": 6842.0, "y": 85100.0}, {"i": 109, "x": 6892.0, "y": 69896.0}, {"i": 110, "x": 6910.0, "y": 77136.0}, {"i": 111, "x": 6946.0, "y": 49628.0}, {"i": 112, "x": 7248.0, "y": 39864.0}, {"i": 113, "x": 7372.0, "y": 21348.0}, {"i": 114, "x": 7428.0, "y": 68276.0}, {"i": 115, "x": 7438.0, "y": 69034.0}, {"i": 116, "x": 7440.0, "y": 68192.0}, {"i": 117, "x": 7458.0, "y": 49588.0}, {"i": 118, "x": 7480.0, "y": 27962.0}, {"i": 119, "x": 7536.0, "y": 87086.0}, {"i": 120, "x": 7648.0, "y": 105712.0}, {"i": 121, "x": 7884.0, "y": 106086.0}, {"i": 122, "x": 7900.0, "y": 107264.0}, {"i": 123, "x": 7950.0, "y": 72024.0}, {"i": 124, "x": 8062.0, "y": 53160.0}, {"i": 125, "x": 8134.0, "y": 31092.0}, {"i": 126, "x": 8206.0, "y": 66050.0}, {"i": 127, "x": 8224.0, "y": 73502.0}, {"i": 128, "x": 8378.0, "y": 119710.0}, {"i": 129, "x": 8380.0, "y": 115402.0}, {"i": 130, "x": 8432.0, "y": 20484.0}, {"i": 131, "x": 8456.0, "y": 78508.0}, {"i": 132, "x": 8556.0, "y": 69732.0}, {"i": 133, "x": 8588.0, "y": 15944.0}, {"i": 134, "x": 8598.0, "y": 114946.0}, {"i": 135, "x": 8616.0, "y": 86132.0}, {"i": 136, "x": 8654.0, "y": 111400.0}, {"i": 137, "x": 8662.0, "y": 48560.0}, {"i": 138, "x": 8692.0, "y": 92704.0}, {"i": 139, "x": 8720.0, "y": 101794.0}, {"i": 140, "x": 8868.0, "y": 111250.0}, {"i": 141, "x": 8894.0, "y": 38878.0}, {"i": 142, "x": 9002.0, "y": 91486.0}, {"i": 143, "x": 9032.0, "y": 82584.0}, {"i": 144, "x": 9046.0, "y": 43828.0}, {"i": 145, "x": 9120.0, "y": 30132.0}, {"i": 146, "x": 9150.0, "y": 86564.0}, {"i": 147, "x": 9160.0, "y": 71164.0}, {"i": 148, "x": 9172.0, "y": 13784.0}, {"i": 149, "x": 9230.0, "y": 16928.0}, {"i": 150, "x": 9438.0, "y": 18738.0}, {"i": 151, "x": 9488.0, "y": 74722.0}, {"i": 152, "x": 9582.0, "y": 71688.0}, {"i": 153, "x": 9686.0, "y": 38454.0}, {"i": 154, "x": 9726.0, "y": 59480.0}, {"i": 155, "x": 9726.0, "y": 106230.0}, {"i": 156, "x": 9734.0, "y": 92022.0}, {"i": 157, "x": 9764.0, "y": 59606.0}, {"i": 158, "x": 9868.0, "y": 73986.0}, {"i": 159, "x": 9890.0, "y": 51184.0}, {"i": 160, "x": 9898.0, "y": 14366.0}, {"i": 161, "x": 9980.0, "y": 100154.0}, {"i": 162, "x": 9984.0, "y": 40700.0}, {"i": 163, "x": 10098.0, "y": 49686.0}, {"i": 164, "x": 10122.0, "y": 90852.0}, {"i": 165, "x": 10202.0, "y": 64862.0}, {"i": 166, "x": 10244.0, "y": 39244.0}, {"i": 167, "x": 10296.0, "y": 54228.0}, {"i": 168, "x": 10380.0, "y": 79598.0}, {"i": 169, "x": 10520.0, "y": 71902.0}, {"i": 170, "x": 10532.0, "y": 51474.0}, {"i": 171, "x": 10588.0, "y": 119662.0}, {"i": 172, "x": 10856.0, "y": 75410.0}, {"i": 173, "x": 10918.0, "y": 105054.0}, {"i": 174, "x": 11038.0, "y": 97488.0}, {"i": 175, "x": 11196.0, "y": 38406.0}, {"i": 176, "x": 11198.0, "y": 29920.0}, {"i": 177, "x": 11234.0, "y": 78342.0}, {"i": 178, "x": 11270.0, "y": 99164.0}, {"i": 179, "x": 11442.0, "y": 37870.0}, {"i": 180, "x": 11478.0, "y": 107366.0}, {"i": 181, "x": 11496.0, "y": 99592.0}, {"i": 182, "x": 11498.0, "y": 40134.0}, {"i": 183, "x": 11560.0, "y": 26200.0}, {"i": 184, "x": 11588.0, "y": 114352.0}, {"i": 185, "x": 11596.0, "y": 840.0}, {"i": 186, "x": 11644.0, "y": 88290.0}, {"i": 187, "x": 11704.0, "y": 106240.0}, {"i": 188, "x": 11748.0, "y": 96714.0}, {"i": 189, "x": 11820.0, "y": 43458.0}, {"i": 190, "x": 11838.0, "y": 75194.0}, {"i": 191, "x": 11902.0, "y": 1384.0}, {"i": 192, "x": 11974.0, "y": 58546.0}, {"i": 193, "x": 12212.0, "y": 63768.0}, {"i": 194, "x": 12292.0, "y": 21844.0}, {"i": 195, "x": 12326.0, "y": 67542.0}, {"i": 196, "x": 12330.0, "y": 32826.0}, {"i": 197, "x": 12438.0, "y": 74216.0}, {"i": 198, "x": 12452.0, "y": 77194.0}, {"i": 199, "x": 12484.0, "y": 46544.0}, {"i": 200, "x": 12624.0, "y": 111980.0}, {"i": 201, "x": 12668.0, "y": 9380.0}, {"i": 202, "x": 12812.0, "y": 12798.0}, {"i": 203, "x": 12834.0, "y": 85774.0}, {"i": 204, "x": 12862.0, "y": 6476.0}, {"i": 205, "x": 12864.0, "y": 13826.0}, {"i": 206, "x": 12880.0, "y": 10984.0}, {"i": 207, "x": 12950.0, "y": 114542.0}, {"i": 208, "x": 12972.0, "y": 90062.0}, {"i": 209, "x": 12978.0, "y": 43930.0}, {"i": 210, "x": 13004.0, "y": 72652.0}, {"i": 211, "x": 13048.0, "y": 91312.0}, {"i": 212, "x": 13058.0, "y": 98126.0}, {"i": 213, "x": 13058.0, "y": 108490.0}, {"i": 214, "x": 13062.0, "y": 42568.0}, {"i": 215, "x": 13206.0, "y": 34746.0}, {"i": 216, "x": 13408.0, "y": 83642.0}, {"i": 217, "x": 13414.0, "y": 72306.0}, {"i": 218, "x": 13502.0, "y": 37528.0}, {"i": 219, "x": 13602.0, "y": 111274.0}, {"i": 220, "x": 13716.0, "y": 16452.0}, {"i": 221, "x": 13718.0, "y": 51082.0}, {"i": 222, "x": 13752.0, "y": 33192.0}, {"i": 223, "x": 13754.0, "y": 9118.0}, {"i": 224, "x": 14008.0, "y": 35414.0}, {"i": 225, "x": 14166.0, "y": 80122.0}, {"i": 226, "x": 14248.0, "y": 43292.0}, {"i": 227, "x": 14386.0, "y": 22842.0}, {"i": 228, "x": 14440.0, "y": 15224.0}, {"i": 229, "x": 14468.0, "y": 21360.0}, {"i": 230, "x": 14518.0, "y": 108566.0}, {"i": 231, "x": 14596.0, "y": 108416.0}, {"i": 232, "x": 14616.0, "y": 100978.0}, {"i": 233, "x": 14666.0, "y": 48338.0}, {"i": 234, "x": 14674.0, "y": 85190.0}, {"i": 235, "x": 14724.0, "y": 39000.0}, {"i": 236, "x": 14740.0, "y": 27916.0}, {"i": 237, "x": 14784.0, "y": 41826.0}, {"i": 238, "x": 14894.0, "y": 80370.0}, {"i": 239, "x": 14990.0, "y": 64996.0}, {"i": 240, "x": 15126.0, "y": 25574.0}, {"i": 241, "x": 15142.0, "y": 59802.0}, {"i": 242, "x": 15188.0, "y": 116058.0}, {"i": 243, "x": 15306.0, "y": 6096.0}, {"i": 244, "x": 15338.0, "y": 103794.0}, {"i": 245, "x": 15448.0, "y": 3880.0}, {"i": 246, "x": 15706.0, "y": 76364.0}, {"i": 247, "x": 15784.0, "y": 62372.0}, {"i": 248, "x": 15826.0, "y": 72068.0}, {"i": 249, "x": 15850.0, "y": 68588.0}, {"i": 250, "x": 15850.0, "y": 72172.0}, {"i": 251, "x": 15922.0, "y": 48846.0}, {"i": 252, "x": 15980.0, "y": 70572.0}, {"i": 253, "x": 16052.0, "y": 43498.0}, {"i": 254, "x": 16078.0, "y": 9116.0}, {"i": 255, "x": 16078.0, "y": 70248.0}, {"i": 256, "x": 16112.0, "y": 30266.0}, {"i": 257, "x": 16128.0, "y": 38932.0}, {"i": 258, "x": 16134.0, "y": 59324.0}, {"i": 259, "x": 16194.0, "y": 100630.0}, {"i": 260, "x": 16226.0, "y": 71494.0}, {"i": 261, "x": 16226.0, "y": 78110.0}, {"i": 262, "x": 16502.0, "y": 91336.0}, {"i": 263, "x": 16578.0, "y": 30156.0}, {"i": 264, "x": 16652.0, "y": 16586.0}, {"i": 265, "x": 16652.0, "y": 95686.0}, {"i": 266, "x": 16660.0, "y": 2038.0}, {"i": 267, "x": 16664.0, "y": 26712.0}, {"i": 268, "x": 16706.0, "y": 8720.0}, {"i": 269, "x": 16776.0, "y": 44630.0}, {"i": 270, "x": 16906.0, "y": 81598.0}, {"i": 271, "x": 16958.0, "y": 75424.0}, {"i": 272, "x": 16984.0, "y": 92252.0}, {"i": 273, "x": 17016.0, "y": 12428.0}, {"i": 274, "x": 17166.0, "y": 38628.0}, {"i": 275, "x": 17170.0, "y": 84916.0}, {"i": 276, "x": 17210.0, "y": 89584.0}, {"i": 277, "x": 17380.0, "y": 95046.0}, {"i": 278, "x": 17578.0, "y": 53504.0}, {"i": 279, "x": 17594.0, "y": 29704.0}, {"i": 280, "x": 17874.0, "y": 112258.0}, {"i": 281, "x": 17902.0, "y": 87674.0}, {"i": 282, "x": 18002.0, "y": 59504.0}, {"i": 283, "x": 18020.0, "y": 68174.0}, {"i": 284, "x": 18080.0, "y": 4956.0}, {"i": 285, "x": 18080.0, "y": 42452.0}, {"i": 286, "x": 18118.0, "y": 23846.0}, {"i": 287, "x": 18168.0, "y": 104020.0}, {"i": 288, "x": 18258.0, "y": 116056.0}, {"i": 289, "x": 18406.0, "y": 96732.0}, {"i": 290, "x": 18466.0, "y": 86794.0}, {"i": 291, "x": 18564.0, "y": 85170.0}, {"i": 292, "x": 18572.0, "y": 115074.0}, {"i": 293, "x": 18630.0, "y": 85156.0}, {"i": 294, "x": 18768.0, "y": 46540.0}, {"i": 295, "x": 18802.0, "y": 14538.0}, {"i": 296, "x": 18856.0, "y": 71788.0}, {"i": 297, "x": 18978.0, "y": 86614.0}, {"i": 298, "x": 19000.0, "y": 69702.0}, {"i": 299, "x": 19040.0, "y": 80152.0}, {"i": 300, "x": 19048.0, "y": 54996.0}, {"i": 301, "x": 19074.0, "y": 99132.0}, {"i": 302, "x": 19102.0, "y": 52564.0}, {"i": 303, "x": 19114.0, "y": 80994.0}, {"i": 304, "x": 19174.0, "y": 6316.0}, {"i": 305, "x": 19184.0, "y": 89190.0}, {"i": 306, "x": 19190.0, "y": 60750.0}, {"i": 307, "x": 19282.0, "y": 66202.0}, {"i": 308, "x": 19476.0, "y": 16994.0}, {"i": 309, "x": 19544.0, "y": 68976.0}, {"i": 310, "x": 19550.0, "y": 74126.0}, {"i": 311, "x": 19636.0, "y": 15190.0}, {"i": 312, "x": 19692.0, "y": 7002.0}, {"i": 313, "x": 19734.0, "y": 17598.0}, {"i": 314, "x": 19880.0, "y": 42974.0}, {"i": 315, "x": 19910.0, "y": 30968.0}, {"i": 316, "x": 19920.0, "y": 37806.0}, {"i": 317, "x": 19946.0, "y": 119084.0}, {"i": 318, "x": 20082.0, "y": 34252.0}, {"i": 319, "x": 20094.0, "y": 4012.0}, {"i": 320, "x": 20262.0, "y": 32150.0}, {"i": 321, "x": 20274.0, "y": 56236.0}, {"i": 322, "x": 20284.0, "y": 20416.0}, {"i": 323, "x": 20456.0, "y": 104128.0}, {"i": 324, "x": 20482.0, "y": 109916.0}, {"i": 325, "x": 20580.0, "y": 51074.0}, {"i": 326, "x": 20582.0, "y": 22186.0}, {"i": 327, "x": 20654.0, "y": 28692.0}, {"i": 328, "x": 20656.0, "y": 102370.0}, {"i": 329, "x": 20752.0, "y": 63756.0}, {"i": 330, "x": 20780.0, "y": 20402.0}, {"i": 331, "x": 20814.0, "y": 46000.0}, {"i": 332, "x": 20826.0, "y": 93992.0}, {"i": 333, "x": 20844.0, "y": 29564.0}, {"i": 334, "x": 20994.0, "y": 104744.0}, {"i": 335, "x": 21082.0, "y": 29290.0}, {"i": 336, "x": 21086.0, "y": 22408.0}, {"i": 337, "x": 21088.0, "y": 83428.0}, {"i": 338, "x": 21350.0, "y": 15066.0}, {"i": 339, "x": 21514.0, "y": 79598.0}, {"i": 340, "x": 21578.0, "y": 8898.0}, {"i": 341, "x": 21590.0, "y": 35674.0}, {"i": 342, "x": 21692.0, "y": 28458.0}, {"i": 343, "x": 21728.0, "y": 107200.0}, {"i": 344, "x": 21746.0, "y": 29584.0}, {"i": 345, "x": 21810.0, "y": 118800.0}, {"i": 346, "x": 21964.0, "y": 115324.0}, {"i": 347, "x": 22176.0, "y": 79506.0}, {"i": 348, "x": 22186.0, "y": 59958.0}, {"i": 349, "x": 22192.0, "y": 106216.0}, {"i": 350, "x": 22254.0, "y": 16082.0}, {"i": 351, "x": 22284.0, "y": 43114.0}, {"i": 352, "x": 22316.0, "y": 36546.0}, {"i": 353, "x": 22372.0, "y": 61876.0}, {"i": 354, "x": 22412.0, "y": 68194.0}, {"i": 355, "x": 22444.0, "y": 18742.0}, {"i": 356, "x": 22446.0, "y": 12806.0}, {"i": 357, "x": 22532.0, "y": 21360.0}, {"i": 358, "x": 22564.0, "y": 3954.0}, {"i": 359, "x": 22614.0, "y": 57438.0}, {"i": 360, "x": 22618.0, "y": 5068.0}, {"i": 361, "x": 22658.0, "y": 15372.0}, {"i": 362, "x": 22682.0, "y": 59752.0}, {"i": 363, "x": 22726.0, "y": 59780.0}, {"i": 364, "x": 22734.0, "y": 68180.0}, {"i": 365, "x": 22758.0, "y": 48252.0}, {"i": 366, "x": 22822.0, "y": 34298.0}, {"i": 367, "x": 22908.0, "y": 39136.0}, {"i": 368, "x": 22912.0, "y": 100056.0}, {"i": 369, "x": 23020.0, "y": 73486.0}, {"i": 370, "x": 23050.0, "y": 2372.0}, {"i": 371, "x": 23050.0, "y": 86708.0}, {"i": 372, "x": 23072.0, "y": 59554.0}, {"i": 373, "x": 23114.0, "y": 25164.0}, {"i": 374, "x": 23152.0, "y": 35834.0}, {"i": 375, "x": 23208.0, "y": 19184.0}, {"i": 376, "x": 23240.0, "y": 88452.0}, {"i": 377, "x": 23442.0, "y": 94526.0}, {"i": 378, "x": 23468.0, "y": 30504.0}, {"i": 379, "x": 23482.0, "y": 20780.0}, {"i": 380, "x": 23514.0, "y": 97894.0}, {"i": 381, "x": 23578.0, "y": 104204.0}, {"i": 382, "x": 23758.0, "y": 25806.0}, {"i": 383, "x": 23826.0, "y": 42622.0}, {"i": 384, "x": 24066.0, "y": 78906.0}, {"i": 385, "x": 24254.0, "y": 11446.0}, {"i": 386, "x": 24398.0, "y": 49704.0}, {"i": 387, "x": 24398.0, "y": 84074.0}, {"i": 388, "x": 24438.0, "y": 114812.0}, {"i": 389, "x": 24440.0, "y": 93994.0}, {"i": 390, "x": 24534.0, "y": 55344.0}, {"i": 391, "x": 24546.0, "y": 32070.0}, {"i": 392, "x": 24550.0, "y": 66844.0}, {"i": 393, "x": 24554.0, "y": 37876.0}, {"i": 394, "x": 24610.0, "y": 15532.0}, {"i": 395, "x": 24690.0, "y": 21534.0}, {"i": 396, "x": 24710.0, "y": 63026.0}, {"i": 397, "x": 25046.0, "y": 67446.0}, {"i": 398, "x": 25102.0, "y": 100894.0}, {"i": 399, "x": 25128.0, "y": 113710.0}, {"i": 400, "x": 25160.0, "y": 3860.0}, {"i": 401, "x": 25174.0, "y": 88648.0}, {"i": 402, "x": 25284.0, "y": 48162.0}, {"i": 403, "x": 25434.0, "y": 46940.0}, {"i": 404, "x": 25446.0, "y": 41832.0}, {"i": 405, "x": 25554.0, "y": 19952.0}, {"i": 406, "x": 25586.0, "y": 115680.0}, {"i": 407, "x": 25624.0, "y": 47966.0}, {"i": 408, "x": 25698.0, "y": 40436.0}, {"i": 409, "x": 25704.0, "y": 11014.0}, {"i": 410, "x": 25756.0, "y": 119518.0}, {"i": 411, "x": 25790.0, "y": 40402.0}, {"i": 412, "x": 25890.0, "y": 8528.0}, {"i": 413, "x": 25942.0, "y": 63596.0}, {"i": 414, "x": 25970.0, "y": 39786.0}, {"i": 415, "x": 25976.0, "y": 42128.0}, {"i": 416, "x": 26194.0, "y": 90060.0}, {"i": 417, "x": 26378.0, "y": 63448.0}, {"i": 418, "x": 26388.0, "y": 51754.0}, {"i": 419, "x": 26402.0, "y": 90440.0}, {"i": 420, "x": 26438.0, "y": 102246.0}, {"i": 421, "x": 26606.0, "y": 59306.0}, {"i": 422, "x": 26616.0, "y": 77710.0}, {"i": 423, "x": 26666.0, "y": 97890.0}, {"i": 424, "x": 26676.0, "y": 116050.0}, {"i": 425, "x": 26678.0, "y": 1306.0}, {"i": 426, "x": 26680.0, "y": 17388.0}, {"i": 427, "x": 26708.0, "y": 69982.0}, {"i": 428, "x": 26742.0, "y": 17064.0}, {"i": 429, "x": 26776.0, "y": 29928.0}, {"i": 430, "x": 26844.0, "y": 10274.0}, {"i": 431, "x": 26850.0, "y": 25718.0}, {"i": 432, "x": 26954.0, "y": 50290.0}, {"i": 433, "x": 26960.0, "y": 11718.0}, {"i": 434, "x": 27006.0, "y": 65708.0}, {"i": 435, "x": 27084.0, "y": 31586.0}, {"i": 436, "x": 27250.0, "y": 24470.0}, {"i": 437, "x": 27258.0, "y": 59282.0}, {"i": 438, "x": 27446.0, "y": 16884.0}, {"i": 439, "x": 27490.0, "y": 478.0}, {"i": 440, "x": 27548.0, "y": 108930.0}, {"i": 441, "x": 27556.0, "y": 50024.0}, {"i": 442, "x": 27566.0, "y": 104926.0}, {"i": 443, "x": 27638.0, "y": 100826.0}, {"i": 444, "x": 27794.0, "y": 32250.0}, {"i": 445, "x": 27826.0, "y": 36978.0}, {"i": 446, "x": 27946.0, "y": 110996.0}, {"i": 447, "x": 27950.0, "y": 75352.0}, {"i": 448, "x": 28008.0, "y": 113704.0}, {"i": 449, "x": 28054.0, "y": 72150.0}, {"i": 450, "x": 28088.0, "y": 78866.0}, {"i": 451, "x": 28166.0, "y": 49344.0}, {"i": 452, "x": 28174.0, "y": 48776.0}, {"i": 453, "x": 28262.0, "y": 45466.0}, {"i": 454, "x": 28390.0, "y": 41326.0}, {"i": 455, "x": 28430.0, "y": 81684.0}, {"i": 456, "x": 28494.0, "y": 119346.0}, {"i": 457, "x": 28498.0, "y": 67514.0}, {"i": 458, "x": 28584.0, "y": 13266.0}, {"i": 459, "x": 28656.0, "y": 77308.0}, {"i": 460, "x": 28722.0, "y": 37918.0}, {"i": 461, "x": 28754.0, "y": 52222.0}, {"i": 462, "x": 28756.0, "y": 33682.0}, {"i": 463, "x": 28772.0, "y": 2772.0}, {"i": 464, "x": 28896.0, "y": 68940.0}, {"i": 465, "x": 28938.0, "y": 1292.0}, {"i": 466, "x": 28978.0, "y": 37922.0}, {"i": 467, "x": 29084.0, "y": 95702.0}, {"i": 468, "x": 29090.0, "y": 63262.0}, {"i": 469, "x": 29244.0, "y": 81392.0}, {"i": 470, "x": 29250.0, "y": 47542.0}, {"i": 471, "x": 29298.0, "y": 39144.0}, {"i": 472, "x": 29358.0, "y": 45620.0}, {"i": 473, "x": 29452.0, "y": 85910.0}, {"i": 474, "x": 29548.0, "y": 104378.0}, {"i": 475, "x": 29558.0, "y": 16266.0}, {"i": 476, "x": 29574.0, "y": 18138.0}, {"i": 477, "x": 29650.0, "y": 19012.0}, {"i": 478, "x": 29752.0, "y": 10542.0}, {"i": 479, "x": 29864.0, "y": 95818.0}, {"i": 480, "x": 29878.0, "y": 66398.0}, {"i": 481, "x": 29914.0, "y": 43630.0}, {"i": 482, "x": 29924.0, "y": 92754.0}, {"i": 483, "x": 29994.0, "y": 37576.0}, {"i": 484, "x": 29996.0, "y": 77680.0}, {"i": 485, "x": 29996.0, "y": 93058.0}, {"i": 486, "x": 30018.0, "y": 26570.0}, {"i": 487, "x": 30036.0, "y": 13830.0}, {"i": 488, "x": 30056.0, "y": 2854.0}, {"i": 489, "x": 30100.0, "y": 39426.0}, {"i": 490, "x": 30132.0, "y": 76298.0}, {"i": 491, "x": 30162.0, "y": 39214.0}, {"i": 492, "x": 30164.0, "y": 82824.0}, {"i": 493, "x": 30280.0, "y": 92424.0}, {"i": 494, "x": 30346.0, "y": 41678.0}, {"i": 495, "x": 30380.0, "y": 37974.0}, {"i": 496, "x": 30414.0, "y": 25270.0}, {"i": 497, "x": 30438.0, "y": 82178.0}, {"i": 498, "x": 30484.0, "y": 26600.0}, {"i": 499, "x": 30568.0, "y": 21678.0}, {"i": 500, "x": 30644.0, "y": 66588.0}, {"i": 501, "x": 30646.0, "y": 34350.0}, {"i": 502, "x": 30778.0, "y": 19824.0}, {"i": 503, "x": 30892.0, "y": 43344.0}, {"i": 504, "x": 30914.0, "y": 7142.0}, {"i": 505, "x": 30972.0, "y": 77634.0}, {"i": 506, "x": 31124.0, "y": 20416.0}, {"i": 507, "x": 31170.0, "y": 75892.0}, {"i": 508, "x": 31178.0, "y": 107246.0}, {"i": 509, "x": 31182.0, "y": 85598.0}, {"i": 510, "x": 31204.0, "y": 31958.0}, {"i": 511, "x": 31254.0, "y": 38462.0}, {"i": 512, "x": 31346.0, "y": 66600.0}, {"i": 513, "x": 31430.0, "y": 85808.0}, {"i": 514, "x": 31500.0, "y": 107102.0}, {"i": 515, "x": 31504.0, "y": 65818.0}, {"i": 516, "x": 31546.0, "y": 113382.0}, {"i": 517, "x": 31552.0, "y": 97662.0}, {"i": 518, "x": 31584.0, "y": 60632.0}, {"i": 519, "x": 31680.0, "y": 42986.0}, {"i": 520, "x": 31692.0, "y": 10584.0}, {"i": 521, "x": 31764.0, "y": 734.0}, {"i": 522, "x": 31770.0, "y": 2368.0}, {"i": 523, "x": 31802.0, "y": 69248.0}, {"i": 524, "x": 31832.0, "y": 53158.0}, {"i": 525, "x": 31864.0, "y": 34884.0}, {"i": 526, "x": 31974.0, "y": 31274.0}, {"i": 527, "x": 31982.0, "y": 115052.0}, {"i": 528, "x": 31994.0, "y": 75424.0}, {"i": 529, "x": 32106.0, "y": 89236.0}, {"i": 530, "x": 32116.0, "y": 63934.0}, {"i": 531, "x": 32132.0, "y": 47488.0}, {"i": 532, "x": 32152.0, "y": 34422.0}, {"i": 533, "x": 32212.0, "y": 60178.0}, {"i": 534, "x": 32294.0, "y": 68804.0}, {"i": 535, "x": 32314.0, "y": 18156.0}, {"i": 536, "x": 32354.0, "y": 40802.0}, {"i": 537, "x": 32432.0, "y": 111074.0}, {"i": 538, "x": 32444.0, "y": 1130.0}, {"i": 539, "x": 32464.0, "y": 67978.0}, {"i": 540, "x": 32574.0, "y": 47364.0}, {"i": 541, "x": 32574.0, "y": 52304.0}, {"i": 542, "x": 32762.0, "y": 31638.0}, {"i": 543, "x": 32828.0, "y": 61764.0}, {"i": 544, "x": 32868.0, "y": 37252.0}, {"i": 545, "x": 32874.0, "y": 53270.0}, {"i": 546, "x": 32882.0, "y": 6608.0}, {"i": 547, "x": 32914.0, "y": 101832.0}, {"i": 548, "x": 32928.0, "y": 117762.0}, {"i": 549, "x": 33012.0, "y": 57866.0}, {"i": 550, "x": 33130.0, "y": 40358.0}, {"i": 551, "x": 33132.0, "y": 88028.0}, {"i": 552, "x": 33136.0, "y": 74060.0}, {"i": 553, "x": 33168.0, "y": 2740.0}, {"i": 554, "x": 33206.0, "y": 82424.0}, {"i": 555, "x": 33236.0, "y": 59996.0}, {"i": 556, "x": 33338.0, "y": 49676.0}, {"i": 557, "x": 33378.0, "y": 22776.0}, {"i": 558, "x": 33418.0, "y": 79294.0}, {"i": 559, "x": 33436.0, "y": 72958.0}, {"i": 560, "x": 33444.0, "y": 33456.0}, {"i": 561, "x": 33512.0, "y": 19868.0}, {"i": 562, "x": 33574.0, "y": 20150.0}, {"i": 563, "x": 33662.0, "y": 72042.0}, {"i": 564, "x": 33732.0, "y": 40876.0}, {"i": 565, "x": 33884.0, "y": 61234.0}, {"i": 566, "x": 33912.0, "y": 93276.0}, {"i": 567, "x": 33932.0, "y": 78866.0}, {"i": 568, "x": 34048.0, "y": 95596.0}, {"i": 569, "x": 34102.0, "y": 42934.0}, {"i": 570, "x": 34148.0, "y": 47496.0}, {"i": 571, "x": 34190.0, "y": 55502.0}, {"i": 572, "x": 34282.0, "y": 27396.0}, {"i": 573, "x": 34338.0, "y": 76558.0}, {"i": 574, "x": 34506.0, "y": 83560.0}, {"i": 575, "x": 34512.0, "y": 94580.0}, {"i": 576, "x": 34534.0, "y": 13780.0}, {"i": 577, "x": 34556.0, "y": 106918.0}, {"i": 578, "x": 34562.0, "y": 109910.0}, {"i": 579, "x": 34576.0, "y": 10710.0}, {"i": 580, "x": 34580.0, "y": 68090.0}, {"i": 581, "x": 34606.0, "y": 53338.0}, {"i": 582, "x": 34682.0, "y": 77776.0}, {"i": 583, "x": 34790.0, "y": 38892.0}, {"i": 584, "x": 34868.0, "y": 92260.0}, {"i": 585, "x": 34954.0, "y": 52700.0}, {"i": 586, "x": 35154.0, "y": 48594.0}, {"i": 587, "x": 35320.0, "y": 102918.0}, {"i": 588, "x": 35430.0, "y": 119694.0}, {"i": 589, "x": 35458.0, "y": 71460.0}, {"i": 590, "x": 35466.0, "y": 8986.0}, {"i": 591, "x": 35480.0, "y": 46922.0}, {"i": 592, "x": 35614.0, "y": 25700.0}, {"i": 593, "x": 35730.0, "y": 53292.0}, {"i": 594, "x": 35762.0, "y": 17808.0}, {"i": 595, "x": 35864.0, "y": 77854.0}, {"i": 596, "x": 35894.0, "y": 91896.0}, {"i": 597, "x": 35916.0, "y": 16808.0}, {"i": 598, "x": 35986.0, "y": 65272.0}, {"i": 599, "x": 36054.0, "y": 19368.0}, {"i": 600, "x": 36102.0, "y": 99430.0}, {"i": 601, "x": 36128.0, "y": 50908.0}, {"i": 602, "x": 36150.0, "y": 19958.0}, {"i": 603, "x": 36192.0, "y": 7900.0}, {"i": 604, "x": 36222.0, "y": 67984.0}, {"i": 605, "x": 36286.0, "y": 53586.0}, {"i": 606, "x": 36316.0, "y": 32074.0}, {"i": 607, "x": 36326.0, "y": 3288.0}, {"i": 608, "x": 36484.0, "y": 19680.0}, {"i": 609, "x": 36558.0, "y": 49128.0}, {"i": 610, "x": 36588.0, "y": 69234.0}, {"i": 611, "x": 36592.0, "y": 9048.0}, {"i": 612, "x": 36720.0, "y": 107750.0}, {"i": 613, "x": 36810.0, "y": 70596.0}, {"i": 614, "x": 36902.0, "y": 24434.0}, {"i": 615, "x": 36912.0, "y": 13834.0}, {"i": 616, "x": 36942.0, "y": 24080.0}, {"i": 617, "x": 37068.0, "y": 73492.0}, {"i": 618, "x": 37158.0, "y": 68982.0}, {"i": 619, "x": 37220.0, "y": 70058.0}, {"i": 620, "x": 37292.0, "y": 102500.0}, {"i": 621, "x": 37306.0, "y": 30086.0}, {"i": 622, "x": 37346.0, "y": 8178.0}, {"i": 623, "x": 37394.0, "y": 35478.0}, {"i": 624, "x": 37518.0, "y": 61850.0}, {"i": 625, "x": 37570.0, "y": 81232.0}, {"i": 626, "x": 37722.0, "y": 113182.0}, {"i": 627, "x": 37728.0, "y": 88526.0}, {"i": 628, "x": 37808.0, "y": 53430.0}, {"i": 629, "x": 37852.0, "y": 2394.0}, {"i": 630, "x": 37926.0, "y": 85270.0}, {"i": 631, "x": 37996.0, "y": 42272.0}, {"i": 632, "x": 37996.0, "y": 92794.0}, {"i": 633, "x": 38034.0, "y": 6256.0}, {"i": 634, "x": 38040.0, "y": 14854.0}, {"i": 635, "x": 38060.0, "y": 113536.0}, {"i": 636, "x": 38078.0, "y": 2394.0}, {"i": 637, "x": 38158.0, "y": 78816.0}, {"i": 638, "x": 38270.0, "y": 45630.0}, {"i": 639, "x": 38372.0, "y": 88742.0}, {"i": 640, "x": 38418.0, "y": 37416.0}, {"i": 641, "x": 38500.0, "y": 88414.0}, {"i": 642, "x": 38528.0, "y": 36974.0}, {"i": 643, "x": 38560.0, "y": 101330.0}, {"i": 644, "x": 38560.0, "y": 113730.0}, {"i": 645, "x": 38572.0, "y": 21422.0}, {"i": 646, "x": 38632.0, "y": 54720.0}, {"i": 647, "x": 38966.0, "y": 99684.0}, {"i": 648, "x": 39070.0, "y": 85410.0}, {"i": 649, "x": 39086.0, "y": 9538.0}, {"i": 650, "x": 39108.0, "y": 99684.0}, {"i": 651, "x": 39122.0, "y": 9326.0}, {"i": 652, "x": 39164.0, "y": 55318.0}, {"i": 653, "x": 39182.0, "y": 86360.0}, {"i": 654, "x": 39256.0, "y": 51246.0}, {"i": 655, "x": 39268.0, "y": 31626.0}, {"i": 656, "x": 39416.0, "y": 16428.0}, {"i": 657, "x": 39456.0, "y": 32494.0}, {"i": 658, "x": 39700.0, "y": 4868.0}, {"i": 659, "x": 39732.0, "y": 57794.0}, {"i": 660, "x": 39812.0, "y": 9876.0}, {"i": 661, "x": 39922.0, "y": 22486.0}, {"i": 662, "x": 39928.0, "y": 19110.0}, {"i": 663, "x": 40018.0, "y": 25990.0}, {"i": 664, "x": 40172.0, "y": 112672.0}, {"i": 665, "x": 40258.0, "y": 10656.0}, {"i": 666, "x": 40366.0, "y": 45440.0}, {"i": 667, "x": 40606.0, "y": 42760.0}, {"i": 668, "x": 40616.0, "y": 43286.0}, {"i": 669, "x": 40696.0, "y": 21640.0}, {"i": 670, "x": 40732.0, "y": 85712.0}, {"i": 671, "x": 40826.0, "y": 54012.0}, {"i": 672, "x": 40830.0, "y": 26032.0}, {"i": 673, "x": 40940.0, "y": 117408.0}, {"i": 674, "x": 40984.0, "y": 3684.0}, {"i": 675, "x": 41004.0, "y": 114300.0}, {"i": 676, "x": 41094.0, "y": 30264.0}, {"i": 677, "x": 41100.0, "y": 46978.0}, {"i": 678, "x": 41156.0, "y": 107482.0}, {"i": 679, "x": 41178.0, "y": 19962.0}, {"i": 680, "x": 41194.0, "y": 78580.0}, {"i": 681, "x": 41242.0, "y": 23294.0}, {"i": 682, "x": 41272.0, "y": 50086.0}, {"i": 683, "x": 41314.0, "y": 51206.0}, {"i": 684, "x": 41352.0, "y": 114696.0}, {"i": 685, "x": 41382.0, "y": 7060.0}, {"i": 686, "x": 41568.0, "y": 51334.0}, {"i": 687, "x": 41604.0, "y": 56682.0}, {"i": 688, "x": 41692.0, "y": 119176.0}, {"i": 689, "x": 41830.0, "y": 82374.0}, {"i": 690, "x": 41856.0, "y": 29434.0}, {"i": 691, "x": 41888.0, "y": 40256.0}, {"i": 692, "x": 41974.0, "y": 98338.0}, {"i": 693, "x": 42070.0, "y": 45056.0}, {"i": 694, "x": 42074.0, "y": 89408.0}, {"i": 695, "x": 42136.0, "y": 102388.0}, {"i": 696, "x": 42258.0, "y": 62868.0}, {"i": 697, "x": 42282.0, "y": 116386.0}, {"i": 698, "x": 42284.0, "y": 116308.0}, {"i": 699, "x": 42390.0, "y": 44496.0}, {"i": 700, "x": 42450.0, "y": 78828.0}, {"i": 701, "x": 42532.0, "y": 97982.0}, {"i": 702, "x": 42596.0, "y": 39456.0}, {"i": 703, "x": 42838.0, "y": 36492.0}, {"i": 704, "x": 42888.0, "y": 85796.0}, {"i": 705, "x": 42910.0, "y": 13902.0}, {"i": 706, "x": 42960.0, "y": 37566.0}, {"i": 707, "x": 43042.0, "y": 19846.0}, {"i": 708, "x": 43236.0, "y": 28124.0}, {"i": 709, "x": 43318.0, "y": 12370.0}, {"i": 710, "x": 43370.0, "y": 102278.0}, {"i": 711, "x": 43422.0, "y": 61802.0}, {"i": 712, "x": 43524.0, "y": 29994.0}, {"i": 713, "x": 43696.0, "y": 59058.0}, {"i": 714, "x": 43736.0, "y": 33662.0}, {"i": 715, "x": 44092.0, "y": 66642.0}, {"i": 716, "x": 44096.0, "y": 63364.0}, {"i": 717, "x": 44106.0, "y": 118216.0}, {"i": 718, "x": 44138.0, "y": 84654.0}, {"i": 719, "x": 44172.0, "y": 4718.0}, {"i": 720, "x": 44196.0, "y": 44840.0}, {"i": 721, "x": 44306.0, "y": 49344.0}, {"i": 722, "x": 44364.0, "y": 59860.0}, {"i": 723, "x": 44390.0, "y": 69494.0}, {"i": 724, "x": 44464.0, "y": 76870.0}, {"i": 725, "x": 44478.0, "y": 6994.0}, {"i": 726, "x": 44622.0, "y": 62792.0}, {"i": 727, "x": 44622.0, "y": 63494.0}, {"i": 728, "x": 44630.0, "y": 3720.0}, {"i": 729, "x": 44690.0, "y": 11306.0}, {"i": 730, "x": 44732.0, "y": 46624.0}, {"i": 731, "x": 44740.0, "y": 31014.0}, {"i": 732, "x": 44746.0, "y": 7974.0}, {"i": 733, "x": 44752.0, "y": 58788.0}, {"i": 734, "x": 44784.0, "y": 35108.0}, {"i": 735, "x": 44868.0, "y": 119256.0}, {"i": 736, "x": 44876.0, "y": 8588.0}, {"i": 737, "x": 44980.0, "y": 81068.0}, {"i": 738, "x": 44994.0, "y": 4624.0}, {"i": 739, "x": 45032.0, "y": 68480.0}, {"i": 740, "x": 45042.0, "y": 62984.0}, {"i": 741, "x": 45062.0, "y": 108446.0}, {"i": 742, "x": 45208.0, "y": 26256.0}, {"i": 743, "x": 45216.0, "y": 83720.0}, {"i": 744, "x": 45270.0, "y": 37836.0}, {"i": 745, "x": 45278.0, "y": 74214.0}, {"i": 746, "x": 45286.0, "y": 81016.0}, {"i": 747, "x": 45340.0, "y": 56672.0}, {"i": 748, "x": 45348.0, "y": 29834.0}, {"i": 749, "x": 45350.0, "y": 39992.0}, {"i": 750, "x": 45530.0, "y": 18442.0}, {"i": 751, "x": 45548.0, "y": 61420.0}, {"i": 752, "x": 45588.0, "y": 109550.0}, {"i": 753, "x": 45780.0, "y": 16418.0}, {"i": 754, "x": 45792.0, "y": 20540.0}, {"i": 755, "x": 45832.0, "y": 44896.0}, {"i": 756, "x": 45854.0, "y": 48748.0}, {"i": 757, "x": 45856.0, "y": 107344.0}, {"i": 758, "x": 45864.0, "y": 61652.0}, {"i": 759, "x": 45876.0, "y": 32570.0}, {"i": 760, "x": 46056.0, "y": 26712.0}, {"i": 761, "x": 46060.0, "y": 74328.0}, {"i": 762, "x": 46146.0, "y": 50358.0}, {"i": 763, "x": 46150.0, "y": 108404.0}, {"i": 764, "x": 46192.0, "y": 39706.0}, {"i": 765, "x": 46460.0, "y": 109308.0}, {"i": 766, "x": 46516.0, "y": 49772.0}, {"i": 767, "x": 46518.0, "y": 93966.0}, {"i": 768, "x": 46596.0, "y": 97398.0}, {"i": 769, "x": 46706.0, "y": 53682.0}, {"i": 770, "x": 46732.0, "y": 24960.0}, {"i": 771, "x": 46766.0, "y": 35382.0}, {"i": 772, "x": 46930.0, "y": 42342.0}, {"i": 773, "x": 46954.0, "y": 72984.0}, {"i": 774, "x": 47000.0, "y": 65296.0}, {"i": 775, "x": 47014.0, "y": 8148.0}, {"i": 776, "x": 47036.0, "y": 5038.0}, {"i": 777, "x": 47058.0, "y": 67922.0}, {"i": 778, "x": 47062.0, "y": 96468.0}, {"i": 779, "x": 47084.0, "y": 40658.0}, {"i": 780, "x": 47174.0, "y": 105120.0}, {"i": 781, "x": 47212.0, "y": 15036.0}, {"i": 782, "x": 47250.0, "y": 27392.0}, {"i": 783, "x": 47276.0, "y": 2424.0}, {"i": 784, "x": 47314.0, "y": 77172.0}, {"i": 785, "x": 47342.0, "y": 4586.0}, {"i": 786, "x": 47410.0, "y": 70500.0}, {"i": 787, "x": 47436.0, "y": 68234.0}, {"i": 788, "x": 47440.0, "y": 12654.0}, {"i": 789, "x": 47690.0, "y": 32430.0}, {"i": 790, "x": 47698.0, "y": 104786.0}, {"i": 791, "x": 47760.0, "y": 90320.0}, {"i": 792, "x": 48004.0, "y": 18132.0}, {"i": 793, "x": 48050.0, "y": 101652.0}, {"i": 794, "x": 48070.0, "y": 104536.0}, {"i": 795, "x": 48396.0, "y": 48754.0}, {"i": 796, "x": 48476.0, "y": 33438.0}, {"i": 797, "x": 48584.0, "y": 103272.0}, {"i": 798, "x": 48636.0, "y": 117858.0}, {"i": 799, "x": 48684.0, "y": 1786.0}, {"i": 800, "x": 48732.0, "y": 82906.0}, {"i": 801, "x": 48734.0, "y": 48884.0}, {"i": 802, "x": 48772.0, "y": 52838.0}, {"i": 803, "x": 48830.0, "y": 10898.0}, {"i": 804, "x": 48980.0, "y": 21086.0}, {"i": 805, "x": 48998.0, "y": 60878.0}, {"i": 806, "x": 49046.0, "y": 64942.0}, {"i": 807, "x": 49052.0, "y": 31848.0}, {"i": 808, "x": 49112.0, "y": 34642.0}, {"i": 809, "x": 49302.0, "y": 102538.0}, {"i": 810, "x": 49340.0, "y": 54754.0}, {"i": 811, "x": 49358.0, "y": 58286.0}, {"i": 812, "x": 49372.0, "y": 26382.0}, {"i": 813, "x": 49450.0, "y": 53178.0}, {"i": 814, "x": 49478.0, "y": 11914.0}, {"i": 815, "x": 49588.0, "y": 21776.0}, {"i": 816, "x": 49608.0, "y": 15526.0}, {"i": 817, "x": 49688.0, "y": 64752.0}, {"i": 818, "x": 49692.0, "y": 113520.0}, {"i": 819, "x": 49698.0, "y": 105698.0}, {"i": 820, "x": 49732.0, "y": 3442.0}, {"i": 821, "x": 49858.0, "y": 20522.0}, {"i": 822, "x": 49932.0, "y": 115240.0}, {"i": 823, "x": 50012.0, "y": 11520.0}, {"i": 824, "x": 50042.0, "y": 37520.0}, {"i": 825, "x": 50042.0, "y": 114326.0}, {"i": 826, "x": 50166.0, "y": 85322.0}, {"i": 827, "x": 50332.0, "y": 52116.0}, {"i": 828, "x": 50336.0, "y": 57470.0}, {"i": 829, "x": 50454.0, "y": 28306.0}, {"i": 830, "x": 50602.0, "y": 90728.0}, {"i": 831, "x": 50632.0, "y": 90906.0}, {"i": 832, "x": 50654.0, "y": 70274.0}, {"i": 833, "x": 50726.0, "y": 31518.0}, {"i": 834, "x": 50780.0, "y": 37650.0}, {"i": 835, "x": 50820.0, "y": 30544.0}, {"i": 836, "x": 50924.0, "y": 98204.0}, {"i": 837, "x": 50934.0, "y": 57422.0}, {"i": 838, "x": 50974.0, "y": 16452.0}, {"i": 839, "x": 51018.0, "y": 111530.0}, {"i": 840, "x": 51058.0, "y": 5878.0}, {"i": 841, "x": 51108.0, "y": 94256.0}, {"i": 842, "x": 51110.0, "y": 62620.0}, {"i": 843, "x": 51142.0, "y": 18470.0}, {"i": 844, "x": 51334.0, "y": 29752.0}, {"i": 845, "x": 51346.0, "y": 12244.0}, {"i": 846, "x": 51544.0, "y": 69828.0}, {"i": 847, "x": 51662.0, "y": 96936.0}, {"i": 848, "x": 51738.0, "y": 99260.0}, {"i": 849, "x": 51796.0, "y": 101198.0}, {"i": 850, "x": 51960.0, "y": 58314.0}, {"i": 851, "x": 52068.0, "y": 76328.0}, {"i": 852, "x": 52096.0, "y": 118744.0}, {"i": 853, "x": 52154.0, "y": 89344.0}, {"i": 854, "x": 52190.0, "y": 113390.0}, {"i": 855, "x": 52356.0, "y": 65566.0}, {"i": 856, "x": 52384.0, "y": 16966.0}, {"i": 857, "x": 52414.0, "y": 32474.0}, {"i": 858, "x": 52508.0, "y": 56562.0}, {"i": 859, "x": 52590.0, "y": 77488.0}, {"i": 860, "x": 52600.0, "y": 87642.0}, {"i": 861, "x": 52606.0, "y": 54182.0}, {"i": 862, "x": 52630.0, "y": 106038.0}, {"i": 863, "x": 52706.0, "y": 64724.0}, {"i": 864, "x": 52708.0, "y": 103080.0}, {"i": 865, "x": 52762.0, "y": 49456.0}, {"i": 866, "x": 52824.0, "y": 90190.0}, {"i": 867, "x": 52950.0, "y": 82616.0}, {"i": 868, "x": 52954.0, "y": 25424.0}, {"i": 869, "x": 53042.0, "y": 59810.0}, {"i": 870, "x": 53066.0, "y": 41192.0}, {"i": 871, "x": 53114.0, "y": 7748.0}, {"i": 872, "x": 53202.0, "y": 80812.0}, {"i": 873, "x": 53216.0, "y": 94086.0}, {"i": 874, "x": 53298.0, "y": 114924.0}, {"i": 875, "x": 53422.0, "y": 47854.0}, {"i": 876, "x": 53450.0, "y": 111384.0}, {"i": 877, "x": 53476.0, "y": 472.0}, {"i": 878, "x": 53556.0, "y": 56454.0}, {"i": 879, "x": 53602.0, "y": 111810.0}, {"i": 880, "x": 53604.0, "y": 19476.0}, {"i": 881, "x": 53634.0, "y": 112790.0}, {"i": 882, "x": 53706.0, "y": 27456.0}, {"i": 883, "x": 53750.0, "y": 67204.0}, {"i": 884, "x": 54010.0, "y": 109690.0}, {"i": 885, "x": 54040.0, "y": 83268.0}, {"i": 886, "x": 54044.0, "y": 11756.0}, {"i": 887, "x": 54076.0, "y": 4706.0}, {"i": 888, "x": 54260.0, "y": 32338.0}, {"i": 889, "x": 54500.0, "y": 89826.0}, {"i": 890, "x": 54580.0, "y": 104668.0}, {"i": 891, "x": 54710.0, "y": 102980.0}, {"i": 892, "x": 54864.0, "y": 13384.0}, {"i": 893, "x": 54942.0, "y": 39360.0}, {"i": 894, "x": 54956.0, "y": 46206.0}, {"i": 895, "x": 54966.0, "y": 114524.0}, {"i": 896, "x": 55004.0, "y": 92706.0}, {"i": 897, "x": 55034.0, "y": 63522.0}, {"i": 898, "x": 55078.0, "y": 23812.0}, {"i": 899, "x": 55092.0, "y": 46162.0}, {"i": 900, "x": 55144.0, "y": 100850.0}, {"i": 901, "x": 55170.0, "y": 25308.0}, {"i": 902, "x": 55178.0, "y": 47474.0}, {"i": 903, "x": 55206.0, "y": 11252.0}, {"i": 904, "x": 55208.0, "y": 9144.0}, {"i": 905, "x": 55346.0, "y": 5984.0}, {"i": 906, "x": 55396.0, "y": 81528.0}, {"i": 907, "x": 55408.0, "y": 108234.0}, {"i": 908, "x": 55428.0, "y": 65728.0}, {"i": 909, "x": 55448.0, "y": 116524.0}, {"i": 910, "x": 55548.0, "y": 59728.0}, {"i": 911, "x": 55690.0, "y": 4360.0}, {"i": 912, "x": 55730.0, "y": 5158.0}, {"i": 913, "x": 55780.0, "y": 53816.0}, {"i": 914, "x": 55790.0, "y": 12366.0}, {"i": 915, "x": 55838.0, "y": 25242.0}, {"i": 916, "x": 55940.0, "y": 101926.0}, {"i": 917, "x": 56024.0, "y": 98096.0}, {"i": 918, "x": 56080.0, "y": 97260.0}, {"i": 919, "x": 56112.0, "y": 85740.0}, {"i": 920, "x": 56134.0, "y": 2060.0}, {"i": 921, "x": 56212.0, "y": 40502.0}, {"i": 922, "x": 56244.0, "y": 54152.0}, {"i": 923, "x": 56294.0, "y": 89128.0}, {"i": 924, "x": 56332.0, "y": 83204.0}, {"i": 925, "x": 56416.0, "y": 90990.0}, {"i": 926, "x": 56488.0, "y": 101470.0}, {"i": 927, "x": 56492.0, "y": 99154.0}, {"i": 928, "x": 56558.0, "y": 86922.0}, {"i": 929, "x": 56582.0, "y": 112878.0}, {"i": 930, "x": 56688.0, "y": 87212.0}, {"i": 931, "x": 56762.0, "y": 55182.0}, {"i": 932, "x": 56814.0, "y": 45034.0}, {"i": 933, "x": 56838.0, "y": 70706.0}, {"i": 934, "x": 56842.0, "y": 75480.0}, {"i": 935, "x": 56854.0, "y": 71206.0}, {"i": 936, "x": 56896.0, "y": 106730.0}, {"i": 937, "x": 56950.0, "y": 51314.0}, {"i": 938, "x": 56980.0, "y": 63476.0}, {"i": 939, "x": 57016.0, "y": 24678.0}, {"i": 940, "x": 57132.0, "y": 88812.0}, {"i": 941, "x": 57330.0, "y": 109386.0}, {"i": 942, "x": 57368.0, "y": 92654.0}, {"i": 943, "x": 57506.0, "y": 49566.0}, {"i": 944, "x": 57514.0, "y": 39772.0}, {"i": 945, "x": 57854.0, "y": 94898.0}, {"i": 946, "x": 57940.0, "y": 115096.0}, {"i": 947, "x": 57952.0, "y": 94218.0}, {"i": 948, "x": 57998.0, "y": 119690.0}, {"i": 949, "x": 58034.0, "y": 90954.0}, {"i": 950, "x": 58110.0, "y": 57558.0}, {"i": 951, "x": 58150.0, "y": 45232.0}, {"i": 952, "x": 58236.0, "y": 21484.0}, {"i": 953, "x": 58274.0, "y": 50710.0}, {"i": 954, "x": 58304.0, "y": 28316.0}, {"i": 955, "x": 58338.0, "y": 24476.0}, {"i": 956, "x": 58410.0, "y": 82516.0}, {"i": 957, "x": 58468.0, "y": 18660.0}, {"i": 958, "x": 58486.0, "y": 114198.0}, {"i": 959, "x": 58500.0, "y": 55112.0}, {"i": 960, "x": 58718.0, "y": 117178.0}, {"i": 961, "x": 58732.0, "y": 28008.0}, {"i": 962, "x": 58738.0, "y": 42676.0}, {"i": 963, "x": 58746.0, "y": 35914.0}, {"i": 964, "x": 58874.0, "y": 53968.0}, {"i": 965, "x": 58918.0, "y": 77720.0}, {"i": 966, "x": 59010.0, "y": 85946.0}, {"i": 967, "x": 59018.0, "y": 61078.0}, {"i": 968, "x": 59038.0, "y": 110864.0}, {"i": 969, "x": 59046.0, "y": 47792.0}, {"i": 970, "x": 59056.0, "y": 27028.0}, {"i": 971, "x": 59340.0, "y": 79924.0}, {"i": 972, "x": 59376.0, "y": 99980.0}, {"i": 973, "x": 59536.0, "y": 1212.0}, {"i": 974, "x": 59558.0, "y": 35118.0}, {"i": 975, "x": 59570.0, "y": 101402.0}, {"i": 976, "x": 59590.0, "y": 75530.0}, {"i": 977, "x": 59594.0, "y": 38940.0}, {"i": 978, "x": 59598.0, "y": 13602.0}, {"i": 979, "x": 59600.0, "y": 16310.0}, {"i": 980, "x": 59630.0, "y": 41240.0}, {"i": 981, "x": 59664.0, "y": 87710.0}, {"i": 982, "x": 59682.0, "y": 25154.0}, {"i": 983, "x": 59752.0, "y": 54222.0}, {"i": 984, "x": 59848.0, "y": 20082.0}, {"i": 985, "x": 60022.0, "y": 45186.0}, {"i": 986, "x": 60074.0, "y": 91736.0}, {"i": 987, "x": 60154.0, "y": 3934.0}, {"i": 988, "x": 60466.0, "y": 93660.0}, {"i": 989, "x": 60504.0, "y": 79420.0}, {"i": 990, "x": 60516.0, "y": 30948.0}, {"i": 991, "x": 60772.0, "y": 25152.0}, {"i": 992, "x": 61062.0, "y": 68676.0}, {"i": 993, "x": 61184.0, "y": 11602.0}, {"i": 994, "x": 61260.0, "y": 108194.0}, {"i": 995, "x": 61362.0, "y": 87358.0}, {"i": 996, "x": 61418.0, "y": 45422.0}, {"i": 997, "x": 61428.0, "y": 31980.0}, {"i": 998, "x": 61488.0, "y": 82612.0}, {"i": 999, "x": 61518.0, "y": 94126.0}, {"i": 1000, "x": 61546.0, "y": 119642.0}, {"i": 1001, "x": 61574.0, "y": 32334.0}, {"i": 1002, "x": 61584.0, "y": 15418.0}, {"i": 1003, "x": 61668.0, "y": 15674.0}, {"i": 1004, "x": 61768.0, "y": 27718.0}, {"i": 1005, "x": 61844.0, "y": 62482.0}, {"i": 1006, "x": 61888.0, "y": 105378.0}, {"i": 1007, "x": 61960.0, "y": 95334.0}, {"i": 1008, "x": 62054.0, "y": 68026.0}, {"i": 1009, "x": 62172.0, "y": 14528.0}, {"i": 1010, "x": 62198.0, "y": 48338.0}, {"i": 1011, "x": 62236.0, "y": 16878.0}, {"i": 1012, "x": 62248.0, "y": 30010.0}, {"i": 1013, "x": 62262.0, "y": 16250.0}, {"i": 1014, "x": 62276.0, "y": 75320.0}, {"i": 1015, "x": 62422.0, "y": 110952.0}, {"i": 1016, "x": 62436.0, "y": 62006.0}, {"i": 1017, "x": 62438.0, "y": 61018.0}, {"i": 1018, "x": 62554.0, "y": 67482.0}, {"i": 1019, "x": 62642.0, "y": 93574.0}, {"i": 1020, "x": 62674.0, "y": 22616.0}, {"i": 1021, "x": 62710.0, "y": 27092.0}, {"i": 1022, "x": 62824.0, "y": 41740.0}, {"i": 1023, "x": 62826.0, "y": 92844.0}, {"i": 1024, "x": 62830.0, "y": 36040.0}, {"i": 1025, "x": 62838.0, "y": 29260.0}, {"i": 1026, "x": 62914.0, "y": 52856.0}, {"i": 1027, "x": 62994.0, "y": 62456.0}, {"i": 1028, "x": 63044.0, "y": 30012.0}, {"i": 1029, "x": 63050.0, "y": 114164.0}, {"i": 1030, "x": 63158.0, "y": 4948.0}, {"i": 1031, "x": 63232.0, "y": 3376.0}, {"i": 1032, "x": 63294.0, "y": 58292.0}, {"i": 1033, "x": 63324.0, "y": 99868.0}, {"i": 1034, "x": 63334.0, "y": 88810.0}, {"i": 1035, "x": 63348.0, "y": 77400.0}, {"i": 1036, "x": 63360.0, "y": 3854.0}, {"i": 1037, "x": 63444.0, "y": 60740.0}, {"i": 1038, "x": 63498.0, "y": 100682.0}, {"i": 1039, "x": 63638.0, "y": 4994.0}, {"i": 1040, "x": 63662.0, "y": 24992.0}, {"i": 1041, "x": 63710.0, "y": 115602.0}, {"i": 1042, "x": 63770.0, "y": 81940.0}, {"i": 1043, "x": 63984.0, "y": 55354.0}, {"i": 1044, "x": 64018.0, "y": 16978.0}, {"i": 1045, "x": 64020.0, "y": 69324.0}, {"i": 1046, "x": 64064.0, "y": 586.0}, {"i": 1047, "x": 64088.0, "y": 81832.0}, {"i": 1048, "x": 64104.0, "y": 73308.0}, {"i": 1049, "x": 64180.0, "y": 10136.0}, {"i": 1050, "x": 64184.0, "y": 23332.0}, {"i": 1051, "x": 64272.0, "y": 38094.0}, {"i": 1052, "x": 64272.0, "y": 103282.0}, {"i": 1053, "x": 64274.0, "y": 11720.0}, {"i": 1054, "x": 64354.0, "y": 50244.0}, {"i": 1055, "x": 64358.0, "y": 33902.0}, {"i": 1056, "x": 64438.0, "y": 104024.0}, {"i": 1057, "x": 64440.0, "y": 71880.0}, {"i": 1058, "x": 64470.0, "y": 14064.0}, {"i": 1059, "x": 64504.0, "y": 11590.0}, {"i": 1060, "x": 64638.0, "y": 19230.0}, {"i": 1061, "x": 64692.0, "y": 115798.0}, {"i": 1062, "x": 64842.0, "y": 4386.0}, {"i": 1063, "x": 64878.0, "y": 84964.0}, {"i": 1064, "x": 64930.0, "y": 9698.0}, {"i": 1065, "x": 64938.0, "y": 81674.0}, {"i": 1066, "x": 64960.0, "y": 64250.0}, {"i": 1067, "x": 64970.0, "y": 30984.0}, {"i": 1068, "x": 64976.0, "y": 22162.0}, {"i": 1069, "x": 65048.0, "y": 16342.0}, {"i": 1070, "x": 65120.0, "y": 112848.0}, {"i": 1071, "x": 65198.0, "y": 114338.0}, {"i": 1072, "x": 65276.0, "y": 77970.0}, {"i": 1073, "x": 65284.0, "y": 31918.0}, {"i": 1074, "x": 65286.0, "y": 37130.0}, {"i": 1075, "x": 65326.0, "y": 115150.0}, {"i": 1076, "x": 65330.0, "y": 60590.0}, {"i": 1077, "x": 65446.0, "y": 113234.0}, {"i": 1078, "x": 65518.0, "y": 68862.0}, {"i": 1079, "x": 65536.0, "y": 47380.0}, {"i": 1080, "x": 65576.0, "y": 20250.0}, {"i": 1081, "x": 65576.0, "y": 115676.0}, {"i": 1082, "x": 65692.0, "y": 30772.0}, {"i": 1083, "x": 65702.0, "y": 67564.0}, {"i": 1084, "x": 65930.0, "y": 108580.0}, {"i": 1085, "x": 65936.0, "y": 18954.0}, {"i": 1086, "x": 65998.0, "y": 22836.0}, {"i": 1087, "x": 66128.0, "y": 24484.0}, {"i": 1088, "x": 66130.0, "y": 82182.0}, {"i": 1089, "x": 66136.0, "y": 112410.0}, {"i": 1090, "x": 66138.0, "y": 37982.0}, {"i": 1091, "x": 66150.0, "y": 93904.0}, {"i": 1092, "x": 66150.0, "y": 96230.0}, {"i": 1093, "x": 66292.0, "y": 76240.0}, {"i": 1094, "x": 66486.0, "y": 106058.0}, {"i": 1095, "x": 66512.0, "y": 20922.0}, {"i": 1096, "x": 66676.0, "y": 18436.0}, {"i": 1097, "x": 66690.0, "y": 20760.0}, {"i": 1098, "x": 66750.0, "y": 28074.0}, {"i": 1099, "x": 66762.0, "y": 45374.0}, {"i": 1100, "x": 66918.0, "y": 63430.0}, {"i": 1101, "x": 66970.0, "y": 96382.0}, {"i": 1102, "x": 66992.0, "y": 26782.0}, {"i": 1103, "x": 67204.0, "y": 40480.0}, {"i": 1104, "x": 67300.0, "y": 8306.0}, {"i": 1105, "x": 67358.0, "y": 13824.0}, {"i": 1106, "x": 67376.0, "y": 106898.0}, {"i": 1107, "x": 67442.0, "y": 67974.0}, {"i": 1108, "x": 67520.0, "y": 40276.0}, {"i": 1109, "x": 67532.0, "y": 111194.0}, {"i": 1110, "x": 67638.0, "y": 93148.0}, {"i": 1111, "x": 67682.0, "y": 42186.0}, {"i": 1112, "x": 67726.0, "y": 36118.0}, {"i": 1113, "x": 67762.0, "y": 67688.0}, {"i": 1114, "x": 67794.0, "y": 5964.0}, {"i": 1115, "x": 67844.0, "y": 90852.0}, {"i": 1116, "x": 67854.0, "y": 114786.0}, {"i": 1117, "x": 67902.0, "y": 13634.0}, {"i": 1118, "x": 67930.0, "y": 96622.0}, {"i": 1119, "x": 67968.0, "y": 95638.0}, {"i": 1120, "x": 68018.0, "y": 8486.0}, {"i": 1121, "x": 68022.0, "y": 32440.0}, {"i": 1122, "x": 68084.0, "y": 4734.0}, {"i": 1123, "x": 68096.0, "y": 12798.0}, {"i": 1124, "x": 68118.0, "y": 22900.0}, {"i": 1125, "x": 68182.0, "y": 50268.0}, {"i": 1126, "x": 68218.0, "y": 99262.0}, {"i": 1127, "x": 68256.0, "y": 84436.0}, {"i": 1128, "x": 68302.0, "y": 85890.0}, {"i": 1129, "x": 68392.0, "y": 89650.0}, {"i": 1130, "x": 68400.0, "y": 47654.0}, {"i": 1131, "x": 68404.0, "y": 80784.0}, {"i": 1132, "x": 68438.0, "y": 70142.0}, {"i": 1133, "x": 68478.0, "y": 102380.0}, {"i": 1134, "x": 68608.0, "y": 71614.0}, {"i": 1135, "x": 68638.0, "y": 4676.0}, {"i": 1136, "x": 68648.0, "y": 39900.0}, {"i": 1137, "x": 68660.0, "y": 59572.0}, {"i": 1138, "x": 68670.0, "y": 41980.0}, {"i": 1139, "x": 68672.0, "y": 3864.0}, {"i": 1140, "x": 68672.0, "y": 17998.0}, {"i": 1141, "x": 68764.0, "y": 88162.0}, {"i": 1142, "x": 68830.0, "y": 37330.0}, {"i": 1143, "x": 68850.0, "y": 54234.0}, {"i": 1144, "x": 68872.0, "y": 31852.0}, {"i": 1145, "x": 69098.0, "y": 60496.0}, {"i": 1146, "x": 69116.0, "y": 71828.0}, {"i": 1147, "x": 69150.0, "y": 85770.0}, {"i": 1148, "x": 69184.0, "y": 61964.0}, {"i": 1149, "x": 69298.0, "y": 37846.0}, {"i": 1150, "x": 69350.0, "y": 97040.0}, {"i": 1151, "x": 69454.0, "y": 56190.0}, {"i": 1152, "x": 69474.0, "y": 105032.0}, {"i": 1153, "x": 69552.0, "y": 90254.0}, {"i": 1154, "x": 69598.0, "y": 54080.0}, {"i": 1155, "x": 69640.0, "y": 105880.0}, {"i": 1156, "x": 69726.0, "y": 24938.0}, {"i": 1157, "x": 69780.0, "y": 26432.0}, {"i": 1158, "x": 69830.0, "y": 97536.0}, {"i": 1159, "x": 69842.0, "y": 26822.0}, {"i": 1160, "x": 70014.0, "y": 71270.0}, {"i": 1161, "x": 70090.0, "y": 4988.0}, {"i": 1162, "x": 70170.0, "y": 114600.0}, {"i": 1163, "x": 70210.0, "y": 87816.0}, {"i": 1164, "x": 70230.0, "y": 111496.0}, {"i": 1165, "x": 70248.0, "y": 43722.0}, {"i": 1166, "x": 70250.0, "y": 11236.0}, {"i": 1167, "x": 70326.0, "y": 93660.0}, {"i": 1168, "x": 70404.0, "y": 23880.0}, {"i": 1169, "x": 70468.0, "y": 71928.0}, {"i": 1170, "x": 70476.0, "y": 70670.0}, {"i": 1171, "x": 70580.0, "y": 15424.0}, {"i": 1172, "x": 70788.0, "y": 110784.0}, {"i": 1173, "x": 70852.0, "y": 16368.0}, {"i": 1174, "x": 70904.0, "y": 110046.0}, {"i": 1175, "x": 71100.0, "y": 93124.0}, {"i": 1176, "x": 71138.0, "y": 77396.0}, {"i": 1177, "x": 71140.0, "y": 35944.0}, {"i": 1178, "x": 71158.0, "y": 110708.0}, {"i": 1179, "x": 71160.0, "y": 89702.0}, {"i": 1180, "x": 71248.0, "y": 13084.0}, {"i": 1181, "x": 71262.0, "y": 35816.0}, {"i": 1182, "x": 71294.0, "y": 111414.0}, {"i": 1183, "x": 71324.0, "y": 35468.0}, {"i": 1184, "x": 71430.0, "y": 85180.0}, {"i": 1185, "x": 71444.0, "y": 63608.0}, {"i": 1186, "x": 71474.0, "y": 19004.0}, {"i": 1187, "x": 71478.0, "y": 38966.0}, {"i": 1188, "x": 71506.0, "y": 81878.0}, {"i": 1189, "x": 71518.0, "y": 118340.0}, {"i": 1190, "x": 71530.0, "y": 23988.0}, {"i": 1191, "x": 71632.0, "y": 106116.0}, {"i": 1192, "x": 71762.0, "y": 99226.0}, {"i": 1193, "x": 71810.0, "y": 41336.0}, {"i": 1194, "x": 71832.0, "y": 27676.0}, {"i": 1195, "x": 71832.0, "y": 106548.0}, {"i": 1196, "x": 71934.0, "y": 78182.0}, {"i": 1197, "x": 71946.0, "y": 8060.0}, {"i": 1198, "x": 71954.0, "y": 71162.0}, {"i": 1199, "x": 71966.0, "y": 38886.0}, {"i": 1200, "x": 72004.0, "y": 58910.0}, {"i": 1201, "x": 72028.0, "y": 112920.0}, {"i": 1202, "x": 72080.0, "y": 63274.0}, {"i": 1203, "x": 72094.0, "y": 107612.0}, {"i": 1204, "x": 72134.0, "y": 117656.0}, {"i": 1205, "x": 72144.0, "y": 8120.0}, {"i": 1206, "x": 72264.0, "y": 94116.0}, {"i": 1207, "x": 72364.0, "y": 75482.0}, {"i": 1208, "x": 72366.0, "y": 10514.0}, {"i": 1209, "x": 72528.0, "y": 52370.0}, {"i": 1210, "x": 72712.0, "y": 34712.0}, {"i": 1211, "x": 72790.0, "y": 109748.0}, {"i": 1212, "x": 72814.0, "y": 87336.0}, {"i": 1213, "x": 72858.0, "y": 11096.0}, {"i": 1214, "x": 72878.0, "y": 35640.0}, {"i": 1215, "x": 72924.0, "y": 77184.0}, {"i": 1216, "x": 72940.0, "y": 40810.0}, {"i": 1217, "x": 72954.0, "y": 97170.0}, {"i": 1218, "x": 73086.0, "y": 64446.0}, {"i": 1219, "x": 73090.0, "y": 12176.0}, {"i": 1220, "x": 73190.0, "y": 7038.0}, {"i": 1221, "x": 73442.0, "y": 62474.0}, {"i": 1222, "x": 73466.0, "y": 3008.0}, {"i": 1223, "x": 73648.0, "y": 11814.0}, {"i": 1224, "x": 73686.0, "y": 111122.0}, {"i": 1225, "x": 73776.0, "y": 2624.0}, {"i": 1226, "x": 73830.0, "y": 77516.0}, {"i": 1227, "x": 73836.0, "y": 102692.0}, {"i": 1228, "x": 73912.0, "y": 4790.0}, {"i": 1229, "x": 73920.0, "y": 45002.0}, {"i": 1230, "x": 73962.0, "y": 107180.0}, {"i": 1231, "x": 74002.0, "y": 32996.0}, {"i": 1232, "x": 74036.0, "y": 23092.0}, {"i": 1233, "x": 74086.0, "y": 47146.0}, {"i": 1234, "x": 74096.0, "y": 68142.0}, {"i": 1235, "x": 74216.0, "y": 66742.0}, {"i": 1236, "x": 74360.0, "y": 22980.0}, {"i": 1237, "x": 74498.0, "y": 60952.0}, {"i": 1238, "x": 74502.0, "y": 1496.0}, {"i": 1239, "x": 74560.0, "y": 114104.0}, {"i": 1240, "x": 74596.0, "y": 70910.0}, {"i": 1241, "x": 74634.0, "y": 7314.0}, {"i": 1242, "x": 74692.0, "y": 5006.0}, {"i": 1243, "x": 74766.0, "y": 21852.0}, {"i": 1244, "x": 74804.0, "y": 37912.0}, {"i": 1245, "x": 74824.0, "y": 48926.0}, {"i": 1246, "x": 74884.0, "y": 103890.0}, {"i": 1247, "x": 74912.0, "y": 5890.0}, {"i": 1248, "x": 74958.0, "y": 53828.0}, {"i": 1249, "x": 75000.0, "y": 33820.0}, {"i": 1250, "x": 75006.0, "y": 97422.0}, {"i": 1251, "x": 75054.0, "y": 91540.0}, {"i": 1252, "x": 75066.0, "y": 94216.0}, {"i": 1253, "x": 75106.0, "y": 54832.0}, {"i": 1254, "x": 75140.0, "y": 63312.0}, {"i": 1255, "x": 75152.0, "y": 51688.0}, {"i": 1256, "x": 75180.0, "y": 113308.0}, {"i": 1257, "x": 75246.0, "y": 52760.0}, {"i": 1258, "x": 75332.0, "y": 102150.0}, {"i": 1259, "x": 75452.0, "y": 43350.0}, {"i": 1260, "x": 75460.0, "y": 96602.0}, {"i": 1261, "x": 75556.0, "y": 6320.0}, {"i": 1262, "x": 75664.0, "y": 60670.0}, {"i": 1263, "x": 75698.0, "y": 111896.0}, {"i": 1264, "x": 75756.0, "y": 98014.0}, {"i": 1265, "x": 75812.0, "y": 31672.0}, {"i": 1266, "x": 75816.0, "y": 84504.0}, {"i": 1267, "x": 75834.0, "y": 98230.0}, {"i": 1268, "x": 75840.0, "y": 35830.0}, {"i": 1269, "x": 75846.0, "y": 68102.0}, {"i": 1270, "x": 75954.0, "y": 102540.0}, {"i": 1271, "x": 76002.0, "y": 18988.0}, {"i": 1272, "x": 76096.0, "y": 31852.0}, {"i": 1273, "x": 76108.0, "y": 44604.0}, {"i": 1274, "x": 76124.0, "y": 114470.0}, {"i": 1275, "x": 76294.0, "y": 83470.0}, {"i": 1276, "x": 76364.0, "y": 62918.0}, {"i": 1277, "x": 76374.0, "y": 26444.0}, {"i": 1278, "x": 76404.0, "y": 54046.0}, {"i": 1279, "x": 76484.0, "y": 70088.0}, {"i": 1280, "x": 76590.0, "y": 50904.0}, {"i": 1281, "x": 76634.0, "y": 63142.0}, {"i": 1282, "x": 76638.0, "y": 49100.0}, {"i": 1283, "x": 76794.0, "y": 116848.0}, {"i": 1284, "x": 76828.0, "y": 49580.0}, {"i": 1285, "x": 76962.0, "y": 34964.0}, {"i": 1286, "x": 77008.0, "y": 102302.0}, {"i": 1287, "x": 77080.0, "y": 36238.0}, {"i": 1288, "x": 77100.0, "y": 64606.0}, {"i": 1289, "x": 77116.0, "y": 804.0}, {"i": 1290, "x": 77186.0, "y": 84288.0}, {"i": 1291, "x": 77318.0, "y": 63834.0}, {"i": 1292, "x": 77320.0, "y": 31936.0}, {"i": 1293, "x": 77564.0, "y": 105558.0}, {"i": 1294, "x": 77672.0, "y": 7056.0}, {"i": 1295, "x": 77700.0, "y": 82676.0}, {"i": 1296, "x": 77726.0, "y": 50250.0}, {"i": 1297, "x": 77778.0, "y": 64802.0}, {"i": 1298, "x": 77782.0, "y": 3238.0}, {"i": 1299, "x": 77810.0, "y": 290.0}, {"i": 1300, "x": 77858.0, "y": 36386.0}, {"i": 1301, "x": 77866.0, "y": 1900.0}, {"i": 1302, "x": 78008.0, "y": 80176.0}, {"i": 1303, "x": 78116.0, "y": 85484.0}, {"i": 1304, "x": 78204.0, "y": 64468.0}, {"i": 1305, "x": 78252.0, "y": 18526.0}, {"i": 1306, "x": 78306.0, "y": 2680.0}, {"i": 1307, "x": 78362.0, "y": 95168.0}, {"i": 1308, "x": 78396.0, "y": 30462.0}, {"i": 1309, "x": 78444.0, "y": 84882.0}, {"i": 1310, "x": 78518.0, "y": 42934.0}, {"i": 1311, "x": 78576.0, "y": 18730.0}, {"i": 1312, "x": 78622.0, "y": 27852.0}, {"i": 1313, "x": 78684.0, "y": 6270.0}, {"i": 1314, "x": 78768.0, "y": 88742.0}, {"i": 1315, "x": 78880.0, "y": 11588.0}, {"i": 1316, "x": 78994.0, "y": 81262.0}, {"i": 1317, "x": 79124.0, "y": 64332.0}, {"i": 1318, "x": 79190.0, "y": 29320.0}, {"i": 1319, "x": 79270.0, "y": 101724.0}, {"i": 1320, "x": 79270.0, "y": 107334.0}, {"i": 1321, "x": 79388.0, "y": 34384.0}, {"i": 1322, "x": 79424.0, "y": 33524.0}, {"i": 1323, "x": 79470.0, "y": 99142.0}, {"i": 1324, "x": 79548.0, "y": 21938.0}, {"i": 1325, "x": 79696.0, "y": 7536.0}, {"i": 1326, "x": 79770.0, "y": 29750.0}, {"i": 1327, "x": 79776.0, "y": 93988.0}, {"i": 1328, "x": 79800.0, "y": 109258.0}, {"i": 1329, "x": 79842.0, "y": 21742.0}, {"i": 1330, "x": 79870.0, "y": 44534.0}, {"i": 1331, "x": 79888.0, "y": 282.0}, {"i": 1332, "x": 79934.0, "y": 85956.0}, {"i": 1333, "x": 79944.0, "y": 51766.0}, {"i": 1334, "x": 79966.0, "y": 67566.0}, {"i": 1335, "x": 79968.0, "y": 97860.0}, {"i": 1336, "x": 80016.0, "y": 104750.0}, {"i": 1337, "x": 80046.0, "y": 71518.0}, {"i": 1338, "x": 80058.0, "y": 53322.0}, {"i": 1339, "x": 80060.0, "y": 17206.0}, {"i": 1340, "x": 80112.0, "y": 9390.0}, {"i": 1341, "x": 80138.0, "y": 35264.0}, {"i": 1342, "x": 80200.0, "y": 112482.0}, {"i": 1343, "x": 80236.0, "y": 112956.0}, {"i": 1344, "x": 80392.0, "y": 11508.0}, {"i": 1345, "x": 80408.0, "y": 90290.0}, {"i": 1346, "x": 80426.0, "y": 38444.0}, {"i": 1347, "x": 80458.0, "y": 19710.0}, {"i": 1348, "x": 80504.0, "y": 117672.0}, {"i": 1349, "x": 80506.0, "y": 48986.0}, {"i": 1350, "x": 80644.0, "y": 20138.0}, {"i": 1351, "x": 80668.0, "y": 28688.0}, {"i": 1352, "x": 80688.0, "y": 15116.0}, {"i": 1353, "x": 80750.0, "y": 100146.0}, {"i": 1354, "x": 80898.0, "y": 73586.0}, {"i": 1355, "x": 80932.0, "y": 32986.0}, {"i": 1356, "x": 80934.0, "y": 118412.0}, {"i": 1357, "x": 80982.0, "y": 36846.0}, {"i": 1358, "x": 81028.0, "y": 33590.0}, {"i": 1359, "x": 81046.0, "y": 20912.0}, {"i": 1360, "x": 81138.0, "y": 17328.0}, {"i": 1361, "x": 81222.0, "y": 100140.0}, {"i": 1362, "x": 81404.0, "y": 11372.0}, {"i": 1363, "x": 81460.0, "y": 82494.0}, {"i": 1364, "x": 81530.0, "y": 75082.0}, {"i": 1365, "x": 81644.0, "y": 5372.0}, {"i": 1366, "x": 81722.0, "y": 112422.0}, {"i": 1367, "x": 81770.0, "y": 78104.0}, {"i": 1368, "x": 81804.0, "y": 88038.0}, {"i": 1369, "x": 81822.0, "y": 5766.0}, {"i": 1370, "x": 81956.0, "y": 19090.0}, {"i": 1371, "x": 81970.0, "y": 76716.0}, {"i": 1372, "x": 81994.0, "y": 58574.0}, {"i": 1373, "x": 82092.0, "y": 117896.0}, {"i": 1374, "x": 82184.0, "y": 43882.0}, {"i": 1375, "x": 82388.0, "y": 6718.0}, {"i": 1376, "x": 82414.0, "y": 44360.0}, {"i": 1377, "x": 82456.0, "y": 112626.0}, {"i": 1378, "x": 82458.0, "y": 36524.0}, {"i": 1379, "x": 82478.0, "y": 91468.0}, {"i": 1380, "x": 82724.0, "y": 77454.0}, {"i": 1381, "x": 82796.0, "y": 84290.0}, {"i": 1382, "x": 82888.0, "y": 16052.0}, {"i": 1383, "x": 82950.0, "y": 15052.0}, {"i": 1384, "x": 83016.0, "y": 110302.0}, {"i": 1385, "x": 83036.0, "y": 43726.0}, {"i": 1386, "x": 83048.0, "y": 100288.0}, {"i": 1387, "x": 83068.0, "y": 113358.0}, {"i": 1388, "x": 83126.0, "y": 110554.0}, {"i": 1389, "x": 83164.0, "y": 33648.0}, {"i": 1390, "x": 83188.0, "y": 19346.0}, {"i": 1391, "x": 83250.0, "y": 70330.0}, {"i": 1392, "x": 83378.0, "y": 56698.0}, {"i": 1393, "x": 83466.0, "y": 62590.0}, {"i": 1394, "x": 83476.0, "y": 51036.0}, {"i": 1395, "x": 83580.0, "y": 105898.0}, {"i": 1396, "x": 83582.0, "y": 100230.0}, {"i": 1397, "x": 83658.0, "y": 101050.0}, {"i": 1398, "x": 83690.0, "y": 47244.0}, {"i": 1399, "x": 83718.0, "y": 46254.0}, {"i": 1400, "x": 83732.0, "y": 17542.0}, {"i": 1401, "x": 83882.0, "y": 16504.0}, {"i": 1402, "x": 83976.0, "y": 34472.0}, {"i": 1403, "x": 84010.0, "y": 24964.0}, {"i": 1404, "x": 84034.0, "y": 79222.0}, {"i": 1405, "x": 84146.0, "y": 83246.0}, {"i": 1406, "x": 84304.0, "y": 27404.0}, {"i": 1407, "x": 84344.0, "y": 18936.0}, {"i": 1408, "x": 84364.0, "y": 38192.0}, {"i": 1409, "x": 84366.0, "y": 42710.0}, {"i": 1410, "x": 84368.0, "y": 113548.0}, {"i": 1411, "x": 84442.0, "y": 57282.0}, {"i": 1412, "x": 84480.0, "y": 51176.0}, {"i": 1413, "x": 84516.0, "y": 33302.0}, {"i": 1414, "x": 84522.0, "y": 110594.0}, {"i": 1415, "x": 84556.0, "y": 77916.0}, {"i": 1416, "x": 84556.0, "y": 93116.0}, {"i": 1417, "x": 84580.0, "y": 12686.0}, {"i": 1418, "x": 84628.0, "y": 31058.0}, {"i": 1419, "x": 84688.0, "y": 50118.0}, {"i": 1420, "x": 84694.0, "y": 66896.0}, {"i": 1421, "x": 84816.0, "y": 1750.0}, {"i": 1422, "x": 84820.0, "y": 22444.0}, {"i": 1423, "x": 84824.0, "y": 65176.0}, {"i": 1424, "x": 84906.0, "y": 87184.0}, {"i": 1425, "x": 85168.0, "y": 23508.0}, {"i": 1426, "x": 85174.0, "y": 109662.0}, {"i": 1427, "x": 85196.0, "y": 91410.0}, {"i": 1428, "x": 85210.0, "y": 48232.0}, {"i": 1429, "x": 85246.0, "y": 103438.0}, {"i": 1430, "x": 85306.0, "y": 108844.0}, {"i": 1431, "x": 85312.0, "y": 87324.0}, {"i": 1432, "x": 85366.0, "y": 99264.0}, {"i": 1433, "x": 85432.0, "y": 57866.0}, {"i": 1434, "x": 85448.0, "y": 116962.0}, {"i": 1435, "x": 85514.0, "y": 38796.0}, {"i": 1436, "x": 85640.0, "y": 113492.0}, {"i": 1437, "x": 85648.0, "y": 41106.0}, {"i": 1438, "x": 85662.0, "y": 95140.0}, {"i": 1439, "x": 85676.0, "y": 62312.0}, {"i": 1440, "x": 85848.0, "y": 13042.0}, {"i": 1441, "x": 85904.0, "y": 89682.0}, {"i": 1442, "x": 86112.0, "y": 53870.0}, {"i": 1443, "x": 86136.0, "y": 19220.0}, {"i": 1444, "x": 86202.0, "y": 96984.0}, {"i": 1445, "x": 86278.0, "y": 92748.0}, {"i": 1446, "x": 86328.0, "y": 84720.0}, {"i": 1447, "x": 86392.0, "y": 107098.0}, {"i": 1448, "x": 86426.0, "y": 41134.0}, {"i": 1449, "x": 86458.0, "y": 105984.0}, {"i": 1450, "x": 86522.0, "y": 74426.0}, {"i": 1451, "x": 86656.0, "y": 40520.0}, {"i": 1452, "x": 86764.0, "y": 18386.0}, {"i": 1453, "x": 86832.0, "y": 76790.0}, {"i": 1454, "x": 87002.0, "y": 106684.0}, {"i": 1455, "x": 87052.0, "y": 64490.0}, {"i": 1456, "x": 87060.0, "y": 7360.0}, {"i": 1457, "x": 87072.0, "y": 56708.0}, {"i": 1458, "x": 87086.0, "y": 26034.0}, {"i": 1459, "x": 87096.0, "y": 109064.0}, {"i": 1460, "x": 87152.0, "y": 28484.0}, {"i": 1461, "x": 87328.0, "y": 1658.0}, {"i": 1462, "x": 87386.0, "y": 101764.0}, {"i": 1463, "x": 87432.0, "y": 60636.0}, {"i": 1464, "x": 87502.0, "y": 80686.0}, {"i": 1465, "x": 87528.0, "y": 12862.0}, {"i": 1466, "x": 87586.0, "y": 89438.0}, {"i": 1467, "x": 87662.0, "y": 94778.0}, {"i": 1468, "x": 87734.0, "y": 28172.0}, {"i": 1469, "x": 87766.0, "y": 12898.0}, {"i": 1470, "x": 87822.0, "y": 107472.0}, {"i": 1471, "x": 87842.0, "y": 101972.0}, {"i": 1472, "x": 87880.0, "y": 114698.0}, {"i": 1473, "x": 87930.0, "y": 24652.0}, {"i": 1474, "x": 88182.0, "y": 101206.0}, {"i": 1475, "x": 88196.0, "y": 113640.0}, {"i": 1476, "x": 88206.0, "y": 115236.0}, {"i": 1477, "x": 88298.0, "y": 115164.0}, {"i": 1478, "x": 88424.0, "y": 25626.0}, {"i": 1479, "x": 88432.0, "y": 54700.0}, {"i": 1480, "x": 88512.0, "y": 93478.0}, {"i": 1481, "x": 88566.0, "y": 51840.0}, {"i": 1482, "x": 88580.0, "y": 12958.0}, {"i": 1483, "x": 88666.0, "y": 28848.0}, {"i": 1484, "x": 88686.0, "y": 106080.0}, {"i": 1485, "x": 88716.0, "y": 47274.0}, {"i": 1486, "x": 88754.0, "y": 40936.0}, {"i": 1487, "x": 89010.0, "y": 114540.0}, {"i": 1488, "x": 89144.0, "y": 4244.0}, {"i": 1489, "x": 89156.0, "y": 98838.0}, {"i": 1490, "x": 89308.0, "y": 80808.0}, {"i": 1491, "x": 89326.0, "y": 73662.0}, {"i": 1492, "x": 89374.0, "y": 32572.0}, {"i": 1493, "x": 89374.0, "y": 78596.0}, {"i": 1494, "x": 89380.0, "y": 26256.0}, {"i": 1495, "x": 89408.0, "y": 58072.0}, {"i": 1496, "x": 89456.0, "y": 103256.0}, {"i": 1497, "x": 89462.0, "y": 110816.0}, {"i": 1498, "x": 89516.0, "y": 59296.0}, {"i": 1499, "x": 89606.0, "y": 107658.0}, {"i": 1500, "x": 89662.0, "y": 5652.0}, {"i": 1501, "x": 89734.0, "y": 3850.0}, {"i": 1502, "x": 89784.0, "y": 112690.0}, {"i": 1503, "x": 89804.0, "y": 84748.0}, {"i": 1504, "x": 89872.0, "y": 68964.0}, {"i": 1505, "x": 89902.0, "y": 94022.0}, {"i": 1506, "x": 89908.0, "y": 44636.0}, {"i": 1507, "x": 89908.0, "y": 81380.0}, {"i": 1508, "x": 89942.0, "y": 190.0}, {"i": 1509, "x": 89954.0, "y": 113884.0}, {"i": 1510, "x": 90092.0, "y": 28366.0}, {"i": 1511, "x": 90366.0, "y": 50668.0}, {"i": 1512, "x": 90406.0, "y": 59232.0}, {"i": 1513, "x": 90414.0, "y": 68452.0}, {"i": 1514, "x": 90422.0, "y": 36914.0}, {"i": 1515, "x": 90452.0, "y": 45298.0}, {"i": 1516, "x": 90564.0, "y": 64694.0}, {"i": 1517, "x": 90600.0, "y": 84484.0}, {"i": 1518, "x": 90768.0, "y": 18896.0}, {"i": 1519, "x": 90828.0, "y": 76450.0}, {"i": 1520, "x": 90854.0, "y": 53758.0}, {"i": 1521, "x": 90912.0, "y": 23522.0}, {"i": 1522, "x": 90938.0, "y": 112090.0}, {"i": 1523, "x": 91028.0, "y": 109628.0}, {"i": 1524, "x": 91064.0, "y": 114690.0}, {"i": 1525, "x": 91096.0, "y": 81098.0}, {"i": 1526, "x": 91098.0, "y": 720.0}, {"i": 1527, "x": 91132.0, "y": 74786.0}, {"i": 1528, "x": 91202.0, "y": 20696.0}, {"i": 1529, "x": 91292.0, "y": 116960.0}, {"i": 1530, "x": 91324.0, "y": 65718.0}, {"i": 1531, "x": 91410.0, "y": 84632.0}, {"i": 1532, "x": 91450.0, "y": 117036.0}, {"i": 1533, "x": 91478.0, "y": 7404.0}, {"i": 1534, "x": 91504.0, "y": 9648.0}, {"i": 1535, "x": 91516.0, "y": 87922.0}, {"i": 1536, "x": 91574.0, "y": 30460.0}, {"i": 1537, "x": 91584.0, "y": 45068.0}, {"i": 1538, "x": 91584.0, "y": 113752.0}, {"i": 1539, "x": 91726.0, "y": 6.0}, {"i": 1540, "x": 91820.0, "y": 110806.0}, {"i": 1541, "x": 91860.0, "y": 108342.0}, {"i": 1542, "x": 91914.0, "y": 99702.0}, {"i": 1543, "x": 91976.0, "y": 42734.0}, {"i": 1544, "x": 91982.0, "y": 50826.0}, {"i": 1545, "x": 92014.0, "y": 83934.0}, {"i": 1546, "x": 92180.0, "y": 114836.0}, {"i": 1547, "x": 92314.0, "y": 29266.0}, {"i": 1548, "x": 92354.0, "y": 41070.0}, {"i": 1549, "x": 92362.0, "y": 15732.0}, {"i": 1550, "x": 92372.0, "y": 48012.0}, {"i": 1551, "x": 92402.0, "y": 110652.0}, {"i": 1552, "x": 92436.0, "y": 112970.0}, {"i": 1553, "x": 92462.0, "y": 68234.0}, {"i": 1554, "x": 92490.0, "y": 115382.0}, {"i": 1555, "x": 92508.0, "y": 117578.0}, {"i": 1556, "x": 92590.0, "y": 70984.0}, {"i": 1557, "x": 92702.0, "y": 41020.0}, {"i": 1558, "x": 92830.0, "y": 84406.0}, {"i": 1559, "x": 92856.0, "y": 18148.0}, {"i": 1560, "x": 92928.0, "y": 93136.0}, {"i": 1561, "x": 93078.0, "y": 46496.0}, {"i": 1562, "x": 93212.0, "y": 25988.0}, {"i": 1563, "x": 93278.0, "y": 103154.0}, {"i": 1564, "x": 93408.0, "y": 38866.0}, {"i": 1565, "x": 93458.0, "y": 61456.0}, {"i": 1566, "x": 93490.0, "y": 55802.0}, {"i": 1567, "x": 93524.0, "y": 37222.0}, {"i": 1568, "x": 93568.0, "y": 36728.0}, {"i": 1569, "x": 93626.0, "y": 104946.0}, {"i": 1570, "x": 93634.0, "y": 97920.0}, {"i": 1571, "x": 93666.0, "y": 85466.0}, {"i": 1572, "x": 93686.0, "y": 17074.0}, {"i": 1573, "x": 93754.0, "y": 109758.0}, {"i": 1574, "x": 93878.0, "y": 35832.0}, {"i": 1575, "x": 93880.0, "y": 40022.0}, {"i": 1576, "x": 93966.0, "y": 32988.0}, {"i": 1577, "x": 93990.0, "y": 56528.0}, {"i": 1578, "x": 93994.0, "y": 106854.0}, {"i": 1579, "x": 94012.0, "y": 37648.0}, {"i": 1580, "x": 94194.0, "y": 107812.0}, {"i": 1581, "x": 94196.0, "y": 101846.0}, {"i": 1582, "x": 94214.0, "y": 19706.0}, {"i": 1583, "x": 94280.0, "y": 83864.0}, {"i": 1584, "x": 94284.0, "y": 48182.0}, {"i": 1585, "x": 94392.0, "y": 39178.0}, {"i": 1586, "x": 94456.0, "y": 17888.0}, {"i": 1587, "x": 94494.0, "y": 97770.0}, {"i": 1588, "x": 94514.0, "y": 72468.0}, {"i": 1589, "x": 94518.0, "y": 39572.0}, {"i": 1590, "x": 94536.0, "y": 66732.0}, {"i": 1591, "x": 94540.0, "y": 5276.0}, {"i": 1592, "x": 94566.0, "y": 62574.0}, {"i": 1593, "x": 94574.0, "y": 57130.0}, {"i": 1594, "x": 94594.0, "y": 52750.0}, {"i": 1595, "x": 94650.0, "y": 66272.0}, {"i": 1596, "x": 94672.0, "y": 88120.0}, {"i": 1597, "x": 94702.0, "y": 65662.0}, {"i": 1598, "x": 94738.0, "y": 51122.0}, {"i": 1599, "x": 94776.0, "y": 57866.0}, {"i": 1600, "x": 94858.0, "y": 70192.0}, {"i": 1601, "x": 94878.0, "y": 116922.0}, {"i": 1602, "x": 94910.0, "y": 25406.0}, {"i": 1603, "x": 94928.0, "y": 25606.0}, {"i": 1604, "x": 94974.0, "y": 79508.0}, {"i": 1605, "x": 94990.0, "y": 91320.0}, {"i": 1606, "x": 95226.0, "y": 97518.0}, {"i": 1607, "x": 95420.0, "y": 47652.0}, {"i": 1608, "x": 95498.0, "y": 75524.0}, {"i": 1609, "x": 95522.0, "y": 58680.0}, {"i": 1610, "x": 95568.0, "y": 20460.0}, {"i": 1611, "x": 95608.0, "y": 117016.0}, {"i": 1612, "x": 95686.0, "y": 89356.0}, {"i": 1613, "x": 95702.0, "y": 43452.0}, {"i": 1614, "x": 95856.0, "y": 89958.0}, {"i": 1615, "x": 95902.0, "y": 117320.0}, {"i": 1616, "x": 95960.0, "y": 91024.0}, {"i": 1617, "x": 95988.0, "y": 50738.0}, {"i": 1618, "x": 96042.0, "y": 53446.0}, {"i": 1619, "x": 96112.0, "y": 44642.0}, {"i": 1620, "x": 96118.0, "y": 21278.0}, {"i": 1621, "x": 96126.0, "y": 8892.0}, {"i": 1622, "x": 96248.0, "y": 49602.0}, {"i": 1623, "x": 96266.0, "y": 39904.0}, {"i": 1624, "x": 96320.0, "y": 43296.0}, {"i": 1625, "x": 96468.0, "y": 77220.0}, {"i": 1626, "x": 96500.0, "y": 90060.0}, {"i": 1627, "x": 96516.0, "y": 2598.0}, {"i": 1628, "x": 96518.0, "y": 1038.0}, {"i": 1629, "x": 96628.0, "y": 103132.0}, {"i": 1630, "x": 96662.0, "y": 116130.0}, {"i": 1631, "x": 96720.0, "y": 58352.0}, {"i": 1632, "x": 96752.0, "y": 114074.0}, {"i": 1633, "x": 96854.0, "y": 77668.0}, {"i": 1634, "x": 97060.0, "y": 75350.0}, {"i": 1635, "x": 97136.0, "y": 74774.0}, {"i": 1636, "x": 97358.0, "y": 41756.0}, {"i": 1637, "x": 97366.0, "y": 77950.0}, {"i": 1638, "x": 97376.0, "y": 103378.0}, {"i": 1639, "x": 97428.0, "y": 41516.0}, {"i": 1640, "x": 97478.0, "y": 58704.0}, {"i": 1641, "x": 97568.0, "y": 5760.0}, {"i": 1642, "x": 97668.0, "y": 34936.0}, {"i": 1643, "x": 97714.0, "y": 110990.0}, {"i": 1644, "x": 97956.0, "y": 50942.0}, {"i": 1645, "x": 98024.0, "y": 89652.0}, {"i": 1646, "x": 98206.0, "y": 51652.0}, {"i": 1647, "x": 98218.0, "y": 118318.0}, {"i": 1648, "x": 98288.0, "y": 73692.0}, {"i": 1649, "x": 98376.0, "y": 18040.0}, {"i": 1650, "x": 98380.0, "y": 116338.0}, {"i": 1651, "x": 98494.0, "y": 30896.0}, {"i": 1652, "x": 98496.0, "y": 60516.0}, {"i": 1653, "x": 98658.0, "y": 90564.0}, {"i": 1654, "x": 98710.0, "y": 822.0}, {"i": 1655, "x": 98714.0, "y": 111866.0}, {"i": 1656, "x": 98788.0, "y": 1988.0}, {"i": 1657, "x": 98874.0, "y": 23202.0}, {"i": 1658, "x": 98922.0, "y": 86298.0}, {"i": 1659, "x": 98932.0, "y": 19450.0}, {"i": 1660, "x": 99034.0, "y": 18126.0}, {"i": 1661, "x": 99088.0, "y": 112364.0}, {"i": 1662, "x": 99166.0, "y": 54916.0}, {"i": 1663, "x": 99232.0, "y": 60792.0}, {"i": 1664, "x": 99256.0, "y": 20590.0}, {"i": 1665, "x": 99280.0, "y": 19490.0}, {"i": 1666, "x": 99298.0, "y": 39104.0}, {"i": 1667, "x": 99300.0, "y": 73824.0}, {"i": 1668, "x": 99386.0, "y": 62726.0}, {"i": 1669, "x": 99388.0, "y": 101336.0}, {"i": 1670, "x": 99452.0, "y": 3180.0}, {"i": 1671, "x": 99496.0, "y": 68450.0}, {"i": 1672, "x": 99536.0, "y": 119126.0}, {"i": 1673, "x": 99564.0, "y": 99042.0}, {"i": 1674, "x": 99580.0, "y": 101878.0}, {"i": 1675, "x": 99626.0, "y": 110224.0}, {"i": 1676, "x": 99688.0, "y": 26956.0}, {"i": 1677, "x": 99770.0, "y": 105060.0}, {"i": 1678, "x": 99798.0, "y": 93944.0}, {"i": 1679, "x": 99844.0, "y": 2994.0}, {"i": 1680, "x": 99898.0, "y": 68686.0}, {"i": 1681, "x": 99906.0, "y": 42596.0}, {"i": 1682, "x": 99960.0, "y": 39724.0}, {"i": 1683, "x": 99996.0, "y": 100820.0}, {"i": 1684, "x": 100066.0, "y": 2238.0}, {"i": 1685, "x": 100184.0, "y": 65656.0}, {"i": 1686, "x": 100194.0, "y": 20866.0}, {"i": 1687, "x": 100252.0, "y": 81148.0}, {"i": 1688, "x": 100286.0, "y": 38530.0}, {"i": 1689, "x": 100358.0, "y": 90340.0}, {"i": 1690, "x": 100362.0, "y": 87464.0}, {"i": 1691, "x": 100372.0, "y": 113492.0}, {"i": 1692, "x": 100388.0, "y": 114632.0}, {"i": 1693, "x": 100408.0, "y": 66884.0}, {"i": 1694, "x": 100430.0, "y": 84636.0}, {"i": 1695, "x": 100506.0, "y": 61678.0}, {"i": 1696, "x": 100630.0, "y": 19552.0}, {"i": 1697, "x": 100784.0, "y": 72186.0}, {"i": 1698, "x": 100792.0, "y": 76786.0}, {"i": 1699, "x": 100800.0, "y": 119180.0}, {"i": 1700, "x": 100928.0, "y": 16756.0}, {"i": 1701, "x": 101020.0, "y": 75146.0}, {"i": 1702, "x": 101134.0, "y": 71548.0}, {"i": 1703, "x": 101256.0, "y": 73996.0}, {"i": 1704, "x": 101278.0, "y": 36510.0}, {"i": 1705, "x": 101324.0, "y": 1190.0}, {"i": 1706, "x": 101378.0, "y": 48434.0}, {"i": 1707, "x": 101462.0, "y": 4940.0}, {"i": 1708, "x": 101476.0, "y": 101154.0}, {"i": 1709, "x": 101606.0, "y": 42162.0}, {"i": 1710, "x": 101770.0, "y": 48424.0}, {"i": 1711, "x": 101848.0, "y": 117144.0}, {"i": 1712, "x": 101864.0, "y": 69848.0}, {"i": 1713, "x": 101878.0, "y": 27108.0}, {"i": 1714, "x": 101998.0, "y": 95378.0}, {"i": 1715, "x": 102012.0, "y": 6262.0}, {"i": 1716, "x": 102066.0, "y": 77870.0}, {"i": 1717, "x": 102074.0, "y": 4980.0}, {"i": 1718, "x": 102138.0, "y": 104538.0}, {"i": 1719, "x": 102178.0, "y": 16732.0}, {"i": 1720, "x": 102200.0, "y": 99222.0}, {"i": 1721, "x": 102274.0, "y": 111116.0}, {"i": 1722, "x": 102312.0, "y": 86664.0}, {"i": 1723, "x": 102392.0, "y": 118840.0}, {"i": 1724, "x": 102434.0, "y": 115052.0}, {"i": 1725, "x": 102472.0, "y": 42308.0}, {"i": 1726, "x": 102558.0, "y": 35832.0}, {"i": 1727, "x": 102560.0, "y": 46948.0}, {"i": 1728, "x": 102576.0, "y": 30730.0}, {"i": 1729, "x": 102670.0, "y": 7624.0}, {"i": 1730, "x": 102700.0, "y": 70518.0}, {"i": 1731, "x": 102736.0, "y": 22502.0}, {"i": 1732, "x": 103062.0, "y": 22898.0}, {"i": 1733, "x": 103080.0, "y": 119980.0}, {"i": 1734, "x": 103092.0, "y": 17840.0}, {"i": 1735, "x": 103100.0, "y": 58804.0}, {"i": 1736, "x": 103102.0, "y": 100960.0}, {"i": 1737, "x": 103110.0, "y": 107018.0}, {"i": 1738, "x": 103164.0, "y": 38728.0}, {"i": 1739, "x": 103322.0, "y": 112302.0}, {"i": 1740, "x": 103360.0, "y": 44102.0}, {"i": 1741, "x": 103390.0, "y": 14260.0}, {"i": 1742, "x": 103392.0, "y": 115804.0}, {"i": 1743, "x": 103440.0, "y": 65846.0}, {"i": 1744, "x": 103524.0, "y": 14274.0}, {"i": 1745, "x": 103664.0, "y": 86906.0}, {"i": 1746, "x": 103748.0, "y": 4660.0}, {"i": 1747, "x": 103758.0, "y": 33106.0}, {"i": 1748, "x": 103780.0, "y": 118442.0}, {"i": 1749, "x": 103802.0, "y": 41764.0}, {"i": 1750, "x": 103812.0, "y": 72712.0}, {"i": 1751, "x": 103820.0, "y": 91848.0}, {"i": 1752, "x": 103840.0, "y": 52716.0}, {"i": 1753, "x": 103876.0, "y": 11102.0}, {"i": 1754, "x": 103898.0, "y": 97644.0}, {"i": 1755, "x": 103918.0, "y": 41996.0}, {"i": 1756, "x": 103948.0, "y": 16400.0}, {"i": 1757, "x": 103952.0, "y": 5048.0}, {"i": 1758, "x": 103988.0, "y": 85454.0}, {"i": 1759, "x": 104048.0, "y": 100966.0}, {"i": 1760, "x": 104062.0, "y": 33796.0}, {"i": 1761, "x": 104074.0, "y": 79664.0}, {"i": 1762, "x": 104192.0, "y": 34232.0}, {"i": 1763, "x": 104202.0, "y": 17950.0}, {"i": 1764, "x": 104256.0, "y": 26752.0}, {"i": 1765, "x": 104302.0, "y": 54398.0}, {"i": 1766, "x": 104310.0, "y": 52698.0}, {"i": 1767, "x": 104324.0, "y": 105046.0}, {"i": 1768, "x": 104324.0, "y": 107984.0}, {"i": 1769, "x": 104482.0, "y": 113802.0}, {"i": 1770, "x": 104630.0, "y": 66056.0}, {"i": 1771, "x": 104650.0, "y": 63490.0}, {"i": 1772, "x": 104752.0, "y": 87610.0}, {"i": 1773, "x": 104784.0, "y": 100252.0}, {"i": 1774, "x": 104892.0, "y": 88322.0}, {"i": 1775, "x": 104930.0, "y": 70500.0}, {"i": 1776, "x": 104988.0, "y": 5728.0}, {"i": 1777, "x": 105058.0, "y": 3904.0}, {"i": 1778, "x": 105106.0, "y": 47448.0}, {"i": 1779, "x": 105208.0, "y": 5574.0}, {"i": 1780, "x": 105298.0, "y": 690.0}, {"i": 1781, "x": 105340.0, "y": 86592.0}, {"i": 1782, "x": 105358.0, "y": 82844.0}, {"i": 1783, "x": 105434.0, "y": 31736.0}, {"i": 1784, "x": 105458.0, "y": 66840.0}, {"i": 1785, "x": 105568.0, "y": 20880.0}, {"i": 1786, "x": 105606.0, "y": 7600.0}, {"i": 1787, "x": 105692.0, "y": 63444.0}, {"i": 1788, "x": 105700.0, "y": 8410.0}, {"i": 1789, "x": 105746.0, "y": 63406.0}, {"i": 1790, "x": 105766.0, "y": 52788.0}, {"i": 1791, "x": 105822.0, "y": 76214.0}, {"i": 1792, "x": 105822.0, "y": 110938.0}, {"i": 1793, "x": 105846.0, "y": 70954.0}, {"i": 1794, "x": 105872.0, "y": 14956.0}, {"i": 1795, "x": 105916.0, "y": 60894.0}, {"i": 1796, "x": 105916.0, "y": 85798.0}, {"i": 1797, "x": 105934.0, "y": 87578.0}, {"i": 1798, "x": 105950.0, "y": 56726.0}, {"i": 1799, "x": 105958.0, "y": 15088.0}, {"i": 1800, "x": 106126.0, "y": 106620.0}, {"i": 1801, "x": 106140.0, "y": 52924.0}, {"i": 1802, "x": 106172.0, "y": 50624.0}, {"i": 1803, "x": 106262.0, "y": 3176.0}, {"i": 1804, "x": 106284.0, "y": 98494.0}, {"i": 1805, "x": 106294.0, "y": 94844.0}, {"i": 1806, "x": 106350.0, "y": 64118.0}, {"i": 1807, "x": 106448.0, "y": 37800.0}, {"i": 1808, "x": 106526.0, "y": 14890.0}, {"i": 1809, "x": 106698.0, "y": 31356.0}, {"i": 1810, "x": 106836.0, "y": 13186.0}, {"i": 1811, "x": 106872.0, "y": 58348.0}, {"i": 1812, "x": 106936.0, "y": 95952.0}, {"i": 1813, "x": 106964.0, "y": 19548.0}, {"i": 1814, "x": 107020.0, "y": 15682.0}, {"i": 1815, "x": 107138.0, "y": 43784.0}, {"i": 1816, "x": 107358.0, "y": 30682.0}, {"i": 1817, "x": 107384.0, "y": 58084.0}, {"i": 1818, "x": 107386.0, "y": 46928.0}, {"i": 1819, "x": 107400.0, "y": 15512.0}, {"i": 1820, "x": 107424.0, "y": 95466.0}, {"i": 1821, "x": 107434.0, "y": 2488.0}, {"i": 1822, "x": 107622.0, "y": 842.0}, {"i": 1823, "x": 107776.0, "y": 23182.0}, {"i": 1824, "x": 107786.0, "y": 47926.0}, {"i": 1825, "x": 107806.0, "y": 51258.0}, {"i": 1826, "x": 107830.0, "y": 38596.0}, {"i": 1827, "x": 108084.0, "y": 88228.0}, {"i": 1828, "x": 108168.0, "y": 33250.0}, {"i": 1829, "x": 108296.0, "y": 20422.0}, {"i": 1830, "x": 108324.0, "y": 117398.0}, {"i": 1831, "x": 108356.0, "y": 98548.0}, {"i": 1832, "x": 108382.0, "y": 41056.0}, {"i": 1833, "x": 108384.0, "y": 36076.0}, {"i": 1834, "x": 108400.0, "y": 51928.0}, {"i": 1835, "x": 108412.0, "y": 9968.0}, {"i": 1836, "x": 108514.0, "y": 72380.0}, {"i": 1837, "x": 108566.0, "y": 34448.0}, {"i": 1838, "x": 108602.0, "y": 74980.0}, {"i": 1839, "x": 108734.0, "y": 62634.0}, {"i": 1840, "x": 108830.0, "y": 8946.0}, {"i": 1841, "x": 108876.0, "y": 48036.0}, {"i": 1842, "x": 108878.0, "y": 116470.0}, {"i": 1843, "x": 109032.0, "y": 115158.0}, {"i": 1844, "x": 109044.0, "y": 9220.0}, {"i": 1845, "x": 109084.0, "y": 34886.0}, {"i": 1846, "x": 109146.0, "y": 103530.0}, {"i": 1847, "x": 109268.0, "y": 112374.0}, {"i": 1848, "x": 109504.0, "y": 53902.0}, {"i": 1849, "x": 109530.0, "y": 62550.0}, {"i": 1850, "x": 109666.0, "y": 79590.0}, {"i": 1851, "x": 109718.0, "y": 74910.0}, {"i": 1852, "x": 109746.0, "y": 60932.0}, {"i": 1853, "x": 109802.0, "y": 37266.0}, {"i": 1854, "x": 109828.0, "y": 27692.0}, {"i": 1855, "x": 109850.0, "y": 47986.0}, {"i": 1856, "x": 109860.0, "y": 47674.0}, {"i": 1857, "x": 109860.0, "y": 101422.0}, {"i": 1858, "x": 109962.0, "y": 93168.0}, {"i": 1859, "x": 109972.0, "y": 98210.0}, {"i": 1860, "x": 110056.0, "y": 65828.0}, {"i": 1861, "x": 110094.0, "y": 53488.0}, {"i": 1862, "x": 110174.0, "y": 37930.0}, {"i": 1863, "x": 110218.0, "y": 107452.0}, {"i": 1864, "x": 110438.0, "y": 29916.0}, {"i": 1865, "x": 110492.0, "y": 56724.0}, {"i": 1866, "x": 110608.0, "y": 52390.0}, {"i": 1867, "x": 110628.0, "y": 19318.0}, {"i": 1868, "x": 110758.0, "y": 52824.0}, {"i": 1869, "x": 110916.0, "y": 87872.0}, {"i": 1870, "x": 110956.0, "y": 59180.0}, {"i": 1871, "x": 110966.0, "y": 118622.0}, {"i": 1872, "x": 111132.0, "y": 11320.0}, {"i": 1873, "x": 111144.0, "y": 74210.0}, {"i": 1874, "x": 111168.0, "y": 17366.0}, {"i": 1875, "x": 111234.0, "y": 55896.0}, {"i": 1876, "x": 111344.0, "y": 35142.0}, {"i": 1877, "x": 111384.0, "y": 108756.0}, {"i": 1878, "x": 111462.0, "y": 79106.0}, {"i": 1879, "x": 111476.0, "y": 110020.0}, {"i": 1880, "x": 111554.0, "y": 8188.0}, {"i": 1881, "x": 111624.0, "y": 115110.0}, {"i": 1882, "x": 111650.0, "y": 2148.0}, {"i": 1883, "x": 111672.0, "y": 21242.0}, {"i": 1884, "x": 111720.0, "y": 9080.0}, {"i": 1885, "x": 111722.0, "y": 13766.0}, {"i": 1886, "x": 111832.0, "y": 113572.0}, {"i": 1887, "x": 111974.0, "y": 61400.0}, {"i": 1888, "x": 112064.0, "y": 40502.0}, {"i": 1889, "x": 112116.0, "y": 92384.0}, {"i": 1890, "x": 112132.0, "y": 874.0}, {"i": 1891, "x": 112140.0, "y": 60742.0}, {"i": 1892, "x": 112230.0, "y": 16460.0}, {"i": 1893, "x": 112284.0, "y": 4816.0}, {"i": 1894, "x": 112566.0, "y": 50088.0}, {"i": 1895, "x": 112580.0, "y": 24870.0}, {"i": 1896, "x": 112646.0, "y": 45800.0}, {"i": 1897, "x": 112686.0, "y": 29514.0}, {"i": 1898, "x": 112710.0, "y": 98344.0}, {"i": 1899, "x": 112800.0, "y": 68858.0}, {"i": 1900, "x": 112814.0, "y": 46676.0}, {"i": 1901, "x": 112916.0, "y": 94094.0}, {"i": 1902, "x": 112920.0, "y": 49622.0}, {"i": 1903, "x": 112992.0, "y": 111236.0}, {"i": 1904, "x": 113148.0, "y": 62148.0}, {"i": 1905, "x": 113174.0, "y": 28022.0}, {"i": 1906, "x": 113232.0, "y": 24288.0}, {"i": 1907, "x": 113300.0, "y": 18242.0}, {"i": 1908, "x": 113536.0, "y": 47468.0}, {"i": 1909, "x": 113638.0, "y": 111214.0}, {"i": 1910, "x": 113674.0, "y": 108408.0}, {"i": 1911, "x": 113732.0, "y": 43818.0}, {"i": 1912, "x": 113758.0, "y": 67848.0}, {"i": 1913, "x": 113786.0, "y": 40356.0}, {"i": 1914, "x": 113816.0, "y": 47258.0}, {"i": 1915, "x": 113862.0, "y": 106796.0}, {"i": 1916, "x": 113942.0, "y": 60560.0}, {"i": 1917, "x": 113968.0, "y": 60128.0}, {"i": 1918, "x": 113984.0, "y": 63506.0}, {"i": 1919, "x": 114226.0, "y": 7732.0}, {"i": 1920, "x": 114230.0, "y": 5384.0}, {"i": 1921, "x": 114254.0, "y": 96626.0}, {"i": 1922, "x": 114356.0, "y": 10632.0}, {"i": 1923, "x": 114368.0, "y": 82922.0}, {"i": 1924, "x": 114500.0, "y": 106288.0}, {"i": 1925, "x": 114508.0, "y": 4626.0}, {"i": 1926, "x": 114530.0, "y": 44924.0}, {"i": 1927, "x": 114536.0, "y": 100996.0}, {"i": 1928, "x": 114610.0, "y": 106332.0}, {"i": 1929, "x": 114650.0, "y": 26376.0}, {"i": 1930, "x": 114662.0, "y": 34220.0}, {"i": 1931, "x": 114716.0, "y": 102834.0}, {"i": 1932, "x": 114752.0, "y": 50040.0}, {"i": 1933, "x": 114820.0, "y": 22642.0}, {"i": 1934, "x": 114970.0, "y": 47214.0}, {"i": 1935, "x": 115102.0, "y": 18146.0}, {"i": 1936, "x": 115152.0, "y": 101822.0}, {"i": 1937, "x": 115206.0, "y": 19780.0}, {"i": 1938, "x": 115218.0, "y": 21496.0}, {"i": 1939, "x": 115344.0, "y": 77672.0}, {"i": 1940, "x": 115436.0, "y": 74592.0}, {"i": 1941, "x": 115574.0, "y": 71968.0}, {"i": 1942, "x": 115592.0, "y": 102446.0}, {"i": 1943, "x": 115670.0, "y": 115238.0}, {"i": 1944, "x": 115712.0, "y": 17736.0}, {"i": 1945, "x": 115912.0, "y": 29212.0}, {"i": 1946, "x": 115928.0, "y": 59470.0}, {"i": 1947, "x": 115950.0, "y": 73552.0}, {"i": 1948, "x": 115972.0, "y": 99334.0}, {"i": 1949, "x": 116006.0, "y": 90984.0}, {"i": 1950, "x": 116064.0, "y": 29694.0}, {"i": 1951, "x": 116074.0, "y": 74394.0}, {"i": 1952, "x": 116140.0, "y": 29472.0}, {"i": 1953, "x": 116216.0, "y": 48164.0}, {"i": 1954, "x": 116274.0, "y": 4038.0}, {"i": 1955, "x": 116292.0, "y": 48322.0}, {"i": 1956, "x": 116310.0, "y": 105364.0}, {"i": 1957, "x": 116326.0, "y": 107318.0}, {"i": 1958, "x": 116458.0, "y": 88724.0}, {"i": 1959, "x": 116722.0, "y": 71626.0}, {"i": 1960, "x": 116782.0, "y": 109076.0}, {"i": 1961, "x": 116846.0, "y": 41114.0}, {"i": 1962, "x": 116880.0, "y": 50276.0}, {"i": 1963, "x": 117080.0, "y": 105144.0}, {"i": 1964, "x": 117364.0, "y": 46544.0}, {"i": 1965, "x": 117408.0, "y": 39002.0}, {"i": 1966, "x": 117476.0, "y": 114100.0}, {"i": 1967, "x": 117826.0, "y": 88140.0}, {"i": 1968, "x": 117856.0, "y": 58276.0}, {"i": 1969, "x": 117858.0, "y": 31730.0}, {"i": 1970, "x": 117866.0, "y": 114064.0}, {"i": 1971, "x": 117884.0, "y": 115072.0}, {"i": 1972, "x": 118062.0, "y": 34894.0}, {"i": 1973, "x": 118096.0, "y": 97954.0}, {"i": 1974, "x": 118216.0, "y": 92634.0}, {"i": 1975, "x": 118284.0, "y": 83692.0}, {"i": 1976, "x": 118404.0, "y": 1944.0}, {"i": 1977, "x": 118440.0, "y": 65306.0}, {"i": 1978, "x": 118558.0, "y": 71660.0}, {"i": 1979, "x": 118574.0, "y": 11962.0}, {"i": 1980, "x": 118576.0, "y": 42888.0}, {"i": 1981, "x": 118596.0, "y": 100374.0}, {"i": 1982, "x": 118668.0, "y": 9864.0}, {"i": 1983, "x": 118690.0, "y": 39022.0}, {"i": 1984, "x": 118822.0, "y": 87356.0}, {"i": 1985, "x": 118882.0, "y": 34408.0}, {"i": 1986, "x": 118886.0, "y": 82434.0}, {"i": 1987, "x": 119008.0, "y": 57586.0}, {"i": 1988, "x": 119224.0, "y": 5842.0}, {"i": 1989, "x": 119248.0, "y": 48252.0}, {"i": 1990, "x": 119256.0, "y": 68656.0}, {"i": 1991, "x": 119268.0, "y": 16176.0}, {"i": 1992, "x": 119308.0, "y": 21030.0}, {"i": 1993, "x": 119308.0, "y": 53682.0}, {"i": 1994, "x": 119360.0, "y": 48618.0}, {"i": 1995, "x": 119392.0, "y": 97806.0}, {"i": 1996, "x": 119642.0, "y": 87550.0}, {"i": 1997, "x": 119746.0, "y": 22348.0}, {"i": 1998, "x": 119840.0, "y": 45096.0}, {"i": 1999, "x": 119898.0, "y": 27974.0}], "type": "Instance", "name": "uniform-0002000-2", "meta": {"comment": "HIP random 2-dimensional integral point set (2000 points), distribution 'uniform'", "faces_in_delaunay": 3979}}