{"points": [{"i": 0, "x": 100.0, "y": 15306.0}, {"i": 1, "x": 222.0, "y": 8656.0}, {"i": 2, "x": 264.0, "y": 6812.0}, {"i": 3, "x": 362.0, "y": 2336.0}, {"i": 4, "x": 382.0, "y": 17574.0}, {"i": 5, "x": 412.0, "y": 1668.0}, {"i": 6, "x": 414.0, "y": 12326.0}, {"i": 7, "x": 556.0, "y": 20680.0}, {"i": 8, "x": 562.0, "y": 12562.0}, {"i": 9, "x": 570.0, "y": 14626.0}, {"i": 10, "x": 816.0, "y": 15260.0}, {"i": 11, "x": 1094.0, "y": 20006.0}, {"i": 12, "x": 1142.0, "y": 3410.0}, {"i": 13, "x": 1142.0, "y": 4482.0}, {"i": 14, "x": 1148.0, "y": 84.0}, {"i": 15, "x": 1196.0, "y": 10834.0}, {"i": 16, "x": 1250.0, "y": 16618.0}, {"i": 17, "x": 1308.0, "y": 22096.0}, {"i": 18, "x": 1354.0, "y": 10244.0}, {"i": 19, "x": 1384.0, "y": 22680.0}, {"i": 20, "x": 1446.0, "y": 18670.0}, {"i": 21, "x": 1506.0, "y": 23956.0}, {"i": 22, "x": 1510.0, "y": 1898.0}, {"i": 23, "x": 1532.0, "y": 23606.0}, {"i": 24, "x": 1554.0, "y": 9794.0}, {"i": 25, "x": 1616.0, "y": 15408.0}, {"i": 26, "x": 1656.0, "y": 15348.0}, {"i": 27, "x": 1714.0, "y": 13638.0}, {"i": 28, "x": 1804.0, "y": 7208.0}, {"i": 29, "x": 1964.0, "y": 17282.0}, {"i": 30, "x": 2002.0, "y": 19394.0}, {"i": 31, "x": 2098.0, "y": 21162.0}, {"i": 32, "x": 2254.0, "y": 19466.0}, {"i": 33, "x": 2264.0, "y": 9334.0}, {"i": 34, "x": 2438.0, "y": 12880.0}, {"i": 35, "x": 2456.0, "y": 19384.0}, {"i": 36, "x": 2584.0, "y": 11226.0}, {"i": 37, "x": 2694.0, "y": 2932.0}, {"i": 38, "x": 2714.0, "y": 23162.0}, {"i": 39, "x": 2718.0, "y": 19086.0}, {"i": 40, "x": 2762.0, "y": 16376.0}, {"i": 41, "x": 2858.0, "y": 23756.0}, {"i": 42, "x": 2926.0, "y": 17706.0}, {"i": 43, "x": 2948.0, "y": 14428.0}, {"i": 44, "x": 2960.0, "y": 5764.0}, {"i": 45, "x": 2972.0, "y": 23768.0}, {"i": 46, "x": 2982.0, "y": 3806.0}, {"i": 47, "x": 3008.0, "y": 6636.0}, {"i": 48, "x": 3014.0, "y": 17704.0}, {"i": 49, "x": 3026.0, "y": 6838.0}, {"i": 50, "x": 3224.0, "y": 19404.0}, {"i": 51, "x": 3380.0, "y": 6186.0}, {"i": 52, "x": 3410.0, "y": 21856.0}, {"i": 53, "x": 3414.0, "y": 9752.0}, {"i": 54, "x": 3598.0, "y": 19838.0}, {"i": 55, "x": 3604.0, "y": 16448.0}, {"i": 56, "x": 3700.0, "y": 12090.0}, {"i": 57, "x": 3884.0, "y": 14142.0}, {"i": 58, "x": 3920.0, "y": 11984.0}, {"i": 59, "x": 3934.0, "y": 3010.0}, {"i": 60, "x": 3984.0, "y": 12708.0}, {"i": 61, "x": 4020.0, "y": 10950.0}, {"i": 62, "x": 4078.0, "y": 14422.0}, {"i": 63, "x": 4166.0, "y": 16896.0}, {"i": 64, "x": 4258.0, "y": 20900.0}, {"i": 65, "x": 4262.0, "y": 14194.0}, {"i": 66, "x": 4266.0, "y": 3754.0}, {"i": 67, "x": 4280.0, "y": 18008.0}, {"i": 68, "x": 4338.0, "y": 13250.0}, {"i": 69, "x": 4350.0, "y": 19682.0}, {"i": 70, "x": 4452.0, "y": 7426.0}, {"i": 71, "x": 4458.0, "y": 20708.0}, {"i": 72, "x": 4506.0, "y": 13832.0}, {"i": 73, "x": 4678.0, "y": 20746.0}, {"i": 74, "x": 4790.0, "y": 11420.0}, {"i": 75, "x": 4884.0, "y": 17564.0}, {"i": 76, "x": 4896.0, "y": 2392.0}, {"i": 77, "x": 4948.0, "y": 574.0}, {"i": 78, "x": 4958.0, "y": 22390.0}, {"i": 79, "x": 4992.0, "y": 17772.0}, {"i": 80, "x": 5118.0, "y": 14184.0}, {"i": 81, "x": 5168.0, "y": 5876.0}, {"i": 82, "x": 5218.0, "y": 12974.0}, {"i": 83, "x": 5260.0, "y": 20438.0}, {"i": 84, "x": 5270.0, "y": 1782.0}, {"i": 85, "x": 5382.0, "y": 23856.0}, {"i": 86, "x": 5454.0, "y": 124.0}, {"i": 87, "x": 5540.0, "y": 22658.0}, {"i": 88, "x": 5624.0, "y": 23582.0}, {"i": 89, "x": 5690.0, "y": 22560.0}, {"i": 90, "x": 5706.0, "y": 8924.0}, {"i": 91, "x": 5710.0, "y": 13286.0}, {"i": 92, "x": 5728.0, "y": 10548.0}, {"i": 93, "x": 5876.0, "y": 5872.0}, {"i": 94, "x": 5908.0, "y": 3922.0}, {"i": 95, "x": 5940.0, "y": 15482.0}, {"i": 96, "x": 6002.0, "y": 3138.0}, {"i": 97, "x": 6092.0, "y": 16356.0}, {"i": 98, "x": 6108.0, "y": 11704.0}, {"i": 99, "x": 6234.0, "y": 22906.0}, {"i": 100, "x": 6276.0, "y": 6710.0}, {"i": 101, "x": 6282.0, "y": 3746.0}, {"i": 102, "x": 6294.0, "y": 20816.0}, {"i": 103, "x": 6304.0, "y": 11326.0}, {"i": 104, "x": 6316.0, "y": 17260.0}, {"i": 105, "x": 6360.0, "y": 23716.0}, {"i": 106, "x": 6380.0, "y": 18808.0}, {"i": 107, "x": 6404.0, "y": 5798.0}, {"i": 108, "x": 6642.0, "y": 5426.0}, {"i": 109, "x": 6810.0, "y": 6244.0}, {"i": 110, "x": 6830.0, "y": 11608.0}, {"i": 111, "x": 6908.0, "y": 20882.0}, {"i": 112, "x": 6918.0, "y": 238.0}, {"i": 113, "x": 6922.0, "y": 18142.0}, {"i": 114, "x": 6936.0, "y": 22972.0}, {"i": 115, "x": 6954.0, "y": 10424.0}, {"i": 116, "x": 7050.0, "y": 16752.0}, {"i": 117, "x": 7102.0, "y": 22914.0}, {"i": 118, "x": 7112.0, "y": 15730.0}, {"i": 119, "x": 7262.0, "y": 15838.0}, {"i": 120, "x": 7316.0, "y": 3762.0}, {"i": 121, "x": 7472.0, "y": 22194.0}, {"i": 122, "x": 7490.0, "y": 15394.0}, {"i": 123, "x": 7530.0, "y": 10384.0}, {"i": 124, "x": 7564.0, "y": 19144.0}, {"i": 125, "x": 7582.0, "y": 6776.0}, {"i": 126, "x": 7638.0, "y": 130.0}, {"i": 127, "x": 7682.0, "y": 20704.0}, {"i": 128, "x": 7804.0, "y": 1138.0}, {"i": 129, "x": 7874.0, "y": 18248.0}, {"i": 130, "x": 7934.0, "y": 10592.0}, {"i": 131, "x": 8026.0, "y": 422.0}, {"i": 132, "x": 8064.0, "y": 22654.0}, {"i": 133, "x": 8092.0, "y": 1836.0}, {"i": 134, "x": 8188.0, "y": 9086.0}, {"i": 135, "x": 8296.0, "y": 17754.0}, {"i": 136, "x": 8306.0, "y": 19622.0}, {"i": 137, "x": 8382.0, "y": 2718.0}, {"i": 138, "x": 8402.0, "y": 1172.0}, {"i": 139, "x": 8460.0, "y": 18956.0}, {"i": 140, "x": 8520.0, "y": 22560.0}, {"i": 141, "x": 8554.0, "y": 8734.0}, {"i": 142, "x": 8568.0, "y": 7836.0}, {"i": 143, "x": 8598.0, "y": 20540.0}, {"i": 144, "x": 8686.0, "y": 16264.0}, {"i": 145, "x": 8782.0, "y": 220.0}, {"i": 146, "x": 8806.0, "y": 15432.0}, {"i": 147, "x": 8852.0, "y": 14546.0}, {"i": 148, "x": 8872.0, "y": 13736.0}, {"i": 149, "x": 8892.0, "y": 8730.0}, {"i": 150, "x": 8922.0, "y": 18492.0}, {"i": 151, "x": 8974.0, "y": 3482.0}, {"i": 152, "x": 9006.0, "y": 18622.0}, {"i": 153, "x": 9014.0, "y": 17178.0}, {"i": 154, "x": 9062.0, "y": 2984.0}, {"i": 155, "x": 9118.0, "y": 9046.0}, {"i": 156, "x": 9204.0, "y": 9330.0}, {"i": 157, "x": 9228.0, "y": 20348.0}, {"i": 158, "x": 9238.0, "y": 8728.0}, {"i": 159, "x": 9242.0, "y": 16970.0}, {"i": 160, "x": 9312.0, "y": 14188.0}, {"i": 161, "x": 9392.0, "y": 12126.0}, {"i": 162, "x": 9462.0, "y": 11014.0}, {"i": 163, "x": 9468.0, "y": 22986.0}, {"i": 164, "x": 9516.0, "y": 11034.0}, {"i": 165, "x": 9530.0, "y": 1068.0}, {"i": 166, "x": 9534.0, "y": 7684.0}, {"i": 167, "x": 9540.0, "y": 21446.0}, {"i": 168, "x": 9612.0, "y": 10472.0}, {"i": 169, "x": 10106.0, "y": 1946.0}, {"i": 170, "x": 10252.0, "y": 7794.0}, {"i": 171, "x": 10252.0, "y": 11334.0}, {"i": 172, "x": 10300.0, "y": 23910.0}, {"i": 173, "x": 10306.0, "y": 4966.0}, {"i": 174, "x": 10328.0, "y": 14064.0}, {"i": 175, "x": 10344.0, "y": 3426.0}, {"i": 176, "x": 10378.0, "y": 23112.0}, {"i": 177, "x": 10464.0, "y": 4864.0}, {"i": 178, "x": 10498.0, "y": 9912.0}, {"i": 179, "x": 10526.0, "y": 1848.0}, {"i": 180, "x": 10596.0, "y": 10774.0}, {"i": 181, "x": 10628.0, "y": 7658.0}, {"i": 182, "x": 10664.0, "y": 6006.0}, {"i": 183, "x": 10700.0, "y": 18830.0}, {"i": 184, "x": 10706.0, "y": 23246.0}, {"i": 185, "x": 10724.0, "y": 3428.0}, {"i": 186, "x": 10760.0, "y": 6674.0}, {"i": 187, "x": 10834.0, "y": 9694.0}, {"i": 188, "x": 10840.0, "y": 14550.0}, {"i": 189, "x": 10890.0, "y": 2238.0}, {"i": 190, "x": 10890.0, "y": 12900.0}, {"i": 191, "x": 10904.0, "y": 16424.0}, {"i": 192, "x": 10922.0, "y": 16352.0}, {"i": 193, "x": 11002.0, "y": 18124.0}, {"i": 194, "x": 11054.0, "y": 17382.0}, {"i": 195, "x": 11272.0, "y": 19476.0}, {"i": 196, "x": 11398.0, "y": 15932.0}, {"i": 197, "x": 11414.0, "y": 1274.0}, {"i": 198, "x": 11464.0, "y": 14328.0}, {"i": 199, "x": 11498.0, "y": 17200.0}, {"i": 200, "x": 11510.0, "y": 17678.0}, {"i": 201, "x": 11550.0, "y": 21550.0}, {"i": 202, "x": 11768.0, "y": 11830.0}, {"i": 203, "x": 11842.0, "y": 17816.0}, {"i": 204, "x": 11970.0, "y": 7754.0}, {"i": 205, "x": 12046.0, "y": 16594.0}, {"i": 206, "x": 12068.0, "y": 10450.0}, {"i": 207, "x": 12116.0, "y": 21356.0}, {"i": 208, "x": 12176.0, "y": 8408.0}, {"i": 209, "x": 12204.0, "y": 10888.0}, {"i": 210, "x": 12226.0, "y": 21112.0}, {"i": 211, "x": 12320.0, "y": 72.0}, {"i": 212, "x": 12322.0, "y": 5768.0}, {"i": 213, "x": 12354.0, "y": 17498.0}, {"i": 214, "x": 12386.0, "y": 11120.0}, {"i": 215, "x": 12508.0, "y": 1588.0}, {"i": 216, "x": 12578.0, "y": 18402.0}, {"i": 217, "x": 12628.0, "y": 12220.0}, {"i": 218, "x": 12636.0, "y": 19026.0}, {"i": 219, "x": 12668.0, "y": 420.0}, {"i": 220, "x": 12674.0, "y": 3630.0}, {"i": 221, "x": 12732.0, "y": 13750.0}, {"i": 222, "x": 12908.0, "y": 20672.0}, {"i": 223, "x": 13070.0, "y": 2266.0}, {"i": 224, "x": 13180.0, "y": 7302.0}, {"i": 225, "x": 13248.0, "y": 12940.0}, {"i": 226, "x": 13296.0, "y": 13900.0}, {"i": 227, "x": 13380.0, "y": 20338.0}, {"i": 228, "x": 13428.0, "y": 9108.0}, {"i": 229, "x": 13468.0, "y": 8130.0}, {"i": 230, "x": 13556.0, "y": 8630.0}, {"i": 231, "x": 13682.0, "y": 21698.0}, {"i": 232, "x": 13768.0, "y": 10642.0}, {"i": 233, "x": 13906.0, "y": 8350.0}, {"i": 234, "x": 13910.0, "y": 12078.0}, {"i": 235, "x": 13966.0, "y": 16228.0}, {"i": 236, "x": 14038.0, "y": 6110.0}, {"i": 237, "x": 14276.0, "y": 21946.0}, {"i": 238, "x": 14286.0, "y": 16944.0}, {"i": 239, "x": 14296.0, "y": 23406.0}, {"i": 240, "x": 14372.0, "y": 676.0}, {"i": 241, "x": 14466.0, "y": 11748.0}, {"i": 242, "x": 14474.0, "y": 8128.0}, {"i": 243, "x": 14494.0, "y": 8616.0}, {"i": 244, "x": 14526.0, "y": 9572.0}, {"i": 245, "x": 14544.0, "y": 16646.0}, {"i": 246, "x": 14584.0, "y": 5528.0}, {"i": 247, "x": 14598.0, "y": 12612.0}, {"i": 248, "x": 14666.0, "y": 1260.0}, {"i": 249, "x": 14726.0, "y": 22848.0}, {"i": 250, "x": 14750.0, "y": 3568.0}, {"i": 251, "x": 14822.0, "y": 8934.0}, {"i": 252, "x": 14848.0, "y": 20878.0}, {"i": 253, "x": 14878.0, "y": 4508.0}, {"i": 254, "x": 14952.0, "y": 16452.0}, {"i": 255, "x": 14958.0, "y": 18004.0}, {"i": 256, "x": 14988.0, "y": 2040.0}, {"i": 257, "x": 14990.0, "y": 1448.0}, {"i": 258, "x": 15064.0, "y": 2054.0}, {"i": 259, "x": 15188.0, "y": 1756.0}, {"i": 260, "x": 15190.0, "y": 3692.0}, {"i": 261, "x": 15234.0, "y": 14026.0}, {"i": 262, "x": 15240.0, "y": 7566.0}, {"i": 263, "x": 15310.0, "y": 17836.0}, {"i": 264, "x": 15348.0, "y": 7494.0}, {"i": 265, "x": 15364.0, "y": 19640.0}, {"i": 266, "x": 15370.0, "y": 8880.0}, {"i": 267, "x": 15450.0, "y": 8762.0}, {"i": 268, "x": 15616.0, "y": 13284.0}, {"i": 269, "x": 15640.0, "y": 23732.0}, {"i": 270, "x": 15966.0, "y": 9468.0}, {"i": 271, "x": 16020.0, "y": 15162.0}, {"i": 272, "x": 16054.0, "y": 15768.0}, {"i": 273, "x": 16074.0, "y": 5070.0}, {"i": 274, "x": 16080.0, "y": 7020.0}, {"i": 275, "x": 16134.0, "y": 1116.0}, {"i": 276, "x": 16150.0, "y": 22798.0}, {"i": 277, "x": 16152.0, "y": 20938.0}, {"i": 278, "x": 16164.0, "y": 22328.0}, {"i": 279, "x": 16280.0, "y": 11040.0}, {"i": 280, "x": 16340.0, "y": 3102.0}, {"i": 281, "x": 16348.0, "y": 20596.0}, {"i": 282, "x": 16352.0, "y": 22168.0}, {"i": 283, "x": 16398.0, "y": 3088.0}, {"i": 284, "x": 16430.0, "y": 17346.0}, {"i": 285, "x": 16494.0, "y": 15178.0}, {"i": 286, "x": 16588.0, "y": 12722.0}, {"i": 287, "x": 16616.0, "y": 11630.0}, {"i": 288, "x": 16622.0, "y": 16850.0}, {"i": 289, "x": 16624.0, "y": 2706.0}, {"i": 290, "x": 16854.0, "y": 18734.0}, {"i": 291, "x": 16864.0, "y": 20788.0}, {"i": 292, "x": 16882.0, "y": 18106.0}, {"i": 293, "x": 16894.0, "y": 218.0}, {"i": 294, "x": 16932.0, "y": 11426.0}, {"i": 295, "x": 16940.0, "y": 4126.0}, {"i": 296, "x": 16958.0, "y": 9106.0}, {"i": 297, "x": 16964.0, "y": 13690.0}, {"i": 298, "x": 17006.0, "y": 20014.0}, {"i": 299, "x": 17180.0, "y": 2338.0}, {"i": 300, "x": 17242.0, "y": 10110.0}, {"i": 301, "x": 17324.0, "y": 18654.0}, {"i": 302, "x": 17330.0, "y": 5732.0}, {"i": 303, "x": 17344.0, "y": 6844.0}, {"i": 304, "x": 17516.0, "y": 4858.0}, {"i": 305, "x": 17722.0, "y": 12388.0}, {"i": 306, "x": 17864.0, "y": 1010.0}, {"i": 307, "x": 18086.0, "y": 7546.0}, {"i": 308, "x": 18122.0, "y": 6420.0}, {"i": 309, "x": 18194.0, "y": 3910.0}, {"i": 310, "x": 18258.0, "y": 5224.0}, {"i": 311, "x": 18360.0, "y": 15656.0}, {"i": 312, "x": 18424.0, "y": 5364.0}, {"i": 313, "x": 18472.0, "y": 9386.0}, {"i": 314, "x": 18484.0, "y": 20376.0}, {"i": 315, "x": 18500.0, "y": 10868.0}, {"i": 316, "x": 18594.0, "y": 10486.0}, {"i": 317, "x": 18596.0, "y": 10688.0}, {"i": 318, "x": 18646.0, "y": 9640.0}, {"i": 319, "x": 18660.0, "y": 3176.0}, {"i": 320, "x": 18702.0, "y": 11536.0}, {"i": 321, "x": 18836.0, "y": 5750.0}, {"i": 322, "x": 18840.0, "y": 19172.0}, {"i": 323, "x": 18948.0, "y": 14292.0}, {"i": 324, "x": 19122.0, "y": 3618.0}, {"i": 325, "x": 19300.0, "y": 3664.0}, {"i": 326, "x": 19300.0, "y": 6988.0}, {"i": 327, "x": 19304.0, "y": 776.0}, {"i": 328, "x": 19320.0, "y": 7158.0}, {"i": 329, "x": 19320.0, "y": 9608.0}, {"i": 330, "x": 19416.0, "y": 3488.0}, {"i": 331, "x": 19448.0, "y": 16002.0}, {"i": 332, "x": 19604.0, "y": 11292.0}, {"i": 333, "x": 19614.0, "y": 5774.0}, {"i": 334, "x": 19648.0, "y": 9400.0}, {"i": 335, "x": 19664.0, "y": 4914.0}, {"i": 336, "x": 19674.0, "y": 11662.0}, {"i": 337, "x": 19676.0, "y": 13212.0}, {"i": 338, "x": 19690.0, "y": 17628.0}, {"i": 339, "x": 19850.0, "y": 7938.0}, {"i": 340, "x": 19864.0, "y": 3058.0}, {"i": 341, "x": 19876.0, "y": 6320.0}, {"i": 342, "x": 19928.0, "y": 11282.0}, {"i": 343, "x": 19964.0, "y": 10302.0}, {"i": 344, "x": 20052.0, "y": 2310.0}, {"i": 345, "x": 20142.0, "y": 5000.0}, {"i": 346, "x": 20184.0, "y": 4702.0}, {"i": 347, "x": 20222.0, "y": 18370.0}, {"i": 348, "x": 20314.0, "y": 5180.0}, {"i": 349, "x": 20408.0, "y": 19522.0}, {"i": 350, "x": 20588.0, "y": 8376.0}, {"i": 351, "x": 20590.0, "y": 17844.0}, {"i": 352, "x": 20614.0, "y": 12824.0}, {"i": 353, "x": 20670.0, "y": 9864.0}, {"i": 354, "x": 20790.0, "y": 6392.0}, {"i": 355, "x": 20818.0, "y": 338.0}, {"i": 356, "x": 20828.0, "y": 11714.0}, {"i": 357, "x": 20946.0, "y": 20812.0}, {"i": 358, "x": 20956.0, "y": 18972.0}, {"i": 359, "x": 20978.0, "y": 13100.0}, {"i": 360, "x": 21096.0, "y": 1352.0}, {"i": 361, "x": 21124.0, "y": 10348.0}, {"i": 362, "x": 21264.0, "y": 19568.0}, {"i": 363, "x": 21374.0, "y": 23628.0}, {"i": 364, "x": 21458.0, "y": 6656.0}, {"i": 365, "x": 21474.0, "y": 8674.0}, {"i": 366, "x": 21600.0, "y": 22778.0}, {"i": 367, "x": 21760.0, "y": 16014.0}, {"i": 368, "x": 21904.0, "y": 20266.0}, {"i": 369, "x": 22014.0, "y": 10114.0}, {"i": 370, "x": 22014.0, "y": 10456.0}, {"i": 371, "x": 22032.0, "y": 12432.0}, {"i": 372, "x": 22108.0, "y": 11370.0}, {"i": 373, "x": 22144.0, "y": 10760.0}, {"i": 374, "x": 22248.0, "y": 7102.0}, {"i": 375, "x": 22352.0, "y": 12698.0}, {"i": 376, "x": 22388.0, "y": 11150.0}, {"i": 377, "x": 22440.0, "y": 8302.0}, {"i": 378, "x": 22472.0, "y": 22584.0}, {"i": 379, "x": 22538.0, "y": 670.0}, {"i": 380, "x": 22686.0, "y": 794.0}, {"i": 381, "x": 22712.0, "y": 8826.0}, {"i": 382, "x": 22716.0, "y": 12778.0}, {"i": 383, "x": 22844.0, "y": 12188.0}, {"i": 384, "x": 23026.0, "y": 2524.0}, {"i": 385, "x": 23030.0, "y": 9028.0}, {"i": 386, "x": 23032.0, "y": 6416.0}, {"i": 387, "x": 23074.0, "y": 15936.0}, {"i": 388, "x": 23176.0, "y": 4118.0}, {"i": 389, "x": 23182.0, "y": 17980.0}, {"i": 390, "x": 23184.0, "y": 19650.0}, {"i": 391, "x": 23332.0, "y": 22540.0}, {"i": 392, "x": 23374.0, "y": 13722.0}, {"i": 393, "x": 23376.0, "y": 19482.0}, {"i": 394, "x": 23426.0, "y": 9858.0}, {"i": 395, "x": 23562.0, "y": 16130.0}, {"i": 396, "x": 23670.0, "y": 3080.0}, {"i": 397, "x": 23724.0, "y": 6300.0}, {"i": 398, "x": 23872.0, "y": 16066.0}, {"i": 399, "x": 23934.0, "y": 20830.0}], "type": "Instance", "name": "uniform-0000400-1", "meta": {"comment": "HIP random 2-dimensional integral point set (400 points), distribution 'uniform'", "faces_in_delaunay": 780}}