{"points": [{"i": 0, "x": 40.0, "y": 780.0}, {"i": 1, "x": 48.0, "y": 250.0}, {"i": 2, "x": 118.0, "y": 1000.0}, {"i": 3, "x": 138.0, "y": 2446.0}, {"i": 4, "x": 192.0, "y": 3392.0}, {"i": 5, "x": 220.0, "y": 3286.0}, {"i": 6, "x": 260.0, "y": 4766.0}, {"i": 7, "x": 270.0, "y": 2096.0}, {"i": 8, "x": 290.0, "y": 2802.0}, {"i": 9, "x": 334.0, "y": 650.0}, {"i": 10, "x": 430.0, "y": 1076.0}, {"i": 11, "x": 458.0, "y": 768.0}, {"i": 12, "x": 502.0, "y": 510.0}, {"i": 13, "x": 504.0, "y": 4102.0}, {"i": 14, "x": 604.0, "y": 1948.0}, {"i": 15, "x": 634.0, "y": 1454.0}, {"i": 16, "x": 700.0, "y": 1684.0}, {"i": 17, "x": 730.0, "y": 3964.0}, {"i": 18, "x": 770.0, "y": 3556.0}, {"i": 19, "x": 802.0, "y": 22.0}, {"i": 20, "x": 1010.0, "y": 4284.0}, {"i": 21, "x": 1024.0, "y": 1258.0}, {"i": 22, "x": 1052.0, "y": 4566.0}, {"i": 23, "x": 1078.0, "y": 350.0}, {"i": 24, "x": 1264.0, "y": 2410.0}, {"i": 25, "x": 1574.0, "y": 2162.0}, {"i": 26, "x": 1592.0, "y": 1822.0}, {"i": 27, "x": 1626.0, "y": 4642.0}, {"i": 28, "x": 1664.0, "y": 2430.0}, {"i": 29, "x": 1788.0, "y": 614.0}, {"i": 30, "x": 1900.0, "y": 752.0}, {"i": 31, "x": 1916.0, "y": 3328.0}, {"i": 32, "x": 1942.0, "y": 3038.0}, {"i": 33, "x": 2054.0, "y": 220.0}, {"i": 34, "x": 2104.0, "y": 4714.0}, {"i": 35, "x": 2110.0, "y": 3658.0}, {"i": 36, "x": 2130.0, "y": 1802.0}, {"i": 37, "x": 2208.0, "y": 4370.0}, {"i": 38, "x": 2242.0, "y": 3860.0}, {"i": 39, "x": 2252.0, "y": 4640.0}, {"i": 40, "x": 2336.0, "y": 1692.0}, {"i": 41, "x": 2456.0, "y": 40.0}, {"i": 42, "x": 2610.0, "y": 1564.0}, {"i": 43, "x": 2670.0, "y": 0.0}, {"i": 44, "x": 2748.0, "y": 3796.0}, {"i": 45, "x": 2778.0, "y": 2630.0}, {"i": 46, "x": 2972.0, "y": 2238.0}, {"i": 47, "x": 2972.0, "y": 3882.0}, {"i": 48, "x": 3156.0, "y": 3154.0}, {"i": 49, "x": 3162.0, "y": 592.0}, {"i": 50, "x": 3228.0, "y": 1398.0}, {"i": 51, "x": 3248.0, "y": 4636.0}, {"i": 52, "x": 3398.0, "y": 3826.0}, {"i": 53, "x": 3410.0, "y": 3474.0}, {"i": 54, "x": 3418.0, "y": 3168.0}, {"i": 55, "x": 3418.0, "y": 3658.0}, {"i": 56, "x": 3478.0, "y": 298.0}, {"i": 57, "x": 3622.0, "y": 978.0}, {"i": 58, "x": 3656.0, "y": 2898.0}, {"i": 59, "x": 3746.0, "y": 3546.0}, {"i": 60, "x": 3784.0, "y": 2344.0}, {"i": 61, "x": 3888.0, "y": 2686.0}, {"i": 62, "x": 3948.0, "y": 1164.0}, {"i": 63, "x": 3986.0, "y": 2820.0}, {"i": 64, "x": 4054.0, "y": 4220.0}, {"i": 65, "x": 4060.0, "y": 4158.0}, {"i": 66, "x": 4068.0, "y": 3956.0}, {"i": 67, "x": 4084.0, "y": 352.0}, {"i": 68, "x": 4144.0, "y": 2240.0}, {"i": 69, "x": 4268.0, "y": 4792.0}, {"i": 70, "x": 4410.0, "y": 1604.0}, {"i": 71, "x": 4448.0, "y": 2786.0}, {"i": 72, "x": 4478.0, "y": 2302.0}, {"i": 73, "x": 4482.0, "y": 3512.0}, {"i": 74, "x": 4488.0, "y": 3330.0}, {"i": 75, "x": 4502.0, "y": 1738.0}, {"i": 76, "x": 4568.0, "y": 2914.0}, {"i": 77, "x": 4662.0, "y": 4002.0}, {"i": 78, "x": 4680.0, "y": 974.0}, {"i": 79, "x": 4706.0, "y": 4240.0}], "type": "Instance", "name": "uniform-0000080-1", "meta": {"comment": "HIP random 2-dimensional integral point set (80 points), distribution 'uniform'", "faces_in_delaunay": 149}}