{"points": [{"i": 0, "x": 50.0, "y": 9378.0}, {"i": 1, "x": 54.0, "y": 1808.0}, {"i": 2, "x": 78.0, "y": 8404.0}, {"i": 3, "x": 162.0, "y": 8946.0}, {"i": 4, "x": 300.0, "y": 24716.0}, {"i": 5, "x": 338.0, "y": 26970.0}, {"i": 6, "x": 348.0, "y": 16706.0}, {"i": 7, "x": 400.0, "y": 28752.0}, {"i": 8, "x": 430.0, "y": 7882.0}, {"i": 9, "x": 442.0, "y": 6776.0}, {"i": 10, "x": 550.0, "y": 9408.0}, {"i": 11, "x": 584.0, "y": 27668.0}, {"i": 12, "x": 692.0, "y": 1406.0}, {"i": 13, "x": 734.0, "y": 18120.0}, {"i": 14, "x": 736.0, "y": 23566.0}, {"i": 15, "x": 756.0, "y": 5742.0}, {"i": 16, "x": 892.0, "y": 2292.0}, {"i": 17, "x": 908.0, "y": 28894.0}, {"i": 18, "x": 976.0, "y": 13330.0}, {"i": 19, "x": 982.0, "y": 10866.0}, {"i": 20, "x": 1180.0, "y": 3612.0}, {"i": 21, "x": 1200.0, "y": 19160.0}, {"i": 22, "x": 1360.0, "y": 26614.0}, {"i": 23, "x": 1414.0, "y": 21088.0}, {"i": 24, "x": 1482.0, "y": 6938.0}, {"i": 25, "x": 1486.0, "y": 29352.0}, {"i": 26, "x": 1504.0, "y": 17636.0}, {"i": 27, "x": 1554.0, "y": 25588.0}, {"i": 28, "x": 1568.0, "y": 16594.0}, {"i": 29, "x": 1582.0, "y": 28628.0}, {"i": 30, "x": 1584.0, "y": 22288.0}, {"i": 31, "x": 1648.0, "y": 21622.0}, {"i": 32, "x": 1776.0, "y": 9906.0}, {"i": 33, "x": 1780.0, "y": 24998.0}, {"i": 34, "x": 1814.0, "y": 18576.0}, {"i": 35, "x": 1860.0, "y": 24320.0}, {"i": 36, "x": 1914.0, "y": 4538.0}, {"i": 37, "x": 1952.0, "y": 18010.0}, {"i": 38, "x": 1970.0, "y": 11960.0}, {"i": 39, "x": 1996.0, "y": 24172.0}, {"i": 40, "x": 2114.0, "y": 10746.0}, {"i": 41, "x": 2116.0, "y": 396.0}, {"i": 42, "x": 2136.0, "y": 26604.0}, {"i": 43, "x": 2156.0, "y": 6382.0}, {"i": 44, "x": 2164.0, "y": 11308.0}, {"i": 45, "x": 2284.0, "y": 15308.0}, {"i": 46, "x": 2358.0, "y": 26768.0}, {"i": 47, "x": 2386.0, "y": 10440.0}, {"i": 48, "x": 2412.0, "y": 3246.0}, {"i": 49, "x": 2414.0, "y": 2004.0}, {"i": 50, "x": 2480.0, "y": 17158.0}, {"i": 51, "x": 2488.0, "y": 11066.0}, {"i": 52, "x": 2512.0, "y": 14664.0}, {"i": 53, "x": 2540.0, "y": 1378.0}, {"i": 54, "x": 2650.0, "y": 22500.0}, {"i": 55, "x": 2740.0, "y": 8570.0}, {"i": 56, "x": 2742.0, "y": 23438.0}, {"i": 57, "x": 2744.0, "y": 10240.0}, {"i": 58, "x": 2806.0, "y": 28324.0}, {"i": 59, "x": 2814.0, "y": 29452.0}, {"i": 60, "x": 2908.0, "y": 21568.0}, {"i": 61, "x": 3046.0, "y": 25958.0}, {"i": 62, "x": 3078.0, "y": 27616.0}, {"i": 63, "x": 3080.0, "y": 15226.0}, {"i": 64, "x": 3172.0, "y": 768.0}, {"i": 65, "x": 3198.0, "y": 17492.0}, {"i": 66, "x": 3260.0, "y": 7446.0}, {"i": 67, "x": 3284.0, "y": 440.0}, {"i": 68, "x": 3370.0, "y": 15986.0}, {"i": 69, "x": 3420.0, "y": 5526.0}, {"i": 70, "x": 3538.0, "y": 5102.0}, {"i": 71, "x": 3578.0, "y": 26242.0}, {"i": 72, "x": 3636.0, "y": 20234.0}, {"i": 73, "x": 3668.0, "y": 26130.0}, {"i": 74, "x": 3670.0, "y": 24670.0}, {"i": 75, "x": 3686.0, "y": 19538.0}, {"i": 76, "x": 3708.0, "y": 11412.0}, {"i": 77, "x": 3730.0, "y": 24728.0}, {"i": 78, "x": 3830.0, "y": 20760.0}, {"i": 79, "x": 3864.0, "y": 13694.0}, {"i": 80, "x": 3880.0, "y": 15668.0}, {"i": 81, "x": 3910.0, "y": 13294.0}, {"i": 82, "x": 3914.0, "y": 9896.0}, {"i": 83, "x": 4034.0, "y": 28500.0}, {"i": 84, "x": 4282.0, "y": 5374.0}, {"i": 85, "x": 4380.0, "y": 18066.0}, {"i": 86, "x": 4394.0, "y": 8.0}, {"i": 87, "x": 4456.0, "y": 15598.0}, {"i": 88, "x": 4478.0, "y": 20344.0}, {"i": 89, "x": 4558.0, "y": 19590.0}, {"i": 90, "x": 4568.0, "y": 24058.0}, {"i": 91, "x": 4590.0, "y": 23600.0}, {"i": 92, "x": 4642.0, "y": 8896.0}, {"i": 93, "x": 4664.0, "y": 10808.0}, {"i": 94, "x": 4758.0, "y": 9106.0}, {"i": 95, "x": 4782.0, "y": 24800.0}, {"i": 96, "x": 4806.0, "y": 20146.0}, {"i": 97, "x": 4810.0, "y": 6790.0}, {"i": 98, "x": 4924.0, "y": 6176.0}, {"i": 99, "x": 5026.0, "y": 8184.0}, {"i": 100, "x": 5078.0, "y": 1874.0}, {"i": 101, "x": 5082.0, "y": 21476.0}, {"i": 102, "x": 5126.0, "y": 22258.0}, {"i": 103, "x": 5188.0, "y": 27348.0}, {"i": 104, "x": 5204.0, "y": 16452.0}, {"i": 105, "x": 5294.0, "y": 29404.0}, {"i": 106, "x": 5322.0, "y": 5450.0}, {"i": 107, "x": 5370.0, "y": 11968.0}, {"i": 108, "x": 5518.0, "y": 12062.0}, {"i": 109, "x": 5638.0, "y": 21626.0}, {"i": 110, "x": 5738.0, "y": 21352.0}, {"i": 111, "x": 5742.0, "y": 3236.0}, {"i": 112, "x": 5780.0, "y": 2052.0}, {"i": 113, "x": 5786.0, "y": 10564.0}, {"i": 114, "x": 5868.0, "y": 25198.0}, {"i": 115, "x": 5892.0, "y": 19446.0}, {"i": 116, "x": 5902.0, "y": 316.0}, {"i": 117, "x": 5958.0, "y": 20158.0}, {"i": 118, "x": 5986.0, "y": 8608.0}, {"i": 119, "x": 5992.0, "y": 29720.0}, {"i": 120, "x": 6052.0, "y": 166.0}, {"i": 121, "x": 6056.0, "y": 18548.0}, {"i": 122, "x": 6132.0, "y": 6636.0}, {"i": 123, "x": 6268.0, "y": 8610.0}, {"i": 124, "x": 6340.0, "y": 886.0}, {"i": 125, "x": 6570.0, "y": 27852.0}, {"i": 126, "x": 6650.0, "y": 15934.0}, {"i": 127, "x": 6724.0, "y": 14122.0}, {"i": 128, "x": 6816.0, "y": 22998.0}, {"i": 129, "x": 6940.0, "y": 14180.0}, {"i": 130, "x": 6972.0, "y": 2000.0}, {"i": 131, "x": 6990.0, "y": 1336.0}, {"i": 132, "x": 7008.0, "y": 17492.0}, {"i": 133, "x": 7026.0, "y": 21906.0}, {"i": 134, "x": 7102.0, "y": 10828.0}, {"i": 135, "x": 7178.0, "y": 26902.0}, {"i": 136, "x": 7188.0, "y": 27686.0}, {"i": 137, "x": 7202.0, "y": 18582.0}, {"i": 138, "x": 7214.0, "y": 27698.0}, {"i": 139, "x": 7270.0, "y": 7638.0}, {"i": 140, "x": 7332.0, "y": 23484.0}, {"i": 141, "x": 7374.0, "y": 6920.0}, {"i": 142, "x": 7394.0, "y": 29752.0}, {"i": 143, "x": 7438.0, "y": 426.0}, {"i": 144, "x": 7442.0, "y": 15992.0}, {"i": 145, "x": 7496.0, "y": 9520.0}, {"i": 146, "x": 7498.0, "y": 8504.0}, {"i": 147, "x": 7550.0, "y": 15718.0}, {"i": 148, "x": 7584.0, "y": 24772.0}, {"i": 149, "x": 7606.0, "y": 20188.0}, {"i": 150, "x": 7684.0, "y": 6432.0}, {"i": 151, "x": 7684.0, "y": 7936.0}, {"i": 152, "x": 7722.0, "y": 12116.0}, {"i": 153, "x": 7794.0, "y": 2642.0}, {"i": 154, "x": 7996.0, "y": 4560.0}, {"i": 155, "x": 8010.0, "y": 20260.0}, {"i": 156, "x": 8132.0, "y": 1206.0}, {"i": 157, "x": 8132.0, "y": 7700.0}, {"i": 158, "x": 8202.0, "y": 10808.0}, {"i": 159, "x": 8286.0, "y": 6004.0}, {"i": 160, "x": 8328.0, "y": 11432.0}, {"i": 161, "x": 8360.0, "y": 7230.0}, {"i": 162, "x": 8392.0, "y": 18234.0}, {"i": 163, "x": 8538.0, "y": 5722.0}, {"i": 164, "x": 8650.0, "y": 5682.0}, {"i": 165, "x": 8970.0, "y": 14472.0}, {"i": 166, "x": 9030.0, "y": 8020.0}, {"i": 167, "x": 9530.0, "y": 11148.0}, {"i": 168, "x": 9598.0, "y": 6766.0}, {"i": 169, "x": 9602.0, "y": 17180.0}, {"i": 170, "x": 9604.0, "y": 13978.0}, {"i": 171, "x": 9642.0, "y": 4754.0}, {"i": 172, "x": 9644.0, "y": 12228.0}, {"i": 173, "x": 9680.0, "y": 3142.0}, {"i": 174, "x": 9696.0, "y": 13502.0}, {"i": 175, "x": 9784.0, "y": 15098.0}, {"i": 176, "x": 9802.0, "y": 22670.0}, {"i": 177, "x": 9856.0, "y": 2560.0}, {"i": 178, "x": 10076.0, "y": 4670.0}, {"i": 179, "x": 10250.0, "y": 17910.0}, {"i": 180, "x": 10338.0, "y": 27026.0}, {"i": 181, "x": 10386.0, "y": 12704.0}, {"i": 182, "x": 10410.0, "y": 27412.0}, {"i": 183, "x": 10628.0, "y": 1332.0}, {"i": 184, "x": 10732.0, "y": 22164.0}, {"i": 185, "x": 10766.0, "y": 26270.0}, {"i": 186, "x": 10800.0, "y": 19276.0}, {"i": 187, "x": 10860.0, "y": 5328.0}, {"i": 188, "x": 10882.0, "y": 14160.0}, {"i": 189, "x": 10916.0, "y": 25776.0}, {"i": 190, "x": 10932.0, "y": 468.0}, {"i": 191, "x": 11070.0, "y": 26360.0}, {"i": 192, "x": 11078.0, "y": 21154.0}, {"i": 193, "x": 11152.0, "y": 23056.0}, {"i": 194, "x": 11160.0, "y": 2944.0}, {"i": 195, "x": 11216.0, "y": 17156.0}, {"i": 196, "x": 11330.0, "y": 12902.0}, {"i": 197, "x": 11392.0, "y": 694.0}, {"i": 198, "x": 11402.0, "y": 26146.0}, {"i": 199, "x": 11418.0, "y": 25290.0}, {"i": 200, "x": 11490.0, "y": 13978.0}, {"i": 201, "x": 11504.0, "y": 5530.0}, {"i": 202, "x": 11518.0, "y": 18990.0}, {"i": 203, "x": 11538.0, "y": 8372.0}, {"i": 204, "x": 11540.0, "y": 10260.0}, {"i": 205, "x": 11862.0, "y": 17384.0}, {"i": 206, "x": 11878.0, "y": 22094.0}, {"i": 207, "x": 11976.0, "y": 20694.0}, {"i": 208, "x": 12186.0, "y": 28704.0}, {"i": 209, "x": 12264.0, "y": 22782.0}, {"i": 210, "x": 12280.0, "y": 7464.0}, {"i": 211, "x": 12440.0, "y": 18024.0}, {"i": 212, "x": 12464.0, "y": 11930.0}, {"i": 213, "x": 12626.0, "y": 14014.0}, {"i": 214, "x": 12650.0, "y": 14788.0}, {"i": 215, "x": 12654.0, "y": 20620.0}, {"i": 216, "x": 12664.0, "y": 2942.0}, {"i": 217, "x": 12708.0, "y": 25814.0}, {"i": 218, "x": 12768.0, "y": 17408.0}, {"i": 219, "x": 12790.0, "y": 9578.0}, {"i": 220, "x": 12840.0, "y": 16280.0}, {"i": 221, "x": 12854.0, "y": 6268.0}, {"i": 222, "x": 12874.0, "y": 25816.0}, {"i": 223, "x": 13010.0, "y": 29412.0}, {"i": 224, "x": 13060.0, "y": 6402.0}, {"i": 225, "x": 13156.0, "y": 24366.0}, {"i": 226, "x": 13316.0, "y": 1900.0}, {"i": 227, "x": 13338.0, "y": 13870.0}, {"i": 228, "x": 13346.0, "y": 18522.0}, {"i": 229, "x": 13396.0, "y": 15588.0}, {"i": 230, "x": 13426.0, "y": 6828.0}, {"i": 231, "x": 13456.0, "y": 2128.0}, {"i": 232, "x": 13504.0, "y": 21956.0}, {"i": 233, "x": 13612.0, "y": 7458.0}, {"i": 234, "x": 13706.0, "y": 13426.0}, {"i": 235, "x": 13870.0, "y": 12924.0}, {"i": 236, "x": 13898.0, "y": 8208.0}, {"i": 237, "x": 13940.0, "y": 22690.0}, {"i": 238, "x": 13974.0, "y": 23574.0}, {"i": 239, "x": 14010.0, "y": 24474.0}, {"i": 240, "x": 14048.0, "y": 1726.0}, {"i": 241, "x": 14086.0, "y": 8560.0}, {"i": 242, "x": 14138.0, "y": 13400.0}, {"i": 243, "x": 14148.0, "y": 15944.0}, {"i": 244, "x": 14166.0, "y": 798.0}, {"i": 245, "x": 14232.0, "y": 3964.0}, {"i": 246, "x": 14330.0, "y": 8464.0}, {"i": 247, "x": 14332.0, "y": 27392.0}, {"i": 248, "x": 14368.0, "y": 12450.0}, {"i": 249, "x": 14388.0, "y": 27062.0}, {"i": 250, "x": 14404.0, "y": 28488.0}, {"i": 251, "x": 14510.0, "y": 3154.0}, {"i": 252, "x": 14578.0, "y": 29258.0}, {"i": 253, "x": 14590.0, "y": 13502.0}, {"i": 254, "x": 14622.0, "y": 23888.0}, {"i": 255, "x": 14688.0, "y": 15862.0}, {"i": 256, "x": 14766.0, "y": 18792.0}, {"i": 257, "x": 14930.0, "y": 3506.0}, {"i": 258, "x": 14962.0, "y": 13552.0}, {"i": 259, "x": 14994.0, "y": 18616.0}, {"i": 260, "x": 15094.0, "y": 5964.0}, {"i": 261, "x": 15098.0, "y": 3232.0}, {"i": 262, "x": 15234.0, "y": 9242.0}, {"i": 263, "x": 15262.0, "y": 25510.0}, {"i": 264, "x": 15270.0, "y": 19878.0}, {"i": 265, "x": 15280.0, "y": 22632.0}, {"i": 266, "x": 15286.0, "y": 29108.0}, {"i": 267, "x": 15348.0, "y": 21230.0}, {"i": 268, "x": 15354.0, "y": 23408.0}, {"i": 269, "x": 15390.0, "y": 25218.0}, {"i": 270, "x": 15464.0, "y": 12024.0}, {"i": 271, "x": 15494.0, "y": 16610.0}, {"i": 272, "x": 15502.0, "y": 20794.0}, {"i": 273, "x": 15610.0, "y": 18840.0}, {"i": 274, "x": 15618.0, "y": 9436.0}, {"i": 275, "x": 15738.0, "y": 14126.0}, {"i": 276, "x": 15746.0, "y": 26968.0}, {"i": 277, "x": 15830.0, "y": 12872.0}, {"i": 278, "x": 15900.0, "y": 6764.0}, {"i": 279, "x": 15958.0, "y": 19540.0}, {"i": 280, "x": 15986.0, "y": 8046.0}, {"i": 281, "x": 15992.0, "y": 258.0}, {"i": 282, "x": 16346.0, "y": 21254.0}, {"i": 283, "x": 16348.0, "y": 15256.0}, {"i": 284, "x": 16438.0, "y": 3454.0}, {"i": 285, "x": 16538.0, "y": 25778.0}, {"i": 286, "x": 16600.0, "y": 24836.0}, {"i": 287, "x": 16744.0, "y": 17884.0}, {"i": 288, "x": 16878.0, "y": 8506.0}, {"i": 289, "x": 16910.0, "y": 14606.0}, {"i": 290, "x": 16912.0, "y": 20360.0}, {"i": 291, "x": 17064.0, "y": 22082.0}, {"i": 292, "x": 17138.0, "y": 18958.0}, {"i": 293, "x": 17148.0, "y": 24932.0}, {"i": 294, "x": 17362.0, "y": 14586.0}, {"i": 295, "x": 17368.0, "y": 7524.0}, {"i": 296, "x": 17434.0, "y": 29928.0}, {"i": 297, "x": 17448.0, "y": 27398.0}, {"i": 298, "x": 17476.0, "y": 29584.0}, {"i": 299, "x": 17480.0, "y": 21602.0}, {"i": 300, "x": 17516.0, "y": 21512.0}, {"i": 301, "x": 17528.0, "y": 12094.0}, {"i": 302, "x": 17530.0, "y": 3612.0}, {"i": 303, "x": 17546.0, "y": 26356.0}, {"i": 304, "x": 17556.0, "y": 2968.0}, {"i": 305, "x": 17688.0, "y": 5766.0}, {"i": 306, "x": 17720.0, "y": 23152.0}, {"i": 307, "x": 17778.0, "y": 22450.0}, {"i": 308, "x": 17806.0, "y": 20252.0}, {"i": 309, "x": 17970.0, "y": 20596.0}, {"i": 310, "x": 17984.0, "y": 26216.0}, {"i": 311, "x": 18208.0, "y": 15448.0}, {"i": 312, "x": 18212.0, "y": 13548.0}, {"i": 313, "x": 18256.0, "y": 25760.0}, {"i": 314, "x": 18336.0, "y": 25154.0}, {"i": 315, "x": 18340.0, "y": 27944.0}, {"i": 316, "x": 18348.0, "y": 11380.0}, {"i": 317, "x": 18368.0, "y": 15302.0}, {"i": 318, "x": 18400.0, "y": 12890.0}, {"i": 319, "x": 18522.0, "y": 608.0}, {"i": 320, "x": 18524.0, "y": 22696.0}, {"i": 321, "x": 18604.0, "y": 22714.0}, {"i": 322, "x": 18654.0, "y": 7438.0}, {"i": 323, "x": 18704.0, "y": 5374.0}, {"i": 324, "x": 18778.0, "y": 3392.0}, {"i": 325, "x": 18796.0, "y": 14128.0}, {"i": 326, "x": 18814.0, "y": 24820.0}, {"i": 327, "x": 19008.0, "y": 29896.0}, {"i": 328, "x": 19086.0, "y": 25436.0}, {"i": 329, "x": 19252.0, "y": 6224.0}, {"i": 330, "x": 19264.0, "y": 16710.0}, {"i": 331, "x": 19374.0, "y": 28868.0}, {"i": 332, "x": 19582.0, "y": 19654.0}, {"i": 333, "x": 19618.0, "y": 23500.0}, {"i": 334, "x": 19628.0, "y": 10444.0}, {"i": 335, "x": 19660.0, "y": 8442.0}, {"i": 336, "x": 19674.0, "y": 4340.0}, {"i": 337, "x": 19696.0, "y": 20456.0}, {"i": 338, "x": 19704.0, "y": 4832.0}, {"i": 339, "x": 19756.0, "y": 28936.0}, {"i": 340, "x": 19794.0, "y": 26728.0}, {"i": 341, "x": 19798.0, "y": 11374.0}, {"i": 342, "x": 19886.0, "y": 18858.0}, {"i": 343, "x": 19894.0, "y": 20322.0}, {"i": 344, "x": 19906.0, "y": 8142.0}, {"i": 345, "x": 20004.0, "y": 26392.0}, {"i": 346, "x": 20046.0, "y": 28752.0}, {"i": 347, "x": 20184.0, "y": 29078.0}, {"i": 348, "x": 20222.0, "y": 12090.0}, {"i": 349, "x": 20266.0, "y": 12998.0}, {"i": 350, "x": 20342.0, "y": 24480.0}, {"i": 351, "x": 20410.0, "y": 14344.0}, {"i": 352, "x": 20432.0, "y": 27148.0}, {"i": 353, "x": 20438.0, "y": 7342.0}, {"i": 354, "x": 20510.0, "y": 11670.0}, {"i": 355, "x": 20662.0, "y": 3352.0}, {"i": 356, "x": 20716.0, "y": 11194.0}, {"i": 357, "x": 20736.0, "y": 14340.0}, {"i": 358, "x": 20738.0, "y": 13876.0}, {"i": 359, "x": 20870.0, "y": 6042.0}, {"i": 360, "x": 21010.0, "y": 9700.0}, {"i": 361, "x": 21060.0, "y": 13848.0}, {"i": 362, "x": 21074.0, "y": 20062.0}, {"i": 363, "x": 21144.0, "y": 24402.0}, {"i": 364, "x": 21320.0, "y": 17334.0}, {"i": 365, "x": 21332.0, "y": 1058.0}, {"i": 366, "x": 21366.0, "y": 6200.0}, {"i": 367, "x": 21530.0, "y": 24288.0}, {"i": 368, "x": 21534.0, "y": 7010.0}, {"i": 369, "x": 21566.0, "y": 27460.0}, {"i": 370, "x": 21598.0, "y": 5174.0}, {"i": 371, "x": 21616.0, "y": 17634.0}, {"i": 372, "x": 21700.0, "y": 25064.0}, {"i": 373, "x": 22002.0, "y": 12554.0}, {"i": 374, "x": 22244.0, "y": 25286.0}, {"i": 375, "x": 22512.0, "y": 15592.0}, {"i": 376, "x": 22666.0, "y": 17750.0}, {"i": 377, "x": 22756.0, "y": 22528.0}, {"i": 378, "x": 22770.0, "y": 7916.0}, {"i": 379, "x": 22816.0, "y": 3964.0}, {"i": 380, "x": 22856.0, "y": 10352.0}, {"i": 381, "x": 22970.0, "y": 13728.0}, {"i": 382, "x": 23030.0, "y": 21554.0}, {"i": 383, "x": 23080.0, "y": 23826.0}, {"i": 384, "x": 23184.0, "y": 21434.0}, {"i": 385, "x": 23252.0, "y": 22576.0}, {"i": 386, "x": 23328.0, "y": 13278.0}, {"i": 387, "x": 23346.0, "y": 27006.0}, {"i": 388, "x": 23354.0, "y": 5406.0}, {"i": 389, "x": 23360.0, "y": 24156.0}, {"i": 390, "x": 23374.0, "y": 22574.0}, {"i": 391, "x": 23562.0, "y": 24670.0}, {"i": 392, "x": 23564.0, "y": 16376.0}, {"i": 393, "x": 23600.0, "y": 23388.0}, {"i": 394, "x": 23630.0, "y": 19546.0}, {"i": 395, "x": 23704.0, "y": 5546.0}, {"i": 396, "x": 23716.0, "y": 25328.0}, {"i": 397, "x": 23882.0, "y": 9140.0}, {"i": 398, "x": 23910.0, "y": 9908.0}, {"i": 399, "x": 24028.0, "y": 21468.0}, {"i": 400, "x": 24106.0, "y": 18394.0}, {"i": 401, "x": 24234.0, "y": 728.0}, {"i": 402, "x": 24262.0, "y": 28274.0}, {"i": 403, "x": 24356.0, "y": 18132.0}, {"i": 404, "x": 24358.0, "y": 21974.0}, {"i": 405, "x": 24368.0, "y": 20160.0}, {"i": 406, "x": 24372.0, "y": 21688.0}, {"i": 407, "x": 24402.0, "y": 10088.0}, {"i": 408, "x": 24478.0, "y": 29190.0}, {"i": 409, "x": 24556.0, "y": 10574.0}, {"i": 410, "x": 24632.0, "y": 23202.0}, {"i": 411, "x": 24738.0, "y": 7270.0}, {"i": 412, "x": 24766.0, "y": 578.0}, {"i": 413, "x": 24800.0, "y": 29140.0}, {"i": 414, "x": 25086.0, "y": 5416.0}, {"i": 415, "x": 25130.0, "y": 24122.0}, {"i": 416, "x": 25168.0, "y": 27170.0}, {"i": 417, "x": 25228.0, "y": 20468.0}, {"i": 418, "x": 25240.0, "y": 2562.0}, {"i": 419, "x": 25250.0, "y": 29194.0}, {"i": 420, "x": 25298.0, "y": 8598.0}, {"i": 421, "x": 25348.0, "y": 27240.0}, {"i": 422, "x": 25372.0, "y": 24446.0}, {"i": 423, "x": 25378.0, "y": 13236.0}, {"i": 424, "x": 25508.0, "y": 29254.0}, {"i": 425, "x": 25634.0, "y": 29542.0}, {"i": 426, "x": 25752.0, "y": 29566.0}, {"i": 427, "x": 25822.0, "y": 13376.0}, {"i": 428, "x": 25892.0, "y": 13910.0}, {"i": 429, "x": 25968.0, "y": 11662.0}, {"i": 430, "x": 25980.0, "y": 7004.0}, {"i": 431, "x": 26112.0, "y": 1336.0}, {"i": 432, "x": 26228.0, "y": 14428.0}, {"i": 433, "x": 26246.0, "y": 18906.0}, {"i": 434, "x": 26286.0, "y": 15646.0}, {"i": 435, "x": 26392.0, "y": 29324.0}, {"i": 436, "x": 26450.0, "y": 5422.0}, {"i": 437, "x": 26498.0, "y": 5898.0}, {"i": 438, "x": 26500.0, "y": 26770.0}, {"i": 439, "x": 26504.0, "y": 6060.0}, {"i": 440, "x": 26576.0, "y": 23448.0}, {"i": 441, "x": 26588.0, "y": 29528.0}, {"i": 442, "x": 26590.0, "y": 21474.0}, {"i": 443, "x": 26682.0, "y": 29214.0}, {"i": 444, "x": 26708.0, "y": 7106.0}, {"i": 445, "x": 26730.0, "y": 21792.0}, {"i": 446, "x": 26742.0, "y": 23856.0}, {"i": 447, "x": 26756.0, "y": 28118.0}, {"i": 448, "x": 26818.0, "y": 24408.0}, {"i": 449, "x": 26912.0, "y": 25314.0}, {"i": 450, "x": 26966.0, "y": 8472.0}, {"i": 451, "x": 27056.0, "y": 18880.0}, {"i": 452, "x": 27198.0, "y": 28270.0}, {"i": 453, "x": 27210.0, "y": 14570.0}, {"i": 454, "x": 27224.0, "y": 4474.0}, {"i": 455, "x": 27234.0, "y": 2628.0}, {"i": 456, "x": 27240.0, "y": 6118.0}, {"i": 457, "x": 27342.0, "y": 10824.0}, {"i": 458, "x": 27372.0, "y": 19316.0}, {"i": 459, "x": 27518.0, "y": 12730.0}, {"i": 460, "x": 27542.0, "y": 13260.0}, {"i": 461, "x": 27552.0, "y": 10094.0}, {"i": 462, "x": 27578.0, "y": 14442.0}, {"i": 463, "x": 27672.0, "y": 27622.0}, {"i": 464, "x": 27730.0, "y": 18500.0}, {"i": 465, "x": 27730.0, "y": 28494.0}, {"i": 466, "x": 28040.0, "y": 10780.0}, {"i": 467, "x": 28150.0, "y": 1726.0}, {"i": 468, "x": 28230.0, "y": 12104.0}, {"i": 469, "x": 28340.0, "y": 6248.0}, {"i": 470, "x": 28394.0, "y": 2560.0}, {"i": 471, "x": 28432.0, "y": 7180.0}, {"i": 472, "x": 28452.0, "y": 21282.0}, {"i": 473, "x": 28504.0, "y": 13302.0}, {"i": 474, "x": 28512.0, "y": 120.0}, {"i": 475, "x": 28564.0, "y": 12580.0}, {"i": 476, "x": 28568.0, "y": 8542.0}, {"i": 477, "x": 28596.0, "y": 3944.0}, {"i": 478, "x": 28688.0, "y": 20272.0}, {"i": 479, "x": 28764.0, "y": 14934.0}, {"i": 480, "x": 28840.0, "y": 23104.0}, {"i": 481, "x": 28914.0, "y": 3424.0}, {"i": 482, "x": 28972.0, "y": 14056.0}, {"i": 483, "x": 29138.0, "y": 20066.0}, {"i": 484, "x": 29228.0, "y": 6336.0}, {"i": 485, "x": 29282.0, "y": 12968.0}, {"i": 486, "x": 29296.0, "y": 4320.0}, {"i": 487, "x": 29336.0, "y": 10230.0}, {"i": 488, "x": 29338.0, "y": 18256.0}, {"i": 489, "x": 29376.0, "y": 15324.0}, {"i": 490, "x": 29422.0, "y": 28204.0}, {"i": 491, "x": 29520.0, "y": 22360.0}, {"i": 492, "x": 29534.0, "y": 12308.0}, {"i": 493, "x": 29594.0, "y": 6820.0}, {"i": 494, "x": 29646.0, "y": 25790.0}, {"i": 495, "x": 29702.0, "y": 6736.0}, {"i": 496, "x": 29790.0, "y": 9344.0}, {"i": 497, "x": 29820.0, "y": 24146.0}, {"i": 498, "x": 29836.0, "y": 6806.0}, {"i": 499, "x": 29992.0, "y": 23130.0}], "type": "Instance", "name": "uniform-0000500-2", "meta": {"comment": "HIP random 2-dimensional integral point set (500 points), distribution 'uniform'", "faces_in_delaunay": 981}}