{"points": [{"i": 0, "x": 62.0, "y": 1582.0}, {"i": 1, "x": 218.0, "y": 966.0}, {"i": 2, "x": 228.0, "y": 2162.0}, {"i": 3, "x": 280.0, "y": 5752.0}, {"i": 4, "x": 432.0, "y": 2972.0}, {"i": 5, "x": 460.0, "y": 5748.0}, {"i": 6, "x": 462.0, "y": 2262.0}, {"i": 7, "x": 532.0, "y": 1590.0}, {"i": 8, "x": 660.0, "y": 3370.0}, {"i": 9, "x": 694.0, "y": 3700.0}, {"i": 10, "x": 754.0, "y": 58.0}, {"i": 11, "x": 782.0, "y": 4420.0}, {"i": 12, "x": 798.0, "y": 1384.0}, {"i": 13, "x": 888.0, "y": 5442.0}, {"i": 14, "x": 892.0, "y": 4880.0}, {"i": 15, "x": 960.0, "y": 1428.0}, {"i": 16, "x": 996.0, "y": 4138.0}, {"i": 17, "x": 1016.0, "y": 5892.0}, {"i": 18, "x": 1062.0, "y": 452.0}, {"i": 19, "x": 1090.0, "y": 4720.0}, {"i": 20, "x": 1142.0, "y": 2518.0}, {"i": 21, "x": 1186.0, "y": 2822.0}, {"i": 22, "x": 1188.0, "y": 1772.0}, {"i": 23, "x": 1228.0, "y": 312.0}, {"i": 24, "x": 1266.0, "y": 3686.0}, {"i": 25, "x": 1350.0, "y": 4822.0}, {"i": 26, "x": 1444.0, "y": 550.0}, {"i": 27, "x": 1462.0, "y": 1274.0}, {"i": 28, "x": 1676.0, "y": 3230.0}, {"i": 29, "x": 1766.0, "y": 1338.0}, {"i": 30, "x": 1826.0, "y": 48.0}, {"i": 31, "x": 1922.0, "y": 2718.0}, {"i": 32, "x": 1976.0, "y": 3922.0}, {"i": 33, "x": 2004.0, "y": 826.0}, {"i": 34, "x": 2232.0, "y": 3252.0}, {"i": 35, "x": 2280.0, "y": 5512.0}, {"i": 36, "x": 2526.0, "y": 4952.0}, {"i": 37, "x": 2572.0, "y": 5640.0}, {"i": 38, "x": 2618.0, "y": 3232.0}, {"i": 39, "x": 2668.0, "y": 746.0}, {"i": 40, "x": 2716.0, "y": 4934.0}, {"i": 41, "x": 2740.0, "y": 2240.0}, {"i": 42, "x": 2854.0, "y": 2746.0}, {"i": 43, "x": 2876.0, "y": 4082.0}, {"i": 44, "x": 2964.0, "y": 3764.0}, {"i": 45, "x": 2996.0, "y": 4078.0}, {"i": 46, "x": 3022.0, "y": 3752.0}, {"i": 47, "x": 3174.0, "y": 404.0}, {"i": 48, "x": 3220.0, "y": 1536.0}, {"i": 49, "x": 3240.0, "y": 5150.0}, {"i": 50, "x": 3280.0, "y": 4224.0}, {"i": 51, "x": 3314.0, "y": 1706.0}, {"i": 52, "x": 3326.0, "y": 2048.0}, {"i": 53, "x": 3406.0, "y": 2692.0}, {"i": 54, "x": 3494.0, "y": 2812.0}, {"i": 55, "x": 3538.0, "y": 1506.0}, {"i": 56, "x": 3572.0, "y": 4604.0}, {"i": 57, "x": 3716.0, "y": 4866.0}, {"i": 58, "x": 3736.0, "y": 1338.0}, {"i": 59, "x": 3736.0, "y": 3652.0}, {"i": 60, "x": 3748.0, "y": 2518.0}, {"i": 61, "x": 3940.0, "y": 5532.0}, {"i": 62, "x": 3944.0, "y": 5476.0}, {"i": 63, "x": 4080.0, "y": 4416.0}, {"i": 64, "x": 4084.0, "y": 1130.0}, {"i": 65, "x": 4226.0, "y": 1518.0}, {"i": 66, "x": 4274.0, "y": 1792.0}, {"i": 67, "x": 4280.0, "y": 32.0}, {"i": 68, "x": 4296.0, "y": 1164.0}, {"i": 69, "x": 4338.0, "y": 1514.0}, {"i": 70, "x": 4352.0, "y": 5014.0}, {"i": 71, "x": 4384.0, "y": 3152.0}, {"i": 72, "x": 4456.0, "y": 1494.0}, {"i": 73, "x": 4584.0, "y": 948.0}, {"i": 74, "x": 4628.0, "y": 5316.0}, {"i": 75, "x": 4642.0, "y": 2570.0}, {"i": 76, "x": 4644.0, "y": 5676.0}, {"i": 77, "x": 4664.0, "y": 124.0}, {"i": 78, "x": 4686.0, "y": 4558.0}, {"i": 79, "x": 4698.0, "y": 1116.0}, {"i": 80, "x": 4700.0, "y": 2554.0}, {"i": 81, "x": 4772.0, "y": 4774.0}, {"i": 82, "x": 4800.0, "y": 1710.0}, {"i": 83, "x": 4848.0, "y": 1798.0}, {"i": 84, "x": 4950.0, "y": 870.0}, {"i": 85, "x": 4994.0, "y": 20.0}, {"i": 86, "x": 5050.0, "y": 142.0}, {"i": 87, "x": 5094.0, "y": 1552.0}, {"i": 88, "x": 5102.0, "y": 3656.0}, {"i": 89, "x": 5152.0, "y": 3514.0}, {"i": 90, "x": 5412.0, "y": 2746.0}, {"i": 91, "x": 5506.0, "y": 3668.0}, {"i": 92, "x": 5530.0, "y": 5970.0}, {"i": 93, "x": 5730.0, "y": 4552.0}, {"i": 94, "x": 5750.0, "y": 152.0}, {"i": 95, "x": 5796.0, "y": 3372.0}, {"i": 96, "x": 5832.0, "y": 2010.0}, {"i": 97, "x": 5850.0, "y": 5528.0}, {"i": 98, "x": 5906.0, "y": 3514.0}, {"i": 99, "x": 5922.0, "y": 38.0}], "type": "Instance", "name": "uniform-0000100-1", "meta": {"comment": "HIP random 2-dimensional integral point set (100 points), distribution 'uniform'", "faces_in_delaunay": 187}}