{"points": [{"i": 0, "x": 10.0, "y": 1120.0}, {"i": 1, "x": 66.0, "y": 1496.0}, {"i": 2, "x": 126.0, "y": 770.0}, {"i": 3, "x": 172.0, "y": 1168.0}, {"i": 4, "x": 214.0, "y": 1052.0}, {"i": 5, "x": 340.0, "y": 1164.0}, {"i": 6, "x": 418.0, "y": 1462.0}, {"i": 7, "x": 458.0, "y": 520.0}, {"i": 8, "x": 464.0, "y": 936.0}, {"i": 9, "x": 526.0, "y": 1190.0}, {"i": 10, "x": 602.0, "y": 1206.0}, {"i": 11, "x": 732.0, "y": 82.0}, {"i": 12, "x": 750.0, "y": 1242.0}, {"i": 13, "x": 810.0, "y": 136.0}, {"i": 14, "x": 848.0, "y": 544.0}, {"i": 15, "x": 920.0, "y": 134.0}, {"i": 16, "x": 956.0, "y": 1448.0}, {"i": 17, "x": 966.0, "y": 960.0}, {"i": 18, "x": 972.0, "y": 380.0}, {"i": 19, "x": 1108.0, "y": 24.0}, {"i": 20, "x": 1134.0, "y": 1140.0}, {"i": 21, "x": 1190.0, "y": 744.0}, {"i": 22, "x": 1330.0, "y": 1336.0}, {"i": 23, "x": 1354.0, "y": 120.0}, {"i": 24, "x": 1398.0, "y": 928.0}], "type": "Instance", "name": "uniform-0000025-2", "meta": {"comment": "HIP random 2-dimensional integral point set (25 points), distribution 'uniform'", "faces_in_delaunay": 39}}