{"points": [{"i": 0, "x": 76.0, "y": 1632.0}, {"i": 1, "x": 154.0, "y": 1960.0}, {"i": 2, "x": 174.0, "y": 1180.0}, {"i": 3, "x": 206.0, "y": 2442.0}, {"i": 4, "x": 212.0, "y": 2026.0}, {"i": 5, "x": 236.0, "y": 1552.0}, {"i": 6, "x": 260.0, "y": 2502.0}, {"i": 7, "x": 308.0, "y": 804.0}, {"i": 8, "x": 332.0, "y": 1658.0}, {"i": 9, "x": 352.0, "y": 2024.0}, {"i": 10, "x": 448.0, "y": 1880.0}, {"i": 11, "x": 526.0, "y": 128.0}, {"i": 12, "x": 540.0, "y": 1440.0}, {"i": 13, "x": 624.0, "y": 712.0}, {"i": 14, "x": 662.0, "y": 672.0}, {"i": 15, "x": 724.0, "y": 1006.0}, {"i": 16, "x": 766.0, "y": 1606.0}, {"i": 17, "x": 768.0, "y": 384.0}, {"i": 18, "x": 784.0, "y": 12.0}, {"i": 19, "x": 974.0, "y": 1150.0}, {"i": 20, "x": 1062.0, "y": 408.0}, {"i": 21, "x": 1090.0, "y": 2150.0}, {"i": 22, "x": 1118.0, "y": 1890.0}, {"i": 23, "x": 1128.0, "y": 1794.0}, {"i": 24, "x": 1140.0, "y": 622.0}, {"i": 25, "x": 1186.0, "y": 1644.0}, {"i": 26, "x": 1186.0, "y": 2690.0}, {"i": 27, "x": 1208.0, "y": 1812.0}, {"i": 28, "x": 1296.0, "y": 84.0}, {"i": 29, "x": 1522.0, "y": 2340.0}, {"i": 30, "x": 1668.0, "y": 2284.0}, {"i": 31, "x": 1708.0, "y": 1374.0}, {"i": 32, "x": 1716.0, "y": 2022.0}, {"i": 33, "x": 1844.0, "y": 1012.0}, {"i": 34, "x": 1882.0, "y": 1830.0}, {"i": 35, "x": 1986.0, "y": 54.0}, {"i": 36, "x": 2078.0, "y": 948.0}, {"i": 37, "x": 2116.0, "y": 2222.0}, {"i": 38, "x": 2148.0, "y": 1520.0}, {"i": 39, "x": 2234.0, "y": 794.0}, {"i": 40, "x": 2338.0, "y": 586.0}, {"i": 41, "x": 2392.0, "y": 758.0}, {"i": 42, "x": 2416.0, "y": 1358.0}, {"i": 43, "x": 2418.0, "y": 1072.0}, {"i": 44, "x": 2670.0, "y": 560.0}], "type": "Instance", "name": "uniform-0000045-1", "meta": {"comment": "HIP random 2-dimensional integral point set (45 points), distribution 'uniform'", "faces_in_delaunay": 77}}