{"points": [{"i": 0, "x": 106.0, "y": 472.0}, {"i": 1, "x": 170.0, "y": 192.0}, {"i": 2, "x": 218.0, "y": 272.0}, {"i": 3, "x": 274.0, "y": 44.0}, {"i": 4, "x": 310.0, "y": 332.0}, {"i": 5, "x": 322.0, "y": 392.0}, {"i": 6, "x": 338.0, "y": 30.0}, {"i": 7, "x": 504.0, "y": 164.0}, {"i": 8, "x": 534.0, "y": 98.0}, {"i": 9, "x": 562.0, "y": 512.0}], "type": "Instance", "name": "uniform-0000010-1", "meta": {"comment": "HIP random 2-dimensional integral point set (10 points), distribution 'uniform'", "faces_in_delaunay": 12}}