{"points": [{"i": 0, "x": 52.0, "y": 26834.0}, {"i": 1, "x": 126.0, "y": 9298.0}, {"i": 2, "x": 128.0, "y": 21802.0}, {"i": 3, "x": 138.0, "y": 13394.0}, {"i": 4, "x": 378.0, "y": 10048.0}, {"i": 5, "x": 388.0, "y": 22.0}, {"i": 6, "x": 492.0, "y": 13078.0}, {"i": 7, "x": 616.0, "y": 16562.0}, {"i": 8, "x": 642.0, "y": 14832.0}, {"i": 9, "x": 686.0, "y": 19388.0}, {"i": 10, "x": 774.0, "y": 28772.0}, {"i": 11, "x": 826.0, "y": 644.0}, {"i": 12, "x": 828.0, "y": 4630.0}, {"i": 13, "x": 926.0, "y": 26688.0}, {"i": 14, "x": 926.0, "y": 34642.0}, {"i": 15, "x": 1044.0, "y": 31280.0}, {"i": 16, "x": 1060.0, "y": 14974.0}, {"i": 17, "x": 1100.0, "y": 11334.0}, {"i": 18, "x": 1108.0, "y": 32304.0}, {"i": 19, "x": 1236.0, "y": 26014.0}, {"i": 20, "x": 1264.0, "y": 1090.0}, {"i": 21, "x": 1302.0, "y": 2722.0}, {"i": 22, "x": 1356.0, "y": 7730.0}, {"i": 23, "x": 1400.0, "y": 25924.0}, {"i": 24, "x": 1590.0, "y": 2864.0}, {"i": 25, "x": 1602.0, "y": 8882.0}, {"i": 26, "x": 1628.0, "y": 12892.0}, {"i": 27, "x": 1666.0, "y": 34700.0}, {"i": 28, "x": 1696.0, "y": 28538.0}, {"i": 29, "x": 1730.0, "y": 10492.0}, {"i": 30, "x": 1908.0, "y": 14778.0}, {"i": 31, "x": 1920.0, "y": 34408.0}, {"i": 32, "x": 1982.0, "y": 22346.0}, {"i": 33, "x": 2066.0, "y": 14558.0}, {"i": 34, "x": 2074.0, "y": 18730.0}, {"i": 35, "x": 2168.0, "y": 15804.0}, {"i": 36, "x": 2250.0, "y": 27464.0}, {"i": 37, "x": 2254.0, "y": 2078.0}, {"i": 38, "x": 2446.0, "y": 14404.0}, {"i": 39, "x": 2488.0, "y": 28956.0}, {"i": 40, "x": 2490.0, "y": 4326.0}, {"i": 41, "x": 2514.0, "y": 17700.0}, {"i": 42, "x": 2604.0, "y": 2762.0}, {"i": 43, "x": 2620.0, "y": 12192.0}, {"i": 44, "x": 2674.0, "y": 7800.0}, {"i": 45, "x": 2758.0, "y": 19636.0}, {"i": 46, "x": 2860.0, "y": 21434.0}, {"i": 47, "x": 2882.0, "y": 3002.0}, {"i": 48, "x": 2900.0, "y": 28604.0}, {"i": 49, "x": 2940.0, "y": 9488.0}, {"i": 50, "x": 2982.0, "y": 20374.0}, {"i": 51, "x": 2994.0, "y": 8232.0}, {"i": 52, "x": 3130.0, "y": 11690.0}, {"i": 53, "x": 3202.0, "y": 17148.0}, {"i": 54, "x": 3258.0, "y": 9510.0}, {"i": 55, "x": 3342.0, "y": 11022.0}, {"i": 56, "x": 3348.0, "y": 12426.0}, {"i": 57, "x": 3352.0, "y": 13372.0}, {"i": 58, "x": 3476.0, "y": 26492.0}, {"i": 59, "x": 3550.0, "y": 26264.0}, {"i": 60, "x": 3554.0, "y": 26560.0}, {"i": 61, "x": 3674.0, "y": 10526.0}, {"i": 62, "x": 3872.0, "y": 31630.0}, {"i": 63, "x": 3914.0, "y": 14270.0}, {"i": 64, "x": 3916.0, "y": 16718.0}, {"i": 65, "x": 3928.0, "y": 25570.0}, {"i": 66, "x": 3940.0, "y": 21916.0}, {"i": 67, "x": 3954.0, "y": 21626.0}, {"i": 68, "x": 3972.0, "y": 6352.0}, {"i": 69, "x": 3986.0, "y": 9210.0}, {"i": 70, "x": 4074.0, "y": 27738.0}, {"i": 71, "x": 4162.0, "y": 16840.0}, {"i": 72, "x": 4176.0, "y": 30384.0}, {"i": 73, "x": 4328.0, "y": 12886.0}, {"i": 74, "x": 4364.0, "y": 21756.0}, {"i": 75, "x": 4382.0, "y": 11948.0}, {"i": 76, "x": 4428.0, "y": 718.0}, {"i": 77, "x": 4450.0, "y": 12130.0}, {"i": 78, "x": 4460.0, "y": 34828.0}, {"i": 79, "x": 4564.0, "y": 16720.0}, {"i": 80, "x": 4610.0, "y": 31746.0}, {"i": 81, "x": 4616.0, "y": 7456.0}, {"i": 82, "x": 4648.0, "y": 15374.0}, {"i": 83, "x": 4698.0, "y": 978.0}, {"i": 84, "x": 4830.0, "y": 21788.0}, {"i": 85, "x": 4838.0, "y": 16490.0}, {"i": 86, "x": 4940.0, "y": 35776.0}, {"i": 87, "x": 5096.0, "y": 18980.0}, {"i": 88, "x": 5230.0, "y": 29680.0}, {"i": 89, "x": 5322.0, "y": 19106.0}, {"i": 90, "x": 5324.0, "y": 18224.0}, {"i": 91, "x": 5326.0, "y": 27780.0}, {"i": 92, "x": 5336.0, "y": 25724.0}, {"i": 93, "x": 5396.0, "y": 30016.0}, {"i": 94, "x": 5434.0, "y": 12234.0}, {"i": 95, "x": 5436.0, "y": 15548.0}, {"i": 96, "x": 5526.0, "y": 29682.0}, {"i": 97, "x": 5572.0, "y": 1444.0}, {"i": 98, "x": 5586.0, "y": 26288.0}, {"i": 99, "x": 5606.0, "y": 3872.0}, {"i": 100, "x": 5638.0, "y": 288.0}, {"i": 101, "x": 5650.0, "y": 29742.0}, {"i": 102, "x": 5656.0, "y": 4464.0}, {"i": 103, "x": 5702.0, "y": 33130.0}, {"i": 104, "x": 5808.0, "y": 15030.0}, {"i": 105, "x": 5852.0, "y": 23540.0}, {"i": 106, "x": 5852.0, "y": 30872.0}, {"i": 107, "x": 5862.0, "y": 7722.0}, {"i": 108, "x": 5954.0, "y": 1958.0}, {"i": 109, "x": 5982.0, "y": 34080.0}, {"i": 110, "x": 5990.0, "y": 12654.0}, {"i": 111, "x": 6062.0, "y": 8738.0}, {"i": 112, "x": 6180.0, "y": 1356.0}, {"i": 113, "x": 6212.0, "y": 4388.0}, {"i": 114, "x": 6238.0, "y": 29902.0}, {"i": 115, "x": 6296.0, "y": 24632.0}, {"i": 116, "x": 6400.0, "y": 18000.0}, {"i": 117, "x": 6418.0, "y": 21728.0}, {"i": 118, "x": 6690.0, "y": 24560.0}, {"i": 119, "x": 6728.0, "y": 9404.0}, {"i": 120, "x": 6832.0, "y": 9856.0}, {"i": 121, "x": 6848.0, "y": 30326.0}, {"i": 122, "x": 6856.0, "y": 4904.0}, {"i": 123, "x": 6862.0, "y": 28240.0}, {"i": 124, "x": 6952.0, "y": 22932.0}, {"i": 125, "x": 7032.0, "y": 34284.0}, {"i": 126, "x": 7052.0, "y": 34806.0}, {"i": 127, "x": 7092.0, "y": 33700.0}, {"i": 128, "x": 7132.0, "y": 7360.0}, {"i": 129, "x": 7158.0, "y": 6130.0}, {"i": 130, "x": 7322.0, "y": 11664.0}, {"i": 131, "x": 7358.0, "y": 5254.0}, {"i": 132, "x": 7452.0, "y": 35674.0}, {"i": 133, "x": 7456.0, "y": 7196.0}, {"i": 134, "x": 7462.0, "y": 32712.0}, {"i": 135, "x": 7714.0, "y": 22368.0}, {"i": 136, "x": 7744.0, "y": 3454.0}, {"i": 137, "x": 7910.0, "y": 34944.0}, {"i": 138, "x": 7920.0, "y": 25106.0}, {"i": 139, "x": 7950.0, "y": 30546.0}, {"i": 140, "x": 8206.0, "y": 33822.0}, {"i": 141, "x": 8282.0, "y": 10406.0}, {"i": 142, "x": 8386.0, "y": 5214.0}, {"i": 143, "x": 8390.0, "y": 27616.0}, {"i": 144, "x": 8488.0, "y": 20964.0}, {"i": 145, "x": 8644.0, "y": 27808.0}, {"i": 146, "x": 8660.0, "y": 13866.0}, {"i": 147, "x": 8706.0, "y": 11204.0}, {"i": 148, "x": 8784.0, "y": 11610.0}, {"i": 149, "x": 8856.0, "y": 28700.0}, {"i": 150, "x": 8886.0, "y": 29598.0}, {"i": 151, "x": 9044.0, "y": 1876.0}, {"i": 152, "x": 9072.0, "y": 24026.0}, {"i": 153, "x": 9126.0, "y": 32830.0}, {"i": 154, "x": 9198.0, "y": 31406.0}, {"i": 155, "x": 9202.0, "y": 18768.0}, {"i": 156, "x": 9296.0, "y": 15602.0}, {"i": 157, "x": 9324.0, "y": 1554.0}, {"i": 158, "x": 9348.0, "y": 17612.0}, {"i": 159, "x": 9358.0, "y": 8430.0}, {"i": 160, "x": 9374.0, "y": 17202.0}, {"i": 161, "x": 9528.0, "y": 29768.0}, {"i": 162, "x": 9582.0, "y": 31986.0}, {"i": 163, "x": 9584.0, "y": 20992.0}, {"i": 164, "x": 9678.0, "y": 16314.0}, {"i": 165, "x": 9682.0, "y": 28074.0}, {"i": 166, "x": 9788.0, "y": 34306.0}, {"i": 167, "x": 9924.0, "y": 32858.0}, {"i": 168, "x": 9966.0, "y": 9082.0}, {"i": 169, "x": 9974.0, "y": 8874.0}, {"i": 170, "x": 10018.0, "y": 9548.0}, {"i": 171, "x": 10018.0, "y": 27954.0}, {"i": 172, "x": 10076.0, "y": 2324.0}, {"i": 173, "x": 10116.0, "y": 30426.0}, {"i": 174, "x": 10132.0, "y": 16572.0}, {"i": 175, "x": 10142.0, "y": 2728.0}, {"i": 176, "x": 10180.0, "y": 7362.0}, {"i": 177, "x": 10222.0, "y": 30690.0}, {"i": 178, "x": 10228.0, "y": 35990.0}, {"i": 179, "x": 10382.0, "y": 19010.0}, {"i": 180, "x": 10596.0, "y": 31836.0}, {"i": 181, "x": 10640.0, "y": 2550.0}, {"i": 182, "x": 10728.0, "y": 26572.0}, {"i": 183, "x": 10734.0, "y": 18824.0}, {"i": 184, "x": 10756.0, "y": 16324.0}, {"i": 185, "x": 10766.0, "y": 2614.0}, {"i": 186, "x": 10828.0, "y": 17888.0}, {"i": 187, "x": 10836.0, "y": 28026.0}, {"i": 188, "x": 10864.0, "y": 34492.0}, {"i": 189, "x": 10980.0, "y": 34504.0}, {"i": 190, "x": 10996.0, "y": 20164.0}, {"i": 191, "x": 11050.0, "y": 4660.0}, {"i": 192, "x": 11120.0, "y": 8962.0}, {"i": 193, "x": 11170.0, "y": 3700.0}, {"i": 194, "x": 11178.0, "y": 30158.0}, {"i": 195, "x": 11284.0, "y": 13218.0}, {"i": 196, "x": 11316.0, "y": 6446.0}, {"i": 197, "x": 11320.0, "y": 14150.0}, {"i": 198, "x": 11406.0, "y": 33002.0}, {"i": 199, "x": 11422.0, "y": 28614.0}, {"i": 200, "x": 11508.0, "y": 16714.0}, {"i": 201, "x": 11602.0, "y": 22428.0}, {"i": 202, "x": 11616.0, "y": 11698.0}, {"i": 203, "x": 11638.0, "y": 23606.0}, {"i": 204, "x": 11692.0, "y": 23030.0}, {"i": 205, "x": 11694.0, "y": 31942.0}, {"i": 206, "x": 11736.0, "y": 21130.0}, {"i": 207, "x": 11756.0, "y": 2944.0}, {"i": 208, "x": 11816.0, "y": 32184.0}, {"i": 209, "x": 11852.0, "y": 31996.0}, {"i": 210, "x": 11872.0, "y": 20662.0}, {"i": 211, "x": 12074.0, "y": 4844.0}, {"i": 212, "x": 12074.0, "y": 10692.0}, {"i": 213, "x": 12184.0, "y": 21804.0}, {"i": 214, "x": 12398.0, "y": 17370.0}, {"i": 215, "x": 12454.0, "y": 34420.0}, {"i": 216, "x": 12478.0, "y": 28514.0}, {"i": 217, "x": 12492.0, "y": 6274.0}, {"i": 218, "x": 12576.0, "y": 218.0}, {"i": 219, "x": 12616.0, "y": 9482.0}, {"i": 220, "x": 12650.0, "y": 1396.0}, {"i": 221, "x": 12666.0, "y": 26626.0}, {"i": 222, "x": 12806.0, "y": 35714.0}, {"i": 223, "x": 12826.0, "y": 18136.0}, {"i": 224, "x": 12876.0, "y": 17834.0}, {"i": 225, "x": 12936.0, "y": 20456.0}, {"i": 226, "x": 12978.0, "y": 31804.0}, {"i": 227, "x": 13034.0, "y": 3100.0}, {"i": 228, "x": 13048.0, "y": 31834.0}, {"i": 229, "x": 13174.0, "y": 30828.0}, {"i": 230, "x": 13222.0, "y": 19240.0}, {"i": 231, "x": 13256.0, "y": 4162.0}, {"i": 232, "x": 13360.0, "y": 31740.0}, {"i": 233, "x": 13406.0, "y": 7244.0}, {"i": 234, "x": 13438.0, "y": 28276.0}, {"i": 235, "x": 13450.0, "y": 10750.0}, {"i": 236, "x": 13520.0, "y": 9456.0}, {"i": 237, "x": 13530.0, "y": 6788.0}, {"i": 238, "x": 13552.0, "y": 20486.0}, {"i": 239, "x": 13584.0, "y": 30280.0}, {"i": 240, "x": 13604.0, "y": 21898.0}, {"i": 241, "x": 13614.0, "y": 9974.0}, {"i": 242, "x": 13698.0, "y": 18886.0}, {"i": 243, "x": 13720.0, "y": 29320.0}, {"i": 244, "x": 13778.0, "y": 20102.0}, {"i": 245, "x": 13836.0, "y": 3320.0}, {"i": 246, "x": 13842.0, "y": 7196.0}, {"i": 247, "x": 13848.0, "y": 24890.0}, {"i": 248, "x": 13934.0, "y": 29658.0}, {"i": 249, "x": 14024.0, "y": 28286.0}, {"i": 250, "x": 14080.0, "y": 8410.0}, {"i": 251, "x": 14096.0, "y": 24294.0}, {"i": 252, "x": 14106.0, "y": 34802.0}, {"i": 253, "x": 14120.0, "y": 1218.0}, {"i": 254, "x": 14232.0, "y": 13122.0}, {"i": 255, "x": 14388.0, "y": 16856.0}, {"i": 256, "x": 14452.0, "y": 30222.0}, {"i": 257, "x": 14458.0, "y": 6416.0}, {"i": 258, "x": 14472.0, "y": 19858.0}, {"i": 259, "x": 14498.0, "y": 18730.0}, {"i": 260, "x": 14796.0, "y": 27436.0}, {"i": 261, "x": 14816.0, "y": 19124.0}, {"i": 262, "x": 14842.0, "y": 14232.0}, {"i": 263, "x": 14844.0, "y": 4910.0}, {"i": 264, "x": 15090.0, "y": 26976.0}, {"i": 265, "x": 15230.0, "y": 112.0}, {"i": 266, "x": 15250.0, "y": 22572.0}, {"i": 267, "x": 15402.0, "y": 35804.0}, {"i": 268, "x": 15416.0, "y": 34160.0}, {"i": 269, "x": 15644.0, "y": 22426.0}, {"i": 270, "x": 15666.0, "y": 956.0}, {"i": 271, "x": 15766.0, "y": 3274.0}, {"i": 272, "x": 15844.0, "y": 2268.0}, {"i": 273, "x": 15898.0, "y": 4484.0}, {"i": 274, "x": 15914.0, "y": 10642.0}, {"i": 275, "x": 15960.0, "y": 30996.0}, {"i": 276, "x": 16012.0, "y": 15162.0}, {"i": 277, "x": 16014.0, "y": 19866.0}, {"i": 278, "x": 16090.0, "y": 35776.0}, {"i": 279, "x": 16172.0, "y": 26082.0}, {"i": 280, "x": 16172.0, "y": 27994.0}, {"i": 281, "x": 16174.0, "y": 16638.0}, {"i": 282, "x": 16224.0, "y": 7510.0}, {"i": 283, "x": 16298.0, "y": 20378.0}, {"i": 284, "x": 16396.0, "y": 21644.0}, {"i": 285, "x": 16554.0, "y": 28354.0}, {"i": 286, "x": 16610.0, "y": 6896.0}, {"i": 287, "x": 16626.0, "y": 5792.0}, {"i": 288, "x": 16678.0, "y": 11982.0}, {"i": 289, "x": 16684.0, "y": 24408.0}, {"i": 290, "x": 17118.0, "y": 8688.0}, {"i": 291, "x": 17122.0, "y": 31650.0}, {"i": 292, "x": 17164.0, "y": 19916.0}, {"i": 293, "x": 17256.0, "y": 9084.0}, {"i": 294, "x": 17278.0, "y": 33920.0}, {"i": 295, "x": 17336.0, "y": 12740.0}, {"i": 296, "x": 17342.0, "y": 29020.0}, {"i": 297, "x": 17366.0, "y": 33428.0}, {"i": 298, "x": 17370.0, "y": 22948.0}, {"i": 299, "x": 17392.0, "y": 22480.0}, {"i": 300, "x": 17444.0, "y": 19336.0}, {"i": 301, "x": 17532.0, "y": 3480.0}, {"i": 302, "x": 17536.0, "y": 1958.0}, {"i": 303, "x": 17540.0, "y": 4364.0}, {"i": 304, "x": 17596.0, "y": 29996.0}, {"i": 305, "x": 17990.0, "y": 34178.0}, {"i": 306, "x": 18010.0, "y": 24952.0}, {"i": 307, "x": 18040.0, "y": 15302.0}, {"i": 308, "x": 18058.0, "y": 21380.0}, {"i": 309, "x": 18100.0, "y": 22522.0}, {"i": 310, "x": 18126.0, "y": 19340.0}, {"i": 311, "x": 18168.0, "y": 32950.0}, {"i": 312, "x": 18284.0, "y": 5878.0}, {"i": 313, "x": 18284.0, "y": 14884.0}, {"i": 314, "x": 18312.0, "y": 20014.0}, {"i": 315, "x": 18322.0, "y": 12492.0}, {"i": 316, "x": 18390.0, "y": 21106.0}, {"i": 317, "x": 18422.0, "y": 19130.0}, {"i": 318, "x": 18488.0, "y": 9732.0}, {"i": 319, "x": 18634.0, "y": 9332.0}, {"i": 320, "x": 18774.0, "y": 34926.0}, {"i": 321, "x": 18820.0, "y": 4184.0}, {"i": 322, "x": 18866.0, "y": 26100.0}, {"i": 323, "x": 18882.0, "y": 14598.0}, {"i": 324, "x": 19096.0, "y": 7714.0}, {"i": 325, "x": 19150.0, "y": 3354.0}, {"i": 326, "x": 19202.0, "y": 11470.0}, {"i": 327, "x": 19232.0, "y": 26696.0}, {"i": 328, "x": 19280.0, "y": 23188.0}, {"i": 329, "x": 19288.0, "y": 20306.0}, {"i": 330, "x": 19368.0, "y": 5844.0}, {"i": 331, "x": 19500.0, "y": 21616.0}, {"i": 332, "x": 19724.0, "y": 13008.0}, {"i": 333, "x": 19820.0, "y": 18452.0}, {"i": 334, "x": 20072.0, "y": 18946.0}, {"i": 335, "x": 20102.0, "y": 8230.0}, {"i": 336, "x": 20270.0, "y": 10732.0}, {"i": 337, "x": 20270.0, "y": 29026.0}, {"i": 338, "x": 20272.0, "y": 25560.0}, {"i": 339, "x": 20298.0, "y": 16158.0}, {"i": 340, "x": 20314.0, "y": 27276.0}, {"i": 341, "x": 20436.0, "y": 12836.0}, {"i": 342, "x": 20508.0, "y": 29758.0}, {"i": 343, "x": 20540.0, "y": 16240.0}, {"i": 344, "x": 20576.0, "y": 28518.0}, {"i": 345, "x": 20608.0, "y": 11462.0}, {"i": 346, "x": 20610.0, "y": 16072.0}, {"i": 347, "x": 20640.0, "y": 13024.0}, {"i": 348, "x": 20856.0, "y": 21058.0}, {"i": 349, "x": 20884.0, "y": 24914.0}, {"i": 350, "x": 20930.0, "y": 29962.0}, {"i": 351, "x": 21020.0, "y": 27668.0}, {"i": 352, "x": 21054.0, "y": 12966.0}, {"i": 353, "x": 21090.0, "y": 20228.0}, {"i": 354, "x": 21260.0, "y": 1872.0}, {"i": 355, "x": 21288.0, "y": 15356.0}, {"i": 356, "x": 21298.0, "y": 1912.0}, {"i": 357, "x": 21334.0, "y": 30594.0}, {"i": 358, "x": 21340.0, "y": 8508.0}, {"i": 359, "x": 21382.0, "y": 18498.0}, {"i": 360, "x": 21510.0, "y": 25874.0}, {"i": 361, "x": 21540.0, "y": 23558.0}, {"i": 362, "x": 21682.0, "y": 14180.0}, {"i": 363, "x": 21700.0, "y": 22646.0}, {"i": 364, "x": 21742.0, "y": 9998.0}, {"i": 365, "x": 21748.0, "y": 9184.0}, {"i": 366, "x": 21768.0, "y": 12212.0}, {"i": 367, "x": 21902.0, "y": 118.0}, {"i": 368, "x": 21934.0, "y": 31706.0}, {"i": 369, "x": 22070.0, "y": 14584.0}, {"i": 370, "x": 22106.0, "y": 24710.0}, {"i": 371, "x": 22124.0, "y": 25242.0}, {"i": 372, "x": 22188.0, "y": 11538.0}, {"i": 373, "x": 22330.0, "y": 8264.0}, {"i": 374, "x": 22366.0, "y": 2588.0}, {"i": 375, "x": 22388.0, "y": 11118.0}, {"i": 376, "x": 22426.0, "y": 1290.0}, {"i": 377, "x": 22428.0, "y": 28652.0}, {"i": 378, "x": 22656.0, "y": 2680.0}, {"i": 379, "x": 22672.0, "y": 33172.0}, {"i": 380, "x": 22688.0, "y": 6324.0}, {"i": 381, "x": 22798.0, "y": 17726.0}, {"i": 382, "x": 22878.0, "y": 32094.0}, {"i": 383, "x": 22914.0, "y": 27624.0}, {"i": 384, "x": 23032.0, "y": 6352.0}, {"i": 385, "x": 23070.0, "y": 29452.0}, {"i": 386, "x": 23074.0, "y": 34432.0}, {"i": 387, "x": 23104.0, "y": 11362.0}, {"i": 388, "x": 23204.0, "y": 2660.0}, {"i": 389, "x": 23216.0, "y": 4840.0}, {"i": 390, "x": 23224.0, "y": 10192.0}, {"i": 391, "x": 23262.0, "y": 2176.0}, {"i": 392, "x": 23294.0, "y": 16836.0}, {"i": 393, "x": 23568.0, "y": 7818.0}, {"i": 394, "x": 23576.0, "y": 1410.0}, {"i": 395, "x": 23598.0, "y": 25002.0}, {"i": 396, "x": 23630.0, "y": 25454.0}, {"i": 397, "x": 23690.0, "y": 7700.0}, {"i": 398, "x": 23738.0, "y": 8470.0}, {"i": 399, "x": 23766.0, "y": 8974.0}, {"i": 400, "x": 23782.0, "y": 8974.0}, {"i": 401, "x": 23790.0, "y": 11502.0}, {"i": 402, "x": 23810.0, "y": 4046.0}, {"i": 403, "x": 23842.0, "y": 15584.0}, {"i": 404, "x": 23878.0, "y": 6976.0}, {"i": 405, "x": 23942.0, "y": 16882.0}, {"i": 406, "x": 23960.0, "y": 21098.0}, {"i": 407, "x": 23994.0, "y": 8722.0}, {"i": 408, "x": 24074.0, "y": 2022.0}, {"i": 409, "x": 24182.0, "y": 7200.0}, {"i": 410, "x": 24210.0, "y": 25292.0}, {"i": 411, "x": 24510.0, "y": 32128.0}, {"i": 412, "x": 24602.0, "y": 1530.0}, {"i": 413, "x": 24608.0, "y": 25768.0}, {"i": 414, "x": 24626.0, "y": 22038.0}, {"i": 415, "x": 24634.0, "y": 8526.0}, {"i": 416, "x": 24656.0, "y": 12016.0}, {"i": 417, "x": 24656.0, "y": 12398.0}, {"i": 418, "x": 24690.0, "y": 20708.0}, {"i": 419, "x": 24738.0, "y": 18732.0}, {"i": 420, "x": 24914.0, "y": 15370.0}, {"i": 421, "x": 24916.0, "y": 12136.0}, {"i": 422, "x": 25092.0, "y": 27708.0}, {"i": 423, "x": 25132.0, "y": 21756.0}, {"i": 424, "x": 25146.0, "y": 12666.0}, {"i": 425, "x": 25164.0, "y": 28610.0}, {"i": 426, "x": 25186.0, "y": 35796.0}, {"i": 427, "x": 25206.0, "y": 12510.0}, {"i": 428, "x": 25248.0, "y": 33940.0}, {"i": 429, "x": 25326.0, "y": 16918.0}, {"i": 430, "x": 25332.0, "y": 5474.0}, {"i": 431, "x": 25358.0, "y": 5916.0}, {"i": 432, "x": 25366.0, "y": 16094.0}, {"i": 433, "x": 25378.0, "y": 280.0}, {"i": 434, "x": 25510.0, "y": 3580.0}, {"i": 435, "x": 25690.0, "y": 19052.0}, {"i": 436, "x": 25754.0, "y": 15752.0}, {"i": 437, "x": 25910.0, "y": 21056.0}, {"i": 438, "x": 26018.0, "y": 22302.0}, {"i": 439, "x": 26074.0, "y": 25666.0}, {"i": 440, "x": 26076.0, "y": 29522.0}, {"i": 441, "x": 26086.0, "y": 25350.0}, {"i": 442, "x": 26288.0, "y": 22822.0}, {"i": 443, "x": 26306.0, "y": 22514.0}, {"i": 444, "x": 26450.0, "y": 6886.0}, {"i": 445, "x": 26484.0, "y": 7346.0}, {"i": 446, "x": 26556.0, "y": 4638.0}, {"i": 447, "x": 26562.0, "y": 33800.0}, {"i": 448, "x": 26594.0, "y": 28666.0}, {"i": 449, "x": 26616.0, "y": 19172.0}, {"i": 450, "x": 26842.0, "y": 11658.0}, {"i": 451, "x": 26864.0, "y": 11834.0}, {"i": 452, "x": 26900.0, "y": 34008.0}, {"i": 453, "x": 26902.0, "y": 24018.0}, {"i": 454, "x": 26906.0, "y": 15940.0}, {"i": 455, "x": 27038.0, "y": 7654.0}, {"i": 456, "x": 27136.0, "y": 19872.0}, {"i": 457, "x": 27140.0, "y": 19686.0}, {"i": 458, "x": 27148.0, "y": 21834.0}, {"i": 459, "x": 27182.0, "y": 18614.0}, {"i": 460, "x": 27238.0, "y": 4402.0}, {"i": 461, "x": 27270.0, "y": 8558.0}, {"i": 462, "x": 27294.0, "y": 19290.0}, {"i": 463, "x": 27300.0, "y": 23102.0}, {"i": 464, "x": 27442.0, "y": 8330.0}, {"i": 465, "x": 27528.0, "y": 1280.0}, {"i": 466, "x": 27714.0, "y": 5122.0}, {"i": 467, "x": 27786.0, "y": 30250.0}, {"i": 468, "x": 27922.0, "y": 19670.0}, {"i": 469, "x": 28042.0, "y": 25226.0}, {"i": 470, "x": 28126.0, "y": 32024.0}, {"i": 471, "x": 28144.0, "y": 34960.0}, {"i": 472, "x": 28186.0, "y": 35594.0}, {"i": 473, "x": 28220.0, "y": 24944.0}, {"i": 474, "x": 28222.0, "y": 11310.0}, {"i": 475, "x": 28244.0, "y": 11540.0}, {"i": 476, "x": 28272.0, "y": 9238.0}, {"i": 477, "x": 28288.0, "y": 12832.0}, {"i": 478, "x": 28358.0, "y": 13344.0}, {"i": 479, "x": 28524.0, "y": 35154.0}, {"i": 480, "x": 28784.0, "y": 2952.0}, {"i": 481, "x": 28816.0, "y": 27844.0}, {"i": 482, "x": 28910.0, "y": 32286.0}, {"i": 483, "x": 28918.0, "y": 12926.0}, {"i": 484, "x": 28940.0, "y": 8250.0}, {"i": 485, "x": 28974.0, "y": 31980.0}, {"i": 486, "x": 29030.0, "y": 31596.0}, {"i": 487, "x": 29032.0, "y": 8246.0}, {"i": 488, "x": 29046.0, "y": 24922.0}, {"i": 489, "x": 29086.0, "y": 19458.0}, {"i": 490, "x": 29206.0, "y": 4258.0}, {"i": 491, "x": 29392.0, "y": 940.0}, {"i": 492, "x": 29412.0, "y": 34986.0}, {"i": 493, "x": 29546.0, "y": 3352.0}, {"i": 494, "x": 29576.0, "y": 1436.0}, {"i": 495, "x": 29598.0, "y": 29184.0}, {"i": 496, "x": 29604.0, "y": 21580.0}, {"i": 497, "x": 29638.0, "y": 7148.0}, {"i": 498, "x": 29762.0, "y": 1912.0}, {"i": 499, "x": 29762.0, "y": 13148.0}, {"i": 500, "x": 29784.0, "y": 6734.0}, {"i": 501, "x": 29892.0, "y": 13740.0}, {"i": 502, "x": 30050.0, "y": 7076.0}, {"i": 503, "x": 30098.0, "y": 30232.0}, {"i": 504, "x": 30198.0, "y": 6750.0}, {"i": 505, "x": 30200.0, "y": 6520.0}, {"i": 506, "x": 30334.0, "y": 13640.0}, {"i": 507, "x": 30390.0, "y": 10778.0}, {"i": 508, "x": 30420.0, "y": 20186.0}, {"i": 509, "x": 30548.0, "y": 29524.0}, {"i": 510, "x": 30736.0, "y": 24672.0}, {"i": 511, "x": 30762.0, "y": 28688.0}, {"i": 512, "x": 30796.0, "y": 28982.0}, {"i": 513, "x": 30810.0, "y": 1276.0}, {"i": 514, "x": 30874.0, "y": 20408.0}, {"i": 515, "x": 30902.0, "y": 27762.0}, {"i": 516, "x": 30914.0, "y": 21786.0}, {"i": 517, "x": 30972.0, "y": 29170.0}, {"i": 518, "x": 31130.0, "y": 22084.0}, {"i": 519, "x": 31190.0, "y": 7088.0}, {"i": 520, "x": 31198.0, "y": 29050.0}, {"i": 521, "x": 31362.0, "y": 31106.0}, {"i": 522, "x": 31382.0, "y": 20558.0}, {"i": 523, "x": 31396.0, "y": 16936.0}, {"i": 524, "x": 31426.0, "y": 24050.0}, {"i": 525, "x": 31446.0, "y": 27602.0}, {"i": 526, "x": 31460.0, "y": 20968.0}, {"i": 527, "x": 31478.0, "y": 12828.0}, {"i": 528, "x": 31492.0, "y": 610.0}, {"i": 529, "x": 31548.0, "y": 12246.0}, {"i": 530, "x": 31668.0, "y": 17118.0}, {"i": 531, "x": 31742.0, "y": 25082.0}, {"i": 532, "x": 31748.0, "y": 17682.0}, {"i": 533, "x": 31772.0, "y": 464.0}, {"i": 534, "x": 31876.0, "y": 35220.0}, {"i": 535, "x": 31964.0, "y": 34524.0}, {"i": 536, "x": 31992.0, "y": 2210.0}, {"i": 537, "x": 32012.0, "y": 20468.0}, {"i": 538, "x": 32086.0, "y": 22510.0}, {"i": 539, "x": 32092.0, "y": 6186.0}, {"i": 540, "x": 32116.0, "y": 706.0}, {"i": 541, "x": 32160.0, "y": 27548.0}, {"i": 542, "x": 32202.0, "y": 2404.0}, {"i": 543, "x": 32214.0, "y": 2194.0}, {"i": 544, "x": 32238.0, "y": 14652.0}, {"i": 545, "x": 32290.0, "y": 28282.0}, {"i": 546, "x": 32334.0, "y": 29958.0}, {"i": 547, "x": 32342.0, "y": 33840.0}, {"i": 548, "x": 32344.0, "y": 754.0}, {"i": 549, "x": 32362.0, "y": 10882.0}, {"i": 550, "x": 32486.0, "y": 9020.0}, {"i": 551, "x": 32626.0, "y": 30118.0}, {"i": 552, "x": 32696.0, "y": 2176.0}, {"i": 553, "x": 32702.0, "y": 24258.0}, {"i": 554, "x": 32710.0, "y": 12696.0}, {"i": 555, "x": 32896.0, "y": 9736.0}, {"i": 556, "x": 33014.0, "y": 28012.0}, {"i": 557, "x": 33026.0, "y": 33336.0}, {"i": 558, "x": 33106.0, "y": 1230.0}, {"i": 559, "x": 33166.0, "y": 20328.0}, {"i": 560, "x": 33228.0, "y": 5180.0}, {"i": 561, "x": 33286.0, "y": 24040.0}, {"i": 562, "x": 33402.0, "y": 17116.0}, {"i": 563, "x": 33588.0, "y": 3866.0}, {"i": 564, "x": 33602.0, "y": 31064.0}, {"i": 565, "x": 33604.0, "y": 19570.0}, {"i": 566, "x": 33604.0, "y": 30284.0}, {"i": 567, "x": 33630.0, "y": 8456.0}, {"i": 568, "x": 33640.0, "y": 22866.0}, {"i": 569, "x": 33654.0, "y": 6688.0}, {"i": 570, "x": 33692.0, "y": 12668.0}, {"i": 571, "x": 33724.0, "y": 30572.0}, {"i": 572, "x": 33858.0, "y": 14854.0}, {"i": 573, "x": 33890.0, "y": 35380.0}, {"i": 574, "x": 33896.0, "y": 22162.0}, {"i": 575, "x": 34144.0, "y": 34234.0}, {"i": 576, "x": 34218.0, "y": 27914.0}, {"i": 577, "x": 34244.0, "y": 11390.0}, {"i": 578, "x": 34370.0, "y": 27372.0}, {"i": 579, "x": 34576.0, "y": 19364.0}, {"i": 580, "x": 34816.0, "y": 29400.0}, {"i": 581, "x": 34820.0, "y": 23960.0}, {"i": 582, "x": 34854.0, "y": 5578.0}, {"i": 583, "x": 34916.0, "y": 28776.0}, {"i": 584, "x": 34946.0, "y": 32694.0}, {"i": 585, "x": 35032.0, "y": 12188.0}, {"i": 586, "x": 35126.0, "y": 29764.0}, {"i": 587, "x": 35192.0, "y": 16938.0}, {"i": 588, "x": 35256.0, "y": 8234.0}, {"i": 589, "x": 35268.0, "y": 1880.0}, {"i": 590, "x": 35374.0, "y": 30626.0}, {"i": 591, "x": 35410.0, "y": 1252.0}, {"i": 592, "x": 35426.0, "y": 6278.0}, {"i": 593, "x": 35494.0, "y": 24274.0}, {"i": 594, "x": 35588.0, "y": 6172.0}, {"i": 595, "x": 35626.0, "y": 20902.0}, {"i": 596, "x": 35832.0, "y": 7920.0}, {"i": 597, "x": 35862.0, "y": 34996.0}, {"i": 598, "x": 35902.0, "y": 1582.0}, {"i": 599, "x": 35918.0, "y": 30282.0}], "type": "Instance", "name": "uniform-0000600-2", "meta": {"comment": "HIP random 2-dimensional integral point set (600 points), distribution 'uniform'", "faces_in_delaunay": 1184}}