{"points": [{"i": 0, "x": 16.0, "y": 2294.0}, {"i": 1, "x": 72.0, "y": 404.0}, {"i": 2, "x": 98.0, "y": 2030.0}, {"i": 3, "x": 120.0, "y": 846.0}, {"i": 4, "x": 228.0, "y": 2194.0}, {"i": 5, "x": 262.0, "y": 2624.0}, {"i": 6, "x": 288.0, "y": 2262.0}, {"i": 7, "x": 398.0, "y": 552.0}, {"i": 8, "x": 516.0, "y": 1730.0}, {"i": 9, "x": 538.0, "y": 1384.0}, {"i": 10, "x": 538.0, "y": 2232.0}, {"i": 11, "x": 566.0, "y": 2022.0}, {"i": 12, "x": 586.0, "y": 2318.0}, {"i": 13, "x": 640.0, "y": 1102.0}, {"i": 14, "x": 788.0, "y": 878.0}, {"i": 15, "x": 900.0, "y": 294.0}, {"i": 16, "x": 934.0, "y": 632.0}, {"i": 17, "x": 1084.0, "y": 1512.0}, {"i": 18, "x": 1166.0, "y": 150.0}, {"i": 19, "x": 1198.0, "y": 864.0}, {"i": 20, "x": 1218.0, "y": 1086.0}, {"i": 21, "x": 1256.0, "y": 38.0}, {"i": 22, "x": 1490.0, "y": 688.0}, {"i": 23, "x": 1518.0, "y": 774.0}, {"i": 24, "x": 1520.0, "y": 1348.0}, {"i": 25, "x": 1546.0, "y": 2566.0}, {"i": 26, "x": 1578.0, "y": 2192.0}, {"i": 27, "x": 1654.0, "y": 2452.0}, {"i": 28, "x": 1682.0, "y": 2356.0}, {"i": 29, "x": 1708.0, "y": 1800.0}, {"i": 30, "x": 1724.0, "y": 1256.0}, {"i": 31, "x": 1728.0, "y": 2418.0}, {"i": 32, "x": 1774.0, "y": 604.0}, {"i": 33, "x": 1782.0, "y": 1278.0}, {"i": 34, "x": 1980.0, "y": 1374.0}, {"i": 35, "x": 1996.0, "y": 2178.0}, {"i": 36, "x": 2008.0, "y": 794.0}, {"i": 37, "x": 2082.0, "y": 1822.0}, {"i": 38, "x": 2298.0, "y": 1364.0}, {"i": 39, "x": 2390.0, "y": 1852.0}, {"i": 40, "x": 2432.0, "y": 314.0}, {"i": 41, "x": 2464.0, "y": 302.0}, {"i": 42, "x": 2540.0, "y": 1904.0}, {"i": 43, "x": 2612.0, "y": 720.0}, {"i": 44, "x": 2660.0, "y": 484.0}], "type": "Instance", "name": "uniform-0000045-2", "meta": {"comment": "HIP random 2-dimensional integral point set (45 points), distribution 'uniform'", "faces_in_delaunay": 80}}