{"points": [{"i": 0, "x": 38.0, "y": 14380.0}, {"i": 1, "x": 104.0, "y": 23058.0}, {"i": 2, "x": 304.0, "y": 37968.0}, {"i": 3, "x": 356.0, "y": 4418.0}, {"i": 4, "x": 378.0, "y": 45702.0}, {"i": 5, "x": 382.0, "y": 32644.0}, {"i": 6, "x": 398.0, "y": 9376.0}, {"i": 7, "x": 474.0, "y": 42824.0}, {"i": 8, "x": 476.0, "y": 47978.0}, {"i": 9, "x": 492.0, "y": 17988.0}, {"i": 10, "x": 504.0, "y": 40054.0}, {"i": 11, "x": 650.0, "y": 9216.0}, {"i": 12, "x": 736.0, "y": 25282.0}, {"i": 13, "x": 810.0, "y": 33224.0}, {"i": 14, "x": 896.0, "y": 19852.0}, {"i": 15, "x": 918.0, "y": 43956.0}, {"i": 16, "x": 942.0, "y": 24968.0}, {"i": 17, "x": 942.0, "y": 37624.0}, {"i": 18, "x": 984.0, "y": 45486.0}, {"i": 19, "x": 1054.0, "y": 30776.0}, {"i": 20, "x": 1086.0, "y": 23368.0}, {"i": 21, "x": 1116.0, "y": 16750.0}, {"i": 22, "x": 1162.0, "y": 16174.0}, {"i": 23, "x": 1166.0, "y": 39392.0}, {"i": 24, "x": 1170.0, "y": 46496.0}, {"i": 25, "x": 1188.0, "y": 17254.0}, {"i": 26, "x": 1296.0, "y": 21152.0}, {"i": 27, "x": 1308.0, "y": 14414.0}, {"i": 28, "x": 1308.0, "y": 27786.0}, {"i": 29, "x": 1404.0, "y": 31942.0}, {"i": 30, "x": 1426.0, "y": 12046.0}, {"i": 31, "x": 1574.0, "y": 13936.0}, {"i": 32, "x": 1654.0, "y": 45646.0}, {"i": 33, "x": 1712.0, "y": 3936.0}, {"i": 34, "x": 1754.0, "y": 23674.0}, {"i": 35, "x": 1780.0, "y": 44032.0}, {"i": 36, "x": 1808.0, "y": 32878.0}, {"i": 37, "x": 1856.0, "y": 10862.0}, {"i": 38, "x": 1858.0, "y": 33270.0}, {"i": 39, "x": 1936.0, "y": 2210.0}, {"i": 40, "x": 1936.0, "y": 23682.0}, {"i": 41, "x": 2144.0, "y": 5510.0}, {"i": 42, "x": 2168.0, "y": 41988.0}, {"i": 43, "x": 2190.0, "y": 10890.0}, {"i": 44, "x": 2252.0, "y": 15892.0}, {"i": 45, "x": 2272.0, "y": 23174.0}, {"i": 46, "x": 2310.0, "y": 14124.0}, {"i": 47, "x": 2362.0, "y": 35818.0}, {"i": 48, "x": 2380.0, "y": 19810.0}, {"i": 49, "x": 2468.0, "y": 2648.0}, {"i": 50, "x": 2472.0, "y": 26614.0}, {"i": 51, "x": 2526.0, "y": 14244.0}, {"i": 52, "x": 2642.0, "y": 24280.0}, {"i": 53, "x": 2642.0, "y": 29152.0}, {"i": 54, "x": 2686.0, "y": 46466.0}, {"i": 55, "x": 2722.0, "y": 20544.0}, {"i": 56, "x": 2742.0, "y": 27836.0}, {"i": 57, "x": 2772.0, "y": 32736.0}, {"i": 58, "x": 2780.0, "y": 31032.0}, {"i": 59, "x": 2844.0, "y": 43672.0}, {"i": 60, "x": 2908.0, "y": 33708.0}, {"i": 61, "x": 2978.0, "y": 11110.0}, {"i": 62, "x": 3006.0, "y": 14086.0}, {"i": 63, "x": 3032.0, "y": 47922.0}, {"i": 64, "x": 3040.0, "y": 31942.0}, {"i": 65, "x": 3064.0, "y": 9026.0}, {"i": 66, "x": 3126.0, "y": 42364.0}, {"i": 67, "x": 3248.0, "y": 26268.0}, {"i": 68, "x": 3290.0, "y": 43608.0}, {"i": 69, "x": 3396.0, "y": 1148.0}, {"i": 70, "x": 3428.0, "y": 13422.0}, {"i": 71, "x": 3434.0, "y": 37878.0}, {"i": 72, "x": 3614.0, "y": 38626.0}, {"i": 73, "x": 3620.0, "y": 38382.0}, {"i": 74, "x": 3662.0, "y": 24346.0}, {"i": 75, "x": 3668.0, "y": 44178.0}, {"i": 76, "x": 3682.0, "y": 46606.0}, {"i": 77, "x": 3694.0, "y": 39970.0}, {"i": 78, "x": 3786.0, "y": 39780.0}, {"i": 79, "x": 3812.0, "y": 42120.0}, {"i": 80, "x": 3836.0, "y": 26930.0}, {"i": 81, "x": 3870.0, "y": 30412.0}, {"i": 82, "x": 3896.0, "y": 9410.0}, {"i": 83, "x": 3918.0, "y": 39452.0}, {"i": 84, "x": 3994.0, "y": 37426.0}, {"i": 85, "x": 4016.0, "y": 34468.0}, {"i": 86, "x": 4020.0, "y": 9994.0}, {"i": 87, "x": 4042.0, "y": 11966.0}, {"i": 88, "x": 4056.0, "y": 2360.0}, {"i": 89, "x": 4180.0, "y": 34206.0}, {"i": 90, "x": 4216.0, "y": 12812.0}, {"i": 91, "x": 4244.0, "y": 7928.0}, {"i": 92, "x": 4298.0, "y": 7020.0}, {"i": 93, "x": 4300.0, "y": 17272.0}, {"i": 94, "x": 4398.0, "y": 39866.0}, {"i": 95, "x": 4416.0, "y": 36542.0}, {"i": 96, "x": 4442.0, "y": 36082.0}, {"i": 97, "x": 4532.0, "y": 43652.0}, {"i": 98, "x": 4652.0, "y": 42466.0}, {"i": 99, "x": 4694.0, "y": 12574.0}, {"i": 100, "x": 4748.0, "y": 23034.0}, {"i": 101, "x": 4760.0, "y": 25830.0}, {"i": 102, "x": 4770.0, "y": 17900.0}, {"i": 103, "x": 4848.0, "y": 32842.0}, {"i": 104, "x": 4876.0, "y": 45006.0}, {"i": 105, "x": 4916.0, "y": 27336.0}, {"i": 106, "x": 4922.0, "y": 36576.0}, {"i": 107, "x": 4948.0, "y": 39248.0}, {"i": 108, "x": 4990.0, "y": 33880.0}, {"i": 109, "x": 5004.0, "y": 22450.0}, {"i": 110, "x": 5046.0, "y": 23978.0}, {"i": 111, "x": 5056.0, "y": 39004.0}, {"i": 112, "x": 5098.0, "y": 33966.0}, {"i": 113, "x": 5224.0, "y": 14926.0}, {"i": 114, "x": 5346.0, "y": 36918.0}, {"i": 115, "x": 5392.0, "y": 34266.0}, {"i": 116, "x": 5470.0, "y": 24354.0}, {"i": 117, "x": 5486.0, "y": 16638.0}, {"i": 118, "x": 5502.0, "y": 42298.0}, {"i": 119, "x": 5554.0, "y": 45388.0}, {"i": 120, "x": 5606.0, "y": 13120.0}, {"i": 121, "x": 5608.0, "y": 15054.0}, {"i": 122, "x": 5682.0, "y": 44920.0}, {"i": 123, "x": 5748.0, "y": 24910.0}, {"i": 124, "x": 5780.0, "y": 1206.0}, {"i": 125, "x": 5848.0, "y": 6022.0}, {"i": 126, "x": 5858.0, "y": 35780.0}, {"i": 127, "x": 6014.0, "y": 25938.0}, {"i": 128, "x": 6074.0, "y": 2966.0}, {"i": 129, "x": 6088.0, "y": 13912.0}, {"i": 130, "x": 6096.0, "y": 6090.0}, {"i": 131, "x": 6114.0, "y": 15870.0}, {"i": 132, "x": 6114.0, "y": 42408.0}, {"i": 133, "x": 6368.0, "y": 25792.0}, {"i": 134, "x": 6400.0, "y": 4586.0}, {"i": 135, "x": 6516.0, "y": 22626.0}, {"i": 136, "x": 6530.0, "y": 31252.0}, {"i": 137, "x": 6534.0, "y": 28756.0}, {"i": 138, "x": 6608.0, "y": 30398.0}, {"i": 139, "x": 6638.0, "y": 19898.0}, {"i": 140, "x": 6648.0, "y": 20604.0}, {"i": 141, "x": 6656.0, "y": 24372.0}, {"i": 142, "x": 6670.0, "y": 11238.0}, {"i": 143, "x": 6758.0, "y": 43422.0}, {"i": 144, "x": 6792.0, "y": 27124.0}, {"i": 145, "x": 6798.0, "y": 168.0}, {"i": 146, "x": 6966.0, "y": 41954.0}, {"i": 147, "x": 7010.0, "y": 18032.0}, {"i": 148, "x": 7012.0, "y": 35596.0}, {"i": 149, "x": 7018.0, "y": 11728.0}, {"i": 150, "x": 7062.0, "y": 17158.0}, {"i": 151, "x": 7068.0, "y": 40288.0}, {"i": 152, "x": 7088.0, "y": 5310.0}, {"i": 153, "x": 7212.0, "y": 19620.0}, {"i": 154, "x": 7262.0, "y": 24542.0}, {"i": 155, "x": 7376.0, "y": 14746.0}, {"i": 156, "x": 7394.0, "y": 45740.0}, {"i": 157, "x": 7412.0, "y": 10992.0}, {"i": 158, "x": 7446.0, "y": 43552.0}, {"i": 159, "x": 7486.0, "y": 6920.0}, {"i": 160, "x": 7578.0, "y": 4090.0}, {"i": 161, "x": 7608.0, "y": 15498.0}, {"i": 162, "x": 7672.0, "y": 32174.0}, {"i": 163, "x": 7738.0, "y": 40266.0}, {"i": 164, "x": 7830.0, "y": 33940.0}, {"i": 165, "x": 7956.0, "y": 18210.0}, {"i": 166, "x": 7980.0, "y": 15292.0}, {"i": 167, "x": 8006.0, "y": 35594.0}, {"i": 168, "x": 8020.0, "y": 26484.0}, {"i": 169, "x": 8056.0, "y": 33388.0}, {"i": 170, "x": 8132.0, "y": 21992.0}, {"i": 171, "x": 8160.0, "y": 31756.0}, {"i": 172, "x": 8230.0, "y": 28726.0}, {"i": 173, "x": 8360.0, "y": 35966.0}, {"i": 174, "x": 8476.0, "y": 33708.0}, {"i": 175, "x": 8646.0, "y": 41804.0}, {"i": 176, "x": 8734.0, "y": 43258.0}, {"i": 177, "x": 8746.0, "y": 45006.0}, {"i": 178, "x": 8766.0, "y": 2770.0}, {"i": 179, "x": 8796.0, "y": 29004.0}, {"i": 180, "x": 9110.0, "y": 8506.0}, {"i": 181, "x": 9200.0, "y": 672.0}, {"i": 182, "x": 9248.0, "y": 37188.0}, {"i": 183, "x": 9280.0, "y": 20152.0}, {"i": 184, "x": 9356.0, "y": 32434.0}, {"i": 185, "x": 9398.0, "y": 2426.0}, {"i": 186, "x": 9416.0, "y": 31100.0}, {"i": 187, "x": 9432.0, "y": 16840.0}, {"i": 188, "x": 9618.0, "y": 29292.0}, {"i": 189, "x": 9636.0, "y": 33520.0}, {"i": 190, "x": 9786.0, "y": 47566.0}, {"i": 191, "x": 9880.0, "y": 36648.0}, {"i": 192, "x": 9906.0, "y": 26978.0}, {"i": 193, "x": 9982.0, "y": 19588.0}, {"i": 194, "x": 10002.0, "y": 35690.0}, {"i": 195, "x": 10042.0, "y": 42274.0}, {"i": 196, "x": 10056.0, "y": 17570.0}, {"i": 197, "x": 10088.0, "y": 46360.0}, {"i": 198, "x": 10106.0, "y": 45404.0}, {"i": 199, "x": 10130.0, "y": 45404.0}, {"i": 200, "x": 10132.0, "y": 41454.0}, {"i": 201, "x": 10148.0, "y": 13470.0}, {"i": 202, "x": 10194.0, "y": 30068.0}, {"i": 203, "x": 10288.0, "y": 8130.0}, {"i": 204, "x": 10358.0, "y": 12110.0}, {"i": 205, "x": 10372.0, "y": 16048.0}, {"i": 206, "x": 10416.0, "y": 8332.0}, {"i": 207, "x": 10494.0, "y": 31122.0}, {"i": 208, "x": 10670.0, "y": 5228.0}, {"i": 209, "x": 10832.0, "y": 19738.0}, {"i": 210, "x": 10838.0, "y": 16410.0}, {"i": 211, "x": 10852.0, "y": 23760.0}, {"i": 212, "x": 10894.0, "y": 212.0}, {"i": 213, "x": 10960.0, "y": 18676.0}, {"i": 214, "x": 11048.0, "y": 41430.0}, {"i": 215, "x": 11182.0, "y": 47588.0}, {"i": 216, "x": 11222.0, "y": 11088.0}, {"i": 217, "x": 11290.0, "y": 39812.0}, {"i": 218, "x": 11300.0, "y": 1448.0}, {"i": 219, "x": 11366.0, "y": 46074.0}, {"i": 220, "x": 11474.0, "y": 6502.0}, {"i": 221, "x": 11524.0, "y": 8360.0}, {"i": 222, "x": 11548.0, "y": 4132.0}, {"i": 223, "x": 11570.0, "y": 38838.0}, {"i": 224, "x": 11598.0, "y": 4720.0}, {"i": 225, "x": 11600.0, "y": 31050.0}, {"i": 226, "x": 11856.0, "y": 5698.0}, {"i": 227, "x": 11876.0, "y": 6162.0}, {"i": 228, "x": 11876.0, "y": 22496.0}, {"i": 229, "x": 11894.0, "y": 42058.0}, {"i": 230, "x": 12064.0, "y": 19666.0}, {"i": 231, "x": 12160.0, "y": 12770.0}, {"i": 232, "x": 12220.0, "y": 35924.0}, {"i": 233, "x": 12244.0, "y": 43262.0}, {"i": 234, "x": 12296.0, "y": 39046.0}, {"i": 235, "x": 12326.0, "y": 28890.0}, {"i": 236, "x": 12414.0, "y": 24210.0}, {"i": 237, "x": 12420.0, "y": 32312.0}, {"i": 238, "x": 12470.0, "y": 41720.0}, {"i": 239, "x": 12510.0, "y": 15416.0}, {"i": 240, "x": 12548.0, "y": 18822.0}, {"i": 241, "x": 12600.0, "y": 14782.0}, {"i": 242, "x": 12620.0, "y": 1304.0}, {"i": 243, "x": 12646.0, "y": 42476.0}, {"i": 244, "x": 12690.0, "y": 1270.0}, {"i": 245, "x": 12788.0, "y": 36532.0}, {"i": 246, "x": 12788.0, "y": 39238.0}, {"i": 247, "x": 12794.0, "y": 27452.0}, {"i": 248, "x": 12822.0, "y": 9180.0}, {"i": 249, "x": 12842.0, "y": 30110.0}, {"i": 250, "x": 12872.0, "y": 22316.0}, {"i": 251, "x": 12988.0, "y": 36002.0}, {"i": 252, "x": 13022.0, "y": 34596.0}, {"i": 253, "x": 13046.0, "y": 23336.0}, {"i": 254, "x": 13112.0, "y": 40622.0}, {"i": 255, "x": 13278.0, "y": 30722.0}, {"i": 256, "x": 13328.0, "y": 23490.0}, {"i": 257, "x": 13416.0, "y": 20632.0}, {"i": 258, "x": 13492.0, "y": 1576.0}, {"i": 259, "x": 13594.0, "y": 26818.0}, {"i": 260, "x": 13692.0, "y": 47800.0}, {"i": 261, "x": 13732.0, "y": 35502.0}, {"i": 262, "x": 13786.0, "y": 20510.0}, {"i": 263, "x": 13822.0, "y": 36292.0}, {"i": 264, "x": 13850.0, "y": 38704.0}, {"i": 265, "x": 13876.0, "y": 2466.0}, {"i": 266, "x": 13902.0, "y": 9178.0}, {"i": 267, "x": 14026.0, "y": 4812.0}, {"i": 268, "x": 14066.0, "y": 16690.0}, {"i": 269, "x": 14130.0, "y": 25638.0}, {"i": 270, "x": 14152.0, "y": 8278.0}, {"i": 271, "x": 14312.0, "y": 44736.0}, {"i": 272, "x": 14430.0, "y": 9352.0}, {"i": 273, "x": 14496.0, "y": 39626.0}, {"i": 274, "x": 14612.0, "y": 39516.0}, {"i": 275, "x": 14616.0, "y": 12318.0}, {"i": 276, "x": 14644.0, "y": 9396.0}, {"i": 277, "x": 14816.0, "y": 27184.0}, {"i": 278, "x": 14908.0, "y": 7664.0}, {"i": 279, "x": 14950.0, "y": 29098.0}, {"i": 280, "x": 14990.0, "y": 44298.0}, {"i": 281, "x": 15188.0, "y": 41840.0}, {"i": 282, "x": 15274.0, "y": 25816.0}, {"i": 283, "x": 15312.0, "y": 45382.0}, {"i": 284, "x": 15358.0, "y": 38328.0}, {"i": 285, "x": 15522.0, "y": 41824.0}, {"i": 286, "x": 15616.0, "y": 39098.0}, {"i": 287, "x": 15732.0, "y": 44358.0}, {"i": 288, "x": 15900.0, "y": 28134.0}, {"i": 289, "x": 15984.0, "y": 17418.0}, {"i": 290, "x": 16002.0, "y": 45474.0}, {"i": 291, "x": 16006.0, "y": 8904.0}, {"i": 292, "x": 16122.0, "y": 26796.0}, {"i": 293, "x": 16198.0, "y": 33542.0}, {"i": 294, "x": 16226.0, "y": 21908.0}, {"i": 295, "x": 16234.0, "y": 2796.0}, {"i": 296, "x": 16306.0, "y": 36246.0}, {"i": 297, "x": 16364.0, "y": 20508.0}, {"i": 298, "x": 16408.0, "y": 34294.0}, {"i": 299, "x": 16450.0, "y": 8302.0}, {"i": 300, "x": 16520.0, "y": 35006.0}, {"i": 301, "x": 16526.0, "y": 37066.0}, {"i": 302, "x": 16606.0, "y": 43456.0}, {"i": 303, "x": 16838.0, "y": 7208.0}, {"i": 304, "x": 16900.0, "y": 17338.0}, {"i": 305, "x": 17048.0, "y": 12768.0}, {"i": 306, "x": 17070.0, "y": 47526.0}, {"i": 307, "x": 17072.0, "y": 9376.0}, {"i": 308, "x": 17080.0, "y": 25942.0}, {"i": 309, "x": 17094.0, "y": 18830.0}, {"i": 310, "x": 17128.0, "y": 29496.0}, {"i": 311, "x": 17142.0, "y": 8970.0}, {"i": 312, "x": 17324.0, "y": 16360.0}, {"i": 313, "x": 17618.0, "y": 43276.0}, {"i": 314, "x": 17708.0, "y": 16588.0}, {"i": 315, "x": 17830.0, "y": 21262.0}, {"i": 316, "x": 17892.0, "y": 17184.0}, {"i": 317, "x": 17944.0, "y": 40442.0}, {"i": 318, "x": 18062.0, "y": 8114.0}, {"i": 319, "x": 18066.0, "y": 39178.0}, {"i": 320, "x": 18070.0, "y": 30320.0}, {"i": 321, "x": 18084.0, "y": 12928.0}, {"i": 322, "x": 18184.0, "y": 16222.0}, {"i": 323, "x": 18358.0, "y": 41244.0}, {"i": 324, "x": 18786.0, "y": 9506.0}, {"i": 325, "x": 18882.0, "y": 3348.0}, {"i": 326, "x": 18890.0, "y": 26134.0}, {"i": 327, "x": 18922.0, "y": 28058.0}, {"i": 328, "x": 18924.0, "y": 10634.0}, {"i": 329, "x": 19328.0, "y": 42770.0}, {"i": 330, "x": 19336.0, "y": 5788.0}, {"i": 331, "x": 19486.0, "y": 24648.0}, {"i": 332, "x": 19498.0, "y": 16838.0}, {"i": 333, "x": 19508.0, "y": 34364.0}, {"i": 334, "x": 19686.0, "y": 7600.0}, {"i": 335, "x": 19762.0, "y": 25052.0}, {"i": 336, "x": 19948.0, "y": 25338.0}, {"i": 337, "x": 19950.0, "y": 7094.0}, {"i": 338, "x": 19972.0, "y": 26034.0}, {"i": 339, "x": 20008.0, "y": 41146.0}, {"i": 340, "x": 20022.0, "y": 45484.0}, {"i": 341, "x": 20224.0, "y": 15136.0}, {"i": 342, "x": 20242.0, "y": 35526.0}, {"i": 343, "x": 20282.0, "y": 14156.0}, {"i": 344, "x": 20298.0, "y": 776.0}, {"i": 345, "x": 20310.0, "y": 44764.0}, {"i": 346, "x": 20318.0, "y": 39528.0}, {"i": 347, "x": 20332.0, "y": 40078.0}, {"i": 348, "x": 20548.0, "y": 47604.0}, {"i": 349, "x": 20644.0, "y": 4940.0}, {"i": 350, "x": 20658.0, "y": 39130.0}, {"i": 351, "x": 20682.0, "y": 9092.0}, {"i": 352, "x": 20740.0, "y": 45070.0}, {"i": 353, "x": 20796.0, "y": 6758.0}, {"i": 354, "x": 20822.0, "y": 47838.0}, {"i": 355, "x": 20954.0, "y": 9084.0}, {"i": 356, "x": 20986.0, "y": 45944.0}, {"i": 357, "x": 20994.0, "y": 14586.0}, {"i": 358, "x": 21180.0, "y": 36474.0}, {"i": 359, "x": 21218.0, "y": 37358.0}, {"i": 360, "x": 21238.0, "y": 32688.0}, {"i": 361, "x": 21242.0, "y": 23380.0}, {"i": 362, "x": 21332.0, "y": 16414.0}, {"i": 363, "x": 21460.0, "y": 36772.0}, {"i": 364, "x": 21520.0, "y": 47244.0}, {"i": 365, "x": 21534.0, "y": 43326.0}, {"i": 366, "x": 21578.0, "y": 45854.0}, {"i": 367, "x": 21646.0, "y": 25694.0}, {"i": 368, "x": 21724.0, "y": 29898.0}, {"i": 369, "x": 21800.0, "y": 47816.0}, {"i": 370, "x": 22052.0, "y": 33864.0}, {"i": 371, "x": 22060.0, "y": 40100.0}, {"i": 372, "x": 22062.0, "y": 46888.0}, {"i": 373, "x": 22108.0, "y": 3936.0}, {"i": 374, "x": 22168.0, "y": 6698.0}, {"i": 375, "x": 22238.0, "y": 11778.0}, {"i": 376, "x": 22242.0, "y": 20850.0}, {"i": 377, "x": 22310.0, "y": 44920.0}, {"i": 378, "x": 22354.0, "y": 30782.0}, {"i": 379, "x": 22548.0, "y": 4124.0}, {"i": 380, "x": 22758.0, "y": 22410.0}, {"i": 381, "x": 22850.0, "y": 32188.0}, {"i": 382, "x": 22910.0, "y": 28906.0}, {"i": 383, "x": 22922.0, "y": 6028.0}, {"i": 384, "x": 22972.0, "y": 18734.0}, {"i": 385, "x": 22988.0, "y": 5272.0}, {"i": 386, "x": 23036.0, "y": 24852.0}, {"i": 387, "x": 23112.0, "y": 31168.0}, {"i": 388, "x": 23144.0, "y": 29012.0}, {"i": 389, "x": 23170.0, "y": 32188.0}, {"i": 390, "x": 23174.0, "y": 27334.0}, {"i": 391, "x": 23254.0, "y": 35822.0}, {"i": 392, "x": 23268.0, "y": 15850.0}, {"i": 393, "x": 23292.0, "y": 27664.0}, {"i": 394, "x": 23364.0, "y": 42916.0}, {"i": 395, "x": 23384.0, "y": 10672.0}, {"i": 396, "x": 23418.0, "y": 12468.0}, {"i": 397, "x": 23472.0, "y": 1906.0}, {"i": 398, "x": 23510.0, "y": 21294.0}, {"i": 399, "x": 23524.0, "y": 28414.0}, {"i": 400, "x": 23538.0, "y": 17954.0}, {"i": 401, "x": 23548.0, "y": 39454.0}, {"i": 402, "x": 23740.0, "y": 15558.0}, {"i": 403, "x": 23880.0, "y": 13500.0}, {"i": 404, "x": 23906.0, "y": 25780.0}, {"i": 405, "x": 23910.0, "y": 28024.0}, {"i": 406, "x": 23962.0, "y": 27888.0}, {"i": 407, "x": 24012.0, "y": 32374.0}, {"i": 408, "x": 24090.0, "y": 44058.0}, {"i": 409, "x": 24182.0, "y": 33528.0}, {"i": 410, "x": 24250.0, "y": 40236.0}, {"i": 411, "x": 24268.0, "y": 47702.0}, {"i": 412, "x": 24368.0, "y": 7722.0}, {"i": 413, "x": 24460.0, "y": 5226.0}, {"i": 414, "x": 24680.0, "y": 3072.0}, {"i": 415, "x": 24694.0, "y": 17132.0}, {"i": 416, "x": 24756.0, "y": 37702.0}, {"i": 417, "x": 24772.0, "y": 19192.0}, {"i": 418, "x": 24782.0, "y": 44814.0}, {"i": 419, "x": 25142.0, "y": 21510.0}, {"i": 420, "x": 25232.0, "y": 2700.0}, {"i": 421, "x": 25336.0, "y": 3460.0}, {"i": 422, "x": 25370.0, "y": 38692.0}, {"i": 423, "x": 25372.0, "y": 45058.0}, {"i": 424, "x": 25406.0, "y": 37662.0}, {"i": 425, "x": 25416.0, "y": 31238.0}, {"i": 426, "x": 25484.0, "y": 41634.0}, {"i": 427, "x": 25516.0, "y": 4678.0}, {"i": 428, "x": 25526.0, "y": 994.0}, {"i": 429, "x": 25568.0, "y": 13952.0}, {"i": 430, "x": 25576.0, "y": 8380.0}, {"i": 431, "x": 25660.0, "y": 17508.0}, {"i": 432, "x": 25722.0, "y": 14710.0}, {"i": 433, "x": 25738.0, "y": 15138.0}, {"i": 434, "x": 25830.0, "y": 4670.0}, {"i": 435, "x": 25832.0, "y": 14868.0}, {"i": 436, "x": 25906.0, "y": 18990.0}, {"i": 437, "x": 25908.0, "y": 45416.0}, {"i": 438, "x": 25952.0, "y": 32416.0}, {"i": 439, "x": 26158.0, "y": 15364.0}, {"i": 440, "x": 26168.0, "y": 46352.0}, {"i": 441, "x": 26258.0, "y": 45886.0}, {"i": 442, "x": 26388.0, "y": 18998.0}, {"i": 443, "x": 26474.0, "y": 576.0}, {"i": 444, "x": 26478.0, "y": 32672.0}, {"i": 445, "x": 26508.0, "y": 32114.0}, {"i": 446, "x": 26606.0, "y": 45400.0}, {"i": 447, "x": 26608.0, "y": 33800.0}, {"i": 448, "x": 26614.0, "y": 3232.0}, {"i": 449, "x": 26670.0, "y": 4182.0}, {"i": 450, "x": 26718.0, "y": 24474.0}, {"i": 451, "x": 26722.0, "y": 30188.0}, {"i": 452, "x": 26726.0, "y": 11080.0}, {"i": 453, "x": 26812.0, "y": 16940.0}, {"i": 454, "x": 26842.0, "y": 40474.0}, {"i": 455, "x": 26884.0, "y": 38360.0}, {"i": 456, "x": 27112.0, "y": 30714.0}, {"i": 457, "x": 27130.0, "y": 7364.0}, {"i": 458, "x": 27136.0, "y": 39182.0}, {"i": 459, "x": 27152.0, "y": 1018.0}, {"i": 460, "x": 27184.0, "y": 23082.0}, {"i": 461, "x": 27350.0, "y": 30860.0}, {"i": 462, "x": 27594.0, "y": 23418.0}, {"i": 463, "x": 27722.0, "y": 13460.0}, {"i": 464, "x": 27766.0, "y": 18652.0}, {"i": 465, "x": 27856.0, "y": 30882.0}, {"i": 466, "x": 27912.0, "y": 22474.0}, {"i": 467, "x": 27994.0, "y": 31170.0}, {"i": 468, "x": 28038.0, "y": 28178.0}, {"i": 469, "x": 28088.0, "y": 23342.0}, {"i": 470, "x": 28170.0, "y": 23436.0}, {"i": 471, "x": 28194.0, "y": 25510.0}, {"i": 472, "x": 28238.0, "y": 24238.0}, {"i": 473, "x": 28444.0, "y": 36200.0}, {"i": 474, "x": 28478.0, "y": 36426.0}, {"i": 475, "x": 28490.0, "y": 14162.0}, {"i": 476, "x": 28626.0, "y": 36010.0}, {"i": 477, "x": 28638.0, "y": 13044.0}, {"i": 478, "x": 28660.0, "y": 19220.0}, {"i": 479, "x": 28684.0, "y": 22810.0}, {"i": 480, "x": 28690.0, "y": 12996.0}, {"i": 481, "x": 28720.0, "y": 44882.0}, {"i": 482, "x": 28736.0, "y": 45448.0}, {"i": 483, "x": 28850.0, "y": 2962.0}, {"i": 484, "x": 28886.0, "y": 8114.0}, {"i": 485, "x": 28896.0, "y": 29448.0}, {"i": 486, "x": 28898.0, "y": 20262.0}, {"i": 487, "x": 29122.0, "y": 21230.0}, {"i": 488, "x": 29170.0, "y": 15386.0}, {"i": 489, "x": 29200.0, "y": 44792.0}, {"i": 490, "x": 29360.0, "y": 34282.0}, {"i": 491, "x": 29396.0, "y": 29522.0}, {"i": 492, "x": 29422.0, "y": 8620.0}, {"i": 493, "x": 29474.0, "y": 29182.0}, {"i": 494, "x": 29494.0, "y": 5662.0}, {"i": 495, "x": 29642.0, "y": 27908.0}, {"i": 496, "x": 29678.0, "y": 38646.0}, {"i": 497, "x": 29752.0, "y": 18302.0}, {"i": 498, "x": 29776.0, "y": 11382.0}, {"i": 499, "x": 29900.0, "y": 29498.0}, {"i": 500, "x": 29916.0, "y": 36140.0}, {"i": 501, "x": 30036.0, "y": 26226.0}, {"i": 502, "x": 30194.0, "y": 46438.0}, {"i": 503, "x": 30226.0, "y": 31266.0}, {"i": 504, "x": 30256.0, "y": 37502.0}, {"i": 505, "x": 30314.0, "y": 10550.0}, {"i": 506, "x": 30392.0, "y": 31628.0}, {"i": 507, "x": 30448.0, "y": 16312.0}, {"i": 508, "x": 30568.0, "y": 5526.0}, {"i": 509, "x": 30638.0, "y": 39048.0}, {"i": 510, "x": 30724.0, "y": 30922.0}, {"i": 511, "x": 30762.0, "y": 42342.0}, {"i": 512, "x": 30812.0, "y": 23930.0}, {"i": 513, "x": 30816.0, "y": 5052.0}, {"i": 514, "x": 31194.0, "y": 7176.0}, {"i": 515, "x": 31304.0, "y": 14556.0}, {"i": 516, "x": 31326.0, "y": 8960.0}, {"i": 517, "x": 31328.0, "y": 26658.0}, {"i": 518, "x": 31368.0, "y": 10992.0}, {"i": 519, "x": 31368.0, "y": 24006.0}, {"i": 520, "x": 31436.0, "y": 2100.0}, {"i": 521, "x": 31470.0, "y": 20020.0}, {"i": 522, "x": 31544.0, "y": 22590.0}, {"i": 523, "x": 31570.0, "y": 5508.0}, {"i": 524, "x": 31614.0, "y": 21528.0}, {"i": 525, "x": 31632.0, "y": 3906.0}, {"i": 526, "x": 31656.0, "y": 7350.0}, {"i": 527, "x": 31702.0, "y": 20438.0}, {"i": 528, "x": 31734.0, "y": 1004.0}, {"i": 529, "x": 31788.0, "y": 12234.0}, {"i": 530, "x": 31792.0, "y": 29608.0}, {"i": 531, "x": 31866.0, "y": 26412.0}, {"i": 532, "x": 31948.0, "y": 22202.0}, {"i": 533, "x": 31968.0, "y": 35104.0}, {"i": 534, "x": 32016.0, "y": 42952.0}, {"i": 535, "x": 32156.0, "y": 20242.0}, {"i": 536, "x": 32156.0, "y": 28970.0}, {"i": 537, "x": 32242.0, "y": 36520.0}, {"i": 538, "x": 32286.0, "y": 1754.0}, {"i": 539, "x": 32400.0, "y": 20312.0}, {"i": 540, "x": 32442.0, "y": 36352.0}, {"i": 541, "x": 32498.0, "y": 14722.0}, {"i": 542, "x": 32554.0, "y": 4262.0}, {"i": 543, "x": 32604.0, "y": 27800.0}, {"i": 544, "x": 32670.0, "y": 28278.0}, {"i": 545, "x": 32812.0, "y": 24292.0}, {"i": 546, "x": 32962.0, "y": 39178.0}, {"i": 547, "x": 32978.0, "y": 14140.0}, {"i": 548, "x": 32986.0, "y": 16110.0}, {"i": 549, "x": 33008.0, "y": 26168.0}, {"i": 550, "x": 33036.0, "y": 36794.0}, {"i": 551, "x": 33098.0, "y": 43198.0}, {"i": 552, "x": 33112.0, "y": 39230.0}, {"i": 553, "x": 33180.0, "y": 9550.0}, {"i": 554, "x": 33204.0, "y": 26832.0}, {"i": 555, "x": 33310.0, "y": 29256.0}, {"i": 556, "x": 33416.0, "y": 34174.0}, {"i": 557, "x": 33452.0, "y": 21750.0}, {"i": 558, "x": 33470.0, "y": 5864.0}, {"i": 559, "x": 33498.0, "y": 16342.0}, {"i": 560, "x": 33662.0, "y": 15694.0}, {"i": 561, "x": 33770.0, "y": 28824.0}, {"i": 562, "x": 33770.0, "y": 29766.0}, {"i": 563, "x": 33778.0, "y": 25602.0}, {"i": 564, "x": 33818.0, "y": 40074.0}, {"i": 565, "x": 33842.0, "y": 15494.0}, {"i": 566, "x": 33862.0, "y": 16486.0}, {"i": 567, "x": 33890.0, "y": 14374.0}, {"i": 568, "x": 33894.0, "y": 24358.0}, {"i": 569, "x": 33902.0, "y": 24866.0}, {"i": 570, "x": 33998.0, "y": 7674.0}, {"i": 571, "x": 34016.0, "y": 13240.0}, {"i": 572, "x": 34024.0, "y": 12074.0}, {"i": 573, "x": 34042.0, "y": 706.0}, {"i": 574, "x": 34098.0, "y": 25024.0}, {"i": 575, "x": 34114.0, "y": 9296.0}, {"i": 576, "x": 34132.0, "y": 16230.0}, {"i": 577, "x": 34132.0, "y": 38738.0}, {"i": 578, "x": 34168.0, "y": 1208.0}, {"i": 579, "x": 34202.0, "y": 46304.0}, {"i": 580, "x": 34256.0, "y": 23664.0}, {"i": 581, "x": 34258.0, "y": 40014.0}, {"i": 582, "x": 34366.0, "y": 24956.0}, {"i": 583, "x": 34418.0, "y": 39768.0}, {"i": 584, "x": 34542.0, "y": 31218.0}, {"i": 585, "x": 34700.0, "y": 26870.0}, {"i": 586, "x": 34700.0, "y": 42210.0}, {"i": 587, "x": 34748.0, "y": 7624.0}, {"i": 588, "x": 34850.0, "y": 37128.0}, {"i": 589, "x": 34906.0, "y": 17562.0}, {"i": 590, "x": 35060.0, "y": 20484.0}, {"i": 591, "x": 35118.0, "y": 17434.0}, {"i": 592, "x": 35256.0, "y": 33112.0}, {"i": 593, "x": 35296.0, "y": 26662.0}, {"i": 594, "x": 35378.0, "y": 1794.0}, {"i": 595, "x": 35412.0, "y": 13716.0}, {"i": 596, "x": 35462.0, "y": 6578.0}, {"i": 597, "x": 35502.0, "y": 23150.0}, {"i": 598, "x": 35586.0, "y": 27416.0}, {"i": 599, "x": 35610.0, "y": 29056.0}, {"i": 600, "x": 35654.0, "y": 31588.0}, {"i": 601, "x": 35654.0, "y": 41848.0}, {"i": 602, "x": 35660.0, "y": 11186.0}, {"i": 603, "x": 35726.0, "y": 18792.0}, {"i": 604, "x": 35740.0, "y": 5772.0}, {"i": 605, "x": 35812.0, "y": 44408.0}, {"i": 606, "x": 35882.0, "y": 36916.0}, {"i": 607, "x": 35976.0, "y": 36320.0}, {"i": 608, "x": 36030.0, "y": 32402.0}, {"i": 609, "x": 36094.0, "y": 27764.0}, {"i": 610, "x": 36170.0, "y": 24388.0}, {"i": 611, "x": 36194.0, "y": 33628.0}, {"i": 612, "x": 36366.0, "y": 4970.0}, {"i": 613, "x": 36398.0, "y": 10996.0}, {"i": 614, "x": 36418.0, "y": 30636.0}, {"i": 615, "x": 36450.0, "y": 40810.0}, {"i": 616, "x": 36472.0, "y": 27590.0}, {"i": 617, "x": 36486.0, "y": 38978.0}, {"i": 618, "x": 36502.0, "y": 30280.0}, {"i": 619, "x": 36518.0, "y": 32600.0}, {"i": 620, "x": 36692.0, "y": 552.0}, {"i": 621, "x": 36708.0, "y": 364.0}, {"i": 622, "x": 36726.0, "y": 8910.0}, {"i": 623, "x": 36794.0, "y": 13650.0}, {"i": 624, "x": 36868.0, "y": 29522.0}, {"i": 625, "x": 36882.0, "y": 17554.0}, {"i": 626, "x": 36934.0, "y": 32616.0}, {"i": 627, "x": 36956.0, "y": 47948.0}, {"i": 628, "x": 36982.0, "y": 43298.0}, {"i": 629, "x": 37002.0, "y": 44508.0}, {"i": 630, "x": 37006.0, "y": 11850.0}, {"i": 631, "x": 37028.0, "y": 42178.0}, {"i": 632, "x": 37076.0, "y": 24550.0}, {"i": 633, "x": 37076.0, "y": 33300.0}, {"i": 634, "x": 37112.0, "y": 33576.0}, {"i": 635, "x": 37216.0, "y": 27826.0}, {"i": 636, "x": 37224.0, "y": 17898.0}, {"i": 637, "x": 37466.0, "y": 31190.0}, {"i": 638, "x": 37500.0, "y": 25308.0}, {"i": 639, "x": 37578.0, "y": 19386.0}, {"i": 640, "x": 37604.0, "y": 46766.0}, {"i": 641, "x": 37674.0, "y": 44162.0}, {"i": 642, "x": 37694.0, "y": 46812.0}, {"i": 643, "x": 37708.0, "y": 8310.0}, {"i": 644, "x": 37722.0, "y": 15940.0}, {"i": 645, "x": 37752.0, "y": 15916.0}, {"i": 646, "x": 37800.0, "y": 43252.0}, {"i": 647, "x": 37922.0, "y": 40166.0}, {"i": 648, "x": 38018.0, "y": 25868.0}, {"i": 649, "x": 38040.0, "y": 23060.0}, {"i": 650, "x": 38066.0, "y": 24934.0}, {"i": 651, "x": 38066.0, "y": 45776.0}, {"i": 652, "x": 38172.0, "y": 30606.0}, {"i": 653, "x": 38254.0, "y": 18026.0}, {"i": 654, "x": 38606.0, "y": 1340.0}, {"i": 655, "x": 38648.0, "y": 13834.0}, {"i": 656, "x": 38666.0, "y": 43928.0}, {"i": 657, "x": 38854.0, "y": 21184.0}, {"i": 658, "x": 38872.0, "y": 35692.0}, {"i": 659, "x": 38970.0, "y": 30742.0}, {"i": 660, "x": 39010.0, "y": 1096.0}, {"i": 661, "x": 39060.0, "y": 44706.0}, {"i": 662, "x": 39108.0, "y": 43640.0}, {"i": 663, "x": 39124.0, "y": 13016.0}, {"i": 664, "x": 39204.0, "y": 40828.0}, {"i": 665, "x": 39248.0, "y": 40636.0}, {"i": 666, "x": 39364.0, "y": 38022.0}, {"i": 667, "x": 39398.0, "y": 23886.0}, {"i": 668, "x": 39480.0, "y": 7184.0}, {"i": 669, "x": 39576.0, "y": 28544.0}, {"i": 670, "x": 39666.0, "y": 42574.0}, {"i": 671, "x": 39672.0, "y": 18728.0}, {"i": 672, "x": 39692.0, "y": 47988.0}, {"i": 673, "x": 39744.0, "y": 21508.0}, {"i": 674, "x": 39810.0, "y": 7962.0}, {"i": 675, "x": 39910.0, "y": 26882.0}, {"i": 676, "x": 40004.0, "y": 38264.0}, {"i": 677, "x": 40018.0, "y": 20350.0}, {"i": 678, "x": 40180.0, "y": 21292.0}, {"i": 679, "x": 40296.0, "y": 27006.0}, {"i": 680, "x": 40318.0, "y": 43604.0}, {"i": 681, "x": 40378.0, "y": 13858.0}, {"i": 682, "x": 40444.0, "y": 37704.0}, {"i": 683, "x": 40472.0, "y": 34740.0}, {"i": 684, "x": 40488.0, "y": 1590.0}, {"i": 685, "x": 40620.0, "y": 15134.0}, {"i": 686, "x": 40622.0, "y": 26256.0}, {"i": 687, "x": 40630.0, "y": 5392.0}, {"i": 688, "x": 40640.0, "y": 11784.0}, {"i": 689, "x": 40682.0, "y": 21896.0}, {"i": 690, "x": 40756.0, "y": 43650.0}, {"i": 691, "x": 40758.0, "y": 37212.0}, {"i": 692, "x": 40822.0, "y": 21810.0}, {"i": 693, "x": 40888.0, "y": 33290.0}, {"i": 694, "x": 40922.0, "y": 18086.0}, {"i": 695, "x": 40968.0, "y": 11482.0}, {"i": 696, "x": 41002.0, "y": 548.0}, {"i": 697, "x": 41038.0, "y": 13566.0}, {"i": 698, "x": 41160.0, "y": 38624.0}, {"i": 699, "x": 41218.0, "y": 9848.0}, {"i": 700, "x": 41270.0, "y": 41392.0}, {"i": 701, "x": 41324.0, "y": 20086.0}, {"i": 702, "x": 41332.0, "y": 28130.0}, {"i": 703, "x": 41336.0, "y": 33398.0}, {"i": 704, "x": 41442.0, "y": 26044.0}, {"i": 705, "x": 41482.0, "y": 18646.0}, {"i": 706, "x": 41484.0, "y": 28796.0}, {"i": 707, "x": 41490.0, "y": 6912.0}, {"i": 708, "x": 41600.0, "y": 8854.0}, {"i": 709, "x": 41600.0, "y": 26594.0}, {"i": 710, "x": 41652.0, "y": 22360.0}, {"i": 711, "x": 41952.0, "y": 39626.0}, {"i": 712, "x": 41998.0, "y": 23650.0}, {"i": 713, "x": 42140.0, "y": 34928.0}, {"i": 714, "x": 42258.0, "y": 3356.0}, {"i": 715, "x": 42368.0, "y": 28326.0}, {"i": 716, "x": 42736.0, "y": 25882.0}, {"i": 717, "x": 42808.0, "y": 39022.0}, {"i": 718, "x": 42848.0, "y": 24162.0}, {"i": 719, "x": 42996.0, "y": 14696.0}, {"i": 720, "x": 43044.0, "y": 1362.0}, {"i": 721, "x": 43084.0, "y": 12082.0}, {"i": 722, "x": 43088.0, "y": 17466.0}, {"i": 723, "x": 43104.0, "y": 47678.0}, {"i": 724, "x": 43242.0, "y": 23492.0}, {"i": 725, "x": 43284.0, "y": 33500.0}, {"i": 726, "x": 43422.0, "y": 45632.0}, {"i": 727, "x": 43598.0, "y": 17682.0}, {"i": 728, "x": 43726.0, "y": 18294.0}, {"i": 729, "x": 43734.0, "y": 21406.0}, {"i": 730, "x": 43782.0, "y": 33276.0}, {"i": 731, "x": 43808.0, "y": 20280.0}, {"i": 732, "x": 43884.0, "y": 44066.0}, {"i": 733, "x": 44032.0, "y": 42436.0}, {"i": 734, "x": 44140.0, "y": 4966.0}, {"i": 735, "x": 44166.0, "y": 31830.0}, {"i": 736, "x": 44218.0, "y": 4320.0}, {"i": 737, "x": 44232.0, "y": 10868.0}, {"i": 738, "x": 44394.0, "y": 11448.0}, {"i": 739, "x": 44410.0, "y": 27510.0}, {"i": 740, "x": 44646.0, "y": 13418.0}, {"i": 741, "x": 44888.0, "y": 29860.0}, {"i": 742, "x": 44962.0, "y": 10906.0}, {"i": 743, "x": 44984.0, "y": 44728.0}, {"i": 744, "x": 45022.0, "y": 14724.0}, {"i": 745, "x": 45060.0, "y": 16678.0}, {"i": 746, "x": 45274.0, "y": 8056.0}, {"i": 747, "x": 45420.0, "y": 21050.0}, {"i": 748, "x": 45438.0, "y": 14576.0}, {"i": 749, "x": 45448.0, "y": 34534.0}, {"i": 750, "x": 45526.0, "y": 17066.0}, {"i": 751, "x": 45586.0, "y": 2194.0}, {"i": 752, "x": 45588.0, "y": 14472.0}, {"i": 753, "x": 45620.0, "y": 11056.0}, {"i": 754, "x": 45716.0, "y": 13476.0}, {"i": 755, "x": 45756.0, "y": 43890.0}, {"i": 756, "x": 45782.0, "y": 25670.0}, {"i": 757, "x": 45898.0, "y": 41616.0}, {"i": 758, "x": 45918.0, "y": 11180.0}, {"i": 759, "x": 45946.0, "y": 1732.0}, {"i": 760, "x": 45988.0, "y": 2576.0}, {"i": 761, "x": 45992.0, "y": 29870.0}, {"i": 762, "x": 46040.0, "y": 38422.0}, {"i": 763, "x": 46100.0, "y": 31920.0}, {"i": 764, "x": 46102.0, "y": 42726.0}, {"i": 765, "x": 46150.0, "y": 31128.0}, {"i": 766, "x": 46302.0, "y": 5022.0}, {"i": 767, "x": 46316.0, "y": 34060.0}, {"i": 768, "x": 46326.0, "y": 20146.0}, {"i": 769, "x": 46410.0, "y": 28436.0}, {"i": 770, "x": 46440.0, "y": 31100.0}, {"i": 771, "x": 46458.0, "y": 43486.0}, {"i": 772, "x": 46518.0, "y": 28056.0}, {"i": 773, "x": 46564.0, "y": 18188.0}, {"i": 774, "x": 46582.0, "y": 11620.0}, {"i": 775, "x": 46808.0, "y": 39870.0}, {"i": 776, "x": 46860.0, "y": 21286.0}, {"i": 777, "x": 46942.0, "y": 18080.0}, {"i": 778, "x": 47182.0, "y": 47282.0}, {"i": 779, "x": 47192.0, "y": 43808.0}, {"i": 780, "x": 47236.0, "y": 27776.0}, {"i": 781, "x": 47260.0, "y": 42054.0}, {"i": 782, "x": 47380.0, "y": 22626.0}, {"i": 783, "x": 47388.0, "y": 8798.0}, {"i": 784, "x": 47462.0, "y": 15710.0}, {"i": 785, "x": 47480.0, "y": 41850.0}, {"i": 786, "x": 47490.0, "y": 6758.0}, {"i": 787, "x": 47562.0, "y": 15568.0}, {"i": 788, "x": 47580.0, "y": 47698.0}, {"i": 789, "x": 47638.0, "y": 27892.0}, {"i": 790, "x": 47686.0, "y": 29542.0}, {"i": 791, "x": 47702.0, "y": 6804.0}, {"i": 792, "x": 47726.0, "y": 31060.0}, {"i": 793, "x": 47750.0, "y": 2038.0}, {"i": 794, "x": 47784.0, "y": 43114.0}, {"i": 795, "x": 47826.0, "y": 45374.0}, {"i": 796, "x": 47842.0, "y": 23616.0}, {"i": 797, "x": 47896.0, "y": 32530.0}, {"i": 798, "x": 47944.0, "y": 3154.0}, {"i": 799, "x": 47956.0, "y": 10188.0}], "type": "Instance", "name": "uniform-0000800-2", "meta": {"comment": "HIP random 2-dimensional integral point set (800 points), distribution 'uniform'", "faces_in_delaunay": 1581}}