{"points": [{"i": 0, "x": 10.0, "y": 778.0}, {"i": 1, "x": 46.0, "y": 2322.0}, {"i": 2, "x": 156.0, "y": 420.0}, {"i": 3, "x": 180.0, "y": 2460.0}, {"i": 4, "x": 238.0, "y": 648.0}, {"i": 5, "x": 268.0, "y": 1600.0}, {"i": 6, "x": 366.0, "y": 3096.0}, {"i": 7, "x": 598.0, "y": 1212.0}, {"i": 8, "x": 674.0, "y": 3914.0}, {"i": 9, "x": 766.0, "y": 2.0}, {"i": 10, "x": 784.0, "y": 1396.0}, {"i": 11, "x": 796.0, "y": 106.0}, {"i": 12, "x": 852.0, "y": 1180.0}, {"i": 13, "x": 984.0, "y": 3176.0}, {"i": 14, "x": 1010.0, "y": 964.0}, {"i": 15, "x": 1034.0, "y": 540.0}, {"i": 16, "x": 1064.0, "y": 782.0}, {"i": 17, "x": 1072.0, "y": 2334.0}, {"i": 18, "x": 1188.0, "y": 732.0}, {"i": 19, "x": 1226.0, "y": 3030.0}, {"i": 20, "x": 1272.0, "y": 944.0}, {"i": 21, "x": 1446.0, "y": 222.0}, {"i": 22, "x": 1520.0, "y": 454.0}, {"i": 23, "x": 1526.0, "y": 2706.0}, {"i": 24, "x": 1566.0, "y": 3232.0}, {"i": 25, "x": 1808.0, "y": 2714.0}, {"i": 26, "x": 1914.0, "y": 1970.0}, {"i": 27, "x": 2002.0, "y": 978.0}, {"i": 28, "x": 2038.0, "y": 1330.0}, {"i": 29, "x": 2080.0, "y": 1850.0}, {"i": 30, "x": 2104.0, "y": 1044.0}, {"i": 31, "x": 2110.0, "y": 3454.0}, {"i": 32, "x": 2142.0, "y": 932.0}, {"i": 33, "x": 2174.0, "y": 2582.0}, {"i": 34, "x": 2326.0, "y": 880.0}, {"i": 35, "x": 2422.0, "y": 3878.0}, {"i": 36, "x": 2606.0, "y": 1394.0}, {"i": 37, "x": 2612.0, "y": 3822.0}, {"i": 38, "x": 2650.0, "y": 3206.0}, {"i": 39, "x": 2666.0, "y": 4122.0}, {"i": 40, "x": 2784.0, "y": 3268.0}, {"i": 41, "x": 2888.0, "y": 2058.0}, {"i": 42, "x": 2918.0, "y": 1082.0}, {"i": 43, "x": 2986.0, "y": 1024.0}, {"i": 44, "x": 3068.0, "y": 1638.0}, {"i": 45, "x": 3070.0, "y": 2316.0}, {"i": 46, "x": 3086.0, "y": 4158.0}, {"i": 47, "x": 3100.0, "y": 1262.0}, {"i": 48, "x": 3140.0, "y": 732.0}, {"i": 49, "x": 3202.0, "y": 3906.0}, {"i": 50, "x": 3242.0, "y": 3270.0}, {"i": 51, "x": 3350.0, "y": 1622.0}, {"i": 52, "x": 3468.0, "y": 2128.0}, {"i": 53, "x": 3474.0, "y": 2352.0}, {"i": 54, "x": 3522.0, "y": 2502.0}, {"i": 55, "x": 3556.0, "y": 4050.0}, {"i": 56, "x": 3580.0, "y": 2804.0}, {"i": 57, "x": 3636.0, "y": 1864.0}, {"i": 58, "x": 3666.0, "y": 1868.0}, {"i": 59, "x": 3690.0, "y": 3334.0}, {"i": 60, "x": 3716.0, "y": 4128.0}, {"i": 61, "x": 3736.0, "y": 3428.0}, {"i": 62, "x": 3914.0, "y": 3768.0}, {"i": 63, "x": 3970.0, "y": 3044.0}, {"i": 64, "x": 3994.0, "y": 212.0}, {"i": 65, "x": 4080.0, "y": 1906.0}, {"i": 66, "x": 4100.0, "y": 2106.0}, {"i": 67, "x": 4110.0, "y": 1138.0}, {"i": 68, "x": 4118.0, "y": 54.0}, {"i": 69, "x": 4146.0, "y": 3072.0}], "type": "Instance", "name": "uniform-0000070-1", "meta": {"comment": "HIP random 2-dimensional integral point set (70 points), distribution 'uniform'", "faces_in_delaunay": 127}}