{"points": [{"i": 0, "x": 18.0, "y": 1494.0}, {"i": 1, "x": 24.0, "y": 1246.0}, {"i": 2, "x": 46.0, "y": 5022.0}, {"i": 3, "x": 84.0, "y": 5626.0}, {"i": 4, "x": 88.0, "y": 4078.0}, {"i": 5, "x": 108.0, "y": 5116.0}, {"i": 6, "x": 138.0, "y": 3024.0}, {"i": 7, "x": 232.0, "y": 3924.0}, {"i": 8, "x": 296.0, "y": 2116.0}, {"i": 9, "x": 382.0, "y": 4388.0}, {"i": 10, "x": 400.0, "y": 1056.0}, {"i": 11, "x": 420.0, "y": 5076.0}, {"i": 12, "x": 552.0, "y": 3894.0}, {"i": 13, "x": 590.0, "y": 4418.0}, {"i": 14, "x": 678.0, "y": 3752.0}, {"i": 15, "x": 682.0, "y": 3114.0}, {"i": 16, "x": 686.0, "y": 5238.0}, {"i": 17, "x": 750.0, "y": 3884.0}, {"i": 18, "x": 792.0, "y": 668.0}, {"i": 19, "x": 794.0, "y": 2718.0}, {"i": 20, "x": 804.0, "y": 644.0}, {"i": 21, "x": 890.0, "y": 2288.0}, {"i": 22, "x": 892.0, "y": 1030.0}, {"i": 23, "x": 904.0, "y": 5214.0}, {"i": 24, "x": 930.0, "y": 1274.0}, {"i": 25, "x": 958.0, "y": 3480.0}, {"i": 26, "x": 1006.0, "y": 4866.0}, {"i": 27, "x": 1062.0, "y": 3358.0}, {"i": 28, "x": 1158.0, "y": 3234.0}, {"i": 29, "x": 1234.0, "y": 1344.0}, {"i": 30, "x": 1252.0, "y": 2910.0}, {"i": 31, "x": 1258.0, "y": 5096.0}, {"i": 32, "x": 1352.0, "y": 4216.0}, {"i": 33, "x": 1360.0, "y": 930.0}, {"i": 34, "x": 1374.0, "y": 1198.0}, {"i": 35, "x": 1376.0, "y": 1080.0}, {"i": 36, "x": 1416.0, "y": 4228.0}, {"i": 37, "x": 1418.0, "y": 3122.0}, {"i": 38, "x": 1548.0, "y": 892.0}, {"i": 39, "x": 1702.0, "y": 5384.0}, {"i": 40, "x": 1766.0, "y": 1038.0}, {"i": 41, "x": 1920.0, "y": 202.0}, {"i": 42, "x": 1924.0, "y": 5506.0}, {"i": 43, "x": 1960.0, "y": 2406.0}, {"i": 44, "x": 2098.0, "y": 2264.0}, {"i": 45, "x": 2132.0, "y": 3906.0}, {"i": 46, "x": 2156.0, "y": 1308.0}, {"i": 47, "x": 2216.0, "y": 3532.0}, {"i": 48, "x": 2278.0, "y": 4338.0}, {"i": 49, "x": 2310.0, "y": 2804.0}, {"i": 50, "x": 2358.0, "y": 3884.0}, {"i": 51, "x": 2360.0, "y": 5028.0}, {"i": 52, "x": 2372.0, "y": 1486.0}, {"i": 53, "x": 2450.0, "y": 3648.0}, {"i": 54, "x": 2496.0, "y": 4596.0}, {"i": 55, "x": 2510.0, "y": 1274.0}, {"i": 56, "x": 2536.0, "y": 3800.0}, {"i": 57, "x": 2542.0, "y": 3190.0}, {"i": 58, "x": 2648.0, "y": 904.0}, {"i": 59, "x": 2810.0, "y": 2540.0}, {"i": 60, "x": 2842.0, "y": 1972.0}, {"i": 61, "x": 2850.0, "y": 2998.0}, {"i": 62, "x": 2864.0, "y": 3566.0}, {"i": 63, "x": 3218.0, "y": 1694.0}, {"i": 64, "x": 3218.0, "y": 3550.0}, {"i": 65, "x": 3250.0, "y": 2794.0}, {"i": 66, "x": 3252.0, "y": 2696.0}, {"i": 67, "x": 3386.0, "y": 812.0}, {"i": 68, "x": 3418.0, "y": 3692.0}, {"i": 69, "x": 3442.0, "y": 2498.0}, {"i": 70, "x": 3678.0, "y": 3414.0}, {"i": 71, "x": 3722.0, "y": 718.0}, {"i": 72, "x": 3730.0, "y": 4870.0}, {"i": 73, "x": 3784.0, "y": 3710.0}, {"i": 74, "x": 3894.0, "y": 1314.0}, {"i": 75, "x": 4178.0, "y": 5988.0}, {"i": 76, "x": 4234.0, "y": 460.0}, {"i": 77, "x": 4264.0, "y": 4366.0}, {"i": 78, "x": 4376.0, "y": 472.0}, {"i": 79, "x": 4408.0, "y": 5304.0}, {"i": 80, "x": 4420.0, "y": 544.0}, {"i": 81, "x": 4422.0, "y": 3890.0}, {"i": 82, "x": 4494.0, "y": 1692.0}, {"i": 83, "x": 4564.0, "y": 3194.0}, {"i": 84, "x": 4648.0, "y": 5088.0}, {"i": 85, "x": 4798.0, "y": 5628.0}, {"i": 86, "x": 4800.0, "y": 2922.0}, {"i": 87, "x": 4914.0, "y": 4180.0}, {"i": 88, "x": 5016.0, "y": 912.0}, {"i": 89, "x": 5160.0, "y": 3722.0}, {"i": 90, "x": 5164.0, "y": 3818.0}, {"i": 91, "x": 5194.0, "y": 3182.0}, {"i": 92, "x": 5270.0, "y": 3406.0}, {"i": 93, "x": 5324.0, "y": 2004.0}, {"i": 94, "x": 5348.0, "y": 5070.0}, {"i": 95, "x": 5690.0, "y": 1284.0}, {"i": 96, "x": 5740.0, "y": 2950.0}, {"i": 97, "x": 5752.0, "y": 3500.0}, {"i": 98, "x": 5756.0, "y": 1128.0}, {"i": 99, "x": 5896.0, "y": 2892.0}], "type": "Instance", "name": "uniform-0000100-2", "meta": {"comment": "HIP random 2-dimensional integral point set (100 points), distribution 'uniform'", "faces_in_delaunay": 185}}