{"points": [{"i": 0, "x": 4.0, "y": 304.0}, {"i": 1, "x": 28.0, "y": 3204.0}, {"i": 2, "x": 74.0, "y": 1180.0}, {"i": 3, "x": 130.0, "y": 2804.0}, {"i": 4, "x": 228.0, "y": 4498.0}, {"i": 5, "x": 258.0, "y": 2434.0}, {"i": 6, "x": 298.0, "y": 3812.0}, {"i": 7, "x": 302.0, "y": 208.0}, {"i": 8, "x": 352.0, "y": 4836.0}, {"i": 9, "x": 396.0, "y": 3796.0}, {"i": 10, "x": 462.0, "y": 2966.0}, {"i": 11, "x": 578.0, "y": 4682.0}, {"i": 12, "x": 704.0, "y": 504.0}, {"i": 13, "x": 736.0, "y": 2018.0}, {"i": 14, "x": 814.0, "y": 1410.0}, {"i": 15, "x": 898.0, "y": 4812.0}, {"i": 16, "x": 900.0, "y": 4602.0}, {"i": 17, "x": 928.0, "y": 4356.0}, {"i": 18, "x": 1010.0, "y": 1716.0}, {"i": 19, "x": 1102.0, "y": 4764.0}, {"i": 20, "x": 1120.0, "y": 3356.0}, {"i": 21, "x": 1120.0, "y": 5228.0}, {"i": 22, "x": 1248.0, "y": 3992.0}, {"i": 23, "x": 1472.0, "y": 4020.0}, {"i": 24, "x": 1478.0, "y": 356.0}, {"i": 25, "x": 1494.0, "y": 2704.0}, {"i": 26, "x": 1552.0, "y": 4972.0}, {"i": 27, "x": 1584.0, "y": 1912.0}, {"i": 28, "x": 1736.0, "y": 4166.0}, {"i": 29, "x": 1930.0, "y": 2650.0}, {"i": 30, "x": 1958.0, "y": 2634.0}, {"i": 31, "x": 2260.0, "y": 228.0}, {"i": 32, "x": 2344.0, "y": 4084.0}, {"i": 33, "x": 2460.0, "y": 4334.0}, {"i": 34, "x": 2496.0, "y": 4946.0}, {"i": 35, "x": 2616.0, "y": 3078.0}, {"i": 36, "x": 2704.0, "y": 4828.0}, {"i": 37, "x": 2726.0, "y": 270.0}, {"i": 38, "x": 2726.0, "y": 4128.0}, {"i": 39, "x": 2826.0, "y": 5360.0}, {"i": 40, "x": 2896.0, "y": 3386.0}, {"i": 41, "x": 2962.0, "y": 966.0}, {"i": 42, "x": 2972.0, "y": 3834.0}, {"i": 43, "x": 3178.0, "y": 5066.0}, {"i": 44, "x": 3208.0, "y": 4250.0}, {"i": 45, "x": 3210.0, "y": 1646.0}, {"i": 46, "x": 3244.0, "y": 3990.0}, {"i": 47, "x": 3334.0, "y": 2170.0}, {"i": 48, "x": 3344.0, "y": 5106.0}, {"i": 49, "x": 3404.0, "y": 3064.0}, {"i": 50, "x": 3404.0, "y": 4594.0}, {"i": 51, "x": 3522.0, "y": 1354.0}, {"i": 52, "x": 3540.0, "y": 1862.0}, {"i": 53, "x": 3582.0, "y": 5170.0}, {"i": 54, "x": 3612.0, "y": 3202.0}, {"i": 55, "x": 3616.0, "y": 116.0}, {"i": 56, "x": 3642.0, "y": 3600.0}, {"i": 57, "x": 3648.0, "y": 5106.0}, {"i": 58, "x": 3696.0, "y": 1606.0}, {"i": 59, "x": 3712.0, "y": 4142.0}, {"i": 60, "x": 3722.0, "y": 962.0}, {"i": 61, "x": 3732.0, "y": 2654.0}, {"i": 62, "x": 3866.0, "y": 2856.0}, {"i": 63, "x": 3868.0, "y": 5242.0}, {"i": 64, "x": 3914.0, "y": 908.0}, {"i": 65, "x": 3962.0, "y": 3110.0}, {"i": 66, "x": 4034.0, "y": 4162.0}, {"i": 67, "x": 4040.0, "y": 4402.0}, {"i": 68, "x": 4092.0, "y": 854.0}, {"i": 69, "x": 4108.0, "y": 856.0}, {"i": 70, "x": 4220.0, "y": 1998.0}, {"i": 71, "x": 4278.0, "y": 4210.0}, {"i": 72, "x": 4314.0, "y": 1166.0}, {"i": 73, "x": 4324.0, "y": 2072.0}, {"i": 74, "x": 4376.0, "y": 1554.0}, {"i": 75, "x": 4482.0, "y": 4958.0}, {"i": 76, "x": 4486.0, "y": 1036.0}, {"i": 77, "x": 4614.0, "y": 1456.0}, {"i": 78, "x": 4630.0, "y": 228.0}, {"i": 79, "x": 4634.0, "y": 4474.0}, {"i": 80, "x": 4668.0, "y": 1092.0}, {"i": 81, "x": 4698.0, "y": 2270.0}, {"i": 82, "x": 4732.0, "y": 2102.0}, {"i": 83, "x": 4810.0, "y": 986.0}, {"i": 84, "x": 4838.0, "y": 4702.0}, {"i": 85, "x": 4908.0, "y": 4090.0}, {"i": 86, "x": 4942.0, "y": 2816.0}, {"i": 87, "x": 4956.0, "y": 1154.0}, {"i": 88, "x": 5054.0, "y": 476.0}, {"i": 89, "x": 5282.0, "y": 1242.0}], "type": "Instance", "name": "uniform-0000090-2", "meta": {"comment": "HIP random 2-dimensional integral point set (90 points), distribution 'uniform'", "faces_in_delaunay": 164}}