{"points": [{"i": 0, "x": 80.0, "y": 4878.0}, {"i": 1, "x": 160.0, "y": 844.0}, {"i": 2, "x": 176.0, "y": 800.0}, {"i": 3, "x": 190.0, "y": 830.0}, {"i": 4, "x": 228.0, "y": 816.0}, {"i": 5, "x": 250.0, "y": 926.0}, {"i": 6, "x": 252.0, "y": 5132.0}, {"i": 7, "x": 290.0, "y": 4930.0}, {"i": 8, "x": 322.0, "y": 2034.0}, {"i": 9, "x": 344.0, "y": 2178.0}, {"i": 10, "x": 362.0, "y": 1000.0}, {"i": 11, "x": 364.0, "y": 1254.0}, {"i": 12, "x": 366.0, "y": 1228.0}, {"i": 13, "x": 410.0, "y": 1830.0}, {"i": 14, "x": 430.0, "y": 5016.0}, {"i": 15, "x": 450.0, "y": 1118.0}, {"i": 16, "x": 466.0, "y": 1254.0}, {"i": 17, "x": 466.0, "y": 1298.0}, {"i": 18, "x": 466.0, "y": 1562.0}, {"i": 19, "x": 496.0, "y": 1534.0}, {"i": 20, "x": 496.0, "y": 1634.0}, {"i": 21, "x": 498.0, "y": 1070.0}, {"i": 22, "x": 516.0, "y": 2170.0}, {"i": 23, "x": 524.0, "y": 2232.0}, {"i": 24, "x": 532.0, "y": 2174.0}, {"i": 25, "x": 536.0, "y": 1034.0}, {"i": 26, "x": 540.0, "y": 342.0}, {"i": 27, "x": 608.0, "y": 308.0}, {"i": 28, "x": 650.0, "y": 5636.0}, {"i": 29, "x": 672.0, "y": 1542.0}, {"i": 30, "x": 702.0, "y": 5540.0}, {"i": 31, "x": 716.0, "y": 2108.0}, {"i": 32, "x": 766.0, "y": 1782.0}, {"i": 33, "x": 802.0, "y": 1372.0}, {"i": 34, "x": 806.0, "y": 5100.0}, {"i": 35, "x": 812.0, "y": 5116.0}, {"i": 36, "x": 902.0, "y": 5468.0}, {"i": 37, "x": 938.0, "y": 1302.0}, {"i": 38, "x": 966.0, "y": 5020.0}, {"i": 39, "x": 1040.0, "y": 5210.0}, {"i": 40, "x": 1066.0, "y": 414.0}, {"i": 41, "x": 1112.0, "y": 148.0}, {"i": 42, "x": 1128.0, "y": 454.0}, {"i": 43, "x": 1154.0, "y": 172.0}, {"i": 44, "x": 1160.0, "y": 450.0}, {"i": 45, "x": 1192.0, "y": 208.0}, {"i": 46, "x": 1226.0, "y": 422.0}, {"i": 47, "x": 1242.0, "y": 2206.0}, {"i": 48, "x": 1248.0, "y": 664.0}, {"i": 49, "x": 1304.0, "y": 2192.0}, {"i": 50, "x": 1334.0, "y": 812.0}, {"i": 51, "x": 1340.0, "y": 2166.0}, {"i": 52, "x": 1514.0, "y": 498.0}, {"i": 53, "x": 1520.0, "y": 5926.0}, {"i": 54, "x": 1538.0, "y": 5940.0}, {"i": 55, "x": 1546.0, "y": 6030.0}, {"i": 56, "x": 1576.0, "y": 5780.0}, {"i": 57, "x": 1580.0, "y": 316.0}, {"i": 58, "x": 1602.0, "y": 578.0}, {"i": 59, "x": 1626.0, "y": 1752.0}, {"i": 60, "x": 1642.0, "y": 4446.0}, {"i": 61, "x": 1644.0, "y": 1206.0}, {"i": 62, "x": 1740.0, "y": 5810.0}, {"i": 63, "x": 1748.0, "y": 2192.0}, {"i": 64, "x": 1750.0, "y": 1690.0}, {"i": 65, "x": 1768.0, "y": 2224.0}, {"i": 66, "x": 1780.0, "y": 994.0}, {"i": 67, "x": 1800.0, "y": 5936.0}, {"i": 68, "x": 1856.0, "y": 1266.0}, {"i": 69, "x": 1858.0, "y": 6026.0}, {"i": 70, "x": 1868.0, "y": 354.0}, {"i": 71, "x": 1872.0, "y": 1282.0}, {"i": 72, "x": 1876.0, "y": 1890.0}, {"i": 73, "x": 1876.0, "y": 4668.0}, {"i": 74, "x": 1876.0, "y": 6766.0}, {"i": 75, "x": 1884.0, "y": 1902.0}, {"i": 76, "x": 1904.0, "y": 5994.0}, {"i": 77, "x": 1910.0, "y": 1312.0}, {"i": 78, "x": 1914.0, "y": 1040.0}, {"i": 79, "x": 1926.0, "y": 5186.0}, {"i": 80, "x": 1928.0, "y": 384.0}, {"i": 81, "x": 1930.0, "y": 6774.0}, {"i": 82, "x": 1960.0, "y": 6156.0}, {"i": 83, "x": 1970.0, "y": 2220.0}, {"i": 84, "x": 1974.0, "y": 1280.0}, {"i": 85, "x": 1984.0, "y": 5730.0}, {"i": 86, "x": 1994.0, "y": 1370.0}, {"i": 87, "x": 1996.0, "y": 1276.0}, {"i": 88, "x": 2064.0, "y": 6042.0}, {"i": 89, "x": 2068.0, "y": 2174.0}, {"i": 90, "x": 2068.0, "y": 6630.0}, {"i": 91, "x": 2088.0, "y": 2020.0}, {"i": 92, "x": 2088.0, "y": 5948.0}, {"i": 93, "x": 2096.0, "y": 1472.0}, {"i": 94, "x": 2104.0, "y": 2182.0}, {"i": 95, "x": 2108.0, "y": 246.0}, {"i": 96, "x": 2114.0, "y": 2142.0}, {"i": 97, "x": 2116.0, "y": 5166.0}, {"i": 98, "x": 2124.0, "y": 5406.0}, {"i": 99, "x": 2148.0, "y": 5752.0}, {"i": 100, "x": 2150.0, "y": 1112.0}, {"i": 101, "x": 2154.0, "y": 5248.0}, {"i": 102, "x": 2170.0, "y": 5826.0}, {"i": 103, "x": 2184.0, "y": 2016.0}, {"i": 104, "x": 2186.0, "y": 2054.0}, {"i": 105, "x": 2188.0, "y": 4648.0}, {"i": 106, "x": 2200.0, "y": 260.0}, {"i": 107, "x": 2200.0, "y": 5084.0}, {"i": 108, "x": 2208.0, "y": 2058.0}, {"i": 109, "x": 2214.0, "y": 4678.0}, {"i": 110, "x": 2216.0, "y": 5166.0}, {"i": 111, "x": 2220.0, "y": 5254.0}, {"i": 112, "x": 2236.0, "y": 4044.0}, {"i": 113, "x": 2242.0, "y": 1904.0}, {"i": 114, "x": 2248.0, "y": 1970.0}, {"i": 115, "x": 2256.0, "y": 5096.0}, {"i": 116, "x": 2260.0, "y": 5232.0}, {"i": 117, "x": 2290.0, "y": 3576.0}, {"i": 118, "x": 2296.0, "y": 5112.0}, {"i": 119, "x": 2298.0, "y": 5212.0}, {"i": 120, "x": 2300.0, "y": 6328.0}, {"i": 121, "x": 2306.0, "y": 804.0}, {"i": 122, "x": 2316.0, "y": 6330.0}, {"i": 123, "x": 2318.0, "y": 5192.0}, {"i": 124, "x": 2322.0, "y": 4948.0}, {"i": 125, "x": 2364.0, "y": 2158.0}, {"i": 126, "x": 2366.0, "y": 1866.0}, {"i": 127, "x": 2378.0, "y": 4934.0}, {"i": 128, "x": 2398.0, "y": 414.0}, {"i": 129, "x": 2406.0, "y": 4994.0}, {"i": 130, "x": 2430.0, "y": 906.0}, {"i": 131, "x": 2430.0, "y": 5166.0}, {"i": 132, "x": 2444.0, "y": 4666.0}, {"i": 133, "x": 2450.0, "y": 4902.0}, {"i": 134, "x": 2454.0, "y": 5270.0}, {"i": 135, "x": 2460.0, "y": 4942.0}, {"i": 136, "x": 2470.0, "y": 414.0}, {"i": 137, "x": 2476.0, "y": 3658.0}, {"i": 138, "x": 2492.0, "y": 5030.0}, {"i": 139, "x": 2498.0, "y": 5130.0}, {"i": 140, "x": 2530.0, "y": 4896.0}, {"i": 141, "x": 2534.0, "y": 4562.0}, {"i": 142, "x": 2554.0, "y": 614.0}, {"i": 143, "x": 2556.0, "y": 5676.0}, {"i": 144, "x": 2564.0, "y": 620.0}, {"i": 145, "x": 2564.0, "y": 1114.0}, {"i": 146, "x": 2564.0, "y": 5678.0}, {"i": 147, "x": 2566.0, "y": 5248.0}, {"i": 148, "x": 2572.0, "y": 5618.0}, {"i": 149, "x": 2576.0, "y": 4944.0}, {"i": 150, "x": 2578.0, "y": 5626.0}, {"i": 151, "x": 2584.0, "y": 1096.0}, {"i": 152, "x": 2588.0, "y": 5670.0}, {"i": 153, "x": 2596.0, "y": 750.0}, {"i": 154, "x": 2600.0, "y": 616.0}, {"i": 155, "x": 2600.0, "y": 4912.0}, {"i": 156, "x": 2610.0, "y": 574.0}, {"i": 157, "x": 2638.0, "y": 4962.0}, {"i": 158, "x": 2640.0, "y": 1448.0}, {"i": 159, "x": 2646.0, "y": 3138.0}, {"i": 160, "x": 2652.0, "y": 4958.0}, {"i": 161, "x": 2656.0, "y": 5278.0}, {"i": 162, "x": 2660.0, "y": 3050.0}, {"i": 163, "x": 2662.0, "y": 3992.0}, {"i": 164, "x": 2666.0, "y": 4434.0}, {"i": 165, "x": 2666.0, "y": 5578.0}, {"i": 166, "x": 2692.0, "y": 4434.0}, {"i": 167, "x": 2696.0, "y": 2278.0}, {"i": 168, "x": 2700.0, "y": 1792.0}, {"i": 169, "x": 2714.0, "y": 978.0}, {"i": 170, "x": 2726.0, "y": 4706.0}, {"i": 171, "x": 2740.0, "y": 3858.0}, {"i": 172, "x": 2754.0, "y": 3228.0}, {"i": 173, "x": 2758.0, "y": 482.0}, {"i": 174, "x": 2760.0, "y": 5110.0}, {"i": 175, "x": 2768.0, "y": 5348.0}, {"i": 176, "x": 2774.0, "y": 4458.0}, {"i": 177, "x": 2782.0, "y": 1790.0}, {"i": 178, "x": 2794.0, "y": 4754.0}, {"i": 179, "x": 2802.0, "y": 730.0}, {"i": 180, "x": 2820.0, "y": 1096.0}, {"i": 181, "x": 2824.0, "y": 2152.0}, {"i": 182, "x": 2826.0, "y": 890.0}, {"i": 183, "x": 2826.0, "y": 2840.0}, {"i": 184, "x": 2836.0, "y": 2954.0}, {"i": 185, "x": 2838.0, "y": 3818.0}, {"i": 186, "x": 2844.0, "y": 712.0}, {"i": 187, "x": 2848.0, "y": 868.0}, {"i": 188, "x": 2848.0, "y": 3252.0}, {"i": 189, "x": 2866.0, "y": 726.0}, {"i": 190, "x": 2870.0, "y": 1084.0}, {"i": 191, "x": 2870.0, "y": 1216.0}, {"i": 192, "x": 2876.0, "y": 882.0}, {"i": 193, "x": 2876.0, "y": 2792.0}, {"i": 194, "x": 2880.0, "y": 4760.0}, {"i": 195, "x": 2886.0, "y": 2578.0}, {"i": 196, "x": 2892.0, "y": 4656.0}, {"i": 197, "x": 2892.0, "y": 5344.0}, {"i": 198, "x": 2906.0, "y": 5288.0}, {"i": 199, "x": 2926.0, "y": 1122.0}, {"i": 200, "x": 2926.0, "y": 4962.0}, {"i": 201, "x": 2944.0, "y": 4634.0}, {"i": 202, "x": 2948.0, "y": 4556.0}, {"i": 203, "x": 2952.0, "y": 5026.0}, {"i": 204, "x": 3000.0, "y": 4534.0}, {"i": 205, "x": 3008.0, "y": 4652.0}, {"i": 206, "x": 3008.0, "y": 4702.0}, {"i": 207, "x": 3034.0, "y": 3728.0}, {"i": 208, "x": 3040.0, "y": 4676.0}, {"i": 209, "x": 3064.0, "y": 2898.0}, {"i": 210, "x": 3076.0, "y": 4050.0}, {"i": 211, "x": 3092.0, "y": 4608.0}, {"i": 212, "x": 3102.0, "y": 4608.0}, {"i": 213, "x": 3106.0, "y": 4592.0}, {"i": 214, "x": 3158.0, "y": 6442.0}, {"i": 215, "x": 3178.0, "y": 4666.0}, {"i": 216, "x": 3192.0, "y": 3416.0}, {"i": 217, "x": 3200.0, "y": 2454.0}, {"i": 218, "x": 3224.0, "y": 1650.0}, {"i": 219, "x": 3228.0, "y": 4622.0}, {"i": 220, "x": 3252.0, "y": 2946.0}, {"i": 221, "x": 3298.0, "y": 1564.0}, {"i": 222, "x": 3324.0, "y": 6618.0}, {"i": 223, "x": 3358.0, "y": 1614.0}, {"i": 224, "x": 3400.0, "y": 4606.0}, {"i": 225, "x": 3404.0, "y": 4006.0}, {"i": 226, "x": 3412.0, "y": 2414.0}, {"i": 227, "x": 3422.0, "y": 4566.0}, {"i": 228, "x": 3424.0, "y": 2202.0}, {"i": 229, "x": 3448.0, "y": 2952.0}, {"i": 230, "x": 3496.0, "y": 1778.0}, {"i": 231, "x": 3508.0, "y": 1656.0}, {"i": 232, "x": 3516.0, "y": 1650.0}, {"i": 233, "x": 3516.0, "y": 3172.0}, {"i": 234, "x": 3520.0, "y": 3234.0}, {"i": 235, "x": 3530.0, "y": 1638.0}, {"i": 236, "x": 3552.0, "y": 1672.0}, {"i": 237, "x": 3556.0, "y": 1834.0}, {"i": 238, "x": 3558.0, "y": 4480.0}, {"i": 239, "x": 3568.0, "y": 3988.0}, {"i": 240, "x": 3572.0, "y": 3876.0}, {"i": 241, "x": 3582.0, "y": 2188.0}, {"i": 242, "x": 3586.0, "y": 7082.0}, {"i": 243, "x": 3608.0, "y": 1664.0}, {"i": 244, "x": 3620.0, "y": 2372.0}, {"i": 245, "x": 3626.0, "y": 3706.0}, {"i": 246, "x": 3630.0, "y": 78.0}, {"i": 247, "x": 3644.0, "y": 3874.0}, {"i": 248, "x": 3652.0, "y": 2264.0}, {"i": 249, "x": 3654.0, "y": 3772.0}, {"i": 250, "x": 3656.0, "y": 3828.0}, {"i": 251, "x": 3672.0, "y": 1630.0}, {"i": 252, "x": 3680.0, "y": 4504.0}, {"i": 253, "x": 3690.0, "y": 3368.0}, {"i": 254, "x": 3694.0, "y": 6112.0}, {"i": 255, "x": 3700.0, "y": 3908.0}, {"i": 256, "x": 3716.0, "y": 4162.0}, {"i": 257, "x": 3742.0, "y": 3218.0}, {"i": 258, "x": 3760.0, "y": 1672.0}, {"i": 259, "x": 3778.0, "y": 3832.0}, {"i": 260, "x": 3840.0, "y": 2006.0}, {"i": 261, "x": 3846.0, "y": 74.0}, {"i": 262, "x": 3850.0, "y": 178.0}, {"i": 263, "x": 3852.0, "y": 4026.0}, {"i": 264, "x": 3858.0, "y": 2030.0}, {"i": 265, "x": 3858.0, "y": 4518.0}, {"i": 266, "x": 3860.0, "y": 1974.0}, {"i": 267, "x": 3862.0, "y": 158.0}, {"i": 268, "x": 3876.0, "y": 4130.0}, {"i": 269, "x": 3878.0, "y": 2714.0}, {"i": 270, "x": 3886.0, "y": 2134.0}, {"i": 271, "x": 3912.0, "y": 4364.0}, {"i": 272, "x": 3920.0, "y": 4588.0}, {"i": 273, "x": 3942.0, "y": 4550.0}, {"i": 274, "x": 3950.0, "y": 224.0}, {"i": 275, "x": 3950.0, "y": 2896.0}, {"i": 276, "x": 3954.0, "y": 4450.0}, {"i": 277, "x": 3972.0, "y": 4330.0}, {"i": 278, "x": 3986.0, "y": 3828.0}, {"i": 279, "x": 4002.0, "y": 4022.0}, {"i": 280, "x": 4016.0, "y": 164.0}, {"i": 281, "x": 4020.0, "y": 4212.0}, {"i": 282, "x": 4036.0, "y": 4394.0}, {"i": 283, "x": 4052.0, "y": 3742.0}, {"i": 284, "x": 4068.0, "y": 212.0}, {"i": 285, "x": 4074.0, "y": 4320.0}, {"i": 286, "x": 4088.0, "y": 116.0}, {"i": 287, "x": 4102.0, "y": 4426.0}, {"i": 288, "x": 4110.0, "y": 2246.0}, {"i": 289, "x": 4112.0, "y": 4350.0}, {"i": 290, "x": 4114.0, "y": 3808.0}, {"i": 291, "x": 4118.0, "y": 4330.0}, {"i": 292, "x": 4140.0, "y": 3774.0}, {"i": 293, "x": 4152.0, "y": 4542.0}, {"i": 294, "x": 4194.0, "y": 3982.0}, {"i": 295, "x": 4194.0, "y": 4460.0}, {"i": 296, "x": 4220.0, "y": 4344.0}, {"i": 297, "x": 4220.0, "y": 4712.0}, {"i": 298, "x": 4222.0, "y": 4348.0}, {"i": 299, "x": 4222.0, "y": 4624.0}, {"i": 300, "x": 4224.0, "y": 2296.0}, {"i": 301, "x": 4224.0, "y": 3138.0}, {"i": 302, "x": 4248.0, "y": 3918.0}, {"i": 303, "x": 4258.0, "y": 2982.0}, {"i": 304, "x": 4258.0, "y": 4396.0}, {"i": 305, "x": 4260.0, "y": 4342.0}, {"i": 306, "x": 4264.0, "y": 4340.0}, {"i": 307, "x": 4268.0, "y": 2510.0}, {"i": 308, "x": 4284.0, "y": 4822.0}, {"i": 309, "x": 4286.0, "y": 4820.0}, {"i": 310, "x": 4288.0, "y": 4764.0}, {"i": 311, "x": 4298.0, "y": 4632.0}, {"i": 312, "x": 4300.0, "y": 3058.0}, {"i": 313, "x": 4332.0, "y": 2342.0}, {"i": 314, "x": 4374.0, "y": 4666.0}, {"i": 315, "x": 4380.0, "y": 164.0}, {"i": 316, "x": 4390.0, "y": 4974.0}, {"i": 317, "x": 4408.0, "y": 4642.0}, {"i": 318, "x": 4408.0, "y": 4732.0}, {"i": 319, "x": 4410.0, "y": 4582.0}, {"i": 320, "x": 4410.0, "y": 4982.0}, {"i": 321, "x": 4414.0, "y": 4506.0}, {"i": 322, "x": 4420.0, "y": 4926.0}, {"i": 323, "x": 4426.0, "y": 3272.0}, {"i": 324, "x": 4436.0, "y": 5066.0}, {"i": 325, "x": 4438.0, "y": 3266.0}, {"i": 326, "x": 4440.0, "y": 4992.0}, {"i": 327, "x": 4444.0, "y": 2678.0}, {"i": 328, "x": 4444.0, "y": 4896.0}, {"i": 329, "x": 4454.0, "y": 4230.0}, {"i": 330, "x": 4456.0, "y": 50.0}, {"i": 331, "x": 4460.0, "y": 4862.0}, {"i": 332, "x": 4464.0, "y": 2796.0}, {"i": 333, "x": 4464.0, "y": 4822.0}, {"i": 334, "x": 4472.0, "y": 4340.0}, {"i": 335, "x": 4472.0, "y": 4372.0}, {"i": 336, "x": 4472.0, "y": 4506.0}, {"i": 337, "x": 4488.0, "y": 4402.0}, {"i": 338, "x": 4490.0, "y": 4662.0}, {"i": 339, "x": 4510.0, "y": 4660.0}, {"i": 340, "x": 4514.0, "y": 4404.0}, {"i": 341, "x": 4528.0, "y": 2208.0}, {"i": 342, "x": 4528.0, "y": 2874.0}, {"i": 343, "x": 4540.0, "y": 3404.0}, {"i": 344, "x": 4550.0, "y": 2418.0}, {"i": 345, "x": 4550.0, "y": 5014.0}, {"i": 346, "x": 4560.0, "y": 4444.0}, {"i": 347, "x": 4580.0, "y": 4736.0}, {"i": 348, "x": 4590.0, "y": 4620.0}, {"i": 349, "x": 4604.0, "y": 4678.0}, {"i": 350, "x": 4610.0, "y": 4328.0}, {"i": 351, "x": 4612.0, "y": 4192.0}, {"i": 352, "x": 4634.0, "y": 4568.0}, {"i": 353, "x": 4638.0, "y": 4538.0}, {"i": 354, "x": 4644.0, "y": 4718.0}, {"i": 355, "x": 4664.0, "y": 2776.0}, {"i": 356, "x": 4666.0, "y": 6828.0}, {"i": 357, "x": 4668.0, "y": 4622.0}, {"i": 358, "x": 4668.0, "y": 4708.0}, {"i": 359, "x": 4676.0, "y": 2970.0}, {"i": 360, "x": 4678.0, "y": 4592.0}, {"i": 361, "x": 4692.0, "y": 4662.0}, {"i": 362, "x": 4694.0, "y": 234.0}, {"i": 363, "x": 4698.0, "y": 5026.0}, {"i": 364, "x": 4700.0, "y": 4252.0}, {"i": 365, "x": 4722.0, "y": 4670.0}, {"i": 366, "x": 4724.0, "y": 6936.0}, {"i": 367, "x": 4730.0, "y": 6850.0}, {"i": 368, "x": 4734.0, "y": 5092.0}, {"i": 369, "x": 4742.0, "y": 6882.0}, {"i": 370, "x": 4748.0, "y": 4772.0}, {"i": 371, "x": 4760.0, "y": 6884.0}, {"i": 372, "x": 4762.0, "y": 4170.0}, {"i": 373, "x": 4766.0, "y": 3928.0}, {"i": 374, "x": 4766.0, "y": 4754.0}, {"i": 375, "x": 4780.0, "y": 4974.0}, {"i": 376, "x": 4790.0, "y": 4492.0}, {"i": 377, "x": 4802.0, "y": 2778.0}, {"i": 378, "x": 4802.0, "y": 3858.0}, {"i": 379, "x": 4808.0, "y": 2834.0}, {"i": 380, "x": 4812.0, "y": 3838.0}, {"i": 381, "x": 4814.0, "y": 3784.0}, {"i": 382, "x": 4826.0, "y": 4666.0}, {"i": 383, "x": 4834.0, "y": 3690.0}, {"i": 384, "x": 4836.0, "y": 3884.0}, {"i": 385, "x": 4846.0, "y": 3082.0}, {"i": 386, "x": 4856.0, "y": 2242.0}, {"i": 387, "x": 4856.0, "y": 4010.0}, {"i": 388, "x": 4858.0, "y": 46.0}, {"i": 389, "x": 4860.0, "y": 4624.0}, {"i": 390, "x": 4874.0, "y": 2868.0}, {"i": 391, "x": 4874.0, "y": 4794.0}, {"i": 392, "x": 4894.0, "y": 5180.0}, {"i": 393, "x": 4898.0, "y": 5118.0}, {"i": 394, "x": 4938.0, "y": 2194.0}, {"i": 395, "x": 4940.0, "y": 3426.0}, {"i": 396, "x": 4946.0, "y": 4976.0}, {"i": 397, "x": 4956.0, "y": 4588.0}, {"i": 398, "x": 4960.0, "y": 5168.0}, {"i": 399, "x": 4968.0, "y": 4518.0}, {"i": 400, "x": 4974.0, "y": 3114.0}, {"i": 401, "x": 4984.0, "y": 2660.0}, {"i": 402, "x": 4990.0, "y": 4644.0}, {"i": 403, "x": 4990.0, "y": 4688.0}, {"i": 404, "x": 5006.0, "y": 4472.0}, {"i": 405, "x": 5038.0, "y": 4446.0}, {"i": 406, "x": 5054.0, "y": 3220.0}, {"i": 407, "x": 5060.0, "y": 4702.0}, {"i": 408, "x": 5062.0, "y": 5036.0}, {"i": 409, "x": 5064.0, "y": 4468.0}, {"i": 410, "x": 5070.0, "y": 3956.0}, {"i": 411, "x": 5072.0, "y": 66.0}, {"i": 412, "x": 5074.0, "y": 3498.0}, {"i": 413, "x": 5074.0, "y": 4470.0}, {"i": 414, "x": 5082.0, "y": 4472.0}, {"i": 415, "x": 5094.0, "y": 4672.0}, {"i": 416, "x": 5106.0, "y": 3480.0}, {"i": 417, "x": 5114.0, "y": 4560.0}, {"i": 418, "x": 5140.0, "y": 3256.0}, {"i": 419, "x": 5140.0, "y": 4692.0}, {"i": 420, "x": 5172.0, "y": 3546.0}, {"i": 421, "x": 5194.0, "y": 2714.0}, {"i": 422, "x": 5200.0, "y": 3528.0}, {"i": 423, "x": 5212.0, "y": 2670.0}, {"i": 424, "x": 5214.0, "y": 4512.0}, {"i": 425, "x": 5216.0, "y": 2706.0}, {"i": 426, "x": 5218.0, "y": 3764.0}, {"i": 427, "x": 5224.0, "y": 3830.0}, {"i": 428, "x": 5224.0, "y": 5168.0}, {"i": 429, "x": 5240.0, "y": 3914.0}, {"i": 430, "x": 5246.0, "y": 3764.0}, {"i": 431, "x": 5250.0, "y": 6930.0}, {"i": 432, "x": 5258.0, "y": 110.0}, {"i": 433, "x": 5264.0, "y": 2514.0}, {"i": 434, "x": 5264.0, "y": 2784.0}, {"i": 435, "x": 5278.0, "y": 3322.0}, {"i": 436, "x": 5278.0, "y": 3968.0}, {"i": 437, "x": 5280.0, "y": 4466.0}, {"i": 438, "x": 5288.0, "y": 4606.0}, {"i": 439, "x": 5296.0, "y": 2902.0}, {"i": 440, "x": 5308.0, "y": 3574.0}, {"i": 441, "x": 5314.0, "y": 3588.0}, {"i": 442, "x": 5324.0, "y": 3812.0}, {"i": 443, "x": 5332.0, "y": 3796.0}, {"i": 444, "x": 5342.0, "y": 2352.0}, {"i": 445, "x": 5348.0, "y": 240.0}, {"i": 446, "x": 5358.0, "y": 3090.0}, {"i": 447, "x": 5374.0, "y": 4862.0}, {"i": 448, "x": 5376.0, "y": 6654.0}, {"i": 449, "x": 5384.0, "y": 4342.0}, {"i": 450, "x": 5406.0, "y": 3464.0}, {"i": 451, "x": 5412.0, "y": 3392.0}, {"i": 452, "x": 5414.0, "y": 3448.0}, {"i": 453, "x": 5420.0, "y": 3372.0}, {"i": 454, "x": 5424.0, "y": 4240.0}, {"i": 455, "x": 5438.0, "y": 2870.0}, {"i": 456, "x": 5444.0, "y": 2844.0}, {"i": 457, "x": 5446.0, "y": 2620.0}, {"i": 458, "x": 5452.0, "y": 4184.0}, {"i": 459, "x": 5460.0, "y": 2732.0}, {"i": 460, "x": 5484.0, "y": 4026.0}, {"i": 461, "x": 5486.0, "y": 5012.0}, {"i": 462, "x": 5522.0, "y": 3610.0}, {"i": 463, "x": 5528.0, "y": 4062.0}, {"i": 464, "x": 5534.0, "y": 3872.0}, {"i": 465, "x": 5544.0, "y": 4248.0}, {"i": 466, "x": 5546.0, "y": 2878.0}, {"i": 467, "x": 5546.0, "y": 3582.0}, {"i": 468, "x": 5556.0, "y": 2612.0}, {"i": 469, "x": 5556.0, "y": 4196.0}, {"i": 470, "x": 5564.0, "y": 4804.0}, {"i": 471, "x": 5570.0, "y": 4676.0}, {"i": 472, "x": 5576.0, "y": 4060.0}, {"i": 473, "x": 5586.0, "y": 3272.0}, {"i": 474, "x": 5594.0, "y": 2628.0}, {"i": 475, "x": 5606.0, "y": 6284.0}, {"i": 476, "x": 5612.0, "y": 2952.0}, {"i": 477, "x": 5614.0, "y": 2888.0}, {"i": 478, "x": 5616.0, "y": 4854.0}, {"i": 479, "x": 5636.0, "y": 1136.0}, {"i": 480, "x": 5640.0, "y": 4016.0}, {"i": 481, "x": 5646.0, "y": 3462.0}, {"i": 482, "x": 5654.0, "y": 2536.0}, {"i": 483, "x": 5662.0, "y": 2526.0}, {"i": 484, "x": 5666.0, "y": 2904.0}, {"i": 485, "x": 5670.0, "y": 3930.0}, {"i": 486, "x": 5678.0, "y": 3886.0}, {"i": 487, "x": 5686.0, "y": 2618.0}, {"i": 488, "x": 5688.0, "y": 4304.0}, {"i": 489, "x": 5696.0, "y": 3518.0}, {"i": 490, "x": 5704.0, "y": 2666.0}, {"i": 491, "x": 5726.0, "y": 2876.0}, {"i": 492, "x": 5748.0, "y": 4982.0}, {"i": 493, "x": 5766.0, "y": 2886.0}, {"i": 494, "x": 5772.0, "y": 3946.0}, {"i": 495, "x": 5786.0, "y": 2822.0}, {"i": 496, "x": 5808.0, "y": 4900.0}, {"i": 497, "x": 5818.0, "y": 5126.0}, {"i": 498, "x": 5822.0, "y": 3754.0}, {"i": 499, "x": 5838.0, "y": 4568.0}, {"i": 500, "x": 5860.0, "y": 320.0}, {"i": 501, "x": 5874.0, "y": 3422.0}, {"i": 502, "x": 5880.0, "y": 2666.0}, {"i": 503, "x": 5888.0, "y": 2940.0}, {"i": 504, "x": 5890.0, "y": 4370.0}, {"i": 505, "x": 5902.0, "y": 2694.0}, {"i": 506, "x": 5926.0, "y": 5296.0}, {"i": 507, "x": 5932.0, "y": 2870.0}, {"i": 508, "x": 5932.0, "y": 5242.0}, {"i": 509, "x": 5950.0, "y": 2822.0}, {"i": 510, "x": 5958.0, "y": 5266.0}, {"i": 511, "x": 5970.0, "y": 7158.0}, {"i": 512, "x": 5972.0, "y": 4136.0}, {"i": 513, "x": 5974.0, "y": 2494.0}, {"i": 514, "x": 5974.0, "y": 2772.0}, {"i": 515, "x": 5974.0, "y": 3762.0}, {"i": 516, "x": 5980.0, "y": 5100.0}, {"i": 517, "x": 5982.0, "y": 7124.0}, {"i": 518, "x": 5992.0, "y": 4844.0}, {"i": 519, "x": 6012.0, "y": 7122.0}, {"i": 520, "x": 6016.0, "y": 6316.0}, {"i": 521, "x": 6054.0, "y": 5282.0}, {"i": 522, "x": 6062.0, "y": 2390.0}, {"i": 523, "x": 6062.0, "y": 4442.0}, {"i": 524, "x": 6074.0, "y": 3456.0}, {"i": 525, "x": 6080.0, "y": 3086.0}, {"i": 526, "x": 6100.0, "y": 7008.0}, {"i": 527, "x": 6112.0, "y": 4812.0}, {"i": 528, "x": 6116.0, "y": 5182.0}, {"i": 529, "x": 6122.0, "y": 6976.0}, {"i": 530, "x": 6126.0, "y": 2792.0}, {"i": 531, "x": 6136.0, "y": 5824.0}, {"i": 532, "x": 6164.0, "y": 2862.0}, {"i": 533, "x": 6168.0, "y": 2590.0}, {"i": 534, "x": 6170.0, "y": 4786.0}, {"i": 535, "x": 6172.0, "y": 2952.0}, {"i": 536, "x": 6182.0, "y": 2774.0}, {"i": 537, "x": 6184.0, "y": 2102.0}, {"i": 538, "x": 6198.0, "y": 2674.0}, {"i": 539, "x": 6208.0, "y": 2882.0}, {"i": 540, "x": 6212.0, "y": 7194.0}, {"i": 541, "x": 6216.0, "y": 2572.0}, {"i": 542, "x": 6216.0, "y": 7132.0}, {"i": 543, "x": 6220.0, "y": 2558.0}, {"i": 544, "x": 6250.0, "y": 6956.0}, {"i": 545, "x": 6262.0, "y": 7186.0}, {"i": 546, "x": 6274.0, "y": 4404.0}, {"i": 547, "x": 6282.0, "y": 7102.0}, {"i": 548, "x": 6288.0, "y": 6950.0}, {"i": 549, "x": 6292.0, "y": 4276.0}, {"i": 550, "x": 6294.0, "y": 3734.0}, {"i": 551, "x": 6294.0, "y": 4452.0}, {"i": 552, "x": 6300.0, "y": 6952.0}, {"i": 553, "x": 6312.0, "y": 2776.0}, {"i": 554, "x": 6318.0, "y": 3038.0}, {"i": 555, "x": 6322.0, "y": 4558.0}, {"i": 556, "x": 6328.0, "y": 2358.0}, {"i": 557, "x": 6334.0, "y": 2246.0}, {"i": 558, "x": 6338.0, "y": 4030.0}, {"i": 559, "x": 6344.0, "y": 5808.0}, {"i": 560, "x": 6348.0, "y": 4128.0}, {"i": 561, "x": 6356.0, "y": 2470.0}, {"i": 562, "x": 6360.0, "y": 4070.0}, {"i": 563, "x": 6414.0, "y": 2828.0}, {"i": 564, "x": 6428.0, "y": 3836.0}, {"i": 565, "x": 6430.0, "y": 2814.0}, {"i": 566, "x": 6436.0, "y": 2962.0}, {"i": 567, "x": 6438.0, "y": 3318.0}, {"i": 568, "x": 6442.0, "y": 3758.0}, {"i": 569, "x": 6444.0, "y": 2902.0}, {"i": 570, "x": 6452.0, "y": 5366.0}, {"i": 571, "x": 6456.0, "y": 2870.0}, {"i": 572, "x": 6456.0, "y": 2892.0}, {"i": 573, "x": 6478.0, "y": 4752.0}, {"i": 574, "x": 6480.0, "y": 3834.0}, {"i": 575, "x": 6480.0, "y": 4756.0}, {"i": 576, "x": 6490.0, "y": 2904.0}, {"i": 577, "x": 6494.0, "y": 1990.0}, {"i": 578, "x": 6516.0, "y": 2510.0}, {"i": 579, "x": 6518.0, "y": 2972.0}, {"i": 580, "x": 6526.0, "y": 3796.0}, {"i": 581, "x": 6532.0, "y": 2850.0}, {"i": 582, "x": 6550.0, "y": 4688.0}, {"i": 583, "x": 6554.0, "y": 2482.0}, {"i": 584, "x": 6556.0, "y": 3646.0}, {"i": 585, "x": 6556.0, "y": 5988.0}, {"i": 586, "x": 6568.0, "y": 4146.0}, {"i": 587, "x": 6570.0, "y": 6710.0}, {"i": 588, "x": 6576.0, "y": 2538.0}, {"i": 589, "x": 6586.0, "y": 2750.0}, {"i": 590, "x": 6586.0, "y": 4960.0}, {"i": 591, "x": 6586.0, "y": 6520.0}, {"i": 592, "x": 6598.0, "y": 5146.0}, {"i": 593, "x": 6602.0, "y": 2470.0}, {"i": 594, "x": 6614.0, "y": 5452.0}, {"i": 595, "x": 6616.0, "y": 2126.0}, {"i": 596, "x": 6616.0, "y": 3902.0}, {"i": 597, "x": 6622.0, "y": 2836.0}, {"i": 598, "x": 6624.0, "y": 2650.0}, {"i": 599, "x": 6630.0, "y": 2650.0}, {"i": 600, "x": 6646.0, "y": 1872.0}, {"i": 601, "x": 6646.0, "y": 5880.0}, {"i": 602, "x": 6672.0, "y": 2708.0}, {"i": 603, "x": 6674.0, "y": 4638.0}, {"i": 604, "x": 6684.0, "y": 4680.0}, {"i": 605, "x": 6690.0, "y": 4680.0}, {"i": 606, "x": 6690.0, "y": 5374.0}, {"i": 607, "x": 6704.0, "y": 2816.0}, {"i": 608, "x": 6706.0, "y": 2470.0}, {"i": 609, "x": 6712.0, "y": 5906.0}, {"i": 610, "x": 6716.0, "y": 4562.0}, {"i": 611, "x": 6728.0, "y": 1770.0}, {"i": 612, "x": 6734.0, "y": 4716.0}, {"i": 613, "x": 6736.0, "y": 4404.0}, {"i": 614, "x": 6750.0, "y": 2308.0}, {"i": 615, "x": 6764.0, "y": 1742.0}, {"i": 616, "x": 6774.0, "y": 562.0}, {"i": 617, "x": 6776.0, "y": 2990.0}, {"i": 618, "x": 6778.0, "y": 2910.0}, {"i": 619, "x": 6780.0, "y": 2958.0}, {"i": 620, "x": 6794.0, "y": 602.0}, {"i": 621, "x": 6806.0, "y": 6916.0}, {"i": 622, "x": 6816.0, "y": 2198.0}, {"i": 623, "x": 6822.0, "y": 4386.0}, {"i": 624, "x": 6824.0, "y": 2908.0}, {"i": 625, "x": 6828.0, "y": 1938.0}, {"i": 626, "x": 6832.0, "y": 5966.0}, {"i": 627, "x": 6834.0, "y": 4358.0}, {"i": 628, "x": 6838.0, "y": 502.0}, {"i": 629, "x": 6844.0, "y": 6018.0}, {"i": 630, "x": 6854.0, "y": 4192.0}, {"i": 631, "x": 6864.0, "y": 2962.0}, {"i": 632, "x": 6878.0, "y": 4738.0}, {"i": 633, "x": 6886.0, "y": 3038.0}, {"i": 634, "x": 6890.0, "y": 1968.0}, {"i": 635, "x": 6948.0, "y": 4828.0}, {"i": 636, "x": 6954.0, "y": 4896.0}, {"i": 637, "x": 6964.0, "y": 1702.0}, {"i": 638, "x": 7020.0, "y": 2202.0}, {"i": 639, "x": 7026.0, "y": 4886.0}, {"i": 640, "x": 7030.0, "y": 4252.0}, {"i": 641, "x": 7030.0, "y": 6498.0}, {"i": 642, "x": 7048.0, "y": 6646.0}, {"i": 643, "x": 7050.0, "y": 5840.0}, {"i": 644, "x": 7064.0, "y": 2806.0}, {"i": 645, "x": 7088.0, "y": 4956.0}, {"i": 646, "x": 7088.0, "y": 5030.0}, {"i": 647, "x": 7090.0, "y": 2252.0}, {"i": 648, "x": 7100.0, "y": 2060.0}, {"i": 649, "x": 7106.0, "y": 4592.0}, {"i": 650, "x": 7122.0, "y": 4754.0}, {"i": 651, "x": 7126.0, "y": 1822.0}, {"i": 652, "x": 7138.0, "y": 4464.0}, {"i": 653, "x": 7154.0, "y": 2864.0}, {"i": 654, "x": 7160.0, "y": 4400.0}, {"i": 655, "x": 7198.0, "y": 1480.0}, {"i": 656, "x": 7226.0, "y": 1934.0}, {"i": 657, "x": 7234.0, "y": 4222.0}, {"i": 658, "x": 7244.0, "y": 6530.0}, {"i": 659, "x": 7252.0, "y": 4682.0}, {"i": 660, "x": 7260.0, "y": 1528.0}, {"i": 661, "x": 7280.0, "y": 6532.0}, {"i": 662, "x": 7302.0, "y": 3684.0}, {"i": 663, "x": 7304.0, "y": 1380.0}, {"i": 664, "x": 7308.0, "y": 346.0}, {"i": 665, "x": 7312.0, "y": 1598.0}, {"i": 666, "x": 7314.0, "y": 4248.0}, {"i": 667, "x": 7320.0, "y": 1662.0}, {"i": 668, "x": 7322.0, "y": 4874.0}, {"i": 669, "x": 7348.0, "y": 3024.0}, {"i": 670, "x": 7364.0, "y": 3058.0}, {"i": 671, "x": 7376.0, "y": 614.0}, {"i": 672, "x": 7386.0, "y": 4240.0}, {"i": 673, "x": 7394.0, "y": 1792.0}, {"i": 674, "x": 7412.0, "y": 5226.0}, {"i": 675, "x": 7418.0, "y": 3104.0}, {"i": 676, "x": 7428.0, "y": 1510.0}, {"i": 677, "x": 7434.0, "y": 1388.0}, {"i": 678, "x": 7434.0, "y": 1436.0}, {"i": 679, "x": 7446.0, "y": 1530.0}, {"i": 680, "x": 7450.0, "y": 1504.0}, {"i": 681, "x": 7452.0, "y": 1802.0}, {"i": 682, "x": 7464.0, "y": 1510.0}, {"i": 683, "x": 7476.0, "y": 1478.0}, {"i": 684, "x": 7492.0, "y": 1710.0}, {"i": 685, "x": 7502.0, "y": 428.0}, {"i": 686, "x": 7506.0, "y": 4432.0}, {"i": 687, "x": 7510.0, "y": 1764.0}, {"i": 688, "x": 7510.0, "y": 4796.0}, {"i": 689, "x": 7518.0, "y": 4478.0}, {"i": 690, "x": 7544.0, "y": 4206.0}, {"i": 691, "x": 7570.0, "y": 4200.0}, {"i": 692, "x": 7588.0, "y": 3070.0}, {"i": 693, "x": 7600.0, "y": 2556.0}, {"i": 694, "x": 7628.0, "y": 4254.0}, {"i": 695, "x": 7630.0, "y": 3274.0}, {"i": 696, "x": 7646.0, "y": 3272.0}, {"i": 697, "x": 7688.0, "y": 5446.0}, {"i": 698, "x": 7706.0, "y": 2846.0}, {"i": 699, "x": 7728.0, "y": 5434.0}, {"i": 700, "x": 7730.0, "y": 1382.0}, {"i": 701, "x": 7736.0, "y": 3040.0}, {"i": 702, "x": 7738.0, "y": 658.0}, {"i": 703, "x": 7740.0, "y": 1128.0}, {"i": 704, "x": 7742.0, "y": 4182.0}, {"i": 705, "x": 7766.0, "y": 3284.0}, {"i": 706, "x": 7768.0, "y": 800.0}, {"i": 707, "x": 7776.0, "y": 3766.0}, {"i": 708, "x": 7784.0, "y": 3376.0}, {"i": 709, "x": 7806.0, "y": 772.0}, {"i": 710, "x": 7806.0, "y": 2366.0}, {"i": 711, "x": 7810.0, "y": 1714.0}, {"i": 712, "x": 7846.0, "y": 6780.0}, {"i": 713, "x": 7848.0, "y": 4396.0}, {"i": 714, "x": 7854.0, "y": 692.0}, {"i": 715, "x": 7854.0, "y": 3554.0}, {"i": 716, "x": 7872.0, "y": 832.0}, {"i": 717, "x": 7874.0, "y": 920.0}, {"i": 718, "x": 7882.0, "y": 2252.0}, {"i": 719, "x": 7884.0, "y": 3666.0}, {"i": 720, "x": 7886.0, "y": 3666.0}, {"i": 721, "x": 7888.0, "y": 3094.0}, {"i": 722, "x": 7902.0, "y": 4498.0}, {"i": 723, "x": 7908.0, "y": 2964.0}, {"i": 724, "x": 7908.0, "y": 6288.0}, {"i": 725, "x": 7916.0, "y": 4802.0}, {"i": 726, "x": 7924.0, "y": 3922.0}, {"i": 727, "x": 7932.0, "y": 4170.0}, {"i": 728, "x": 7942.0, "y": 2294.0}, {"i": 729, "x": 7942.0, "y": 6996.0}, {"i": 730, "x": 7956.0, "y": 3298.0}, {"i": 731, "x": 7956.0, "y": 4438.0}, {"i": 732, "x": 7970.0, "y": 3868.0}, {"i": 733, "x": 7980.0, "y": 6922.0}, {"i": 734, "x": 8008.0, "y": 1470.0}, {"i": 735, "x": 8016.0, "y": 3704.0}, {"i": 736, "x": 8018.0, "y": 5130.0}, {"i": 737, "x": 8020.0, "y": 4952.0}, {"i": 738, "x": 8060.0, "y": 3654.0}, {"i": 739, "x": 8066.0, "y": 4912.0}, {"i": 740, "x": 8092.0, "y": 4226.0}, {"i": 741, "x": 8108.0, "y": 4428.0}, {"i": 742, "x": 8122.0, "y": 4426.0}, {"i": 743, "x": 8124.0, "y": 6814.0}, {"i": 744, "x": 8132.0, "y": 938.0}, {"i": 745, "x": 8132.0, "y": 946.0}, {"i": 746, "x": 8160.0, "y": 3848.0}, {"i": 747, "x": 8168.0, "y": 1466.0}, {"i": 748, "x": 8192.0, "y": 1310.0}, {"i": 749, "x": 8192.0, "y": 4508.0}, {"i": 750, "x": 8220.0, "y": 4998.0}, {"i": 751, "x": 8236.0, "y": 4012.0}, {"i": 752, "x": 8268.0, "y": 3248.0}, {"i": 753, "x": 8274.0, "y": 3486.0}, {"i": 754, "x": 8312.0, "y": 3894.0}, {"i": 755, "x": 8324.0, "y": 3932.0}, {"i": 756, "x": 8328.0, "y": 3240.0}, {"i": 757, "x": 8334.0, "y": 7040.0}, {"i": 758, "x": 8348.0, "y": 3516.0}, {"i": 759, "x": 8350.0, "y": 1392.0}, {"i": 760, "x": 8378.0, "y": 3764.0}, {"i": 761, "x": 8394.0, "y": 3854.0}, {"i": 762, "x": 8394.0, "y": 7024.0}, {"i": 763, "x": 8398.0, "y": 3506.0}, {"i": 764, "x": 8406.0, "y": 7050.0}, {"i": 765, "x": 8412.0, "y": 4322.0}, {"i": 766, "x": 8426.0, "y": 4158.0}, {"i": 767, "x": 8426.0, "y": 4716.0}, {"i": 768, "x": 8436.0, "y": 4924.0}, {"i": 769, "x": 8438.0, "y": 2754.0}, {"i": 770, "x": 8440.0, "y": 3286.0}, {"i": 771, "x": 8442.0, "y": 5616.0}, {"i": 772, "x": 8456.0, "y": 4302.0}, {"i": 773, "x": 8458.0, "y": 5508.0}, {"i": 774, "x": 8458.0, "y": 7048.0}, {"i": 775, "x": 8460.0, "y": 4230.0}, {"i": 776, "x": 8468.0, "y": 2744.0}, {"i": 777, "x": 8486.0, "y": 5228.0}, {"i": 778, "x": 8488.0, "y": 5564.0}, {"i": 779, "x": 8492.0, "y": 1260.0}, {"i": 780, "x": 8496.0, "y": 2780.0}, {"i": 781, "x": 8512.0, "y": 4074.0}, {"i": 782, "x": 8512.0, "y": 5564.0}, {"i": 783, "x": 8526.0, "y": 2800.0}, {"i": 784, "x": 8532.0, "y": 1270.0}, {"i": 785, "x": 8542.0, "y": 5212.0}, {"i": 786, "x": 8560.0, "y": 4806.0}, {"i": 787, "x": 8574.0, "y": 2932.0}, {"i": 788, "x": 8574.0, "y": 4206.0}, {"i": 789, "x": 8574.0, "y": 5496.0}, {"i": 790, "x": 8580.0, "y": 5112.0}, {"i": 791, "x": 8580.0, "y": 5532.0}, {"i": 792, "x": 8586.0, "y": 4790.0}, {"i": 793, "x": 8592.0, "y": 3978.0}, {"i": 794, "x": 8592.0, "y": 4818.0}, {"i": 795, "x": 8594.0, "y": 4106.0}, {"i": 796, "x": 8624.0, "y": 2632.0}, {"i": 797, "x": 8654.0, "y": 3486.0}, {"i": 798, "x": 8668.0, "y": 4316.0}, {"i": 799, "x": 8686.0, "y": 4692.0}, {"i": 800, "x": 8700.0, "y": 3358.0}, {"i": 801, "x": 8746.0, "y": 4098.0}, {"i": 802, "x": 8756.0, "y": 2558.0}, {"i": 803, "x": 8766.0, "y": 1772.0}, {"i": 804, "x": 8810.0, "y": 1804.0}, {"i": 805, "x": 8822.0, "y": 4266.0}, {"i": 806, "x": 8858.0, "y": 3500.0}, {"i": 807, "x": 8876.0, "y": 3932.0}, {"i": 808, "x": 8888.0, "y": 1762.0}, {"i": 809, "x": 8932.0, "y": 4952.0}, {"i": 810, "x": 8936.0, "y": 4962.0}, {"i": 811, "x": 8940.0, "y": 5176.0}, {"i": 812, "x": 8946.0, "y": 4596.0}, {"i": 813, "x": 8966.0, "y": 5592.0}, {"i": 814, "x": 8972.0, "y": 4242.0}, {"i": 815, "x": 8978.0, "y": 5504.0}, {"i": 816, "x": 8982.0, "y": 4678.0}, {"i": 817, "x": 8986.0, "y": 4236.0}, {"i": 818, "x": 9016.0, "y": 4166.0}, {"i": 819, "x": 9034.0, "y": 4184.0}, {"i": 820, "x": 9046.0, "y": 4186.0}, {"i": 821, "x": 9062.0, "y": 5604.0}, {"i": 822, "x": 9070.0, "y": 4820.0}, {"i": 823, "x": 9098.0, "y": 1032.0}, {"i": 824, "x": 9140.0, "y": 2404.0}, {"i": 825, "x": 9142.0, "y": 2416.0}, {"i": 826, "x": 9152.0, "y": 4354.0}, {"i": 827, "x": 9160.0, "y": 3258.0}, {"i": 828, "x": 9168.0, "y": 2650.0}, {"i": 829, "x": 9196.0, "y": 832.0}, {"i": 830, "x": 9206.0, "y": 4932.0}, {"i": 831, "x": 9228.0, "y": 1104.0}, {"i": 832, "x": 9232.0, "y": 2024.0}, {"i": 833, "x": 9234.0, "y": 2178.0}, {"i": 834, "x": 9238.0, "y": 4754.0}, {"i": 835, "x": 9248.0, "y": 5612.0}, {"i": 836, "x": 9258.0, "y": 1086.0}, {"i": 837, "x": 9264.0, "y": 3608.0}, {"i": 838, "x": 9270.0, "y": 4202.0}, {"i": 839, "x": 9282.0, "y": 4084.0}, {"i": 840, "x": 9308.0, "y": 4802.0}, {"i": 841, "x": 9328.0, "y": 4798.0}, {"i": 842, "x": 9332.0, "y": 4792.0}, {"i": 843, "x": 9384.0, "y": 2540.0}, {"i": 844, "x": 9390.0, "y": 3924.0}, {"i": 845, "x": 9394.0, "y": 1040.0}, {"i": 846, "x": 9428.0, "y": 4816.0}, {"i": 847, "x": 9428.0, "y": 4990.0}, {"i": 848, "x": 9442.0, "y": 3008.0}, {"i": 849, "x": 9470.0, "y": 2172.0}, {"i": 850, "x": 9470.0, "y": 2896.0}, {"i": 851, "x": 9478.0, "y": 2168.0}, {"i": 852, "x": 9498.0, "y": 1846.0}, {"i": 853, "x": 9510.0, "y": 5096.0}, {"i": 854, "x": 9528.0, "y": 692.0}, {"i": 855, "x": 9564.0, "y": 2212.0}, {"i": 856, "x": 9570.0, "y": 3976.0}, {"i": 857, "x": 9580.0, "y": 3350.0}, {"i": 858, "x": 9582.0, "y": 3308.0}, {"i": 859, "x": 9604.0, "y": 2382.0}, {"i": 860, "x": 9610.0, "y": 5284.0}, {"i": 861, "x": 9628.0, "y": 2012.0}, {"i": 862, "x": 9634.0, "y": 3638.0}, {"i": 863, "x": 9724.0, "y": 2856.0}, {"i": 864, "x": 9740.0, "y": 3518.0}, {"i": 865, "x": 9780.0, "y": 1166.0}, {"i": 866, "x": 9818.0, "y": 2568.0}, {"i": 867, "x": 9840.0, "y": 2968.0}, {"i": 868, "x": 9850.0, "y": 524.0}, {"i": 869, "x": 9854.0, "y": 2066.0}, {"i": 870, "x": 9870.0, "y": 1498.0}, {"i": 871, "x": 9876.0, "y": 2928.0}, {"i": 872, "x": 9880.0, "y": 5420.0}, {"i": 873, "x": 9894.0, "y": 718.0}, {"i": 874, "x": 9894.0, "y": 2062.0}, {"i": 875, "x": 9916.0, "y": 1402.0}, {"i": 876, "x": 9944.0, "y": 5148.0}, {"i": 877, "x": 9974.0, "y": 1338.0}, {"i": 878, "x": 9976.0, "y": 5118.0}, {"i": 879, "x": 9984.0, "y": 2710.0}, {"i": 880, "x": 9986.0, "y": 604.0}, {"i": 881, "x": 9988.0, "y": 3316.0}, {"i": 882, "x": 9992.0, "y": 1270.0}, {"i": 883, "x": 9994.0, "y": 5162.0}, {"i": 884, "x": 10004.0, "y": 1444.0}, {"i": 885, "x": 10008.0, "y": 2016.0}, {"i": 886, "x": 10060.0, "y": 3336.0}, {"i": 887, "x": 10068.0, "y": 1178.0}, {"i": 888, "x": 10078.0, "y": 712.0}, {"i": 889, "x": 10082.0, "y": 596.0}, {"i": 890, "x": 10114.0, "y": 3100.0}, {"i": 891, "x": 10118.0, "y": 3160.0}, {"i": 892, "x": 10128.0, "y": 4820.0}, {"i": 893, "x": 10150.0, "y": 3340.0}, {"i": 894, "x": 10154.0, "y": 634.0}, {"i": 895, "x": 10154.0, "y": 3350.0}, {"i": 896, "x": 10156.0, "y": 600.0}, {"i": 897, "x": 10166.0, "y": 5642.0}, {"i": 898, "x": 10186.0, "y": 6304.0}, {"i": 899, "x": 10210.0, "y": 648.0}, {"i": 900, "x": 10242.0, "y": 3122.0}, {"i": 901, "x": 10286.0, "y": 6268.0}, {"i": 902, "x": 10290.0, "y": 6284.0}, {"i": 903, "x": 10340.0, "y": 1486.0}, {"i": 904, "x": 10370.0, "y": 3166.0}, {"i": 905, "x": 10370.0, "y": 7016.0}, {"i": 906, "x": 10386.0, "y": 7000.0}, {"i": 907, "x": 10388.0, "y": 7036.0}, {"i": 908, "x": 10400.0, "y": 3110.0}, {"i": 909, "x": 10408.0, "y": 2058.0}, {"i": 910, "x": 10412.0, "y": 3866.0}, {"i": 911, "x": 10434.0, "y": 3062.0}, {"i": 912, "x": 10436.0, "y": 2202.0}, {"i": 913, "x": 10442.0, "y": 2672.0}, {"i": 914, "x": 10508.0, "y": 3682.0}, {"i": 915, "x": 10528.0, "y": 4200.0}, {"i": 916, "x": 10590.0, "y": 5004.0}, {"i": 917, "x": 10592.0, "y": 2158.0}, {"i": 918, "x": 10604.0, "y": 2592.0}, {"i": 919, "x": 10606.0, "y": 6462.0}, {"i": 920, "x": 10652.0, "y": 6864.0}, {"i": 921, "x": 10668.0, "y": 2892.0}, {"i": 922, "x": 10674.0, "y": 3730.0}, {"i": 923, "x": 10724.0, "y": 2914.0}, {"i": 924, "x": 10730.0, "y": 2970.0}, {"i": 925, "x": 10734.0, "y": 2542.0}, {"i": 926, "x": 10774.0, "y": 2680.0}, {"i": 927, "x": 10780.0, "y": 2768.0}, {"i": 928, "x": 10786.0, "y": 1502.0}, {"i": 929, "x": 10862.0, "y": 2496.0}, {"i": 930, "x": 10890.0, "y": 2490.0}, {"i": 931, "x": 10892.0, "y": 6698.0}, {"i": 932, "x": 10952.0, "y": 950.0}, {"i": 933, "x": 10972.0, "y": 5962.0}, {"i": 934, "x": 11002.0, "y": 1554.0}, {"i": 935, "x": 11074.0, "y": 4376.0}, {"i": 936, "x": 11116.0, "y": 5474.0}, {"i": 937, "x": 11134.0, "y": 3344.0}, {"i": 938, "x": 11148.0, "y": 1488.0}, {"i": 939, "x": 11150.0, "y": 2432.0}, {"i": 940, "x": 11192.0, "y": 646.0}, {"i": 941, "x": 11196.0, "y": 1564.0}, {"i": 942, "x": 11198.0, "y": 5328.0}, {"i": 943, "x": 11202.0, "y": 306.0}, {"i": 944, "x": 11204.0, "y": 660.0}, {"i": 945, "x": 11208.0, "y": 336.0}, {"i": 946, "x": 11248.0, "y": 658.0}, {"i": 947, "x": 11260.0, "y": 5094.0}, {"i": 948, "x": 11284.0, "y": 5372.0}, {"i": 949, "x": 11294.0, "y": 5280.0}, {"i": 950, "x": 11304.0, "y": 586.0}, {"i": 951, "x": 11306.0, "y": 3184.0}, {"i": 952, "x": 11312.0, "y": 360.0}, {"i": 953, "x": 11374.0, "y": 1830.0}, {"i": 954, "x": 11374.0, "y": 6316.0}, {"i": 955, "x": 11390.0, "y": 1310.0}, {"i": 956, "x": 11396.0, "y": 670.0}, {"i": 957, "x": 11402.0, "y": 2500.0}, {"i": 958, "x": 11404.0, "y": 2828.0}, {"i": 959, "x": 11414.0, "y": 226.0}, {"i": 960, "x": 11428.0, "y": 5404.0}, {"i": 961, "x": 11450.0, "y": 84.0}, {"i": 962, "x": 11482.0, "y": 1086.0}, {"i": 963, "x": 11520.0, "y": 328.0}, {"i": 964, "x": 11542.0, "y": 7118.0}, {"i": 965, "x": 11582.0, "y": 7008.0}, {"i": 966, "x": 11642.0, "y": 1276.0}, {"i": 967, "x": 11676.0, "y": 574.0}, {"i": 968, "x": 11692.0, "y": 594.0}, {"i": 969, "x": 11724.0, "y": 6902.0}, {"i": 970, "x": 11796.0, "y": 442.0}, {"i": 971, "x": 11806.0, "y": 1478.0}, {"i": 972, "x": 11820.0, "y": 898.0}, {"i": 973, "x": 11938.0, "y": 1528.0}, {"i": 974, "x": 11984.0, "y": 2998.0}, {"i": 975, "x": 12020.0, "y": 1174.0}, {"i": 976, "x": 12082.0, "y": 5376.0}, {"i": 977, "x": 12094.0, "y": 104.0}, {"i": 978, "x": 12100.0, "y": 106.0}, {"i": 979, "x": 12100.0, "y": 1424.0}, {"i": 980, "x": 12100.0, "y": 1438.0}, {"i": 981, "x": 12108.0, "y": 144.0}, {"i": 982, "x": 12108.0, "y": 7046.0}, {"i": 983, "x": 12126.0, "y": 1410.0}, {"i": 984, "x": 12160.0, "y": 818.0}, {"i": 985, "x": 12164.0, "y": 1206.0}, {"i": 986, "x": 12166.0, "y": 1398.0}, {"i": 987, "x": 12194.0, "y": 360.0}, {"i": 988, "x": 12194.0, "y": 3160.0}, {"i": 989, "x": 12198.0, "y": 256.0}, {"i": 990, "x": 12218.0, "y": 7090.0}, {"i": 991, "x": 12370.0, "y": 4656.0}, {"i": 992, "x": 12516.0, "y": 190.0}, {"i": 993, "x": 12606.0, "y": 1612.0}, {"i": 994, "x": 12618.0, "y": 1434.0}, {"i": 995, "x": 12636.0, "y": 1632.0}, {"i": 996, "x": 12714.0, "y": 6980.0}, {"i": 997, "x": 12742.0, "y": 1350.0}, {"i": 998, "x": 12768.0, "y": 3188.0}, {"i": 999, "x": 12790.0, "y": 3196.0}], "type": "Instance", "name": "euro-night-0001000", "meta": {"comment": "HIP even point set instance (1000 points) sampled from image ", "faces_in_delaunay": 1977}}