{"points": [{"i": 0, "x": 242.0, "y": 804.0}, {"i": 1, "x": 318.0, "y": 766.0}, {"i": 2, "x": 338.0, "y": 2004.0}, {"i": 3, "x": 374.0, "y": 1644.0}, {"i": 4, "x": 392.0, "y": 2018.0}, {"i": 5, "x": 398.0, "y": 5004.0}, {"i": 6, "x": 406.0, "y": 1500.0}, {"i": 7, "x": 434.0, "y": 1438.0}, {"i": 8, "x": 550.0, "y": 880.0}, {"i": 9, "x": 592.0, "y": 760.0}, {"i": 10, "x": 648.0, "y": 1408.0}, {"i": 11, "x": 728.0, "y": 1562.0}, {"i": 12, "x": 776.0, "y": 832.0}, {"i": 13, "x": 990.0, "y": 1558.0}, {"i": 14, "x": 1106.0, "y": 5192.0}, {"i": 15, "x": 1174.0, "y": 390.0}, {"i": 16, "x": 1254.0, "y": 222.0}, {"i": 17, "x": 1282.0, "y": 5576.0}, {"i": 18, "x": 1312.0, "y": 1192.0}, {"i": 19, "x": 1336.0, "y": 5592.0}, {"i": 20, "x": 1342.0, "y": 1916.0}, {"i": 21, "x": 1354.0, "y": 1952.0}, {"i": 22, "x": 1486.0, "y": 4274.0}, {"i": 23, "x": 1592.0, "y": 5926.0}, {"i": 24, "x": 1598.0, "y": 1674.0}, {"i": 25, "x": 1650.0, "y": 5902.0}, {"i": 26, "x": 1734.0, "y": 6066.0}, {"i": 27, "x": 1760.0, "y": 1384.0}, {"i": 28, "x": 1844.0, "y": 4702.0}, {"i": 29, "x": 1860.0, "y": 2208.0}, {"i": 30, "x": 1862.0, "y": 1296.0}, {"i": 31, "x": 1866.0, "y": 1414.0}, {"i": 32, "x": 1906.0, "y": 1330.0}, {"i": 33, "x": 1930.0, "y": 4320.0}, {"i": 34, "x": 1954.0, "y": 5292.0}, {"i": 35, "x": 2020.0, "y": 5988.0}, {"i": 36, "x": 2026.0, "y": 952.0}, {"i": 37, "x": 2040.0, "y": 6490.0}, {"i": 38, "x": 2080.0, "y": 5974.0}, {"i": 39, "x": 2088.0, "y": 5332.0}, {"i": 40, "x": 2136.0, "y": 2160.0}, {"i": 41, "x": 2144.0, "y": 4682.0}, {"i": 42, "x": 2146.0, "y": 2174.0}, {"i": 43, "x": 2152.0, "y": 1888.0}, {"i": 44, "x": 2202.0, "y": 5872.0}, {"i": 45, "x": 2206.0, "y": 2070.0}, {"i": 46, "x": 2210.0, "y": 4622.0}, {"i": 47, "x": 2270.0, "y": 5030.0}, {"i": 48, "x": 2336.0, "y": 596.0}, {"i": 49, "x": 2336.0, "y": 4604.0}, {"i": 50, "x": 2354.0, "y": 416.0}, {"i": 51, "x": 2354.0, "y": 5236.0}, {"i": 52, "x": 2396.0, "y": 2162.0}, {"i": 53, "x": 2470.0, "y": 412.0}, {"i": 54, "x": 2476.0, "y": 3658.0}, {"i": 55, "x": 2500.0, "y": 406.0}, {"i": 56, "x": 2514.0, "y": 752.0}, {"i": 57, "x": 2626.0, "y": 622.0}, {"i": 58, "x": 2636.0, "y": 5568.0}, {"i": 59, "x": 2666.0, "y": 684.0}, {"i": 60, "x": 2686.0, "y": 5106.0}, {"i": 61, "x": 2686.0, "y": 5228.0}, {"i": 62, "x": 2698.0, "y": 4648.0}, {"i": 63, "x": 2746.0, "y": 1674.0}, {"i": 64, "x": 2760.0, "y": 1030.0}, {"i": 65, "x": 2780.0, "y": 2612.0}, {"i": 66, "x": 2816.0, "y": 914.0}, {"i": 67, "x": 2842.0, "y": 4600.0}, {"i": 68, "x": 2862.0, "y": 694.0}, {"i": 69, "x": 2882.0, "y": 1078.0}, {"i": 70, "x": 2912.0, "y": 4816.0}, {"i": 71, "x": 2924.0, "y": 4604.0}, {"i": 72, "x": 2968.0, "y": 1176.0}, {"i": 73, "x": 2990.0, "y": 2292.0}, {"i": 74, "x": 3034.0, "y": 844.0}, {"i": 75, "x": 3040.0, "y": 4640.0}, {"i": 76, "x": 3094.0, "y": 4688.0}, {"i": 77, "x": 3252.0, "y": 1568.0}, {"i": 78, "x": 3252.0, "y": 4772.0}, {"i": 79, "x": 3372.0, "y": 4132.0}, {"i": 80, "x": 3384.0, "y": 3488.0}, {"i": 81, "x": 3428.0, "y": 1544.0}, {"i": 82, "x": 3442.0, "y": 880.0}, {"i": 83, "x": 3456.0, "y": 2300.0}, {"i": 84, "x": 3560.0, "y": 1632.0}, {"i": 85, "x": 3618.0, "y": 3788.0}, {"i": 86, "x": 3636.0, "y": 3750.0}, {"i": 87, "x": 3662.0, "y": 3720.0}, {"i": 88, "x": 3704.0, "y": 3908.0}, {"i": 89, "x": 3720.0, "y": 7034.0}, {"i": 90, "x": 3732.0, "y": 4488.0}, {"i": 91, "x": 3806.0, "y": 3868.0}, {"i": 92, "x": 3824.0, "y": 4372.0}, {"i": 93, "x": 3830.0, "y": 194.0}, {"i": 94, "x": 3866.0, "y": 3962.0}, {"i": 95, "x": 3872.0, "y": 30.0}, {"i": 96, "x": 3884.0, "y": 3902.0}, {"i": 97, "x": 3884.0, "y": 4058.0}, {"i": 98, "x": 3910.0, "y": 152.0}, {"i": 99, "x": 3918.0, "y": 2972.0}, {"i": 100, "x": 3938.0, "y": 3876.0}, {"i": 101, "x": 3958.0, "y": 2188.0}, {"i": 102, "x": 3962.0, "y": 4482.0}, {"i": 103, "x": 3978.0, "y": 4516.0}, {"i": 104, "x": 3988.0, "y": 132.0}, {"i": 105, "x": 4008.0, "y": 4254.0}, {"i": 106, "x": 4008.0, "y": 4430.0}, {"i": 107, "x": 4062.0, "y": 4456.0}, {"i": 108, "x": 4158.0, "y": 4314.0}, {"i": 109, "x": 4160.0, "y": 4470.0}, {"i": 110, "x": 4206.0, "y": 4264.0}, {"i": 111, "x": 4208.0, "y": 3982.0}, {"i": 112, "x": 4224.0, "y": 4280.0}, {"i": 113, "x": 4226.0, "y": 4554.0}, {"i": 114, "x": 4250.0, "y": 4506.0}, {"i": 115, "x": 4266.0, "y": 4744.0}, {"i": 116, "x": 4272.0, "y": 4526.0}, {"i": 117, "x": 4302.0, "y": 3194.0}, {"i": 118, "x": 4310.0, "y": 3986.0}, {"i": 119, "x": 4314.0, "y": 4714.0}, {"i": 120, "x": 4324.0, "y": 4318.0}, {"i": 121, "x": 4332.0, "y": 3534.0}, {"i": 122, "x": 4338.0, "y": 4732.0}, {"i": 123, "x": 4362.0, "y": 4870.0}, {"i": 124, "x": 4364.0, "y": 2936.0}, {"i": 125, "x": 4378.0, "y": 4512.0}, {"i": 126, "x": 4388.0, "y": 4564.0}, {"i": 127, "x": 4392.0, "y": 4576.0}, {"i": 128, "x": 4398.0, "y": 3260.0}, {"i": 129, "x": 4444.0, "y": 2930.0}, {"i": 130, "x": 4456.0, "y": 4522.0}, {"i": 131, "x": 4470.0, "y": 4482.0}, {"i": 132, "x": 4498.0, "y": 4990.0}, {"i": 133, "x": 4502.0, "y": 2886.0}, {"i": 134, "x": 4522.0, "y": 4706.0}, {"i": 135, "x": 4528.0, "y": 7166.0}, {"i": 136, "x": 4534.0, "y": 2212.0}, {"i": 137, "x": 4538.0, "y": 3838.0}, {"i": 138, "x": 4578.0, "y": 7000.0}, {"i": 139, "x": 4588.0, "y": 3052.0}, {"i": 140, "x": 4606.0, "y": 4462.0}, {"i": 141, "x": 4622.0, "y": 72.0}, {"i": 142, "x": 4632.0, "y": 5064.0}, {"i": 143, "x": 4666.0, "y": 3382.0}, {"i": 144, "x": 4668.0, "y": 4610.0}, {"i": 145, "x": 4698.0, "y": 4572.0}, {"i": 146, "x": 4702.0, "y": 4798.0}, {"i": 147, "x": 4736.0, "y": 4746.0}, {"i": 148, "x": 4754.0, "y": 3904.0}, {"i": 149, "x": 4758.0, "y": 6880.0}, {"i": 150, "x": 4774.0, "y": 3226.0}, {"i": 151, "x": 4792.0, "y": 3574.0}, {"i": 152, "x": 4806.0, "y": 4786.0}, {"i": 153, "x": 4808.0, "y": 2310.0}, {"i": 154, "x": 4826.0, "y": 2962.0}, {"i": 155, "x": 4860.0, "y": 3838.0}, {"i": 156, "x": 4940.0, "y": 3770.0}, {"i": 157, "x": 4966.0, "y": 2848.0}, {"i": 158, "x": 4998.0, "y": 3186.0}, {"i": 159, "x": 5010.0, "y": 2980.0}, {"i": 160, "x": 5054.0, "y": 4568.0}, {"i": 161, "x": 5064.0, "y": 5190.0}, {"i": 162, "x": 5072.0, "y": 4884.0}, {"i": 163, "x": 5096.0, "y": 3562.0}, {"i": 164, "x": 5112.0, "y": 4556.0}, {"i": 165, "x": 5116.0, "y": 3524.0}, {"i": 166, "x": 5126.0, "y": 2270.0}, {"i": 167, "x": 5138.0, "y": 4222.0}, {"i": 168, "x": 5146.0, "y": 2320.0}, {"i": 169, "x": 5154.0, "y": 4088.0}, {"i": 170, "x": 5182.0, "y": 4186.0}, {"i": 171, "x": 5226.0, "y": 4794.0}, {"i": 172, "x": 5228.0, "y": 3750.0}, {"i": 173, "x": 5292.0, "y": 2654.0}, {"i": 174, "x": 5336.0, "y": 3870.0}, {"i": 175, "x": 5416.0, "y": 2642.0}, {"i": 176, "x": 5416.0, "y": 5056.0}, {"i": 177, "x": 5418.0, "y": 4054.0}, {"i": 178, "x": 5442.0, "y": 2616.0}, {"i": 179, "x": 5448.0, "y": 2756.0}, {"i": 180, "x": 5460.0, "y": 4076.0}, {"i": 181, "x": 5490.0, "y": 3436.0}, {"i": 182, "x": 5490.0, "y": 3442.0}, {"i": 183, "x": 5498.0, "y": 2740.0}, {"i": 184, "x": 5498.0, "y": 3324.0}, {"i": 185, "x": 5508.0, "y": 2830.0}, {"i": 186, "x": 5518.0, "y": 3982.0}, {"i": 187, "x": 5536.0, "y": 6680.0}, {"i": 188, "x": 5552.0, "y": 3702.0}, {"i": 189, "x": 5568.0, "y": 4258.0}, {"i": 190, "x": 5574.0, "y": 2690.0}, {"i": 191, "x": 5582.0, "y": 4254.0}, {"i": 192, "x": 5594.0, "y": 4844.0}, {"i": 193, "x": 5606.0, "y": 4716.0}, {"i": 194, "x": 5612.0, "y": 2886.0}, {"i": 195, "x": 5618.0, "y": 5118.0}, {"i": 196, "x": 5620.0, "y": 4206.0}, {"i": 197, "x": 5656.0, "y": 3964.0}, {"i": 198, "x": 5674.0, "y": 2844.0}, {"i": 199, "x": 5690.0, "y": 3554.0}, {"i": 200, "x": 5722.0, "y": 4868.0}, {"i": 201, "x": 5744.0, "y": 1614.0}, {"i": 202, "x": 5752.0, "y": 3956.0}, {"i": 203, "x": 5776.0, "y": 5070.0}, {"i": 204, "x": 5798.0, "y": 2496.0}, {"i": 205, "x": 5812.0, "y": 3052.0}, {"i": 206, "x": 5822.0, "y": 6870.0}, {"i": 207, "x": 5830.0, "y": 2940.0}, {"i": 208, "x": 5850.0, "y": 2808.0}, {"i": 209, "x": 5866.0, "y": 2748.0}, {"i": 210, "x": 5890.0, "y": 6930.0}, {"i": 211, "x": 5948.0, "y": 2782.0}, {"i": 212, "x": 5956.0, "y": 7138.0}, {"i": 213, "x": 6044.0, "y": 2728.0}, {"i": 214, "x": 6070.0, "y": 3808.0}, {"i": 215, "x": 6088.0, "y": 2860.0}, {"i": 216, "x": 6104.0, "y": 2842.0}, {"i": 217, "x": 6180.0, "y": 2302.0}, {"i": 218, "x": 6182.0, "y": 160.0}, {"i": 219, "x": 6224.0, "y": 4928.0}, {"i": 220, "x": 6230.0, "y": 4484.0}, {"i": 221, "x": 6236.0, "y": 2314.0}, {"i": 222, "x": 6260.0, "y": 2306.0}, {"i": 223, "x": 6262.0, "y": 2612.0}, {"i": 224, "x": 6270.0, "y": 3684.0}, {"i": 225, "x": 6328.0, "y": 252.0}, {"i": 226, "x": 6330.0, "y": 2630.0}, {"i": 227, "x": 6334.0, "y": 2600.0}, {"i": 228, "x": 6354.0, "y": 5396.0}, {"i": 229, "x": 6378.0, "y": 2518.0}, {"i": 230, "x": 6398.0, "y": 2902.0}, {"i": 231, "x": 6406.0, "y": 3368.0}, {"i": 232, "x": 6452.0, "y": 2662.0}, {"i": 233, "x": 6456.0, "y": 3170.0}, {"i": 234, "x": 6510.0, "y": 2650.0}, {"i": 235, "x": 6544.0, "y": 2716.0}, {"i": 236, "x": 6600.0, "y": 6546.0}, {"i": 237, "x": 6618.0, "y": 4542.0}, {"i": 238, "x": 6654.0, "y": 6004.0}, {"i": 239, "x": 6670.0, "y": 2130.0}, {"i": 240, "x": 6678.0, "y": 1718.0}, {"i": 241, "x": 6682.0, "y": 2554.0}, {"i": 242, "x": 6690.0, "y": 2528.0}, {"i": 243, "x": 6708.0, "y": 1718.0}, {"i": 244, "x": 6730.0, "y": 5928.0}, {"i": 245, "x": 6740.0, "y": 2054.0}, {"i": 246, "x": 6744.0, "y": 1862.0}, {"i": 247, "x": 6760.0, "y": 552.0}, {"i": 248, "x": 6788.0, "y": 1674.0}, {"i": 249, "x": 6790.0, "y": 4416.0}, {"i": 250, "x": 6798.0, "y": 3042.0}, {"i": 251, "x": 6802.0, "y": 1700.0}, {"i": 252, "x": 6828.0, "y": 2388.0}, {"i": 253, "x": 6878.0, "y": 474.0}, {"i": 254, "x": 6918.0, "y": 1788.0}, {"i": 255, "x": 6918.0, "y": 3058.0}, {"i": 256, "x": 6934.0, "y": 1718.0}, {"i": 257, "x": 6938.0, "y": 2240.0}, {"i": 258, "x": 6962.0, "y": 590.0}, {"i": 259, "x": 7058.0, "y": 2818.0}, {"i": 260, "x": 7090.0, "y": 2178.0}, {"i": 261, "x": 7128.0, "y": 1568.0}, {"i": 262, "x": 7134.0, "y": 3550.0}, {"i": 263, "x": 7202.0, "y": 1830.0}, {"i": 264, "x": 7208.0, "y": 4426.0}, {"i": 265, "x": 7248.0, "y": 6504.0}, {"i": 266, "x": 7266.0, "y": 1546.0}, {"i": 267, "x": 7280.0, "y": 326.0}, {"i": 268, "x": 7358.0, "y": 4900.0}, {"i": 269, "x": 7394.0, "y": 4370.0}, {"i": 270, "x": 7540.0, "y": 266.0}, {"i": 271, "x": 7552.0, "y": 4336.0}, {"i": 272, "x": 7554.0, "y": 6988.0}, {"i": 273, "x": 7584.0, "y": 1384.0}, {"i": 274, "x": 7598.0, "y": 4684.0}, {"i": 275, "x": 7696.0, "y": 3966.0}, {"i": 276, "x": 7698.0, "y": 4580.0}, {"i": 277, "x": 7706.0, "y": 6722.0}, {"i": 278, "x": 7748.0, "y": 4256.0}, {"i": 279, "x": 7748.0, "y": 5336.0}, {"i": 280, "x": 7750.0, "y": 4850.0}, {"i": 281, "x": 7770.0, "y": 4392.0}, {"i": 282, "x": 7772.0, "y": 772.0}, {"i": 283, "x": 7772.0, "y": 2330.0}, {"i": 284, "x": 7792.0, "y": 754.0}, {"i": 285, "x": 7850.0, "y": 3634.0}, {"i": 286, "x": 7854.0, "y": 2850.0}, {"i": 287, "x": 7878.0, "y": 4958.0}, {"i": 288, "x": 7884.0, "y": 3446.0}, {"i": 289, "x": 7888.0, "y": 2950.0}, {"i": 290, "x": 7920.0, "y": 3290.0}, {"i": 291, "x": 7922.0, "y": 1536.0}, {"i": 292, "x": 7994.0, "y": 4916.0}, {"i": 293, "x": 8004.0, "y": 4880.0}, {"i": 294, "x": 8016.0, "y": 6918.0}, {"i": 295, "x": 8032.0, "y": 1542.0}, {"i": 296, "x": 8056.0, "y": 3844.0}, {"i": 297, "x": 8064.0, "y": 4178.0}, {"i": 298, "x": 8108.0, "y": 920.0}, {"i": 299, "x": 8208.0, "y": 4402.0}, {"i": 300, "x": 8234.0, "y": 1378.0}, {"i": 301, "x": 8276.0, "y": 7164.0}, {"i": 302, "x": 8294.0, "y": 4772.0}, {"i": 303, "x": 8320.0, "y": 3784.0}, {"i": 304, "x": 8338.0, "y": 6960.0}, {"i": 305, "x": 8410.0, "y": 4074.0}, {"i": 306, "x": 8422.0, "y": 3274.0}, {"i": 307, "x": 8450.0, "y": 1176.0}, {"i": 308, "x": 8474.0, "y": 5498.0}, {"i": 309, "x": 8498.0, "y": 4158.0}, {"i": 310, "x": 8556.0, "y": 4570.0}, {"i": 311, "x": 8606.0, "y": 2648.0}, {"i": 312, "x": 8610.0, "y": 3514.0}, {"i": 313, "x": 8610.0, "y": 5292.0}, {"i": 314, "x": 8612.0, "y": 4214.0}, {"i": 315, "x": 8618.0, "y": 5516.0}, {"i": 316, "x": 8706.0, "y": 3416.0}, {"i": 317, "x": 8708.0, "y": 4144.0}, {"i": 318, "x": 8758.0, "y": 2816.0}, {"i": 319, "x": 8792.0, "y": 3084.0}, {"i": 320, "x": 8868.0, "y": 1422.0}, {"i": 321, "x": 8870.0, "y": 4734.0}, {"i": 322, "x": 8910.0, "y": 1684.0}, {"i": 323, "x": 8942.0, "y": 2766.0}, {"i": 324, "x": 8972.0, "y": 1084.0}, {"i": 325, "x": 9026.0, "y": 4210.0}, {"i": 326, "x": 9132.0, "y": 2638.0}, {"i": 327, "x": 9164.0, "y": 1978.0}, {"i": 328, "x": 9168.0, "y": 1924.0}, {"i": 329, "x": 9214.0, "y": 3480.0}, {"i": 330, "x": 9228.0, "y": 4838.0}, {"i": 331, "x": 9322.0, "y": 4846.0}, {"i": 332, "x": 9354.0, "y": 2892.0}, {"i": 333, "x": 9384.0, "y": 5352.0}, {"i": 334, "x": 9388.0, "y": 2630.0}, {"i": 335, "x": 9404.0, "y": 1780.0}, {"i": 336, "x": 9406.0, "y": 3046.0}, {"i": 337, "x": 9426.0, "y": 4498.0}, {"i": 338, "x": 9482.0, "y": 1406.0}, {"i": 339, "x": 9518.0, "y": 3472.0}, {"i": 340, "x": 9584.0, "y": 3350.0}, {"i": 341, "x": 9628.0, "y": 2364.0}, {"i": 342, "x": 9634.0, "y": 3764.0}, {"i": 343, "x": 9640.0, "y": 3896.0}, {"i": 344, "x": 9672.0, "y": 3782.0}, {"i": 345, "x": 9696.0, "y": 3306.0}, {"i": 346, "x": 9714.0, "y": 1274.0}, {"i": 347, "x": 9782.0, "y": 1494.0}, {"i": 348, "x": 9792.0, "y": 1630.0}, {"i": 349, "x": 9860.0, "y": 1012.0}, {"i": 350, "x": 9930.0, "y": 710.0}, {"i": 351, "x": 9946.0, "y": 5158.0}, {"i": 352, "x": 9998.0, "y": 5954.0}, {"i": 353, "x": 10000.0, "y": 2242.0}, {"i": 354, "x": 10010.0, "y": 712.0}, {"i": 355, "x": 10016.0, "y": 2672.0}, {"i": 356, "x": 10048.0, "y": 698.0}, {"i": 357, "x": 10068.0, "y": 724.0}, {"i": 358, "x": 10142.0, "y": 3120.0}, {"i": 359, "x": 10212.0, "y": 4154.0}, {"i": 360, "x": 10216.0, "y": 4132.0}, {"i": 361, "x": 10260.0, "y": 670.0}, {"i": 362, "x": 10296.0, "y": 3330.0}, {"i": 363, "x": 10330.0, "y": 4860.0}, {"i": 364, "x": 10392.0, "y": 1812.0}, {"i": 365, "x": 10456.0, "y": 1540.0}, {"i": 366, "x": 10502.0, "y": 5608.0}, {"i": 367, "x": 10508.0, "y": 6354.0}, {"i": 368, "x": 10642.0, "y": 2900.0}, {"i": 369, "x": 10708.0, "y": 3574.0}, {"i": 370, "x": 10750.0, "y": 1458.0}, {"i": 371, "x": 10820.0, "y": 2590.0}, {"i": 372, "x": 10832.0, "y": 2584.0}, {"i": 373, "x": 10960.0, "y": 1942.0}, {"i": 374, "x": 10972.0, "y": 7116.0}, {"i": 375, "x": 10998.0, "y": 3592.0}, {"i": 376, "x": 11056.0, "y": 1034.0}, {"i": 377, "x": 11140.0, "y": 690.0}, {"i": 378, "x": 11176.0, "y": 2008.0}, {"i": 379, "x": 11264.0, "y": 2168.0}, {"i": 380, "x": 11270.0, "y": 4364.0}, {"i": 381, "x": 11306.0, "y": 5304.0}, {"i": 382, "x": 11440.0, "y": 1024.0}, {"i": 383, "x": 11554.0, "y": 1266.0}, {"i": 384, "x": 11710.0, "y": 1232.0}, {"i": 385, "x": 11756.0, "y": 1462.0}, {"i": 386, "x": 11884.0, "y": 7176.0}, {"i": 387, "x": 12010.0, "y": 7106.0}, {"i": 388, "x": 12074.0, "y": 1446.0}, {"i": 389, "x": 12102.0, "y": 4298.0}, {"i": 390, "x": 12154.0, "y": 1444.0}, {"i": 391, "x": 12176.0, "y": 546.0}, {"i": 392, "x": 12206.0, "y": 1402.0}, {"i": 393, "x": 12228.0, "y": 4312.0}, {"i": 394, "x": 12244.0, "y": 4346.0}, {"i": 395, "x": 12246.0, "y": 7126.0}, {"i": 396, "x": 12300.0, "y": 7066.0}, {"i": 397, "x": 12374.0, "y": 6606.0}, {"i": 398, "x": 12426.0, "y": 230.0}, {"i": 399, "x": 12430.0, "y": 716.0}], "type": "Instance", "name": "euro-night-0000400", "meta": {"comment": "HIP even point set instance (400 points) sampled from image ", "faces_in_delaunay": 785}}