{"points": [{"i": 0, "x": 632.0, "y": 1508.0}, {"i": 1, "x": 1256.0, "y": 188.0}, {"i": 2, "x": 1774.0, "y": 1468.0}, {"i": 3, "x": 2330.0, "y": 4852.0}, {"i": 4, "x": 2606.0, "y": 5082.0}, {"i": 5, "x": 2610.0, "y": 4988.0}, {"i": 6, "x": 2636.0, "y": 4442.0}, {"i": 7, "x": 2680.0, "y": 5408.0}, {"i": 8, "x": 2756.0, "y": 2758.0}, {"i": 9, "x": 3870.0, "y": 3706.0}, {"i": 10, "x": 4114.0, "y": 4542.0}, {"i": 11, "x": 4308.0, "y": 4466.0}, {"i": 12, "x": 4662.0, "y": 3298.0}, {"i": 13, "x": 4664.0, "y": 4486.0}, {"i": 14, "x": 4912.0, "y": 4040.0}, {"i": 15, "x": 5168.0, "y": 5160.0}, {"i": 16, "x": 5312.0, "y": 4580.0}, {"i": 17, "x": 5458.0, "y": 176.0}, {"i": 18, "x": 5628.0, "y": 5128.0}, {"i": 19, "x": 5684.0, "y": 3448.0}, {"i": 20, "x": 5740.0, "y": 2888.0}, {"i": 21, "x": 5834.0, "y": 4598.0}, {"i": 22, "x": 6260.0, "y": 4470.0}, {"i": 23, "x": 6304.0, "y": 3026.0}, {"i": 24, "x": 6658.0, "y": 2868.0}, {"i": 25, "x": 7496.0, "y": 4398.0}, {"i": 26, "x": 7556.0, "y": 4208.0}, {"i": 27, "x": 7710.0, "y": 3666.0}, {"i": 28, "x": 8080.0, "y": 884.0}, {"i": 29, "x": 8256.0, "y": 4896.0}, {"i": 30, "x": 8922.0, "y": 2852.0}, {"i": 31, "x": 9372.0, "y": 2396.0}, {"i": 32, "x": 9458.0, "y": 1472.0}, {"i": 33, "x": 9616.0, "y": 1034.0}, {"i": 34, "x": 9744.0, "y": 3592.0}, {"i": 35, "x": 10152.0, "y": 646.0}, {"i": 36, "x": 10276.0, "y": 1828.0}, {"i": 37, "x": 10484.0, "y": 1860.0}, {"i": 38, "x": 11014.0, "y": 1416.0}, {"i": 39, "x": 12504.0, "y": 5322.0}], "type": "Instance", "name": "euro-night-0000040", "meta": {"comment": "HIP even point set instance (40 points) sampled from image ", "faces_in_delaunay": 70}}