{"points": [{"i": 0, "x": 1196.0, "y": 668.0}, {"i": 1, "x": 1238.0, "y": 1886.0}, {"i": 2, "x": 1360.0, "y": 576.0}, {"i": 3, "x": 1414.0, "y": 86.0}, {"i": 4, "x": 2018.0, "y": 6504.0}, {"i": 5, "x": 2380.0, "y": 3280.0}, {"i": 6, "x": 2860.0, "y": 1030.0}, {"i": 7, "x": 2880.0, "y": 4632.0}, {"i": 8, "x": 3042.0, "y": 4866.0}, {"i": 9, "x": 3328.0, "y": 2428.0}, {"i": 10, "x": 3408.0, "y": 1658.0}, {"i": 11, "x": 3486.0, "y": 4394.0}, {"i": 12, "x": 3936.0, "y": 1804.0}, {"i": 13, "x": 4046.0, "y": 230.0}, {"i": 14, "x": 4200.0, "y": 96.0}, {"i": 15, "x": 4348.0, "y": 4228.0}, {"i": 16, "x": 4518.0, "y": 4758.0}, {"i": 17, "x": 4758.0, "y": 4358.0}, {"i": 18, "x": 4856.0, "y": 4004.0}, {"i": 19, "x": 4908.0, "y": 3650.0}, {"i": 20, "x": 5352.0, "y": 2740.0}, {"i": 21, "x": 5742.0, "y": 3750.0}, {"i": 22, "x": 5862.0, "y": 3436.0}, {"i": 23, "x": 6188.0, "y": 2644.0}, {"i": 24, "x": 6762.0, "y": 6004.0}, {"i": 25, "x": 6792.0, "y": 1662.0}, {"i": 26, "x": 7706.0, "y": 3698.0}, {"i": 27, "x": 7816.0, "y": 4402.0}, {"i": 28, "x": 7856.0, "y": 5460.0}, {"i": 29, "x": 8014.0, "y": 866.0}, {"i": 30, "x": 8082.0, "y": 2342.0}, {"i": 31, "x": 8160.0, "y": 3118.0}, {"i": 32, "x": 8702.0, "y": 5498.0}, {"i": 33, "x": 8966.0, "y": 4604.0}, {"i": 34, "x": 9150.0, "y": 4354.0}, {"i": 35, "x": 9156.0, "y": 4096.0}, {"i": 36, "x": 9402.0, "y": 4464.0}, {"i": 37, "x": 9570.0, "y": 4628.0}, {"i": 38, "x": 9760.0, "y": 4582.0}, {"i": 39, "x": 10128.0, "y": 608.0}, {"i": 40, "x": 10136.0, "y": 636.0}, {"i": 41, "x": 10514.0, "y": 3178.0}, {"i": 42, "x": 10662.0, "y": 4836.0}, {"i": 43, "x": 10840.0, "y": 2670.0}, {"i": 44, "x": 11062.0, "y": 3210.0}], "type": "Instance", "name": "euro-night-0000045", "meta": {"comment": "HIP even point set instance (45 points) sampled from image ", "faces_in_delaunay": 78}}