{"points": [{"i": 0, "x": 250.0, "y": 1028.0}, {"i": 1, "x": 354.0, "y": 614.0}, {"i": 2, "x": 364.0, "y": 966.0}, {"i": 3, "x": 372.0, "y": 950.0}, {"i": 4, "x": 380.0, "y": 1562.0}, {"i": 5, "x": 382.0, "y": 1698.0}, {"i": 6, "x": 406.0, "y": 1964.0}, {"i": 7, "x": 448.0, "y": 5238.0}, {"i": 8, "x": 486.0, "y": 2172.0}, {"i": 9, "x": 494.0, "y": 1358.0}, {"i": 10, "x": 502.0, "y": 1086.0}, {"i": 11, "x": 522.0, "y": 1236.0}, {"i": 12, "x": 556.0, "y": 2108.0}, {"i": 13, "x": 612.0, "y": 1296.0}, {"i": 14, "x": 656.0, "y": 2110.0}, {"i": 15, "x": 700.0, "y": 1700.0}, {"i": 16, "x": 760.0, "y": 5680.0}, {"i": 17, "x": 762.0, "y": 5642.0}, {"i": 18, "x": 796.0, "y": 5584.0}, {"i": 19, "x": 824.0, "y": 1364.0}, {"i": 20, "x": 958.0, "y": 5594.0}, {"i": 21, "x": 1060.0, "y": 1988.0}, {"i": 22, "x": 1096.0, "y": 870.0}, {"i": 23, "x": 1100.0, "y": 2082.0}, {"i": 24, "x": 1116.0, "y": 4996.0}, {"i": 25, "x": 1132.0, "y": 5614.0}, {"i": 26, "x": 1146.0, "y": 458.0}, {"i": 27, "x": 1230.0, "y": 2202.0}, {"i": 28, "x": 1236.0, "y": 346.0}, {"i": 29, "x": 1320.0, "y": 1440.0}, {"i": 30, "x": 1400.0, "y": 86.0}, {"i": 31, "x": 1518.0, "y": 938.0}, {"i": 32, "x": 1564.0, "y": 1680.0}, {"i": 33, "x": 1580.0, "y": 2132.0}, {"i": 34, "x": 1712.0, "y": 472.0}, {"i": 35, "x": 1732.0, "y": 5930.0}, {"i": 36, "x": 1746.0, "y": 908.0}, {"i": 37, "x": 1758.0, "y": 1226.0}, {"i": 38, "x": 1784.0, "y": 1316.0}, {"i": 39, "x": 1788.0, "y": 1142.0}, {"i": 40, "x": 1802.0, "y": 5960.0}, {"i": 41, "x": 1876.0, "y": 1814.0}, {"i": 42, "x": 1878.0, "y": 2238.0}, {"i": 43, "x": 1892.0, "y": 5938.0}, {"i": 44, "x": 1900.0, "y": 336.0}, {"i": 45, "x": 1900.0, "y": 1872.0}, {"i": 46, "x": 1958.0, "y": 5996.0}, {"i": 47, "x": 1968.0, "y": 3516.0}, {"i": 48, "x": 1986.0, "y": 1188.0}, {"i": 49, "x": 2024.0, "y": 5700.0}, {"i": 50, "x": 2042.0, "y": 4510.0}, {"i": 51, "x": 2100.0, "y": 3788.0}, {"i": 52, "x": 2108.0, "y": 2002.0}, {"i": 53, "x": 2128.0, "y": 2082.0}, {"i": 54, "x": 2150.0, "y": 3742.0}, {"i": 55, "x": 2154.0, "y": 6434.0}, {"i": 56, "x": 2190.0, "y": 1134.0}, {"i": 57, "x": 2214.0, "y": 304.0}, {"i": 58, "x": 2218.0, "y": 2050.0}, {"i": 59, "x": 2240.0, "y": 4538.0}, {"i": 60, "x": 2250.0, "y": 5290.0}, {"i": 61, "x": 2340.0, "y": 4710.0}, {"i": 62, "x": 2348.0, "y": 5116.0}, {"i": 63, "x": 2390.0, "y": 5242.0}, {"i": 64, "x": 2396.0, "y": 5380.0}, {"i": 65, "x": 2446.0, "y": 3548.0}, {"i": 66, "x": 2472.0, "y": 4872.0}, {"i": 67, "x": 2474.0, "y": 5028.0}, {"i": 68, "x": 2482.0, "y": 5662.0}, {"i": 69, "x": 2524.0, "y": 2038.0}, {"i": 70, "x": 2538.0, "y": 4922.0}, {"i": 71, "x": 2544.0, "y": 4622.0}, {"i": 72, "x": 2548.0, "y": 5232.0}, {"i": 73, "x": 2560.0, "y": 3824.0}, {"i": 74, "x": 2570.0, "y": 3190.0}, {"i": 75, "x": 2616.0, "y": 5566.0}, {"i": 76, "x": 2622.0, "y": 574.0}, {"i": 77, "x": 2644.0, "y": 3216.0}, {"i": 78, "x": 2650.0, "y": 778.0}, {"i": 79, "x": 2654.0, "y": 674.0}, {"i": 80, "x": 2662.0, "y": 1726.0}, {"i": 81, "x": 2668.0, "y": 1302.0}, {"i": 82, "x": 2676.0, "y": 966.0}, {"i": 83, "x": 2678.0, "y": 594.0}, {"i": 84, "x": 2698.0, "y": 4630.0}, {"i": 85, "x": 2718.0, "y": 1698.0}, {"i": 86, "x": 2736.0, "y": 4692.0}, {"i": 87, "x": 2738.0, "y": 2986.0}, {"i": 88, "x": 2764.0, "y": 592.0}, {"i": 89, "x": 2768.0, "y": 4788.0}, {"i": 90, "x": 2774.0, "y": 3192.0}, {"i": 91, "x": 2802.0, "y": 5176.0}, {"i": 92, "x": 2808.0, "y": 3688.0}, {"i": 93, "x": 2888.0, "y": 3954.0}, {"i": 94, "x": 2904.0, "y": 4616.0}, {"i": 95, "x": 2928.0, "y": 5406.0}, {"i": 96, "x": 2936.0, "y": 2332.0}, {"i": 97, "x": 2940.0, "y": 868.0}, {"i": 98, "x": 2944.0, "y": 4690.0}, {"i": 99, "x": 2952.0, "y": 1174.0}, {"i": 100, "x": 2960.0, "y": 4494.0}, {"i": 101, "x": 2970.0, "y": 4694.0}, {"i": 102, "x": 2974.0, "y": 766.0}, {"i": 103, "x": 2986.0, "y": 4728.0}, {"i": 104, "x": 3014.0, "y": 4724.0}, {"i": 105, "x": 3036.0, "y": 4014.0}, {"i": 106, "x": 3038.0, "y": 2538.0}, {"i": 107, "x": 3046.0, "y": 4640.0}, {"i": 108, "x": 3054.0, "y": 2912.0}, {"i": 109, "x": 3098.0, "y": 3182.0}, {"i": 110, "x": 3126.0, "y": 30.0}, {"i": 111, "x": 3126.0, "y": 1346.0}, {"i": 112, "x": 3144.0, "y": 1472.0}, {"i": 113, "x": 3148.0, "y": 1674.0}, {"i": 114, "x": 3152.0, "y": 3634.0}, {"i": 115, "x": 3168.0, "y": 3922.0}, {"i": 116, "x": 3172.0, "y": 4608.0}, {"i": 117, "x": 3178.0, "y": 2042.0}, {"i": 118, "x": 3194.0, "y": 3778.0}, {"i": 119, "x": 3228.0, "y": 4084.0}, {"i": 120, "x": 3236.0, "y": 3630.0}, {"i": 121, "x": 3296.0, "y": 3980.0}, {"i": 122, "x": 3310.0, "y": 4158.0}, {"i": 123, "x": 3382.0, "y": 1816.0}, {"i": 124, "x": 3414.0, "y": 2616.0}, {"i": 125, "x": 3424.0, "y": 3734.0}, {"i": 126, "x": 3458.0, "y": 1710.0}, {"i": 127, "x": 3458.0, "y": 2272.0}, {"i": 128, "x": 3460.0, "y": 1682.0}, {"i": 129, "x": 3486.0, "y": 5008.0}, {"i": 130, "x": 3534.0, "y": 1664.0}, {"i": 131, "x": 3546.0, "y": 4218.0}, {"i": 132, "x": 3558.0, "y": 6710.0}, {"i": 133, "x": 3564.0, "y": 168.0}, {"i": 134, "x": 3592.0, "y": 3548.0}, {"i": 135, "x": 3644.0, "y": 3918.0}, {"i": 136, "x": 3652.0, "y": 4212.0}, {"i": 137, "x": 3660.0, "y": 4516.0}, {"i": 138, "x": 3678.0, "y": 176.0}, {"i": 139, "x": 3706.0, "y": 3894.0}, {"i": 140, "x": 3746.0, "y": 6952.0}, {"i": 141, "x": 3754.0, "y": 3094.0}, {"i": 142, "x": 3802.0, "y": 3600.0}, {"i": 143, "x": 3814.0, "y": 4406.0}, {"i": 144, "x": 3850.0, "y": 240.0}, {"i": 145, "x": 3862.0, "y": 1832.0}, {"i": 146, "x": 3868.0, "y": 4550.0}, {"i": 147, "x": 3946.0, "y": 4398.0}, {"i": 148, "x": 4062.0, "y": 4562.0}, {"i": 149, "x": 4068.0, "y": 4628.0}, {"i": 150, "x": 4074.0, "y": 3522.0}, {"i": 151, "x": 4110.0, "y": 3686.0}, {"i": 152, "x": 4120.0, "y": 4838.0}, {"i": 153, "x": 4122.0, "y": 3992.0}, {"i": 154, "x": 4142.0, "y": 22.0}, {"i": 155, "x": 4170.0, "y": 248.0}, {"i": 156, "x": 4180.0, "y": 4262.0}, {"i": 157, "x": 4182.0, "y": 1286.0}, {"i": 158, "x": 4192.0, "y": 4300.0}, {"i": 159, "x": 4192.0, "y": 4438.0}, {"i": 160, "x": 4222.0, "y": 4478.0}, {"i": 161, "x": 4226.0, "y": 2436.0}, {"i": 162, "x": 4244.0, "y": 4502.0}, {"i": 163, "x": 4250.0, "y": 4724.0}, {"i": 164, "x": 4258.0, "y": 3834.0}, {"i": 165, "x": 4272.0, "y": 2328.0}, {"i": 166, "x": 4272.0, "y": 4306.0}, {"i": 167, "x": 4278.0, "y": 6102.0}, {"i": 168, "x": 4314.0, "y": 4488.0}, {"i": 169, "x": 4350.0, "y": 2826.0}, {"i": 170, "x": 4392.0, "y": 4700.0}, {"i": 171, "x": 4400.0, "y": 4118.0}, {"i": 172, "x": 4404.0, "y": 2316.0}, {"i": 173, "x": 4418.0, "y": 2540.0}, {"i": 174, "x": 4420.0, "y": 2514.0}, {"i": 175, "x": 4420.0, "y": 2958.0}, {"i": 176, "x": 4456.0, "y": 2820.0}, {"i": 177, "x": 4464.0, "y": 3170.0}, {"i": 178, "x": 4470.0, "y": 3338.0}, {"i": 179, "x": 4490.0, "y": 4116.0}, {"i": 180, "x": 4500.0, "y": 5022.0}, {"i": 181, "x": 4516.0, "y": 3646.0}, {"i": 182, "x": 4538.0, "y": 4444.0}, {"i": 183, "x": 4572.0, "y": 4998.0}, {"i": 184, "x": 4584.0, "y": 2902.0}, {"i": 185, "x": 4592.0, "y": 3052.0}, {"i": 186, "x": 4640.0, "y": 7102.0}, {"i": 187, "x": 4686.0, "y": 6778.0}, {"i": 188, "x": 4698.0, "y": 5054.0}, {"i": 189, "x": 4724.0, "y": 5028.0}, {"i": 190, "x": 4730.0, "y": 5088.0}, {"i": 191, "x": 4734.0, "y": 4430.0}, {"i": 192, "x": 4734.0, "y": 5166.0}, {"i": 193, "x": 4736.0, "y": 6878.0}, {"i": 194, "x": 4748.0, "y": 4856.0}, {"i": 195, "x": 4760.0, "y": 2886.0}, {"i": 196, "x": 4762.0, "y": 4128.0}, {"i": 197, "x": 4796.0, "y": 4066.0}, {"i": 198, "x": 4798.0, "y": 2968.0}, {"i": 199, "x": 4814.0, "y": 4640.0}, {"i": 200, "x": 4836.0, "y": 4154.0}, {"i": 201, "x": 4840.0, "y": 4666.0}, {"i": 202, "x": 4852.0, "y": 2136.0}, {"i": 203, "x": 4852.0, "y": 3416.0}, {"i": 204, "x": 4858.0, "y": 3806.0}, {"i": 205, "x": 4876.0, "y": 2878.0}, {"i": 206, "x": 4884.0, "y": 5146.0}, {"i": 207, "x": 4894.0, "y": 4552.0}, {"i": 208, "x": 4938.0, "y": 5170.0}, {"i": 209, "x": 4944.0, "y": 2364.0}, {"i": 210, "x": 4944.0, "y": 4084.0}, {"i": 211, "x": 4952.0, "y": 5198.0}, {"i": 212, "x": 4956.0, "y": 3076.0}, {"i": 213, "x": 4960.0, "y": 4520.0}, {"i": 214, "x": 4964.0, "y": 3988.0}, {"i": 215, "x": 4966.0, "y": 4702.0}, {"i": 216, "x": 4996.0, "y": 2164.0}, {"i": 217, "x": 4998.0, "y": 4474.0}, {"i": 218, "x": 5006.0, "y": 4748.0}, {"i": 219, "x": 5046.0, "y": 4148.0}, {"i": 220, "x": 5048.0, "y": 2974.0}, {"i": 221, "x": 5052.0, "y": 4752.0}, {"i": 222, "x": 5078.0, "y": 4878.0}, {"i": 223, "x": 5104.0, "y": 3896.0}, {"i": 224, "x": 5124.0, "y": 4924.0}, {"i": 225, "x": 5168.0, "y": 4368.0}, {"i": 226, "x": 5202.0, "y": 3680.0}, {"i": 227, "x": 5258.0, "y": 4626.0}, {"i": 228, "x": 5264.0, "y": 3814.0}, {"i": 229, "x": 5272.0, "y": 3452.0}, {"i": 230, "x": 5272.0, "y": 3816.0}, {"i": 231, "x": 5274.0, "y": 3718.0}, {"i": 232, "x": 5304.0, "y": 2632.0}, {"i": 233, "x": 5314.0, "y": 4516.0}, {"i": 234, "x": 5334.0, "y": 3780.0}, {"i": 235, "x": 5386.0, "y": 4736.0}, {"i": 236, "x": 5390.0, "y": 2356.0}, {"i": 237, "x": 5416.0, "y": 4954.0}, {"i": 238, "x": 5464.0, "y": 4204.0}, {"i": 239, "x": 5490.0, "y": 3066.0}, {"i": 240, "x": 5516.0, "y": 3636.0}, {"i": 241, "x": 5520.0, "y": 3654.0}, {"i": 242, "x": 5524.0, "y": 4762.0}, {"i": 243, "x": 5598.0, "y": 6720.0}, {"i": 244, "x": 5604.0, "y": 3008.0}, {"i": 245, "x": 5608.0, "y": 6728.0}, {"i": 246, "x": 5610.0, "y": 1184.0}, {"i": 247, "x": 5616.0, "y": 2624.0}, {"i": 248, "x": 5628.0, "y": 4862.0}, {"i": 249, "x": 5630.0, "y": 2652.0}, {"i": 250, "x": 5632.0, "y": 2660.0}, {"i": 251, "x": 5636.0, "y": 3608.0}, {"i": 252, "x": 5638.0, "y": 1010.0}, {"i": 253, "x": 5664.0, "y": 1482.0}, {"i": 254, "x": 5666.0, "y": 4866.0}, {"i": 255, "x": 5676.0, "y": 4888.0}, {"i": 256, "x": 5682.0, "y": 5102.0}, {"i": 257, "x": 5714.0, "y": 980.0}, {"i": 258, "x": 5730.0, "y": 2716.0}, {"i": 259, "x": 5734.0, "y": 4862.0}, {"i": 260, "x": 5736.0, "y": 1372.0}, {"i": 261, "x": 5740.0, "y": 2938.0}, {"i": 262, "x": 5820.0, "y": 6858.0}, {"i": 263, "x": 5832.0, "y": 3440.0}, {"i": 264, "x": 5836.0, "y": 2510.0}, {"i": 265, "x": 5842.0, "y": 1964.0}, {"i": 266, "x": 5878.0, "y": 2900.0}, {"i": 267, "x": 5880.0, "y": 6944.0}, {"i": 268, "x": 5884.0, "y": 6210.0}, {"i": 269, "x": 5892.0, "y": 2764.0}, {"i": 270, "x": 5982.0, "y": 4236.0}, {"i": 271, "x": 5988.0, "y": 3712.0}, {"i": 272, "x": 6038.0, "y": 4120.0}, {"i": 273, "x": 6068.0, "y": 5260.0}, {"i": 274, "x": 6076.0, "y": 2826.0}, {"i": 275, "x": 6086.0, "y": 2776.0}, {"i": 276, "x": 6096.0, "y": 4900.0}, {"i": 277, "x": 6098.0, "y": 4504.0}, {"i": 278, "x": 6130.0, "y": 6392.0}, {"i": 279, "x": 6144.0, "y": 246.0}, {"i": 280, "x": 6158.0, "y": 4622.0}, {"i": 281, "x": 6168.0, "y": 2626.0}, {"i": 282, "x": 6174.0, "y": 2964.0}, {"i": 283, "x": 6202.0, "y": 4376.0}, {"i": 284, "x": 6204.0, "y": 7166.0}, {"i": 285, "x": 6214.0, "y": 2802.0}, {"i": 286, "x": 6228.0, "y": 2846.0}, {"i": 287, "x": 6236.0, "y": 2414.0}, {"i": 288, "x": 6246.0, "y": 2560.0}, {"i": 289, "x": 6246.0, "y": 3366.0}, {"i": 290, "x": 6248.0, "y": 4414.0}, {"i": 291, "x": 6252.0, "y": 7004.0}, {"i": 292, "x": 6256.0, "y": 2870.0}, {"i": 293, "x": 6264.0, "y": 2866.0}, {"i": 294, "x": 6274.0, "y": 6954.0}, {"i": 295, "x": 6284.0, "y": 4278.0}, {"i": 296, "x": 6318.0, "y": 2038.0}, {"i": 297, "x": 6338.0, "y": 7048.0}, {"i": 298, "x": 6354.0, "y": 3016.0}, {"i": 299, "x": 6360.0, "y": 4746.0}, {"i": 300, "x": 6408.0, "y": 2734.0}, {"i": 301, "x": 6422.0, "y": 2088.0}, {"i": 302, "x": 6424.0, "y": 2768.0}, {"i": 303, "x": 6424.0, "y": 4394.0}, {"i": 304, "x": 6444.0, "y": 2638.0}, {"i": 305, "x": 6450.0, "y": 3390.0}, {"i": 306, "x": 6456.0, "y": 3616.0}, {"i": 307, "x": 6466.0, "y": 3388.0}, {"i": 308, "x": 6472.0, "y": 4440.0}, {"i": 309, "x": 6518.0, "y": 2886.0}, {"i": 310, "x": 6522.0, "y": 3142.0}, {"i": 311, "x": 6558.0, "y": 4558.0}, {"i": 312, "x": 6564.0, "y": 2736.0}, {"i": 313, "x": 6568.0, "y": 5434.0}, {"i": 314, "x": 6594.0, "y": 2220.0}, {"i": 315, "x": 6610.0, "y": 5426.0}, {"i": 316, "x": 6616.0, "y": 2462.0}, {"i": 317, "x": 6628.0, "y": 5884.0}, {"i": 318, "x": 6636.0, "y": 1918.0}, {"i": 319, "x": 6640.0, "y": 4098.0}, {"i": 320, "x": 6652.0, "y": 4100.0}, {"i": 321, "x": 6656.0, "y": 4656.0}, {"i": 322, "x": 6692.0, "y": 2842.0}, {"i": 323, "x": 6692.0, "y": 2890.0}, {"i": 324, "x": 6694.0, "y": 3272.0}, {"i": 325, "x": 6736.0, "y": 2666.0}, {"i": 326, "x": 6738.0, "y": 2392.0}, {"i": 327, "x": 6740.0, "y": 5944.0}, {"i": 328, "x": 6776.0, "y": 3028.0}, {"i": 329, "x": 6784.0, "y": 1746.0}, {"i": 330, "x": 6808.0, "y": 3798.0}, {"i": 331, "x": 6818.0, "y": 1710.0}, {"i": 332, "x": 6822.0, "y": 2168.0}, {"i": 333, "x": 6826.0, "y": 4754.0}, {"i": 334, "x": 6832.0, "y": 6192.0}, {"i": 335, "x": 6850.0, "y": 1788.0}, {"i": 336, "x": 6860.0, "y": 2330.0}, {"i": 337, "x": 6872.0, "y": 3838.0}, {"i": 338, "x": 6890.0, "y": 2944.0}, {"i": 339, "x": 6892.0, "y": 1642.0}, {"i": 340, "x": 6922.0, "y": 4590.0}, {"i": 341, "x": 6924.0, "y": 3014.0}, {"i": 342, "x": 6936.0, "y": 4488.0}, {"i": 343, "x": 6942.0, "y": 1622.0}, {"i": 344, "x": 6946.0, "y": 3044.0}, {"i": 345, "x": 6988.0, "y": 1730.0}, {"i": 346, "x": 7030.0, "y": 2036.0}, {"i": 347, "x": 7050.0, "y": 2128.0}, {"i": 348, "x": 7080.0, "y": 422.0}, {"i": 349, "x": 7084.0, "y": 6384.0}, {"i": 350, "x": 7118.0, "y": 2188.0}, {"i": 351, "x": 7132.0, "y": 2040.0}, {"i": 352, "x": 7160.0, "y": 4508.0}, {"i": 353, "x": 7214.0, "y": 1896.0}, {"i": 354, "x": 7220.0, "y": 1442.0}, {"i": 355, "x": 7228.0, "y": 4250.0}, {"i": 356, "x": 7272.0, "y": 5390.0}, {"i": 357, "x": 7280.0, "y": 5880.0}, {"i": 358, "x": 7284.0, "y": 328.0}, {"i": 359, "x": 7294.0, "y": 4730.0}, {"i": 360, "x": 7296.0, "y": 454.0}, {"i": 361, "x": 7332.0, "y": 4210.0}, {"i": 362, "x": 7354.0, "y": 4402.0}, {"i": 363, "x": 7356.0, "y": 2750.0}, {"i": 364, "x": 7356.0, "y": 7002.0}, {"i": 365, "x": 7380.0, "y": 1662.0}, {"i": 366, "x": 7410.0, "y": 4018.0}, {"i": 367, "x": 7416.0, "y": 396.0}, {"i": 368, "x": 7422.0, "y": 3172.0}, {"i": 369, "x": 7488.0, "y": 458.0}, {"i": 370, "x": 7540.0, "y": 1774.0}, {"i": 371, "x": 7552.0, "y": 2668.0}, {"i": 372, "x": 7556.0, "y": 502.0}, {"i": 373, "x": 7582.0, "y": 4428.0}, {"i": 374, "x": 7664.0, "y": 4938.0}, {"i": 375, "x": 7706.0, "y": 7148.0}, {"i": 376, "x": 7714.0, "y": 1578.0}, {"i": 377, "x": 7716.0, "y": 4470.0}, {"i": 378, "x": 7802.0, "y": 1598.0}, {"i": 379, "x": 7818.0, "y": 720.0}, {"i": 380, "x": 7848.0, "y": 908.0}, {"i": 381, "x": 7870.0, "y": 1292.0}, {"i": 382, "x": 7876.0, "y": 3596.0}, {"i": 383, "x": 7888.0, "y": 3604.0}, {"i": 384, "x": 7898.0, "y": 4486.0}, {"i": 385, "x": 7908.0, "y": 796.0}, {"i": 386, "x": 7908.0, "y": 1048.0}, {"i": 387, "x": 8046.0, "y": 4912.0}, {"i": 388, "x": 8070.0, "y": 4512.0}, {"i": 389, "x": 8154.0, "y": 2628.0}, {"i": 390, "x": 8158.0, "y": 3998.0}, {"i": 391, "x": 8220.0, "y": 5320.0}, {"i": 392, "x": 8234.0, "y": 1324.0}, {"i": 393, "x": 8290.0, "y": 7132.0}, {"i": 394, "x": 8306.0, "y": 4850.0}, {"i": 395, "x": 8350.0, "y": 3822.0}, {"i": 396, "x": 8356.0, "y": 3646.0}, {"i": 397, "x": 8412.0, "y": 3328.0}, {"i": 398, "x": 8446.0, "y": 6946.0}, {"i": 399, "x": 8500.0, "y": 3472.0}, {"i": 400, "x": 8532.0, "y": 4130.0}, {"i": 401, "x": 8552.0, "y": 2528.0}, {"i": 402, "x": 8568.0, "y": 4324.0}, {"i": 403, "x": 8576.0, "y": 3832.0}, {"i": 404, "x": 8580.0, "y": 5470.0}, {"i": 405, "x": 8618.0, "y": 3818.0}, {"i": 406, "x": 8628.0, "y": 3986.0}, {"i": 407, "x": 8652.0, "y": 5480.0}, {"i": 408, "x": 8658.0, "y": 3422.0}, {"i": 409, "x": 8672.0, "y": 2742.0}, {"i": 410, "x": 8704.0, "y": 2338.0}, {"i": 411, "x": 8730.0, "y": 4172.0}, {"i": 412, "x": 8744.0, "y": 4418.0}, {"i": 413, "x": 8778.0, "y": 3454.0}, {"i": 414, "x": 8788.0, "y": 4572.0}, {"i": 415, "x": 8808.0, "y": 3426.0}, {"i": 416, "x": 8814.0, "y": 3478.0}, {"i": 417, "x": 8896.0, "y": 3918.0}, {"i": 418, "x": 8918.0, "y": 2792.0}, {"i": 419, "x": 8938.0, "y": 1654.0}, {"i": 420, "x": 8950.0, "y": 5262.0}, {"i": 421, "x": 8980.0, "y": 5304.0}, {"i": 422, "x": 9002.0, "y": 4804.0}, {"i": 423, "x": 9034.0, "y": 2660.0}, {"i": 424, "x": 9076.0, "y": 4728.0}, {"i": 425, "x": 9130.0, "y": 4796.0}, {"i": 426, "x": 9166.0, "y": 988.0}, {"i": 427, "x": 9200.0, "y": 4474.0}, {"i": 428, "x": 9212.0, "y": 4852.0}, {"i": 429, "x": 9224.0, "y": 1862.0}, {"i": 430, "x": 9238.0, "y": 1514.0}, {"i": 431, "x": 9264.0, "y": 4564.0}, {"i": 432, "x": 9302.0, "y": 4376.0}, {"i": 433, "x": 9330.0, "y": 4738.0}, {"i": 434, "x": 9338.0, "y": 4844.0}, {"i": 435, "x": 9362.0, "y": 1908.0}, {"i": 436, "x": 9434.0, "y": 1456.0}, {"i": 437, "x": 9472.0, "y": 4224.0}, {"i": 438, "x": 9476.0, "y": 636.0}, {"i": 439, "x": 9486.0, "y": 1784.0}, {"i": 440, "x": 9582.0, "y": 4188.0}, {"i": 441, "x": 9604.0, "y": 5520.0}, {"i": 442, "x": 9662.0, "y": 1418.0}, {"i": 443, "x": 9726.0, "y": 868.0}, {"i": 444, "x": 9846.0, "y": 2976.0}, {"i": 445, "x": 9896.0, "y": 1382.0}, {"i": 446, "x": 9954.0, "y": 1690.0}, {"i": 447, "x": 9982.0, "y": 770.0}, {"i": 448, "x": 9990.0, "y": 700.0}, {"i": 449, "x": 10012.0, "y": 1578.0}, {"i": 450, "x": 10018.0, "y": 1562.0}, {"i": 451, "x": 10134.0, "y": 670.0}, {"i": 452, "x": 10196.0, "y": 560.0}, {"i": 453, "x": 10208.0, "y": 6276.0}, {"i": 454, "x": 10212.0, "y": 2536.0}, {"i": 455, "x": 10236.0, "y": 4146.0}, {"i": 456, "x": 10254.0, "y": 722.0}, {"i": 457, "x": 10428.0, "y": 2680.0}, {"i": 458, "x": 10464.0, "y": 2660.0}, {"i": 459, "x": 10492.0, "y": 5612.0}, {"i": 460, "x": 10614.0, "y": 6464.0}, {"i": 461, "x": 10648.0, "y": 2666.0}, {"i": 462, "x": 10856.0, "y": 4056.0}, {"i": 463, "x": 10920.0, "y": 1228.0}, {"i": 464, "x": 10962.0, "y": 5090.0}, {"i": 465, "x": 11108.0, "y": 2958.0}, {"i": 466, "x": 11138.0, "y": 994.0}, {"i": 467, "x": 11212.0, "y": 590.0}, {"i": 468, "x": 11228.0, "y": 5402.0}, {"i": 469, "x": 11236.0, "y": 6646.0}, {"i": 470, "x": 11270.0, "y": 5132.0}, {"i": 471, "x": 11306.0, "y": 2152.0}, {"i": 472, "x": 11336.0, "y": 3358.0}, {"i": 473, "x": 11340.0, "y": 2522.0}, {"i": 474, "x": 11340.0, "y": 2848.0}, {"i": 475, "x": 11390.0, "y": 1220.0}, {"i": 476, "x": 11514.0, "y": 2388.0}, {"i": 477, "x": 11574.0, "y": 2414.0}, {"i": 478, "x": 11584.0, "y": 758.0}, {"i": 479, "x": 11712.0, "y": 472.0}, {"i": 480, "x": 11736.0, "y": 3626.0}, {"i": 481, "x": 11742.0, "y": 1466.0}, {"i": 482, "x": 11770.0, "y": 476.0}, {"i": 483, "x": 11860.0, "y": 1460.0}, {"i": 484, "x": 11932.0, "y": 4324.0}, {"i": 485, "x": 12074.0, "y": 1542.0}, {"i": 486, "x": 12074.0, "y": 3124.0}, {"i": 487, "x": 12076.0, "y": 7186.0}, {"i": 488, "x": 12122.0, "y": 7112.0}, {"i": 489, "x": 12166.0, "y": 7128.0}, {"i": 490, "x": 12180.0, "y": 1148.0}, {"i": 491, "x": 12260.0, "y": 7062.0}, {"i": 492, "x": 12300.0, "y": 276.0}, {"i": 493, "x": 12400.0, "y": 1252.0}, {"i": 494, "x": 12436.0, "y": 1530.0}, {"i": 495, "x": 12462.0, "y": 1566.0}, {"i": 496, "x": 12504.0, "y": 5630.0}, {"i": 497, "x": 12528.0, "y": 188.0}, {"i": 498, "x": 12556.0, "y": 1100.0}, {"i": 499, "x": 12696.0, "y": 1556.0}], "type": "Instance", "name": "euro-night-0000500", "meta": {"comment": "HIP even point set instance (500 points) sampled from image ", "faces_in_delaunay": 981}}