{"points": [{"i": 0, "x": 2102.0, "y": 5260.0}, {"i": 1, "x": 2420.0, "y": 354.0}, {"i": 2, "x": 3906.0, "y": 4366.0}, {"i": 3, "x": 5184.0, "y": 2922.0}, {"i": 4, "x": 5346.0, "y": 4176.0}, {"i": 5, "x": 5550.0, "y": 4142.0}, {"i": 6, "x": 5796.0, "y": 2822.0}, {"i": 7, "x": 6384.0, "y": 2302.0}, {"i": 8, "x": 7084.0, "y": 2732.0}, {"i": 9, "x": 7426.0, "y": 394.0}, {"i": 10, "x": 7672.0, "y": 6734.0}, {"i": 11, "x": 7904.0, "y": 920.0}, {"i": 12, "x": 8124.0, "y": 4912.0}, {"i": 13, "x": 8396.0, "y": 3542.0}, {"i": 14, "x": 8846.0, "y": 1814.0}, {"i": 15, "x": 9216.0, "y": 2630.0}, {"i": 16, "x": 9792.0, "y": 4640.0}, {"i": 17, "x": 10188.0, "y": 4142.0}, {"i": 18, "x": 11108.0, "y": 3318.0}, {"i": 19, "x": 12110.0, "y": 496.0}], "type": "Instance", "name": "euro-night-0000020", "meta": {"comment": "HIP even point set instance (20 points) sampled from image ", "faces_in_delaunay": 31}}