{"points": [{"i": 0, "x": 26.0, "y": 4864.0}, {"i": 1, "x": 240.0, "y": 878.0}, {"i": 2, "x": 294.0, "y": 1102.0}, {"i": 3, "x": 304.0, "y": 870.0}, {"i": 4, "x": 318.0, "y": 2166.0}, {"i": 5, "x": 352.0, "y": 1100.0}, {"i": 6, "x": 360.0, "y": 1076.0}, {"i": 7, "x": 370.0, "y": 1704.0}, {"i": 8, "x": 372.0, "y": 1162.0}, {"i": 9, "x": 382.0, "y": 902.0}, {"i": 10, "x": 398.0, "y": 970.0}, {"i": 11, "x": 398.0, "y": 980.0}, {"i": 12, "x": 412.0, "y": 1174.0}, {"i": 13, "x": 412.0, "y": 1348.0}, {"i": 14, "x": 420.0, "y": 1404.0}, {"i": 15, "x": 420.0, "y": 1574.0}, {"i": 16, "x": 430.0, "y": 350.0}, {"i": 17, "x": 432.0, "y": 5492.0}, {"i": 18, "x": 438.0, "y": 5490.0}, {"i": 19, "x": 440.0, "y": 1656.0}, {"i": 20, "x": 442.0, "y": 1234.0}, {"i": 21, "x": 464.0, "y": 1456.0}, {"i": 22, "x": 496.0, "y": 1414.0}, {"i": 23, "x": 504.0, "y": 4752.0}, {"i": 24, "x": 512.0, "y": 1040.0}, {"i": 25, "x": 622.0, "y": 1118.0}, {"i": 26, "x": 640.0, "y": 5218.0}, {"i": 27, "x": 656.0, "y": 1414.0}, {"i": 28, "x": 680.0, "y": 5150.0}, {"i": 29, "x": 788.0, "y": 2296.0}, {"i": 30, "x": 848.0, "y": 1646.0}, {"i": 31, "x": 1034.0, "y": 1110.0}, {"i": 32, "x": 1048.0, "y": 5624.0}, {"i": 33, "x": 1054.0, "y": 5686.0}, {"i": 34, "x": 1120.0, "y": 5426.0}, {"i": 35, "x": 1134.0, "y": 5210.0}, {"i": 36, "x": 1154.0, "y": 418.0}, {"i": 37, "x": 1174.0, "y": 5576.0}, {"i": 38, "x": 1180.0, "y": 272.0}, {"i": 39, "x": 1196.0, "y": 5552.0}, {"i": 40, "x": 1236.0, "y": 1526.0}, {"i": 41, "x": 1238.0, "y": 5658.0}, {"i": 42, "x": 1242.0, "y": 892.0}, {"i": 43, "x": 1268.0, "y": 2184.0}, {"i": 44, "x": 1268.0, "y": 5616.0}, {"i": 45, "x": 1302.0, "y": 1638.0}, {"i": 46, "x": 1304.0, "y": 2220.0}, {"i": 47, "x": 1522.0, "y": 4706.0}, {"i": 48, "x": 1526.0, "y": 370.0}, {"i": 49, "x": 1554.0, "y": 4324.0}, {"i": 50, "x": 1576.0, "y": 198.0}, {"i": 51, "x": 1600.0, "y": 5902.0}, {"i": 52, "x": 1634.0, "y": 5844.0}, {"i": 53, "x": 1648.0, "y": 3716.0}, {"i": 54, "x": 1672.0, "y": 5976.0}, {"i": 55, "x": 1690.0, "y": 394.0}, {"i": 56, "x": 1698.0, "y": 4750.0}, {"i": 57, "x": 1704.0, "y": 476.0}, {"i": 58, "x": 1784.0, "y": 5896.0}, {"i": 59, "x": 1790.0, "y": 1168.0}, {"i": 60, "x": 1810.0, "y": 4532.0}, {"i": 61, "x": 1858.0, "y": 5980.0}, {"i": 62, "x": 1864.0, "y": 4726.0}, {"i": 63, "x": 1866.0, "y": 970.0}, {"i": 64, "x": 1874.0, "y": 1280.0}, {"i": 65, "x": 1876.0, "y": 1472.0}, {"i": 66, "x": 1878.0, "y": 1378.0}, {"i": 67, "x": 1898.0, "y": 4660.0}, {"i": 68, "x": 1902.0, "y": 1924.0}, {"i": 69, "x": 1922.0, "y": 1292.0}, {"i": 70, "x": 1964.0, "y": 3834.0}, {"i": 71, "x": 2044.0, "y": 4632.0}, {"i": 72, "x": 2050.0, "y": 5992.0}, {"i": 73, "x": 2082.0, "y": 5174.0}, {"i": 74, "x": 2094.0, "y": 5324.0}, {"i": 75, "x": 2104.0, "y": 2000.0}, {"i": 76, "x": 2160.0, "y": 2088.0}, {"i": 77, "x": 2164.0, "y": 5306.0}, {"i": 78, "x": 2178.0, "y": 5226.0}, {"i": 79, "x": 2188.0, "y": 1934.0}, {"i": 80, "x": 2212.0, "y": 2150.0}, {"i": 81, "x": 2240.0, "y": 1910.0}, {"i": 82, "x": 2268.0, "y": 4956.0}, {"i": 83, "x": 2270.0, "y": 402.0}, {"i": 84, "x": 2298.0, "y": 2102.0}, {"i": 85, "x": 2306.0, "y": 2006.0}, {"i": 86, "x": 2310.0, "y": 4636.0}, {"i": 87, "x": 2324.0, "y": 4860.0}, {"i": 88, "x": 2350.0, "y": 4610.0}, {"i": 89, "x": 2364.0, "y": 6346.0}, {"i": 90, "x": 2382.0, "y": 4928.0}, {"i": 91, "x": 2388.0, "y": 3788.0}, {"i": 92, "x": 2388.0, "y": 5226.0}, {"i": 93, "x": 2390.0, "y": 2162.0}, {"i": 94, "x": 2398.0, "y": 4606.0}, {"i": 95, "x": 2416.0, "y": 1882.0}, {"i": 96, "x": 2458.0, "y": 1898.0}, {"i": 97, "x": 2466.0, "y": 2002.0}, {"i": 98, "x": 2470.0, "y": 5300.0}, {"i": 99, "x": 2484.0, "y": 2182.0}, {"i": 100, "x": 2486.0, "y": 5358.0}, {"i": 101, "x": 2492.0, "y": 5202.0}, {"i": 102, "x": 2496.0, "y": 1852.0}, {"i": 103, "x": 2496.0, "y": 5330.0}, {"i": 104, "x": 2502.0, "y": 5020.0}, {"i": 105, "x": 2510.0, "y": 1806.0}, {"i": 106, "x": 2516.0, "y": 5372.0}, {"i": 107, "x": 2528.0, "y": 5502.0}, {"i": 108, "x": 2536.0, "y": 5222.0}, {"i": 109, "x": 2544.0, "y": 3346.0}, {"i": 110, "x": 2546.0, "y": 4050.0}, {"i": 111, "x": 2548.0, "y": 5564.0}, {"i": 112, "x": 2550.0, "y": 614.0}, {"i": 113, "x": 2554.0, "y": 2270.0}, {"i": 114, "x": 2562.0, "y": 2288.0}, {"i": 115, "x": 2586.0, "y": 5222.0}, {"i": 116, "x": 2588.0, "y": 5246.0}, {"i": 117, "x": 2614.0, "y": 5104.0}, {"i": 118, "x": 2628.0, "y": 5364.0}, {"i": 119, "x": 2646.0, "y": 2902.0}, {"i": 120, "x": 2646.0, "y": 5252.0}, {"i": 121, "x": 2652.0, "y": 3632.0}, {"i": 122, "x": 2656.0, "y": 5384.0}, {"i": 123, "x": 2668.0, "y": 534.0}, {"i": 124, "x": 2714.0, "y": 2584.0}, {"i": 125, "x": 2734.0, "y": 4878.0}, {"i": 126, "x": 2736.0, "y": 4534.0}, {"i": 127, "x": 2742.0, "y": 482.0}, {"i": 128, "x": 2742.0, "y": 1686.0}, {"i": 129, "x": 2750.0, "y": 4868.0}, {"i": 130, "x": 2756.0, "y": 4680.0}, {"i": 131, "x": 2764.0, "y": 4638.0}, {"i": 132, "x": 2770.0, "y": 866.0}, {"i": 133, "x": 2804.0, "y": 5278.0}, {"i": 134, "x": 2814.0, "y": 4612.0}, {"i": 135, "x": 2818.0, "y": 1000.0}, {"i": 136, "x": 2826.0, "y": 4634.0}, {"i": 137, "x": 2830.0, "y": 2552.0}, {"i": 138, "x": 2832.0, "y": 4738.0}, {"i": 139, "x": 2838.0, "y": 912.0}, {"i": 140, "x": 2854.0, "y": 2594.0}, {"i": 141, "x": 2862.0, "y": 1088.0}, {"i": 142, "x": 2864.0, "y": 5270.0}, {"i": 143, "x": 2870.0, "y": 2740.0}, {"i": 144, "x": 2872.0, "y": 5338.0}, {"i": 145, "x": 2878.0, "y": 4774.0}, {"i": 146, "x": 2938.0, "y": 4762.0}, {"i": 147, "x": 2950.0, "y": 4544.0}, {"i": 148, "x": 2952.0, "y": 4608.0}, {"i": 149, "x": 3006.0, "y": 1652.0}, {"i": 150, "x": 3040.0, "y": 1354.0}, {"i": 151, "x": 3066.0, "y": 3598.0}, {"i": 152, "x": 3076.0, "y": 4916.0}, {"i": 153, "x": 3080.0, "y": 4638.0}, {"i": 154, "x": 3120.0, "y": 1330.0}, {"i": 155, "x": 3122.0, "y": 1760.0}, {"i": 156, "x": 3128.0, "y": 4824.0}, {"i": 157, "x": 3162.0, "y": 4146.0}, {"i": 158, "x": 3254.0, "y": 1648.0}, {"i": 159, "x": 3338.0, "y": 1520.0}, {"i": 160, "x": 3368.0, "y": 50.0}, {"i": 161, "x": 3378.0, "y": 4104.0}, {"i": 162, "x": 3384.0, "y": 3440.0}, {"i": 163, "x": 3384.0, "y": 4980.0}, {"i": 164, "x": 3394.0, "y": 2218.0}, {"i": 165, "x": 3402.0, "y": 2226.0}, {"i": 166, "x": 3406.0, "y": 3974.0}, {"i": 167, "x": 3436.0, "y": 4118.0}, {"i": 168, "x": 3462.0, "y": 1554.0}, {"i": 169, "x": 3500.0, "y": 2168.0}, {"i": 170, "x": 3502.0, "y": 4420.0}, {"i": 171, "x": 3532.0, "y": 2470.0}, {"i": 172, "x": 3538.0, "y": 3990.0}, {"i": 173, "x": 3544.0, "y": 1574.0}, {"i": 174, "x": 3558.0, "y": 2350.0}, {"i": 175, "x": 3570.0, "y": 4494.0}, {"i": 176, "x": 3576.0, "y": 3890.0}, {"i": 177, "x": 3580.0, "y": 168.0}, {"i": 178, "x": 3592.0, "y": 3962.0}, {"i": 179, "x": 3626.0, "y": 1664.0}, {"i": 180, "x": 3668.0, "y": 78.0}, {"i": 181, "x": 3670.0, "y": 3868.0}, {"i": 182, "x": 3670.0, "y": 4416.0}, {"i": 183, "x": 3674.0, "y": 76.0}, {"i": 184, "x": 3674.0, "y": 2624.0}, {"i": 185, "x": 3690.0, "y": 1670.0}, {"i": 186, "x": 3704.0, "y": 3856.0}, {"i": 187, "x": 3718.0, "y": 3752.0}, {"i": 188, "x": 3722.0, "y": 1796.0}, {"i": 189, "x": 3736.0, "y": 1860.0}, {"i": 190, "x": 3740.0, "y": 2698.0}, {"i": 191, "x": 3746.0, "y": 3890.0}, {"i": 192, "x": 3770.0, "y": 3808.0}, {"i": 193, "x": 3774.0, "y": 4384.0}, {"i": 194, "x": 3820.0, "y": 3930.0}, {"i": 195, "x": 3830.0, "y": 4434.0}, {"i": 196, "x": 3838.0, "y": 4270.0}, {"i": 197, "x": 3858.0, "y": 3868.0}, {"i": 198, "x": 3866.0, "y": 4350.0}, {"i": 199, "x": 3878.0, "y": 198.0}, {"i": 200, "x": 3878.0, "y": 4336.0}, {"i": 201, "x": 3880.0, "y": 2016.0}, {"i": 202, "x": 3884.0, "y": 180.0}, {"i": 203, "x": 3902.0, "y": 2248.0}, {"i": 204, "x": 3914.0, "y": 174.0}, {"i": 205, "x": 3946.0, "y": 4264.0}, {"i": 206, "x": 3966.0, "y": 4526.0}, {"i": 207, "x": 3966.0, "y": 6124.0}, {"i": 208, "x": 3972.0, "y": 212.0}, {"i": 209, "x": 3976.0, "y": 4424.0}, {"i": 210, "x": 3978.0, "y": 172.0}, {"i": 211, "x": 4000.0, "y": 3562.0}, {"i": 212, "x": 4012.0, "y": 4016.0}, {"i": 213, "x": 4036.0, "y": 4426.0}, {"i": 214, "x": 4074.0, "y": 4296.0}, {"i": 215, "x": 4078.0, "y": 144.0}, {"i": 216, "x": 4128.0, "y": 4402.0}, {"i": 217, "x": 4138.0, "y": 164.0}, {"i": 218, "x": 4138.0, "y": 4352.0}, {"i": 219, "x": 4158.0, "y": 4402.0}, {"i": 220, "x": 4214.0, "y": 2444.0}, {"i": 221, "x": 4216.0, "y": 246.0}, {"i": 222, "x": 4216.0, "y": 4376.0}, {"i": 223, "x": 4222.0, "y": 4492.0}, {"i": 224, "x": 4232.0, "y": 2438.0}, {"i": 225, "x": 4254.0, "y": 3256.0}, {"i": 226, "x": 4268.0, "y": 260.0}, {"i": 227, "x": 4278.0, "y": 4410.0}, {"i": 228, "x": 4282.0, "y": 2820.0}, {"i": 229, "x": 4288.0, "y": 4640.0}, {"i": 230, "x": 4302.0, "y": 4426.0}, {"i": 231, "x": 4306.0, "y": 4572.0}, {"i": 232, "x": 4310.0, "y": 4552.0}, {"i": 233, "x": 4344.0, "y": 4822.0}, {"i": 234, "x": 4370.0, "y": 4868.0}, {"i": 235, "x": 4376.0, "y": 4146.0}, {"i": 236, "x": 4388.0, "y": 4164.0}, {"i": 237, "x": 4388.0, "y": 4472.0}, {"i": 238, "x": 4392.0, "y": 2334.0}, {"i": 239, "x": 4414.0, "y": 5084.0}, {"i": 240, "x": 4416.0, "y": 2556.0}, {"i": 241, "x": 4422.0, "y": 4998.0}, {"i": 242, "x": 4430.0, "y": 4806.0}, {"i": 243, "x": 4434.0, "y": 3288.0}, {"i": 244, "x": 4436.0, "y": 3100.0}, {"i": 245, "x": 4446.0, "y": 3072.0}, {"i": 246, "x": 4450.0, "y": 4852.0}, {"i": 247, "x": 4458.0, "y": 4532.0}, {"i": 248, "x": 4462.0, "y": 4948.0}, {"i": 249, "x": 4470.0, "y": 4942.0}, {"i": 250, "x": 4508.0, "y": 4890.0}, {"i": 251, "x": 4518.0, "y": 2474.0}, {"i": 252, "x": 4522.0, "y": 4622.0}, {"i": 253, "x": 4524.0, "y": 2210.0}, {"i": 254, "x": 4526.0, "y": 4552.0}, {"i": 255, "x": 4532.0, "y": 4818.0}, {"i": 256, "x": 4550.0, "y": 2420.0}, {"i": 257, "x": 4550.0, "y": 4466.0}, {"i": 258, "x": 4574.0, "y": 4358.0}, {"i": 259, "x": 4576.0, "y": 2924.0}, {"i": 260, "x": 4614.0, "y": 3378.0}, {"i": 261, "x": 4628.0, "y": 4666.0}, {"i": 262, "x": 4636.0, "y": 4390.0}, {"i": 263, "x": 4646.0, "y": 7130.0}, {"i": 264, "x": 4654.0, "y": 4392.0}, {"i": 265, "x": 4662.0, "y": 14.0}, {"i": 266, "x": 4668.0, "y": 4650.0}, {"i": 267, "x": 4672.0, "y": 2914.0}, {"i": 268, "x": 4672.0, "y": 4656.0}, {"i": 269, "x": 4692.0, "y": 6866.0}, {"i": 270, "x": 4694.0, "y": 6816.0}, {"i": 271, "x": 4708.0, "y": 4858.0}, {"i": 272, "x": 4710.0, "y": 4388.0}, {"i": 273, "x": 4712.0, "y": 4582.0}, {"i": 274, "x": 4716.0, "y": 4842.0}, {"i": 275, "x": 4754.0, "y": 4680.0}, {"i": 276, "x": 4764.0, "y": 6952.0}, {"i": 277, "x": 4768.0, "y": 2376.0}, {"i": 278, "x": 4772.0, "y": 2910.0}, {"i": 279, "x": 4784.0, "y": 4784.0}, {"i": 280, "x": 4790.0, "y": 4030.0}, {"i": 281, "x": 4792.0, "y": 3984.0}, {"i": 282, "x": 4796.0, "y": 4384.0}, {"i": 283, "x": 4808.0, "y": 2992.0}, {"i": 284, "x": 4816.0, "y": 4096.0}, {"i": 285, "x": 4842.0, "y": 3384.0}, {"i": 286, "x": 4850.0, "y": 3812.0}, {"i": 287, "x": 4876.0, "y": 3906.0}, {"i": 288, "x": 4876.0, "y": 3932.0}, {"i": 289, "x": 4878.0, "y": 4612.0}, {"i": 290, "x": 4886.0, "y": 2930.0}, {"i": 291, "x": 4908.0, "y": 4098.0}, {"i": 292, "x": 4930.0, "y": 3668.0}, {"i": 293, "x": 4934.0, "y": 5176.0}, {"i": 294, "x": 4954.0, "y": 2412.0}, {"i": 295, "x": 4974.0, "y": 2510.0}, {"i": 296, "x": 4988.0, "y": 3966.0}, {"i": 297, "x": 4990.0, "y": 102.0}, {"i": 298, "x": 4992.0, "y": 4584.0}, {"i": 299, "x": 5032.0, "y": 4520.0}, {"i": 300, "x": 5036.0, "y": 4576.0}, {"i": 301, "x": 5068.0, "y": 4190.0}, {"i": 302, "x": 5076.0, "y": 3202.0}, {"i": 303, "x": 5082.0, "y": 2268.0}, {"i": 304, "x": 5100.0, "y": 246.0}, {"i": 305, "x": 5108.0, "y": 4556.0}, {"i": 306, "x": 5118.0, "y": 3548.0}, {"i": 307, "x": 5130.0, "y": 4632.0}, {"i": 308, "x": 5138.0, "y": 3522.0}, {"i": 309, "x": 5154.0, "y": 4682.0}, {"i": 310, "x": 5156.0, "y": 3610.0}, {"i": 311, "x": 5194.0, "y": 3546.0}, {"i": 312, "x": 5202.0, "y": 3912.0}, {"i": 313, "x": 5230.0, "y": 4606.0}, {"i": 314, "x": 5248.0, "y": 2328.0}, {"i": 315, "x": 5272.0, "y": 212.0}, {"i": 316, "x": 5278.0, "y": 2788.0}, {"i": 317, "x": 5294.0, "y": 3998.0}, {"i": 318, "x": 5304.0, "y": 2592.0}, {"i": 319, "x": 5346.0, "y": 4128.0}, {"i": 320, "x": 5376.0, "y": 2708.0}, {"i": 321, "x": 5376.0, "y": 2846.0}, {"i": 322, "x": 5390.0, "y": 82.0}, {"i": 323, "x": 5394.0, "y": 4464.0}, {"i": 324, "x": 5426.0, "y": 6646.0}, {"i": 325, "x": 5436.0, "y": 3996.0}, {"i": 326, "x": 5438.0, "y": 6656.0}, {"i": 327, "x": 5458.0, "y": 3802.0}, {"i": 328, "x": 5458.0, "y": 3860.0}, {"i": 329, "x": 5472.0, "y": 6658.0}, {"i": 330, "x": 5478.0, "y": 2450.0}, {"i": 331, "x": 5480.0, "y": 4052.0}, {"i": 332, "x": 5506.0, "y": 2996.0}, {"i": 333, "x": 5510.0, "y": 4202.0}, {"i": 334, "x": 5530.0, "y": 3310.0}, {"i": 335, "x": 5558.0, "y": 2704.0}, {"i": 336, "x": 5558.0, "y": 4360.0}, {"i": 337, "x": 5562.0, "y": 2836.0}, {"i": 338, "x": 5566.0, "y": 4136.0}, {"i": 339, "x": 5574.0, "y": 1398.0}, {"i": 340, "x": 5576.0, "y": 4214.0}, {"i": 341, "x": 5582.0, "y": 4762.0}, {"i": 342, "x": 5604.0, "y": 2656.0}, {"i": 343, "x": 5636.0, "y": 2902.0}, {"i": 344, "x": 5644.0, "y": 3850.0}, {"i": 345, "x": 5650.0, "y": 2614.0}, {"i": 346, "x": 5664.0, "y": 1044.0}, {"i": 347, "x": 5674.0, "y": 2684.0}, {"i": 348, "x": 5698.0, "y": 3786.0}, {"i": 349, "x": 5704.0, "y": 1026.0}, {"i": 350, "x": 5718.0, "y": 6838.0}, {"i": 351, "x": 5736.0, "y": 2938.0}, {"i": 352, "x": 5756.0, "y": 2992.0}, {"i": 353, "x": 5770.0, "y": 982.0}, {"i": 354, "x": 5776.0, "y": 7066.0}, {"i": 355, "x": 5778.0, "y": 3814.0}, {"i": 356, "x": 5790.0, "y": 2914.0}, {"i": 357, "x": 5822.0, "y": 6082.0}, {"i": 358, "x": 5824.0, "y": 2846.0}, {"i": 359, "x": 5838.0, "y": 5860.0}, {"i": 360, "x": 5868.0, "y": 4448.0}, {"i": 361, "x": 5872.0, "y": 2712.0}, {"i": 362, "x": 5904.0, "y": 2736.0}, {"i": 363, "x": 5938.0, "y": 5128.0}, {"i": 364, "x": 5954.0, "y": 380.0}, {"i": 365, "x": 5956.0, "y": 4740.0}, {"i": 366, "x": 5960.0, "y": 2888.0}, {"i": 367, "x": 5992.0, "y": 6304.0}, {"i": 368, "x": 5994.0, "y": 2642.0}, {"i": 369, "x": 5994.0, "y": 4704.0}, {"i": 370, "x": 6006.0, "y": 3698.0}, {"i": 371, "x": 6020.0, "y": 2542.0}, {"i": 372, "x": 6028.0, "y": 2628.0}, {"i": 373, "x": 6040.0, "y": 2680.0}, {"i": 374, "x": 6062.0, "y": 2362.0}, {"i": 375, "x": 6066.0, "y": 2360.0}, {"i": 376, "x": 6074.0, "y": 6926.0}, {"i": 377, "x": 6078.0, "y": 2626.0}, {"i": 378, "x": 6080.0, "y": 2844.0}, {"i": 379, "x": 6096.0, "y": 210.0}, {"i": 380, "x": 6100.0, "y": 2870.0}, {"i": 381, "x": 6108.0, "y": 7036.0}, {"i": 382, "x": 6124.0, "y": 4848.0}, {"i": 383, "x": 6130.0, "y": 2290.0}, {"i": 384, "x": 6134.0, "y": 7146.0}, {"i": 385, "x": 6142.0, "y": 2622.0}, {"i": 386, "x": 6144.0, "y": 2590.0}, {"i": 387, "x": 6152.0, "y": 3772.0}, {"i": 388, "x": 6166.0, "y": 2638.0}, {"i": 389, "x": 6184.0, "y": 5720.0}, {"i": 390, "x": 6186.0, "y": 7194.0}, {"i": 391, "x": 6194.0, "y": 4104.0}, {"i": 392, "x": 6196.0, "y": 2964.0}, {"i": 393, "x": 6202.0, "y": 7008.0}, {"i": 394, "x": 6216.0, "y": 3968.0}, {"i": 395, "x": 6232.0, "y": 3668.0}, {"i": 396, "x": 6246.0, "y": 2672.0}, {"i": 397, "x": 6250.0, "y": 4936.0}, {"i": 398, "x": 6272.0, "y": 6978.0}, {"i": 399, "x": 6300.0, "y": 2624.0}, {"i": 400, "x": 6338.0, "y": 6966.0}, {"i": 401, "x": 6350.0, "y": 2346.0}, {"i": 402, "x": 6384.0, "y": 4036.0}, {"i": 403, "x": 6396.0, "y": 3118.0}, {"i": 404, "x": 6406.0, "y": 4894.0}, {"i": 405, "x": 6412.0, "y": 3380.0}, {"i": 406, "x": 6438.0, "y": 3562.0}, {"i": 407, "x": 6440.0, "y": 5360.0}, {"i": 408, "x": 6444.0, "y": 2348.0}, {"i": 409, "x": 6466.0, "y": 2762.0}, {"i": 410, "x": 6494.0, "y": 4410.0}, {"i": 411, "x": 6508.0, "y": 2904.0}, {"i": 412, "x": 6512.0, "y": 3692.0}, {"i": 413, "x": 6536.0, "y": 2490.0}, {"i": 414, "x": 6540.0, "y": 1818.0}, {"i": 415, "x": 6550.0, "y": 6622.0}, {"i": 416, "x": 6558.0, "y": 6606.0}, {"i": 417, "x": 6562.0, "y": 2956.0}, {"i": 418, "x": 6612.0, "y": 2822.0}, {"i": 419, "x": 6630.0, "y": 3558.0}, {"i": 420, "x": 6640.0, "y": 5144.0}, {"i": 421, "x": 6668.0, "y": 4794.0}, {"i": 422, "x": 6670.0, "y": 2218.0}, {"i": 423, "x": 6670.0, "y": 2372.0}, {"i": 424, "x": 6686.0, "y": 1724.0}, {"i": 425, "x": 6690.0, "y": 2828.0}, {"i": 426, "x": 6704.0, "y": 2076.0}, {"i": 427, "x": 6726.0, "y": 4462.0}, {"i": 428, "x": 6754.0, "y": 1748.0}, {"i": 429, "x": 6774.0, "y": 2404.0}, {"i": 430, "x": 6786.0, "y": 2860.0}, {"i": 431, "x": 6790.0, "y": 2300.0}, {"i": 432, "x": 6808.0, "y": 1642.0}, {"i": 433, "x": 6832.0, "y": 4360.0}, {"i": 434, "x": 6868.0, "y": 1618.0}, {"i": 435, "x": 6868.0, "y": 4976.0}, {"i": 436, "x": 6870.0, "y": 4452.0}, {"i": 437, "x": 6872.0, "y": 4762.0}, {"i": 438, "x": 6878.0, "y": 2186.0}, {"i": 439, "x": 6878.0, "y": 6940.0}, {"i": 440, "x": 6884.0, "y": 4488.0}, {"i": 441, "x": 6908.0, "y": 5366.0}, {"i": 442, "x": 6934.0, "y": 1596.0}, {"i": 443, "x": 6942.0, "y": 4512.0}, {"i": 444, "x": 6944.0, "y": 1640.0}, {"i": 445, "x": 6954.0, "y": 5004.0}, {"i": 446, "x": 6960.0, "y": 4914.0}, {"i": 447, "x": 6976.0, "y": 2964.0}, {"i": 448, "x": 6976.0, "y": 5938.0}, {"i": 449, "x": 6986.0, "y": 638.0}, {"i": 450, "x": 7022.0, "y": 6534.0}, {"i": 451, "x": 7028.0, "y": 6538.0}, {"i": 452, "x": 7044.0, "y": 2262.0}, {"i": 453, "x": 7064.0, "y": 620.0}, {"i": 454, "x": 7070.0, "y": 1704.0}, {"i": 455, "x": 7104.0, "y": 4534.0}, {"i": 456, "x": 7110.0, "y": 1944.0}, {"i": 457, "x": 7130.0, "y": 4360.0}, {"i": 458, "x": 7148.0, "y": 1990.0}, {"i": 459, "x": 7230.0, "y": 2718.0}, {"i": 460, "x": 7236.0, "y": 1544.0}, {"i": 461, "x": 7240.0, "y": 5122.0}, {"i": 462, "x": 7246.0, "y": 1928.0}, {"i": 463, "x": 7246.0, "y": 3064.0}, {"i": 464, "x": 7272.0, "y": 1506.0}, {"i": 465, "x": 7288.0, "y": 4320.0}, {"i": 466, "x": 7300.0, "y": 4656.0}, {"i": 467, "x": 7332.0, "y": 1526.0}, {"i": 468, "x": 7344.0, "y": 246.0}, {"i": 469, "x": 7354.0, "y": 1444.0}, {"i": 470, "x": 7360.0, "y": 1526.0}, {"i": 471, "x": 7360.0, "y": 3650.0}, {"i": 472, "x": 7362.0, "y": 1442.0}, {"i": 473, "x": 7378.0, "y": 1410.0}, {"i": 474, "x": 7384.0, "y": 496.0}, {"i": 475, "x": 7384.0, "y": 1574.0}, {"i": 476, "x": 7404.0, "y": 5016.0}, {"i": 477, "x": 7446.0, "y": 4208.0}, {"i": 478, "x": 7474.0, "y": 316.0}, {"i": 479, "x": 7492.0, "y": 1380.0}, {"i": 480, "x": 7498.0, "y": 6494.0}, {"i": 481, "x": 7500.0, "y": 1494.0}, {"i": 482, "x": 7504.0, "y": 456.0}, {"i": 483, "x": 7540.0, "y": 1504.0}, {"i": 484, "x": 7544.0, "y": 4242.0}, {"i": 485, "x": 7548.0, "y": 484.0}, {"i": 486, "x": 7560.0, "y": 6968.0}, {"i": 487, "x": 7568.0, "y": 6982.0}, {"i": 488, "x": 7580.0, "y": 2492.0}, {"i": 489, "x": 7584.0, "y": 4696.0}, {"i": 490, "x": 7596.0, "y": 662.0}, {"i": 491, "x": 7600.0, "y": 5024.0}, {"i": 492, "x": 7604.0, "y": 1712.0}, {"i": 493, "x": 7624.0, "y": 3926.0}, {"i": 494, "x": 7676.0, "y": 1312.0}, {"i": 495, "x": 7686.0, "y": 2946.0}, {"i": 496, "x": 7688.0, "y": 2898.0}, {"i": 497, "x": 7756.0, "y": 1528.0}, {"i": 498, "x": 7766.0, "y": 694.0}, {"i": 499, "x": 7782.0, "y": 2294.0}, {"i": 500, "x": 7796.0, "y": 4884.0}, {"i": 501, "x": 7834.0, "y": 604.0}, {"i": 502, "x": 7836.0, "y": 4546.0}, {"i": 503, "x": 7846.0, "y": 3346.0}, {"i": 504, "x": 7852.0, "y": 3712.0}, {"i": 505, "x": 7868.0, "y": 4712.0}, {"i": 506, "x": 7892.0, "y": 6882.0}, {"i": 507, "x": 7928.0, "y": 3644.0}, {"i": 508, "x": 7940.0, "y": 1136.0}, {"i": 509, "x": 7964.0, "y": 1446.0}, {"i": 510, "x": 7978.0, "y": 4206.0}, {"i": 511, "x": 7982.0, "y": 4050.0}, {"i": 512, "x": 8020.0, "y": 5150.0}, {"i": 513, "x": 8024.0, "y": 1464.0}, {"i": 514, "x": 8028.0, "y": 936.0}, {"i": 515, "x": 8042.0, "y": 4904.0}, {"i": 516, "x": 8044.0, "y": 1540.0}, {"i": 517, "x": 8066.0, "y": 4878.0}, {"i": 518, "x": 8076.0, "y": 5100.0}, {"i": 519, "x": 8100.0, "y": 1500.0}, {"i": 520, "x": 8100.0, "y": 1520.0}, {"i": 521, "x": 8104.0, "y": 4520.0}, {"i": 522, "x": 8110.0, "y": 4510.0}, {"i": 523, "x": 8116.0, "y": 4442.0}, {"i": 524, "x": 8152.0, "y": 3554.0}, {"i": 525, "x": 8154.0, "y": 1490.0}, {"i": 526, "x": 8166.0, "y": 2654.0}, {"i": 527, "x": 8192.0, "y": 4484.0}, {"i": 528, "x": 8198.0, "y": 1472.0}, {"i": 529, "x": 8202.0, "y": 4074.0}, {"i": 530, "x": 8222.0, "y": 4038.0}, {"i": 531, "x": 8276.0, "y": 1358.0}, {"i": 532, "x": 8326.0, "y": 5592.0}, {"i": 533, "x": 8354.0, "y": 2852.0}, {"i": 534, "x": 8358.0, "y": 1406.0}, {"i": 535, "x": 8362.0, "y": 7078.0}, {"i": 536, "x": 8374.0, "y": 2420.0}, {"i": 537, "x": 8382.0, "y": 1382.0}, {"i": 538, "x": 8382.0, "y": 4042.0}, {"i": 539, "x": 8382.0, "y": 5342.0}, {"i": 540, "x": 8388.0, "y": 4998.0}, {"i": 541, "x": 8396.0, "y": 1282.0}, {"i": 542, "x": 8402.0, "y": 4078.0}, {"i": 543, "x": 8444.0, "y": 5506.0}, {"i": 544, "x": 8448.0, "y": 5392.0}, {"i": 545, "x": 8458.0, "y": 3018.0}, {"i": 546, "x": 8462.0, "y": 3908.0}, {"i": 547, "x": 8470.0, "y": 4222.0}, {"i": 548, "x": 8488.0, "y": 1142.0}, {"i": 549, "x": 8520.0, "y": 4352.0}, {"i": 550, "x": 8526.0, "y": 3342.0}, {"i": 551, "x": 8554.0, "y": 5352.0}, {"i": 552, "x": 8580.0, "y": 2860.0}, {"i": 553, "x": 8608.0, "y": 1932.0}, {"i": 554, "x": 8644.0, "y": 4330.0}, {"i": 555, "x": 8710.0, "y": 4194.0}, {"i": 556, "x": 8718.0, "y": 3434.0}, {"i": 557, "x": 8722.0, "y": 2858.0}, {"i": 558, "x": 8722.0, "y": 3406.0}, {"i": 559, "x": 8760.0, "y": 4318.0}, {"i": 560, "x": 8768.0, "y": 1900.0}, {"i": 561, "x": 8790.0, "y": 2430.0}, {"i": 562, "x": 8802.0, "y": 4192.0}, {"i": 563, "x": 8808.0, "y": 4530.0}, {"i": 564, "x": 8828.0, "y": 4330.0}, {"i": 565, "x": 8830.0, "y": 3128.0}, {"i": 566, "x": 8838.0, "y": 1604.0}, {"i": 567, "x": 8864.0, "y": 3486.0}, {"i": 568, "x": 8876.0, "y": 4976.0}, {"i": 569, "x": 8892.0, "y": 4236.0}, {"i": 570, "x": 8898.0, "y": 4634.0}, {"i": 571, "x": 8922.0, "y": 4620.0}, {"i": 572, "x": 8922.0, "y": 4622.0}, {"i": 573, "x": 8932.0, "y": 2828.0}, {"i": 574, "x": 8940.0, "y": 1604.0}, {"i": 575, "x": 8942.0, "y": 1566.0}, {"i": 576, "x": 8950.0, "y": 4144.0}, {"i": 577, "x": 8960.0, "y": 4176.0}, {"i": 578, "x": 8970.0, "y": 1594.0}, {"i": 579, "x": 8976.0, "y": 1420.0}, {"i": 580, "x": 9046.0, "y": 4216.0}, {"i": 581, "x": 9074.0, "y": 4864.0}, {"i": 582, "x": 9076.0, "y": 4434.0}, {"i": 583, "x": 9116.0, "y": 1024.0}, {"i": 584, "x": 9118.0, "y": 3538.0}, {"i": 585, "x": 9134.0, "y": 4468.0}, {"i": 586, "x": 9156.0, "y": 5606.0}, {"i": 587, "x": 9216.0, "y": 2322.0}, {"i": 588, "x": 9224.0, "y": 5392.0}, {"i": 589, "x": 9228.0, "y": 4974.0}, {"i": 590, "x": 9240.0, "y": 4886.0}, {"i": 591, "x": 9272.0, "y": 520.0}, {"i": 592, "x": 9272.0, "y": 2594.0}, {"i": 593, "x": 9276.0, "y": 1780.0}, {"i": 594, "x": 9282.0, "y": 4890.0}, {"i": 595, "x": 9298.0, "y": 3246.0}, {"i": 596, "x": 9340.0, "y": 2230.0}, {"i": 597, "x": 9342.0, "y": 2918.0}, {"i": 598, "x": 9356.0, "y": 2470.0}, {"i": 599, "x": 9364.0, "y": 4110.0}, {"i": 600, "x": 9378.0, "y": 3050.0}, {"i": 601, "x": 9414.0, "y": 1826.0}, {"i": 602, "x": 9504.0, "y": 3606.0}, {"i": 603, "x": 9514.0, "y": 642.0}, {"i": 604, "x": 9528.0, "y": 1278.0}, {"i": 605, "x": 9612.0, "y": 3720.0}, {"i": 606, "x": 9628.0, "y": 2434.0}, {"i": 607, "x": 9650.0, "y": 5576.0}, {"i": 608, "x": 9720.0, "y": 880.0}, {"i": 609, "x": 9722.0, "y": 2604.0}, {"i": 610, "x": 9808.0, "y": 572.0}, {"i": 611, "x": 9824.0, "y": 518.0}, {"i": 612, "x": 9840.0, "y": 1706.0}, {"i": 613, "x": 9844.0, "y": 1566.0}, {"i": 614, "x": 9856.0, "y": 1396.0}, {"i": 615, "x": 9886.0, "y": 882.0}, {"i": 616, "x": 9984.0, "y": 2036.0}, {"i": 617, "x": 10056.0, "y": 4660.0}, {"i": 618, "x": 10064.0, "y": 604.0}, {"i": 619, "x": 10070.0, "y": 1520.0}, {"i": 620, "x": 10140.0, "y": 3170.0}, {"i": 621, "x": 10140.0, "y": 5674.0}, {"i": 622, "x": 10174.0, "y": 4142.0}, {"i": 623, "x": 10180.0, "y": 532.0}, {"i": 624, "x": 10246.0, "y": 6308.0}, {"i": 625, "x": 10372.0, "y": 3494.0}, {"i": 626, "x": 10416.0, "y": 2526.0}, {"i": 627, "x": 10424.0, "y": 1992.0}, {"i": 628, "x": 10436.0, "y": 2652.0}, {"i": 629, "x": 10458.0, "y": 2600.0}, {"i": 630, "x": 10518.0, "y": 2788.0}, {"i": 631, "x": 10542.0, "y": 2220.0}, {"i": 632, "x": 10594.0, "y": 1688.0}, {"i": 633, "x": 10634.0, "y": 2920.0}, {"i": 634, "x": 10662.0, "y": 2554.0}, {"i": 635, "x": 10664.0, "y": 5846.0}, {"i": 636, "x": 10670.0, "y": 5240.0}, {"i": 637, "x": 10780.0, "y": 3462.0}, {"i": 638, "x": 10796.0, "y": 2794.0}, {"i": 639, "x": 10804.0, "y": 2744.0}, {"i": 640, "x": 10858.0, "y": 2550.0}, {"i": 641, "x": 10972.0, "y": 3806.0}, {"i": 642, "x": 11006.0, "y": 698.0}, {"i": 643, "x": 11016.0, "y": 2770.0}, {"i": 644, "x": 11086.0, "y": 622.0}, {"i": 645, "x": 11104.0, "y": 834.0}, {"i": 646, "x": 11182.0, "y": 736.0}, {"i": 647, "x": 11182.0, "y": 1362.0}, {"i": 648, "x": 11252.0, "y": 932.0}, {"i": 649, "x": 11288.0, "y": 5884.0}, {"i": 650, "x": 11312.0, "y": 362.0}, {"i": 651, "x": 11328.0, "y": 5380.0}, {"i": 652, "x": 11344.0, "y": 608.0}, {"i": 653, "x": 11400.0, "y": 670.0}, {"i": 654, "x": 11436.0, "y": 1522.0}, {"i": 655, "x": 11442.0, "y": 1170.0}, {"i": 656, "x": 11490.0, "y": 1206.0}, {"i": 657, "x": 11506.0, "y": 552.0}, {"i": 658, "x": 11550.0, "y": 7098.0}, {"i": 659, "x": 11554.0, "y": 708.0}, {"i": 660, "x": 11564.0, "y": 7010.0}, {"i": 661, "x": 11612.0, "y": 3998.0}, {"i": 662, "x": 11634.0, "y": 212.0}, {"i": 663, "x": 11638.0, "y": 5848.0}, {"i": 664, "x": 11688.0, "y": 448.0}, {"i": 665, "x": 11702.0, "y": 788.0}, {"i": 666, "x": 11740.0, "y": 7148.0}, {"i": 667, "x": 11768.0, "y": 1252.0}, {"i": 668, "x": 11782.0, "y": 1450.0}, {"i": 669, "x": 11832.0, "y": 1076.0}, {"i": 670, "x": 11870.0, "y": 7086.0}, {"i": 671, "x": 11874.0, "y": 56.0}, {"i": 672, "x": 11902.0, "y": 7158.0}, {"i": 673, "x": 11924.0, "y": 1422.0}, {"i": 674, "x": 12024.0, "y": 7072.0}, {"i": 675, "x": 12064.0, "y": 5790.0}, {"i": 676, "x": 12068.0, "y": 734.0}, {"i": 677, "x": 12076.0, "y": 524.0}, {"i": 678, "x": 12112.0, "y": 4334.0}, {"i": 679, "x": 12124.0, "y": 7084.0}, {"i": 680, "x": 12140.0, "y": 4320.0}, {"i": 681, "x": 12162.0, "y": 536.0}, {"i": 682, "x": 12184.0, "y": 3096.0}, {"i": 683, "x": 12190.0, "y": 314.0}, {"i": 684, "x": 12202.0, "y": 1432.0}, {"i": 685, "x": 12260.0, "y": 534.0}, {"i": 686, "x": 12274.0, "y": 7144.0}, {"i": 687, "x": 12280.0, "y": 294.0}, {"i": 688, "x": 12286.0, "y": 4874.0}, {"i": 689, "x": 12366.0, "y": 264.0}, {"i": 690, "x": 12390.0, "y": 4648.0}, {"i": 691, "x": 12416.0, "y": 4302.0}, {"i": 692, "x": 12418.0, "y": 622.0}, {"i": 693, "x": 12444.0, "y": 1112.0}, {"i": 694, "x": 12530.0, "y": 1146.0}, {"i": 695, "x": 12544.0, "y": 426.0}, {"i": 696, "x": 12548.0, "y": 178.0}, {"i": 697, "x": 12602.0, "y": 604.0}, {"i": 698, "x": 12748.0, "y": 1212.0}, {"i": 699, "x": 12794.0, "y": 1132.0}], "type": "Instance", "name": "euro-night-0000700", "meta": {"comment": "HIP even point set instance (700 points) sampled from image ", "faces_in_delaunay": 1383}}