{"points": [{"i": 0, "x": 74.0, "y": 10948.0}, {"i": 1, "x": 388.0, "y": 10152.0}, {"i": 2, "x": 458.0, "y": 1682.0}, {"i": 3, "x": 520.0, "y": 4282.0}, {"i": 4, "x": 530.0, "y": 4276.0}, {"i": 5, "x": 530.0, "y": 10370.0}, {"i": 6, "x": 592.0, "y": 2046.0}, {"i": 7, "x": 614.0, "y": 1756.0}, {"i": 8, "x": 646.0, "y": 10006.0}, {"i": 9, "x": 650.0, "y": 10052.0}, {"i": 10, "x": 654.0, "y": 1640.0}, {"i": 11, "x": 680.0, "y": 2154.0}, {"i": 12, "x": 686.0, "y": 2194.0}, {"i": 13, "x": 720.0, "y": 3958.0}, {"i": 14, "x": 722.0, "y": 1562.0}, {"i": 15, "x": 742.0, "y": 2276.0}, {"i": 16, "x": 772.0, "y": 3856.0}, {"i": 17, "x": 788.0, "y": 2766.0}, {"i": 18, "x": 788.0, "y": 9948.0}, {"i": 19, "x": 790.0, "y": 9708.0}, {"i": 20, "x": 808.0, "y": 3046.0}, {"i": 21, "x": 820.0, "y": 3122.0}, {"i": 22, "x": 836.0, "y": 1140.0}, {"i": 23, "x": 838.0, "y": 3758.0}, {"i": 24, "x": 842.0, "y": 2224.0}, {"i": 25, "x": 848.0, "y": 2226.0}, {"i": 26, "x": 848.0, "y": 9524.0}, {"i": 27, "x": 850.0, "y": 2334.0}, {"i": 28, "x": 852.0, "y": 1920.0}, {"i": 29, "x": 854.0, "y": 2408.0}, {"i": 30, "x": 862.0, "y": 1310.0}, {"i": 31, "x": 862.0, "y": 3046.0}, {"i": 32, "x": 864.0, "y": 3268.0}, {"i": 33, "x": 874.0, "y": 2084.0}, {"i": 34, "x": 876.0, "y": 1768.0}, {"i": 35, "x": 882.0, "y": 4130.0}, {"i": 36, "x": 892.0, "y": 2716.0}, {"i": 37, "x": 904.0, "y": 9958.0}, {"i": 38, "x": 906.0, "y": 3070.0}, {"i": 39, "x": 910.0, "y": 2532.0}, {"i": 40, "x": 914.0, "y": 1612.0}, {"i": 41, "x": 930.0, "y": 3334.0}, {"i": 42, "x": 934.0, "y": 3084.0}, {"i": 43, "x": 934.0, "y": 4186.0}, {"i": 44, "x": 944.0, "y": 9496.0}, {"i": 45, "x": 954.0, "y": 2220.0}, {"i": 46, "x": 964.0, "y": 2938.0}, {"i": 47, "x": 976.0, "y": 2522.0}, {"i": 48, "x": 980.0, "y": 3142.0}, {"i": 49, "x": 998.0, "y": 3354.0}, {"i": 50, "x": 1040.0, "y": 10542.0}, {"i": 51, "x": 1048.0, "y": 1148.0}, {"i": 52, "x": 1060.0, "y": 1580.0}, {"i": 53, "x": 1060.0, "y": 4460.0}, {"i": 54, "x": 1064.0, "y": 4382.0}, {"i": 55, "x": 1066.0, "y": 10114.0}, {"i": 56, "x": 1066.0, "y": 10118.0}, {"i": 57, "x": 1092.0, "y": 4442.0}, {"i": 58, "x": 1146.0, "y": 2862.0}, {"i": 59, "x": 1164.0, "y": 4276.0}, {"i": 60, "x": 1174.0, "y": 4106.0}, {"i": 61, "x": 1190.0, "y": 632.0}, {"i": 62, "x": 1218.0, "y": 2628.0}, {"i": 63, "x": 1228.0, "y": 2712.0}, {"i": 64, "x": 1244.0, "y": 2798.0}, {"i": 65, "x": 1278.0, "y": 4068.0}, {"i": 66, "x": 1286.0, "y": 4468.0}, {"i": 67, "x": 1306.0, "y": 2880.0}, {"i": 68, "x": 1352.0, "y": 3012.0}, {"i": 69, "x": 1452.0, "y": 2250.0}, {"i": 70, "x": 1504.0, "y": 1694.0}, {"i": 71, "x": 1534.0, "y": 748.0}, {"i": 72, "x": 1540.0, "y": 704.0}, {"i": 73, "x": 1542.0, "y": 3274.0}, {"i": 74, "x": 1550.0, "y": 11404.0}, {"i": 75, "x": 1582.0, "y": 11424.0}, {"i": 76, "x": 1594.0, "y": 2630.0}, {"i": 77, "x": 1596.0, "y": 3366.0}, {"i": 78, "x": 1662.0, "y": 10338.0}, {"i": 79, "x": 1664.0, "y": 732.0}, {"i": 80, "x": 1734.0, "y": 3406.0}, {"i": 81, "x": 1804.0, "y": 2918.0}, {"i": 82, "x": 1866.0, "y": 4328.0}, {"i": 83, "x": 1870.0, "y": 10440.0}, {"i": 84, "x": 1882.0, "y": 714.0}, {"i": 85, "x": 1922.0, "y": 10442.0}, {"i": 86, "x": 1936.0, "y": 3954.0}, {"i": 87, "x": 1938.0, "y": 11086.0}, {"i": 88, "x": 1966.0, "y": 10588.0}, {"i": 89, "x": 1980.0, "y": 2690.0}, {"i": 90, "x": 1990.0, "y": 10584.0}, {"i": 91, "x": 2072.0, "y": 2398.0}, {"i": 92, "x": 2086.0, "y": 4038.0}, {"i": 93, "x": 2148.0, "y": 10388.0}, {"i": 94, "x": 2152.0, "y": 458.0}, {"i": 95, "x": 2160.0, "y": 10620.0}, {"i": 96, "x": 2182.0, "y": 13322.0}, {"i": 97, "x": 2186.0, "y": 10618.0}, {"i": 98, "x": 2224.0, "y": 320.0}, {"i": 99, "x": 2234.0, "y": 11078.0}, {"i": 100, "x": 2266.0, "y": 254.0}, {"i": 101, "x": 2300.0, "y": 10356.0}, {"i": 102, "x": 2388.0, "y": 11102.0}, {"i": 103, "x": 2436.0, "y": 372.0}, {"i": 104, "x": 2438.0, "y": 822.0}, {"i": 105, "x": 2454.0, "y": 4444.0}, {"i": 106, "x": 2456.0, "y": 4432.0}, {"i": 107, "x": 2464.0, "y": 11342.0}, {"i": 108, "x": 2466.0, "y": 4454.0}, {"i": 109, "x": 2472.0, "y": 212.0}, {"i": 110, "x": 2552.0, "y": 11260.0}, {"i": 111, "x": 2580.0, "y": 2980.0}, {"i": 112, "x": 2680.0, "y": 2902.0}, {"i": 113, "x": 2692.0, "y": 3684.0}, {"i": 114, "x": 2744.0, "y": 798.0}, {"i": 115, "x": 2756.0, "y": 3936.0}, {"i": 116, "x": 2772.0, "y": 2296.0}, {"i": 117, "x": 2776.0, "y": 4408.0}, {"i": 118, "x": 2858.0, "y": 3658.0}, {"i": 119, "x": 2950.0, "y": 3588.0}, {"i": 120, "x": 2974.0, "y": 1092.0}, {"i": 121, "x": 3058.0, "y": 11868.0}, {"i": 122, "x": 3064.0, "y": 4398.0}, {"i": 123, "x": 3072.0, "y": 984.0}, {"i": 124, "x": 3102.0, "y": 2398.0}, {"i": 125, "x": 3154.0, "y": 11768.0}, {"i": 126, "x": 3176.0, "y": 11864.0}, {"i": 127, "x": 3256.0, "y": 11892.0}, {"i": 128, "x": 3258.0, "y": 4396.0}, {"i": 129, "x": 3262.0, "y": 11760.0}, {"i": 130, "x": 3274.0, "y": 3226.0}, {"i": 131, "x": 3292.0, "y": 4124.0}, {"i": 132, "x": 3300.0, "y": 3084.0}, {"i": 133, "x": 3312.0, "y": 12796.0}, {"i": 134, "x": 3328.0, "y": 10358.0}, {"i": 135, "x": 3330.0, "y": 456.0}, {"i": 136, "x": 3352.0, "y": 2368.0}, {"i": 137, "x": 3362.0, "y": 2862.0}, {"i": 138, "x": 3388.0, "y": 430.0}, {"i": 139, "x": 3400.0, "y": 11914.0}, {"i": 140, "x": 3412.0, "y": 9508.0}, {"i": 141, "x": 3420.0, "y": 11864.0}, {"i": 142, "x": 3444.0, "y": 11656.0}, {"i": 143, "x": 3476.0, "y": 2728.0}, {"i": 144, "x": 3524.0, "y": 3566.0}, {"i": 145, "x": 3534.0, "y": 2978.0}, {"i": 146, "x": 3536.0, "y": 4194.0}, {"i": 147, "x": 3550.0, "y": 11900.0}, {"i": 148, "x": 3586.0, "y": 708.0}, {"i": 149, "x": 3592.0, "y": 7204.0}, {"i": 150, "x": 3594.0, "y": 9332.0}, {"i": 151, "x": 3612.0, "y": 11828.0}, {"i": 152, "x": 3624.0, "y": 4452.0}, {"i": 153, "x": 3628.0, "y": 1046.0}, {"i": 154, "x": 3632.0, "y": 2530.0}, {"i": 155, "x": 3640.0, "y": 1774.0}, {"i": 156, "x": 3648.0, "y": 9416.0}, {"i": 157, "x": 3652.0, "y": 4450.0}, {"i": 158, "x": 3666.0, "y": 11832.0}, {"i": 159, "x": 3680.0, "y": 2522.0}, {"i": 160, "x": 3696.0, "y": 11744.0}, {"i": 161, "x": 3710.0, "y": 2614.0}, {"i": 162, "x": 3714.0, "y": 12028.0}, {"i": 163, "x": 3728.0, "y": 2204.0}, {"i": 164, "x": 3736.0, "y": 2626.0}, {"i": 165, "x": 3742.0, "y": 1090.0}, {"i": 166, "x": 3754.0, "y": 2704.0}, {"i": 167, "x": 3760.0, "y": 2598.0}, {"i": 168, "x": 3768.0, "y": 2790.0}, {"i": 169, "x": 3770.0, "y": 2684.0}, {"i": 170, "x": 3782.0, "y": 9306.0}, {"i": 171, "x": 3786.0, "y": 2694.0}, {"i": 172, "x": 3788.0, "y": 2704.0}, {"i": 173, "x": 3792.0, "y": 11998.0}, {"i": 174, "x": 3798.0, "y": 2588.0}, {"i": 175, "x": 3802.0, "y": 624.0}, {"i": 176, "x": 3802.0, "y": 680.0}, {"i": 177, "x": 3802.0, "y": 11864.0}, {"i": 178, "x": 3820.0, "y": 3818.0}, {"i": 179, "x": 3830.0, "y": 2356.0}, {"i": 180, "x": 3848.0, "y": 2442.0}, {"i": 181, "x": 3862.0, "y": 11084.0}, {"i": 182, "x": 3868.0, "y": 9290.0}, {"i": 183, "x": 3872.0, "y": 7364.0}, {"i": 184, "x": 3872.0, "y": 11898.0}, {"i": 185, "x": 3908.0, "y": 8932.0}, {"i": 186, "x": 3908.0, "y": 9380.0}, {"i": 187, "x": 3910.0, "y": 2622.0}, {"i": 188, "x": 3914.0, "y": 2668.0}, {"i": 189, "x": 3918.0, "y": 2942.0}, {"i": 190, "x": 3944.0, "y": 4460.0}, {"i": 191, "x": 3948.0, "y": 10384.0}, {"i": 192, "x": 3970.0, "y": 2648.0}, {"i": 193, "x": 3984.0, "y": 8950.0}, {"i": 194, "x": 3986.0, "y": 12800.0}, {"i": 195, "x": 3994.0, "y": 1208.0}, {"i": 196, "x": 3994.0, "y": 9334.0}, {"i": 197, "x": 3994.0, "y": 9392.0}, {"i": 198, "x": 3996.0, "y": 4420.0}, {"i": 199, "x": 4000.0, "y": 12988.0}, {"i": 200, "x": 4004.0, "y": 11254.0}, {"i": 201, "x": 4006.0, "y": 4396.0}, {"i": 202, "x": 4030.0, "y": 4262.0}, {"i": 203, "x": 4046.0, "y": 10336.0}, {"i": 204, "x": 4058.0, "y": 2750.0}, {"i": 205, "x": 4060.0, "y": 2772.0}, {"i": 206, "x": 4062.0, "y": 7052.0}, {"i": 207, "x": 4066.0, "y": 9478.0}, {"i": 208, "x": 4068.0, "y": 12152.0}, {"i": 209, "x": 4078.0, "y": 2832.0}, {"i": 210, "x": 4078.0, "y": 12002.0}, {"i": 211, "x": 4090.0, "y": 2788.0}, {"i": 212, "x": 4118.0, "y": 10296.0}, {"i": 213, "x": 4166.0, "y": 9374.0}, {"i": 214, "x": 4180.0, "y": 3900.0}, {"i": 215, "x": 4186.0, "y": 11972.0}, {"i": 216, "x": 4196.0, "y": 9402.0}, {"i": 217, "x": 4214.0, "y": 4330.0}, {"i": 218, "x": 4214.0, "y": 4430.0}, {"i": 219, "x": 4226.0, "y": 10576.0}, {"i": 220, "x": 4230.0, "y": 1020.0}, {"i": 221, "x": 4276.0, "y": 9338.0}, {"i": 222, "x": 4276.0, "y": 10576.0}, {"i": 223, "x": 4296.0, "y": 11350.0}, {"i": 224, "x": 4304.0, "y": 4392.0}, {"i": 225, "x": 4326.0, "y": 4362.0}, {"i": 226, "x": 4328.0, "y": 10636.0}, {"i": 227, "x": 4330.0, "y": 10552.0}, {"i": 228, "x": 4336.0, "y": 9306.0}, {"i": 229, "x": 4336.0, "y": 10436.0}, {"i": 230, "x": 4336.0, "y": 10782.0}, {"i": 231, "x": 4338.0, "y": 2030.0}, {"i": 232, "x": 4342.0, "y": 4262.0}, {"i": 233, "x": 4350.0, "y": 6968.0}, {"i": 234, "x": 4364.0, "y": 10108.0}, {"i": 235, "x": 4378.0, "y": 4072.0}, {"i": 236, "x": 4410.0, "y": 4160.0}, {"i": 237, "x": 4414.0, "y": 2428.0}, {"i": 238, "x": 4444.0, "y": 2820.0}, {"i": 239, "x": 4454.0, "y": 13002.0}, {"i": 240, "x": 4458.0, "y": 10362.0}, {"i": 241, "x": 4464.0, "y": 9272.0}, {"i": 242, "x": 4478.0, "y": 10020.0}, {"i": 243, "x": 4480.0, "y": 10308.0}, {"i": 244, "x": 4490.0, "y": 9302.0}, {"i": 245, "x": 4496.0, "y": 9308.0}, {"i": 246, "x": 4508.0, "y": 6850.0}, {"i": 247, "x": 4514.0, "y": 12744.0}, {"i": 248, "x": 4516.0, "y": 4316.0}, {"i": 249, "x": 4518.0, "y": 3820.0}, {"i": 250, "x": 4528.0, "y": 4326.0}, {"i": 251, "x": 4540.0, "y": 484.0}, {"i": 252, "x": 4550.0, "y": 10340.0}, {"i": 253, "x": 4596.0, "y": 4312.0}, {"i": 254, "x": 4604.0, "y": 10538.0}, {"i": 255, "x": 4612.0, "y": 10296.0}, {"i": 256, "x": 4618.0, "y": 3278.0}, {"i": 257, "x": 4630.0, "y": 9446.0}, {"i": 258, "x": 4638.0, "y": 10546.0}, {"i": 259, "x": 4648.0, "y": 10224.0}, {"i": 260, "x": 4662.0, "y": 12588.0}, {"i": 261, "x": 4666.0, "y": 6794.0}, {"i": 262, "x": 4676.0, "y": 10514.0}, {"i": 263, "x": 4680.0, "y": 12804.0}, {"i": 264, "x": 4682.0, "y": 7310.0}, {"i": 265, "x": 4682.0, "y": 9960.0}, {"i": 266, "x": 4686.0, "y": 9232.0}, {"i": 267, "x": 4688.0, "y": 10262.0}, {"i": 268, "x": 4690.0, "y": 10382.0}, {"i": 269, "x": 4692.0, "y": 3858.0}, {"i": 270, "x": 4694.0, "y": 10496.0}, {"i": 271, "x": 4694.0, "y": 10640.0}, {"i": 272, "x": 4704.0, "y": 10404.0}, {"i": 273, "x": 4708.0, "y": 6702.0}, {"i": 274, "x": 4712.0, "y": 10212.0}, {"i": 275, "x": 4718.0, "y": 10512.0}, {"i": 276, "x": 4718.0, "y": 11386.0}, {"i": 277, "x": 4720.0, "y": 820.0}, {"i": 278, "x": 4726.0, "y": 9292.0}, {"i": 279, "x": 4732.0, "y": 9838.0}, {"i": 280, "x": 4736.0, "y": 9896.0}, {"i": 281, "x": 4748.0, "y": 880.0}, {"i": 282, "x": 4758.0, "y": 10422.0}, {"i": 283, "x": 4782.0, "y": 10614.0}, {"i": 284, "x": 4788.0, "y": 9876.0}, {"i": 285, "x": 4798.0, "y": 10080.0}, {"i": 286, "x": 4798.0, "y": 12898.0}, {"i": 287, "x": 4812.0, "y": 7610.0}, {"i": 288, "x": 4812.0, "y": 10068.0}, {"i": 289, "x": 4832.0, "y": 7276.0}, {"i": 290, "x": 4836.0, "y": 2000.0}, {"i": 291, "x": 4848.0, "y": 3800.0}, {"i": 292, "x": 4850.0, "y": 10668.0}, {"i": 293, "x": 4856.0, "y": 9840.0}, {"i": 294, "x": 4866.0, "y": 11292.0}, {"i": 295, "x": 4872.0, "y": 1102.0}, {"i": 296, "x": 4874.0, "y": 9754.0}, {"i": 297, "x": 4876.0, "y": 11394.0}, {"i": 298, "x": 4880.0, "y": 6504.0}, {"i": 299, "x": 4882.0, "y": 12894.0}, {"i": 300, "x": 4898.0, "y": 10574.0}, {"i": 301, "x": 4904.0, "y": 8852.0}, {"i": 302, "x": 4922.0, "y": 3124.0}, {"i": 303, "x": 4930.0, "y": 3524.0}, {"i": 304, "x": 4932.0, "y": 4430.0}, {"i": 305, "x": 4942.0, "y": 6494.0}, {"i": 306, "x": 4942.0, "y": 9938.0}, {"i": 307, "x": 4944.0, "y": 6302.0}, {"i": 308, "x": 4952.0, "y": 938.0}, {"i": 309, "x": 4980.0, "y": 9990.0}, {"i": 310, "x": 4986.0, "y": 3690.0}, {"i": 311, "x": 4990.0, "y": 11632.0}, {"i": 312, "x": 5006.0, "y": 4276.0}, {"i": 313, "x": 5010.0, "y": 7292.0}, {"i": 314, "x": 5022.0, "y": 11182.0}, {"i": 315, "x": 5028.0, "y": 3312.0}, {"i": 316, "x": 5030.0, "y": 10560.0}, {"i": 317, "x": 5042.0, "y": 4070.0}, {"i": 318, "x": 5044.0, "y": 3148.0}, {"i": 319, "x": 5052.0, "y": 9864.0}, {"i": 320, "x": 5064.0, "y": 11304.0}, {"i": 321, "x": 5070.0, "y": 3616.0}, {"i": 322, "x": 5070.0, "y": 10148.0}, {"i": 323, "x": 5080.0, "y": 9774.0}, {"i": 324, "x": 5082.0, "y": 1038.0}, {"i": 325, "x": 5090.0, "y": 4090.0}, {"i": 326, "x": 5102.0, "y": 10496.0}, {"i": 327, "x": 5102.0, "y": 11194.0}, {"i": 328, "x": 5104.0, "y": 11266.0}, {"i": 329, "x": 5106.0, "y": 11348.0}, {"i": 330, "x": 5114.0, "y": 9848.0}, {"i": 331, "x": 5120.0, "y": 13242.0}, {"i": 332, "x": 5126.0, "y": 4480.0}, {"i": 333, "x": 5134.0, "y": 10348.0}, {"i": 334, "x": 5140.0, "y": 10700.0}, {"i": 335, "x": 5152.0, "y": 10968.0}, {"i": 336, "x": 5164.0, "y": 11140.0}, {"i": 337, "x": 5168.0, "y": 10018.0}, {"i": 338, "x": 5170.0, "y": 9632.0}, {"i": 339, "x": 5172.0, "y": 9846.0}, {"i": 340, "x": 5180.0, "y": 9896.0}, {"i": 341, "x": 5196.0, "y": 10264.0}, {"i": 342, "x": 5210.0, "y": 8924.0}, {"i": 343, "x": 5218.0, "y": 4502.0}, {"i": 344, "x": 5230.0, "y": 10460.0}, {"i": 345, "x": 5234.0, "y": 2154.0}, {"i": 346, "x": 5240.0, "y": 9942.0}, {"i": 347, "x": 5242.0, "y": 11154.0}, {"i": 348, "x": 5254.0, "y": 10562.0}, {"i": 349, "x": 5256.0, "y": 2144.0}, {"i": 350, "x": 5260.0, "y": 10194.0}, {"i": 351, "x": 5262.0, "y": 10216.0}, {"i": 352, "x": 5270.0, "y": 11214.0}, {"i": 353, "x": 5272.0, "y": 11170.0}, {"i": 354, "x": 5282.0, "y": 11128.0}, {"i": 355, "x": 5282.0, "y": 11206.0}, {"i": 356, "x": 5286.0, "y": 5908.0}, {"i": 357, "x": 5288.0, "y": 5036.0}, {"i": 358, "x": 5308.0, "y": 2050.0}, {"i": 359, "x": 5312.0, "y": 1560.0}, {"i": 360, "x": 5320.0, "y": 10792.0}, {"i": 361, "x": 5330.0, "y": 1010.0}, {"i": 362, "x": 5330.0, "y": 9144.0}, {"i": 363, "x": 5344.0, "y": 5246.0}, {"i": 364, "x": 5346.0, "y": 2090.0}, {"i": 365, "x": 5346.0, "y": 10156.0}, {"i": 366, "x": 5348.0, "y": 10474.0}, {"i": 367, "x": 5360.0, "y": 7868.0}, {"i": 368, "x": 5362.0, "y": 8916.0}, {"i": 369, "x": 5364.0, "y": 10174.0}, {"i": 370, "x": 5366.0, "y": 7870.0}, {"i": 371, "x": 5368.0, "y": 3168.0}, {"i": 372, "x": 5376.0, "y": 5790.0}, {"i": 373, "x": 5402.0, "y": 10326.0}, {"i": 374, "x": 5406.0, "y": 1028.0}, {"i": 375, "x": 5414.0, "y": 10250.0}, {"i": 376, "x": 5414.0, "y": 10368.0}, {"i": 377, "x": 5418.0, "y": 9214.0}, {"i": 378, "x": 5420.0, "y": 9750.0}, {"i": 379, "x": 5432.0, "y": 1044.0}, {"i": 380, "x": 5438.0, "y": 1192.0}, {"i": 381, "x": 5438.0, "y": 5802.0}, {"i": 382, "x": 5442.0, "y": 3352.0}, {"i": 383, "x": 5450.0, "y": 10768.0}, {"i": 384, "x": 5480.0, "y": 10724.0}, {"i": 385, "x": 5486.0, "y": 9760.0}, {"i": 386, "x": 5500.0, "y": 9776.0}, {"i": 387, "x": 5534.0, "y": 3654.0}, {"i": 388, "x": 5558.0, "y": 7196.0}, {"i": 389, "x": 5560.0, "y": 9594.0}, {"i": 390, "x": 5566.0, "y": 2216.0}, {"i": 391, "x": 5584.0, "y": 10558.0}, {"i": 392, "x": 5586.0, "y": 10046.0}, {"i": 393, "x": 5594.0, "y": 4020.0}, {"i": 394, "x": 5596.0, "y": 6498.0}, {"i": 395, "x": 5636.0, "y": 1458.0}, {"i": 396, "x": 5638.0, "y": 1308.0}, {"i": 397, "x": 5644.0, "y": 2198.0}, {"i": 398, "x": 5658.0, "y": 5404.0}, {"i": 399, "x": 5664.0, "y": 1966.0}, {"i": 400, "x": 5674.0, "y": 9546.0}, {"i": 401, "x": 5678.0, "y": 7646.0}, {"i": 402, "x": 5688.0, "y": 10222.0}, {"i": 403, "x": 5692.0, "y": 9280.0}, {"i": 404, "x": 5700.0, "y": 3174.0}, {"i": 405, "x": 5708.0, "y": 1400.0}, {"i": 406, "x": 5714.0, "y": 9208.0}, {"i": 407, "x": 5722.0, "y": 9222.0}, {"i": 408, "x": 5730.0, "y": 10970.0}, {"i": 409, "x": 5736.0, "y": 1482.0}, {"i": 410, "x": 5738.0, "y": 10366.0}, {"i": 411, "x": 5746.0, "y": 4198.0}, {"i": 412, "x": 5750.0, "y": 3664.0}, {"i": 413, "x": 5772.0, "y": 1694.0}, {"i": 414, "x": 5794.0, "y": 5288.0}, {"i": 415, "x": 5796.0, "y": 8892.0}, {"i": 416, "x": 5800.0, "y": 8890.0}, {"i": 417, "x": 5802.0, "y": 1984.0}, {"i": 418, "x": 5802.0, "y": 9572.0}, {"i": 419, "x": 5806.0, "y": 7976.0}, {"i": 420, "x": 5812.0, "y": 5892.0}, {"i": 421, "x": 5814.0, "y": 9462.0}, {"i": 422, "x": 5820.0, "y": 6716.0}, {"i": 423, "x": 5824.0, "y": 9044.0}, {"i": 424, "x": 5826.0, "y": 10580.0}, {"i": 425, "x": 5828.0, "y": 9460.0}, {"i": 426, "x": 5834.0, "y": 9490.0}, {"i": 427, "x": 5840.0, "y": 9256.0}, {"i": 428, "x": 5842.0, "y": 9610.0}, {"i": 429, "x": 5844.0, "y": 9308.0}, {"i": 430, "x": 5848.0, "y": 9470.0}, {"i": 431, "x": 5852.0, "y": 9226.0}, {"i": 432, "x": 5874.0, "y": 1788.0}, {"i": 433, "x": 5884.0, "y": 4180.0}, {"i": 434, "x": 5902.0, "y": 2216.0}, {"i": 435, "x": 5904.0, "y": 3312.0}, {"i": 436, "x": 5912.0, "y": 10528.0}, {"i": 437, "x": 5934.0, "y": 4200.0}, {"i": 438, "x": 5934.0, "y": 9818.0}, {"i": 439, "x": 5944.0, "y": 1728.0}, {"i": 440, "x": 5974.0, "y": 2396.0}, {"i": 441, "x": 5974.0, "y": 9430.0}, {"i": 442, "x": 5984.0, "y": 7976.0}, {"i": 443, "x": 5986.0, "y": 2460.0}, {"i": 444, "x": 6002.0, "y": 9254.0}, {"i": 445, "x": 6014.0, "y": 5958.0}, {"i": 446, "x": 6016.0, "y": 2524.0}, {"i": 447, "x": 6024.0, "y": 9706.0}, {"i": 448, "x": 6024.0, "y": 9970.0}, {"i": 449, "x": 6032.0, "y": 10038.0}, {"i": 450, "x": 6046.0, "y": 8008.0}, {"i": 451, "x": 6066.0, "y": 9652.0}, {"i": 452, "x": 6104.0, "y": 4204.0}, {"i": 453, "x": 6152.0, "y": 3604.0}, {"i": 454, "x": 6158.0, "y": 10294.0}, {"i": 455, "x": 6164.0, "y": 4948.0}, {"i": 456, "x": 6174.0, "y": 7226.0}, {"i": 457, "x": 6180.0, "y": 10062.0}, {"i": 458, "x": 6188.0, "y": 8072.0}, {"i": 459, "x": 6200.0, "y": 4984.0}, {"i": 460, "x": 6208.0, "y": 13492.0}, {"i": 461, "x": 6246.0, "y": 2640.0}, {"i": 462, "x": 6284.0, "y": 5300.0}, {"i": 463, "x": 6290.0, "y": 8002.0}, {"i": 464, "x": 6304.0, "y": 4870.0}, {"i": 465, "x": 6304.0, "y": 9446.0}, {"i": 466, "x": 6344.0, "y": 8072.0}, {"i": 467, "x": 6344.0, "y": 8268.0}, {"i": 468, "x": 6346.0, "y": 7858.0}, {"i": 469, "x": 6374.0, "y": 6862.0}, {"i": 470, "x": 6394.0, "y": 5098.0}, {"i": 471, "x": 6424.0, "y": 5052.0}, {"i": 472, "x": 6444.0, "y": 5522.0}, {"i": 473, "x": 6464.0, "y": 8170.0}, {"i": 474, "x": 6466.0, "y": 3218.0}, {"i": 475, "x": 6472.0, "y": 8178.0}, {"i": 476, "x": 6508.0, "y": 3324.0}, {"i": 477, "x": 6514.0, "y": 6826.0}, {"i": 478, "x": 6556.0, "y": 8100.0}, {"i": 479, "x": 6566.0, "y": 8106.0}, {"i": 480, "x": 6568.0, "y": 9146.0}, {"i": 481, "x": 6598.0, "y": 8342.0}, {"i": 482, "x": 6612.0, "y": 7090.0}, {"i": 483, "x": 6642.0, "y": 3102.0}, {"i": 484, "x": 6646.0, "y": 13240.0}, {"i": 485, "x": 6652.0, "y": 4816.0}, {"i": 486, "x": 6656.0, "y": 4712.0}, {"i": 487, "x": 6658.0, "y": 9462.0}, {"i": 488, "x": 6658.0, "y": 9664.0}, {"i": 489, "x": 6684.0, "y": 9210.0}, {"i": 490, "x": 6700.0, "y": 9634.0}, {"i": 491, "x": 6718.0, "y": 9534.0}, {"i": 492, "x": 6726.0, "y": 5282.0}, {"i": 493, "x": 6744.0, "y": 9640.0}, {"i": 494, "x": 6746.0, "y": 74.0}, {"i": 495, "x": 6760.0, "y": 3064.0}, {"i": 496, "x": 6760.0, "y": 9644.0}, {"i": 497, "x": 6776.0, "y": 4386.0}, {"i": 498, "x": 6778.0, "y": 4520.0}, {"i": 499, "x": 6778.0, "y": 7642.0}, {"i": 500, "x": 6782.0, "y": 9222.0}, {"i": 501, "x": 6784.0, "y": 4772.0}, {"i": 502, "x": 6786.0, "y": 4464.0}, {"i": 503, "x": 6796.0, "y": 7638.0}, {"i": 504, "x": 6828.0, "y": 82.0}, {"i": 505, "x": 6836.0, "y": 7624.0}, {"i": 506, "x": 6844.0, "y": 5468.0}, {"i": 507, "x": 6856.0, "y": 7448.0}, {"i": 508, "x": 6860.0, "y": 110.0}, {"i": 509, "x": 6866.0, "y": 5402.0}, {"i": 510, "x": 6870.0, "y": 4516.0}, {"i": 511, "x": 6894.0, "y": 3920.0}, {"i": 512, "x": 6900.0, "y": 14162.0}, {"i": 513, "x": 6920.0, "y": 3960.0}, {"i": 514, "x": 6970.0, "y": 7724.0}, {"i": 515, "x": 7016.0, "y": 5552.0}, {"i": 516, "x": 7024.0, "y": 7768.0}, {"i": 517, "x": 7024.0, "y": 9872.0}, {"i": 518, "x": 7050.0, "y": 4448.0}, {"i": 519, "x": 7056.0, "y": 7682.0}, {"i": 520, "x": 7058.0, "y": 174.0}, {"i": 521, "x": 7068.0, "y": 7814.0}, {"i": 522, "x": 7080.0, "y": 3148.0}, {"i": 523, "x": 7082.0, "y": 3436.0}, {"i": 524, "x": 7092.0, "y": 7620.0}, {"i": 525, "x": 7110.0, "y": 8956.0}, {"i": 526, "x": 7122.0, "y": 3492.0}, {"i": 527, "x": 7122.0, "y": 3626.0}, {"i": 528, "x": 7124.0, "y": 3322.0}, {"i": 529, "x": 7146.0, "y": 7122.0}, {"i": 530, "x": 7168.0, "y": 3248.0}, {"i": 531, "x": 7170.0, "y": 3860.0}, {"i": 532, "x": 7174.0, "y": 8976.0}, {"i": 533, "x": 7184.0, "y": 3364.0}, {"i": 534, "x": 7190.0, "y": 14168.0}, {"i": 535, "x": 7192.0, "y": 4478.0}, {"i": 536, "x": 7192.0, "y": 6918.0}, {"i": 537, "x": 7196.0, "y": 3234.0}, {"i": 538, "x": 7202.0, "y": 8096.0}, {"i": 539, "x": 7208.0, "y": 14124.0}, {"i": 540, "x": 7222.0, "y": 7856.0}, {"i": 541, "x": 7256.0, "y": 7484.0}, {"i": 542, "x": 7258.0, "y": 3292.0}, {"i": 543, "x": 7274.0, "y": 4736.0}, {"i": 544, "x": 7284.0, "y": 8096.0}, {"i": 545, "x": 7288.0, "y": 7568.0}, {"i": 546, "x": 7304.0, "y": 364.0}, {"i": 547, "x": 7316.0, "y": 4932.0}, {"i": 548, "x": 7326.0, "y": 7122.0}, {"i": 549, "x": 7338.0, "y": 4580.0}, {"i": 550, "x": 7348.0, "y": 7588.0}, {"i": 551, "x": 7360.0, "y": 7592.0}, {"i": 552, "x": 7366.0, "y": 7844.0}, {"i": 553, "x": 7380.0, "y": 7656.0}, {"i": 554, "x": 7382.0, "y": 4300.0}, {"i": 555, "x": 7382.0, "y": 5362.0}, {"i": 556, "x": 7400.0, "y": 114.0}, {"i": 557, "x": 7414.0, "y": 9012.0}, {"i": 558, "x": 7452.0, "y": 8976.0}, {"i": 559, "x": 7458.0, "y": 5600.0}, {"i": 560, "x": 7458.0, "y": 7700.0}, {"i": 561, "x": 7462.0, "y": 3414.0}, {"i": 562, "x": 7464.0, "y": 7576.0}, {"i": 563, "x": 7490.0, "y": 7876.0}, {"i": 564, "x": 7496.0, "y": 8000.0}, {"i": 565, "x": 7504.0, "y": 3380.0}, {"i": 566, "x": 7504.0, "y": 7662.0}, {"i": 567, "x": 7512.0, "y": 7232.0}, {"i": 568, "x": 7520.0, "y": 7236.0}, {"i": 569, "x": 7528.0, "y": 3728.0}, {"i": 570, "x": 7542.0, "y": 7414.0}, {"i": 571, "x": 7554.0, "y": 2152.0}, {"i": 572, "x": 7584.0, "y": 2182.0}, {"i": 573, "x": 7594.0, "y": 7014.0}, {"i": 574, "x": 7596.0, "y": 3420.0}, {"i": 575, "x": 7610.0, "y": 8780.0}, {"i": 576, "x": 7616.0, "y": 8696.0}, {"i": 577, "x": 7618.0, "y": 8876.0}, {"i": 578, "x": 7622.0, "y": 7660.0}, {"i": 579, "x": 7652.0, "y": 3394.0}, {"i": 580, "x": 7660.0, "y": 374.0}, {"i": 581, "x": 7666.0, "y": 8924.0}, {"i": 582, "x": 7680.0, "y": 3978.0}, {"i": 583, "x": 7690.0, "y": 8196.0}, {"i": 584, "x": 7690.0, "y": 8782.0}, {"i": 585, "x": 7700.0, "y": 4028.0}, {"i": 586, "x": 7702.0, "y": 8944.0}, {"i": 587, "x": 7704.0, "y": 5348.0}, {"i": 588, "x": 7708.0, "y": 8848.0}, {"i": 589, "x": 7714.0, "y": 7808.0}, {"i": 590, "x": 7744.0, "y": 9154.0}, {"i": 591, "x": 7746.0, "y": 4102.0}, {"i": 592, "x": 7748.0, "y": 4060.0}, {"i": 593, "x": 7748.0, "y": 7800.0}, {"i": 594, "x": 7770.0, "y": 9016.0}, {"i": 595, "x": 7794.0, "y": 3644.0}, {"i": 596, "x": 7802.0, "y": 8616.0}, {"i": 597, "x": 7818.0, "y": 3702.0}, {"i": 598, "x": 7822.0, "y": 4308.0}, {"i": 599, "x": 7836.0, "y": 6552.0}, {"i": 600, "x": 7844.0, "y": 366.0}, {"i": 601, "x": 7852.0, "y": 424.0}, {"i": 602, "x": 7856.0, "y": 4552.0}, {"i": 603, "x": 7868.0, "y": 4340.0}, {"i": 604, "x": 7872.0, "y": 8846.0}, {"i": 605, "x": 7910.0, "y": 8624.0}, {"i": 606, "x": 7928.0, "y": 7304.0}, {"i": 607, "x": 7928.0, "y": 8488.0}, {"i": 608, "x": 7938.0, "y": 8798.0}, {"i": 609, "x": 7944.0, "y": 8048.0}, {"i": 610, "x": 7968.0, "y": 424.0}, {"i": 611, "x": 7974.0, "y": 7276.0}, {"i": 612, "x": 7976.0, "y": 8118.0}, {"i": 613, "x": 7978.0, "y": 8040.0}, {"i": 614, "x": 8008.0, "y": 8314.0}, {"i": 615, "x": 8016.0, "y": 9072.0}, {"i": 616, "x": 8030.0, "y": 8196.0}, {"i": 617, "x": 8030.0, "y": 8668.0}, {"i": 618, "x": 8072.0, "y": 8106.0}, {"i": 619, "x": 8082.0, "y": 5902.0}, {"i": 620, "x": 8082.0, "y": 5974.0}, {"i": 621, "x": 8090.0, "y": 7512.0}, {"i": 622, "x": 8098.0, "y": 8698.0}, {"i": 623, "x": 8102.0, "y": 4588.0}, {"i": 624, "x": 8102.0, "y": 7502.0}, {"i": 625, "x": 8116.0, "y": 9282.0}, {"i": 626, "x": 8118.0, "y": 8434.0}, {"i": 627, "x": 8146.0, "y": 8686.0}, {"i": 628, "x": 8160.0, "y": 8862.0}, {"i": 629, "x": 8166.0, "y": 8878.0}, {"i": 630, "x": 8180.0, "y": 8392.0}, {"i": 631, "x": 8198.0, "y": 5156.0}, {"i": 632, "x": 8206.0, "y": 428.0}, {"i": 633, "x": 8218.0, "y": 5798.0}, {"i": 634, "x": 8222.0, "y": 5786.0}, {"i": 635, "x": 8230.0, "y": 8790.0}, {"i": 636, "x": 8238.0, "y": 9024.0}, {"i": 637, "x": 8270.0, "y": 9164.0}, {"i": 638, "x": 8288.0, "y": 7874.0}, {"i": 639, "x": 8292.0, "y": 9076.0}, {"i": 640, "x": 8296.0, "y": 4512.0}, {"i": 641, "x": 8312.0, "y": 5438.0}, {"i": 642, "x": 8316.0, "y": 9128.0}, {"i": 643, "x": 8324.0, "y": 4654.0}, {"i": 644, "x": 8326.0, "y": 486.0}, {"i": 645, "x": 8326.0, "y": 5408.0}, {"i": 646, "x": 8326.0, "y": 7636.0}, {"i": 647, "x": 8332.0, "y": 8864.0}, {"i": 648, "x": 8340.0, "y": 478.0}, {"i": 649, "x": 8340.0, "y": 4550.0}, {"i": 650, "x": 8358.0, "y": 8594.0}, {"i": 651, "x": 8376.0, "y": 8672.0}, {"i": 652, "x": 8402.0, "y": 524.0}, {"i": 653, "x": 8402.0, "y": 4818.0}, {"i": 654, "x": 8412.0, "y": 8798.0}, {"i": 655, "x": 8428.0, "y": 4930.0}, {"i": 656, "x": 8434.0, "y": 5768.0}, {"i": 657, "x": 8434.0, "y": 5830.0}, {"i": 658, "x": 8442.0, "y": 8846.0}, {"i": 659, "x": 8456.0, "y": 7366.0}, {"i": 660, "x": 8460.0, "y": 5198.0}, {"i": 661, "x": 8474.0, "y": 5984.0}, {"i": 662, "x": 8482.0, "y": 7810.0}, {"i": 663, "x": 8490.0, "y": 9434.0}, {"i": 664, "x": 8496.0, "y": 202.0}, {"i": 665, "x": 8498.0, "y": 4518.0}, {"i": 666, "x": 8506.0, "y": 380.0}, {"i": 667, "x": 8512.0, "y": 8890.0}, {"i": 668, "x": 8516.0, "y": 9556.0}, {"i": 669, "x": 8528.0, "y": 8532.0}, {"i": 670, "x": 8536.0, "y": 5692.0}, {"i": 671, "x": 8540.0, "y": 330.0}, {"i": 672, "x": 8548.0, "y": 9030.0}, {"i": 673, "x": 8548.0, "y": 9142.0}, {"i": 674, "x": 8564.0, "y": 9568.0}, {"i": 675, "x": 8570.0, "y": 4674.0}, {"i": 676, "x": 8572.0, "y": 4606.0}, {"i": 677, "x": 8584.0, "y": 9558.0}, {"i": 678, "x": 8588.0, "y": 6394.0}, {"i": 679, "x": 8594.0, "y": 9058.0}, {"i": 680, "x": 8602.0, "y": 250.0}, {"i": 681, "x": 8630.0, "y": 4728.0}, {"i": 682, "x": 8632.0, "y": 8814.0}, {"i": 683, "x": 8644.0, "y": 8750.0}, {"i": 684, "x": 8652.0, "y": 208.0}, {"i": 685, "x": 8670.0, "y": 8592.0}, {"i": 686, "x": 8670.0, "y": 9674.0}, {"i": 687, "x": 8684.0, "y": 8916.0}, {"i": 688, "x": 8692.0, "y": 5692.0}, {"i": 689, "x": 8698.0, "y": 8460.0}, {"i": 690, "x": 8698.0, "y": 8680.0}, {"i": 691, "x": 8700.0, "y": 8268.0}, {"i": 692, "x": 8702.0, "y": 4728.0}, {"i": 693, "x": 8706.0, "y": 9000.0}, {"i": 694, "x": 8714.0, "y": 8904.0}, {"i": 695, "x": 8726.0, "y": 8636.0}, {"i": 696, "x": 8740.0, "y": 9670.0}, {"i": 697, "x": 8742.0, "y": 7626.0}, {"i": 698, "x": 8744.0, "y": 9024.0}, {"i": 699, "x": 8754.0, "y": 9478.0}, {"i": 700, "x": 8770.0, "y": 4884.0}, {"i": 701, "x": 8774.0, "y": 9766.0}, {"i": 702, "x": 8784.0, "y": 8932.0}, {"i": 703, "x": 8790.0, "y": 9430.0}, {"i": 704, "x": 8796.0, "y": 9024.0}, {"i": 705, "x": 8812.0, "y": 5898.0}, {"i": 706, "x": 8812.0, "y": 6544.0}, {"i": 707, "x": 8816.0, "y": 5832.0}, {"i": 708, "x": 8820.0, "y": 8500.0}, {"i": 709, "x": 8822.0, "y": 8912.0}, {"i": 710, "x": 8822.0, "y": 8952.0}, {"i": 711, "x": 8824.0, "y": 5064.0}, {"i": 712, "x": 8834.0, "y": 6000.0}, {"i": 713, "x": 8834.0, "y": 9526.0}, {"i": 714, "x": 8840.0, "y": 8936.0}, {"i": 715, "x": 8842.0, "y": 8962.0}, {"i": 716, "x": 8862.0, "y": 7090.0}, {"i": 717, "x": 8864.0, "y": 9574.0}, {"i": 718, "x": 8868.0, "y": 9924.0}, {"i": 719, "x": 8870.0, "y": 5660.0}, {"i": 720, "x": 8870.0, "y": 9772.0}, {"i": 721, "x": 8888.0, "y": 6370.0}, {"i": 722, "x": 8892.0, "y": 4634.0}, {"i": 723, "x": 8896.0, "y": 8684.0}, {"i": 724, "x": 8906.0, "y": 6412.0}, {"i": 725, "x": 8906.0, "y": 8902.0}, {"i": 726, "x": 8916.0, "y": 9540.0}, {"i": 727, "x": 8924.0, "y": 5330.0}, {"i": 728, "x": 8936.0, "y": 9094.0}, {"i": 729, "x": 8942.0, "y": 8932.0}, {"i": 730, "x": 8970.0, "y": 9768.0}, {"i": 731, "x": 8976.0, "y": 8162.0}, {"i": 732, "x": 8984.0, "y": 9788.0}, {"i": 733, "x": 8996.0, "y": 6372.0}, {"i": 734, "x": 9004.0, "y": 8862.0}, {"i": 735, "x": 9016.0, "y": 8656.0}, {"i": 736, "x": 9016.0, "y": 9440.0}, {"i": 737, "x": 9024.0, "y": 9044.0}, {"i": 738, "x": 9026.0, "y": 9064.0}, {"i": 739, "x": 9030.0, "y": 4574.0}, {"i": 740, "x": 9034.0, "y": 9688.0}, {"i": 741, "x": 9036.0, "y": 4442.0}, {"i": 742, "x": 9042.0, "y": 5766.0}, {"i": 743, "x": 9042.0, "y": 9124.0}, {"i": 744, "x": 9048.0, "y": 8576.0}, {"i": 745, "x": 9052.0, "y": 6908.0}, {"i": 746, "x": 9080.0, "y": 8946.0}, {"i": 747, "x": 9086.0, "y": 9328.0}, {"i": 748, "x": 9090.0, "y": 8776.0}, {"i": 749, "x": 9094.0, "y": 10010.0}, {"i": 750, "x": 9098.0, "y": 9484.0}, {"i": 751, "x": 9104.0, "y": 6476.0}, {"i": 752, "x": 9106.0, "y": 9352.0}, {"i": 753, "x": 9110.0, "y": 6474.0}, {"i": 754, "x": 9124.0, "y": 9786.0}, {"i": 755, "x": 9134.0, "y": 5442.0}, {"i": 756, "x": 9146.0, "y": 9720.0}, {"i": 757, "x": 9164.0, "y": 9866.0}, {"i": 758, "x": 9194.0, "y": 8916.0}, {"i": 759, "x": 9204.0, "y": 5424.0}, {"i": 760, "x": 9210.0, "y": 8354.0}, {"i": 761, "x": 9222.0, "y": 7898.0}, {"i": 762, "x": 9228.0, "y": 8344.0}, {"i": 763, "x": 9236.0, "y": 6572.0}, {"i": 764, "x": 9240.0, "y": 9388.0}, {"i": 765, "x": 9258.0, "y": 4378.0}, {"i": 766, "x": 9274.0, "y": 9222.0}, {"i": 767, "x": 9288.0, "y": 9206.0}, {"i": 768, "x": 9296.0, "y": 8984.0}, {"i": 769, "x": 9310.0, "y": 9670.0}, {"i": 770, "x": 9312.0, "y": 4348.0}, {"i": 771, "x": 9332.0, "y": 6382.0}, {"i": 772, "x": 9340.0, "y": 9426.0}, {"i": 773, "x": 9352.0, "y": 13876.0}, {"i": 774, "x": 9364.0, "y": 4350.0}, {"i": 775, "x": 9364.0, "y": 5600.0}, {"i": 776, "x": 9372.0, "y": 9550.0}, {"i": 777, "x": 9376.0, "y": 9622.0}, {"i": 778, "x": 9394.0, "y": 13810.0}, {"i": 779, "x": 9396.0, "y": 10110.0}, {"i": 780, "x": 9408.0, "y": 8122.0}, {"i": 781, "x": 9410.0, "y": 6080.0}, {"i": 782, "x": 9410.0, "y": 13644.0}, {"i": 783, "x": 9422.0, "y": 8732.0}, {"i": 784, "x": 9424.0, "y": 8924.0}, {"i": 785, "x": 9432.0, "y": 10100.0}, {"i": 786, "x": 9434.0, "y": 14306.0}, {"i": 787, "x": 9438.0, "y": 9114.0}, {"i": 788, "x": 9460.0, "y": 10334.0}, {"i": 789, "x": 9462.0, "y": 6536.0}, {"i": 790, "x": 9478.0, "y": 6242.0}, {"i": 791, "x": 9480.0, "y": 9134.0}, {"i": 792, "x": 9490.0, "y": 7896.0}, {"i": 793, "x": 9524.0, "y": 8376.0}, {"i": 794, "x": 9530.0, "y": 6702.0}, {"i": 795, "x": 9540.0, "y": 7918.0}, {"i": 796, "x": 9562.0, "y": 5748.0}, {"i": 797, "x": 9564.0, "y": 9144.0}, {"i": 798, "x": 9566.0, "y": 9044.0}, {"i": 799, "x": 9568.0, "y": 4878.0}, {"i": 800, "x": 9574.0, "y": 8840.0}, {"i": 801, "x": 9584.0, "y": 4872.0}, {"i": 802, "x": 9586.0, "y": 8232.0}, {"i": 803, "x": 9588.0, "y": 9716.0}, {"i": 804, "x": 9592.0, "y": 4826.0}, {"i": 805, "x": 9594.0, "y": 5634.0}, {"i": 806, "x": 9598.0, "y": 4338.0}, {"i": 807, "x": 9612.0, "y": 8038.0}, {"i": 808, "x": 9618.0, "y": 8228.0}, {"i": 809, "x": 9640.0, "y": 8934.0}, {"i": 810, "x": 9644.0, "y": 4262.0}, {"i": 811, "x": 9654.0, "y": 8224.0}, {"i": 812, "x": 9664.0, "y": 4218.0}, {"i": 813, "x": 9670.0, "y": 7634.0}, {"i": 814, "x": 9684.0, "y": 7598.0}, {"i": 815, "x": 9686.0, "y": 4224.0}, {"i": 816, "x": 9686.0, "y": 8866.0}, {"i": 817, "x": 9692.0, "y": 6160.0}, {"i": 818, "x": 9714.0, "y": 4488.0}, {"i": 819, "x": 9726.0, "y": 8174.0}, {"i": 820, "x": 9760.0, "y": 9256.0}, {"i": 821, "x": 9762.0, "y": 9954.0}, {"i": 822, "x": 9766.0, "y": 9490.0}, {"i": 823, "x": 9766.0, "y": 9522.0}, {"i": 824, "x": 9788.0, "y": 9626.0}, {"i": 825, "x": 9794.0, "y": 4288.0}, {"i": 826, "x": 9798.0, "y": 6464.0}, {"i": 827, "x": 9804.0, "y": 5576.0}, {"i": 828, "x": 9818.0, "y": 7504.0}, {"i": 829, "x": 9820.0, "y": 224.0}, {"i": 830, "x": 9820.0, "y": 8890.0}, {"i": 831, "x": 9824.0, "y": 6196.0}, {"i": 832, "x": 9844.0, "y": 5856.0}, {"i": 833, "x": 9850.0, "y": 9222.0}, {"i": 834, "x": 9862.0, "y": 7922.0}, {"i": 835, "x": 9862.0, "y": 9326.0}, {"i": 836, "x": 9864.0, "y": 10164.0}, {"i": 837, "x": 9884.0, "y": 7968.0}, {"i": 838, "x": 9892.0, "y": 9404.0}, {"i": 839, "x": 9896.0, "y": 4502.0}, {"i": 840, "x": 9900.0, "y": 6224.0}, {"i": 841, "x": 9932.0, "y": 7208.0}, {"i": 842, "x": 9958.0, "y": 136.0}, {"i": 843, "x": 9970.0, "y": 9178.0}, {"i": 844, "x": 9980.0, "y": 7744.0}, {"i": 845, "x": 9994.0, "y": 6800.0}, {"i": 846, "x": 10000.0, "y": 7998.0}, {"i": 847, "x": 10000.0, "y": 9256.0}, {"i": 848, "x": 10008.0, "y": 9136.0}, {"i": 849, "x": 10008.0, "y": 9296.0}, {"i": 850, "x": 10018.0, "y": 9312.0}, {"i": 851, "x": 10030.0, "y": 8956.0}, {"i": 852, "x": 10042.0, "y": 9314.0}, {"i": 853, "x": 10056.0, "y": 8910.0}, {"i": 854, "x": 10058.0, "y": 9692.0}, {"i": 855, "x": 10098.0, "y": 8520.0}, {"i": 856, "x": 10104.0, "y": 9178.0}, {"i": 857, "x": 10106.0, "y": 6566.0}, {"i": 858, "x": 10112.0, "y": 6914.0}, {"i": 859, "x": 10118.0, "y": 138.0}, {"i": 860, "x": 10118.0, "y": 9298.0}, {"i": 861, "x": 10126.0, "y": 9410.0}, {"i": 862, "x": 10132.0, "y": 10292.0}, {"i": 863, "x": 10138.0, "y": 7650.0}, {"i": 864, "x": 10154.0, "y": 504.0}, {"i": 865, "x": 10186.0, "y": 4564.0}, {"i": 866, "x": 10186.0, "y": 9888.0}, {"i": 867, "x": 10196.0, "y": 7862.0}, {"i": 868, "x": 10200.0, "y": 4586.0}, {"i": 869, "x": 10204.0, "y": 8354.0}, {"i": 870, "x": 10212.0, "y": 8352.0}, {"i": 871, "x": 10214.0, "y": 6974.0}, {"i": 872, "x": 10218.0, "y": 9330.0}, {"i": 873, "x": 10224.0, "y": 9868.0}, {"i": 874, "x": 10260.0, "y": 6460.0}, {"i": 875, "x": 10268.0, "y": 440.0}, {"i": 876, "x": 10270.0, "y": 9236.0}, {"i": 877, "x": 10276.0, "y": 8848.0}, {"i": 878, "x": 10292.0, "y": 9334.0}, {"i": 879, "x": 10294.0, "y": 8080.0}, {"i": 880, "x": 10302.0, "y": 9172.0}, {"i": 881, "x": 10302.0, "y": 9326.0}, {"i": 882, "x": 10308.0, "y": 6478.0}, {"i": 883, "x": 10308.0, "y": 7734.0}, {"i": 884, "x": 10312.0, "y": 9768.0}, {"i": 885, "x": 10322.0, "y": 9168.0}, {"i": 886, "x": 10332.0, "y": 8218.0}, {"i": 887, "x": 10334.0, "y": 8846.0}, {"i": 888, "x": 10334.0, "y": 9780.0}, {"i": 889, "x": 10338.0, "y": 7048.0}, {"i": 890, "x": 10350.0, "y": 8928.0}, {"i": 891, "x": 10352.0, "y": 10308.0}, {"i": 892, "x": 10388.0, "y": 6948.0}, {"i": 893, "x": 10396.0, "y": 8634.0}, {"i": 894, "x": 10400.0, "y": 5466.0}, {"i": 895, "x": 10404.0, "y": 6870.0}, {"i": 896, "x": 10406.0, "y": 8008.0}, {"i": 897, "x": 10416.0, "y": 9630.0}, {"i": 898, "x": 10436.0, "y": 5840.0}, {"i": 899, "x": 10442.0, "y": 5136.0}, {"i": 900, "x": 10448.0, "y": 6566.0}, {"i": 901, "x": 10454.0, "y": 6148.0}, {"i": 902, "x": 10456.0, "y": 7010.0}, {"i": 903, "x": 10462.0, "y": 5372.0}, {"i": 904, "x": 10466.0, "y": 10206.0}, {"i": 905, "x": 10470.0, "y": 7470.0}, {"i": 906, "x": 10478.0, "y": 10476.0}, {"i": 907, "x": 10490.0, "y": 5208.0}, {"i": 908, "x": 10492.0, "y": 5344.0}, {"i": 909, "x": 10502.0, "y": 6680.0}, {"i": 910, "x": 10512.0, "y": 9120.0}, {"i": 911, "x": 10546.0, "y": 5418.0}, {"i": 912, "x": 10552.0, "y": 5248.0}, {"i": 913, "x": 10566.0, "y": 6962.0}, {"i": 914, "x": 10574.0, "y": 5366.0}, {"i": 915, "x": 10574.0, "y": 5434.0}, {"i": 916, "x": 10576.0, "y": 5610.0}, {"i": 917, "x": 10588.0, "y": 5506.0}, {"i": 918, "x": 10592.0, "y": 5206.0}, {"i": 919, "x": 10632.0, "y": 8040.0}, {"i": 920, "x": 10632.0, "y": 8062.0}, {"i": 921, "x": 10632.0, "y": 9218.0}, {"i": 922, "x": 10638.0, "y": 5224.0}, {"i": 923, "x": 10642.0, "y": 5512.0}, {"i": 924, "x": 10642.0, "y": 9344.0}, {"i": 925, "x": 10644.0, "y": 5462.0}, {"i": 926, "x": 10650.0, "y": 8058.0}, {"i": 927, "x": 10660.0, "y": 540.0}, {"i": 928, "x": 10670.0, "y": 7296.0}, {"i": 929, "x": 10676.0, "y": 5204.0}, {"i": 930, "x": 10680.0, "y": 7430.0}, {"i": 931, "x": 10686.0, "y": 8692.0}, {"i": 932, "x": 10710.0, "y": 6942.0}, {"i": 933, "x": 10720.0, "y": 5588.0}, {"i": 934, "x": 10722.0, "y": 9298.0}, {"i": 935, "x": 10736.0, "y": 7424.0}, {"i": 936, "x": 10740.0, "y": 5364.0}, {"i": 937, "x": 10754.0, "y": 10032.0}, {"i": 938, "x": 10760.0, "y": 6806.0}, {"i": 939, "x": 10766.0, "y": 7092.0}, {"i": 940, "x": 10778.0, "y": 4710.0}, {"i": 941, "x": 10780.0, "y": 108.0}, {"i": 942, "x": 10798.0, "y": 148.0}, {"i": 943, "x": 10800.0, "y": 13372.0}, {"i": 944, "x": 10804.0, "y": 13274.0}, {"i": 945, "x": 10814.0, "y": 7436.0}, {"i": 946, "x": 10820.0, "y": 9764.0}, {"i": 947, "x": 10822.0, "y": 8480.0}, {"i": 948, "x": 10840.0, "y": 7586.0}, {"i": 949, "x": 10842.0, "y": 9224.0}, {"i": 950, "x": 10848.0, "y": 8360.0}, {"i": 951, "x": 10858.0, "y": 394.0}, {"i": 952, "x": 10860.0, "y": 4830.0}, {"i": 953, "x": 10876.0, "y": 10006.0}, {"i": 954, "x": 10886.0, "y": 8110.0}, {"i": 955, "x": 10896.0, "y": 9068.0}, {"i": 956, "x": 10918.0, "y": 8192.0}, {"i": 957, "x": 10922.0, "y": 5368.0}, {"i": 958, "x": 10928.0, "y": 5242.0}, {"i": 959, "x": 10930.0, "y": 7714.0}, {"i": 960, "x": 10948.0, "y": 8260.0}, {"i": 961, "x": 10954.0, "y": 7760.0}, {"i": 962, "x": 10962.0, "y": 5510.0}, {"i": 963, "x": 10962.0, "y": 11778.0}, {"i": 964, "x": 10970.0, "y": 8178.0}, {"i": 965, "x": 10990.0, "y": 5828.0}, {"i": 966, "x": 10994.0, "y": 7784.0}, {"i": 967, "x": 10998.0, "y": 8884.0}, {"i": 968, "x": 11030.0, "y": 7936.0}, {"i": 969, "x": 11052.0, "y": 9540.0}, {"i": 970, "x": 11058.0, "y": 9588.0}, {"i": 971, "x": 11062.0, "y": 9378.0}, {"i": 972, "x": 11068.0, "y": 7754.0}, {"i": 973, "x": 11072.0, "y": 5552.0}, {"i": 974, "x": 11072.0, "y": 8132.0}, {"i": 975, "x": 11084.0, "y": 4960.0}, {"i": 976, "x": 11086.0, "y": 8514.0}, {"i": 977, "x": 11088.0, "y": 9970.0}, {"i": 978, "x": 11090.0, "y": 8328.0}, {"i": 979, "x": 11098.0, "y": 10314.0}, {"i": 980, "x": 11104.0, "y": 13366.0}, {"i": 981, "x": 11118.0, "y": 8488.0}, {"i": 982, "x": 11124.0, "y": 13380.0}, {"i": 983, "x": 11130.0, "y": 8324.0}, {"i": 984, "x": 11132.0, "y": 5594.0}, {"i": 985, "x": 11134.0, "y": 9576.0}, {"i": 986, "x": 11142.0, "y": 5902.0}, {"i": 987, "x": 11144.0, "y": 6816.0}, {"i": 988, "x": 11158.0, "y": 9246.0}, {"i": 989, "x": 11160.0, "y": 8454.0}, {"i": 990, "x": 11164.0, "y": 14082.0}, {"i": 991, "x": 11168.0, "y": 8200.0}, {"i": 992, "x": 11174.0, "y": 9556.0}, {"i": 993, "x": 11174.0, "y": 9600.0}, {"i": 994, "x": 11196.0, "y": 5886.0}, {"i": 995, "x": 11210.0, "y": 8472.0}, {"i": 996, "x": 11214.0, "y": 7990.0}, {"i": 997, "x": 11226.0, "y": 9444.0}, {"i": 998, "x": 11228.0, "y": 10270.0}, {"i": 999, "x": 11238.0, "y": 8078.0}, {"i": 1000, "x": 11242.0, "y": 8592.0}, {"i": 1001, "x": 11246.0, "y": 8616.0}, {"i": 1002, "x": 11248.0, "y": 7844.0}, {"i": 1003, "x": 11256.0, "y": 8072.0}, {"i": 1004, "x": 11258.0, "y": 7802.0}, {"i": 1005, "x": 11294.0, "y": 2244.0}, {"i": 1006, "x": 11310.0, "y": 12444.0}, {"i": 1007, "x": 11324.0, "y": 9156.0}, {"i": 1008, "x": 11344.0, "y": 10296.0}, {"i": 1009, "x": 11346.0, "y": 5106.0}, {"i": 1010, "x": 11358.0, "y": 7836.0}, {"i": 1011, "x": 11360.0, "y": 7618.0}, {"i": 1012, "x": 11364.0, "y": 12096.0}, {"i": 1013, "x": 11372.0, "y": 5656.0}, {"i": 1014, "x": 11372.0, "y": 5778.0}, {"i": 1015, "x": 11374.0, "y": 7046.0}, {"i": 1016, "x": 11378.0, "y": 5118.0}, {"i": 1017, "x": 11388.0, "y": 8884.0}, {"i": 1018, "x": 11392.0, "y": 6958.0}, {"i": 1019, "x": 11392.0, "y": 8646.0}, {"i": 1020, "x": 11400.0, "y": 2216.0}, {"i": 1021, "x": 11402.0, "y": 8444.0}, {"i": 1022, "x": 11404.0, "y": 5432.0}, {"i": 1023, "x": 11412.0, "y": 5494.0}, {"i": 1024, "x": 11418.0, "y": 5626.0}, {"i": 1025, "x": 11418.0, "y": 10150.0}, {"i": 1026, "x": 11424.0, "y": 14060.0}, {"i": 1027, "x": 11428.0, "y": 12090.0}, {"i": 1028, "x": 11444.0, "y": 5868.0}, {"i": 1029, "x": 11448.0, "y": 11974.0}, {"i": 1030, "x": 11450.0, "y": 5016.0}, {"i": 1031, "x": 11458.0, "y": 7690.0}, {"i": 1032, "x": 11462.0, "y": 5394.0}, {"i": 1033, "x": 11472.0, "y": 7580.0}, {"i": 1034, "x": 11476.0, "y": 11828.0}, {"i": 1035, "x": 11478.0, "y": 7766.0}, {"i": 1036, "x": 11504.0, "y": 5864.0}, {"i": 1037, "x": 11532.0, "y": 5684.0}, {"i": 1038, "x": 11546.0, "y": 13634.0}, {"i": 1039, "x": 11548.0, "y": 8946.0}, {"i": 1040, "x": 11552.0, "y": 14038.0}, {"i": 1041, "x": 11592.0, "y": 7978.0}, {"i": 1042, "x": 11596.0, "y": 5340.0}, {"i": 1043, "x": 11600.0, "y": 11674.0}, {"i": 1044, "x": 11626.0, "y": 6168.0}, {"i": 1045, "x": 11628.0, "y": 6908.0}, {"i": 1046, "x": 11630.0, "y": 5496.0}, {"i": 1047, "x": 11630.0, "y": 7596.0}, {"i": 1048, "x": 11638.0, "y": 5596.0}, {"i": 1049, "x": 11648.0, "y": 11290.0}, {"i": 1050, "x": 11652.0, "y": 9218.0}, {"i": 1051, "x": 11654.0, "y": 11712.0}, {"i": 1052, "x": 11656.0, "y": 5652.0}, {"i": 1053, "x": 11662.0, "y": 1884.0}, {"i": 1054, "x": 11662.0, "y": 5568.0}, {"i": 1055, "x": 11670.0, "y": 8584.0}, {"i": 1056, "x": 11672.0, "y": 3848.0}, {"i": 1057, "x": 11686.0, "y": 5454.0}, {"i": 1058, "x": 11686.0, "y": 11910.0}, {"i": 1059, "x": 11696.0, "y": 8778.0}, {"i": 1060, "x": 11710.0, "y": 360.0}, {"i": 1061, "x": 11710.0, "y": 7582.0}, {"i": 1062, "x": 11720.0, "y": 13966.0}, {"i": 1063, "x": 11732.0, "y": 2958.0}, {"i": 1064, "x": 11734.0, "y": 6540.0}, {"i": 1065, "x": 11740.0, "y": 5824.0}, {"i": 1066, "x": 11752.0, "y": 8306.0}, {"i": 1067, "x": 11754.0, "y": 13918.0}, {"i": 1068, "x": 11774.0, "y": 13890.0}, {"i": 1069, "x": 11782.0, "y": 2298.0}, {"i": 1070, "x": 11784.0, "y": 7120.0}, {"i": 1071, "x": 11812.0, "y": 5700.0}, {"i": 1072, "x": 11814.0, "y": 12578.0}, {"i": 1073, "x": 11826.0, "y": 8426.0}, {"i": 1074, "x": 11832.0, "y": 13848.0}, {"i": 1075, "x": 11854.0, "y": 9800.0}, {"i": 1076, "x": 11856.0, "y": 7248.0}, {"i": 1077, "x": 11860.0, "y": 7688.0}, {"i": 1078, "x": 11868.0, "y": 5622.0}, {"i": 1079, "x": 11882.0, "y": 4864.0}, {"i": 1080, "x": 11886.0, "y": 14128.0}, {"i": 1081, "x": 11888.0, "y": 9592.0}, {"i": 1082, "x": 11898.0, "y": 5376.0}, {"i": 1083, "x": 11898.0, "y": 11908.0}, {"i": 1084, "x": 11900.0, "y": 6086.0}, {"i": 1085, "x": 11900.0, "y": 12664.0}, {"i": 1086, "x": 11916.0, "y": 4908.0}, {"i": 1087, "x": 11920.0, "y": 14306.0}, {"i": 1088, "x": 11934.0, "y": 12592.0}, {"i": 1089, "x": 11936.0, "y": 222.0}, {"i": 1090, "x": 11936.0, "y": 756.0}, {"i": 1091, "x": 11940.0, "y": 5754.0}, {"i": 1092, "x": 11948.0, "y": 746.0}, {"i": 1093, "x": 11972.0, "y": 5472.0}, {"i": 1094, "x": 11994.0, "y": 634.0}, {"i": 1095, "x": 11996.0, "y": 5564.0}, {"i": 1096, "x": 11996.0, "y": 12598.0}, {"i": 1097, "x": 12020.0, "y": 12484.0}, {"i": 1098, "x": 12024.0, "y": 6102.0}, {"i": 1099, "x": 12032.0, "y": 5482.0}, {"i": 1100, "x": 12034.0, "y": 8980.0}, {"i": 1101, "x": 12046.0, "y": 14112.0}, {"i": 1102, "x": 12052.0, "y": 5414.0}, {"i": 1103, "x": 12052.0, "y": 8432.0}, {"i": 1104, "x": 12052.0, "y": 12060.0}, {"i": 1105, "x": 12054.0, "y": 7476.0}, {"i": 1106, "x": 12068.0, "y": 9950.0}, {"i": 1107, "x": 12076.0, "y": 14236.0}, {"i": 1108, "x": 12078.0, "y": 10560.0}, {"i": 1109, "x": 12094.0, "y": 8236.0}, {"i": 1110, "x": 12096.0, "y": 7602.0}, {"i": 1111, "x": 12112.0, "y": 9756.0}, {"i": 1112, "x": 12128.0, "y": 5260.0}, {"i": 1113, "x": 12130.0, "y": 14092.0}, {"i": 1114, "x": 12136.0, "y": 5586.0}, {"i": 1115, "x": 12148.0, "y": 5252.0}, {"i": 1116, "x": 12150.0, "y": 12118.0}, {"i": 1117, "x": 12154.0, "y": 5152.0}, {"i": 1118, "x": 12160.0, "y": 5718.0}, {"i": 1119, "x": 12168.0, "y": 398.0}, {"i": 1120, "x": 12170.0, "y": 13962.0}, {"i": 1121, "x": 12174.0, "y": 10386.0}, {"i": 1122, "x": 12176.0, "y": 10494.0}, {"i": 1123, "x": 12190.0, "y": 7466.0}, {"i": 1124, "x": 12194.0, "y": 5480.0}, {"i": 1125, "x": 12204.0, "y": 4698.0}, {"i": 1126, "x": 12204.0, "y": 5114.0}, {"i": 1127, "x": 12206.0, "y": 5462.0}, {"i": 1128, "x": 12230.0, "y": 4610.0}, {"i": 1129, "x": 12232.0, "y": 5660.0}, {"i": 1130, "x": 12232.0, "y": 5708.0}, {"i": 1131, "x": 12236.0, "y": 14348.0}, {"i": 1132, "x": 12242.0, "y": 13872.0}, {"i": 1133, "x": 12248.0, "y": 14028.0}, {"i": 1134, "x": 12256.0, "y": 5226.0}, {"i": 1135, "x": 12278.0, "y": 5204.0}, {"i": 1136, "x": 12280.0, "y": 9744.0}, {"i": 1137, "x": 12282.0, "y": 4688.0}, {"i": 1138, "x": 12294.0, "y": 5178.0}, {"i": 1139, "x": 12298.0, "y": 6150.0}, {"i": 1140, "x": 12308.0, "y": 4674.0}, {"i": 1141, "x": 12320.0, "y": 5244.0}, {"i": 1142, "x": 12380.0, "y": 5220.0}, {"i": 1143, "x": 12380.0, "y": 10706.0}, {"i": 1144, "x": 12384.0, "y": 14312.0}, {"i": 1145, "x": 12388.0, "y": 5444.0}, {"i": 1146, "x": 12392.0, "y": 5140.0}, {"i": 1147, "x": 12400.0, "y": 4598.0}, {"i": 1148, "x": 12402.0, "y": 4536.0}, {"i": 1149, "x": 12406.0, "y": 9032.0}, {"i": 1150, "x": 12410.0, "y": 14162.0}, {"i": 1151, "x": 12414.0, "y": 5778.0}, {"i": 1152, "x": 12424.0, "y": 14082.0}, {"i": 1153, "x": 12426.0, "y": 4530.0}, {"i": 1154, "x": 12430.0, "y": 5082.0}, {"i": 1155, "x": 12442.0, "y": 5804.0}, {"i": 1156, "x": 12448.0, "y": 5752.0}, {"i": 1157, "x": 12450.0, "y": 4566.0}, {"i": 1158, "x": 12450.0, "y": 5504.0}, {"i": 1159, "x": 12454.0, "y": 5162.0}, {"i": 1160, "x": 12476.0, "y": 4604.0}, {"i": 1161, "x": 12480.0, "y": 4710.0}, {"i": 1162, "x": 12490.0, "y": 4168.0}, {"i": 1163, "x": 12492.0, "y": 9842.0}, {"i": 1164, "x": 12510.0, "y": 5620.0}, {"i": 1165, "x": 12512.0, "y": 14224.0}, {"i": 1166, "x": 12514.0, "y": 14200.0}, {"i": 1167, "x": 12530.0, "y": 376.0}, {"i": 1168, "x": 12538.0, "y": 5388.0}, {"i": 1169, "x": 12540.0, "y": 7400.0}, {"i": 1170, "x": 12552.0, "y": 4658.0}, {"i": 1171, "x": 12558.0, "y": 5314.0}, {"i": 1172, "x": 12560.0, "y": 4616.0}, {"i": 1173, "x": 12560.0, "y": 14074.0}, {"i": 1174, "x": 12566.0, "y": 7566.0}, {"i": 1175, "x": 12574.0, "y": 8058.0}, {"i": 1176, "x": 12576.0, "y": 5294.0}, {"i": 1177, "x": 12578.0, "y": 4750.0}, {"i": 1178, "x": 12578.0, "y": 5116.0}, {"i": 1179, "x": 12590.0, "y": 5520.0}, {"i": 1180, "x": 12600.0, "y": 5722.0}, {"i": 1181, "x": 12600.0, "y": 8050.0}, {"i": 1182, "x": 12600.0, "y": 8996.0}, {"i": 1183, "x": 12610.0, "y": 6220.0}, {"i": 1184, "x": 12614.0, "y": 8096.0}, {"i": 1185, "x": 12618.0, "y": 5650.0}, {"i": 1186, "x": 12650.0, "y": 4672.0}, {"i": 1187, "x": 12654.0, "y": 7946.0}, {"i": 1188, "x": 12656.0, "y": 5306.0}, {"i": 1189, "x": 12660.0, "y": 8968.0}, {"i": 1190, "x": 12664.0, "y": 4694.0}, {"i": 1191, "x": 12664.0, "y": 9474.0}, {"i": 1192, "x": 12668.0, "y": 7104.0}, {"i": 1193, "x": 12668.0, "y": 8068.0}, {"i": 1194, "x": 12676.0, "y": 5210.0}, {"i": 1195, "x": 12678.0, "y": 11302.0}, {"i": 1196, "x": 12684.0, "y": 8056.0}, {"i": 1197, "x": 12692.0, "y": 5160.0}, {"i": 1198, "x": 12706.0, "y": 5098.0}, {"i": 1199, "x": 12718.0, "y": 5426.0}, {"i": 1200, "x": 12720.0, "y": 5490.0}, {"i": 1201, "x": 12726.0, "y": 4732.0}, {"i": 1202, "x": 12738.0, "y": 13842.0}, {"i": 1203, "x": 12742.0, "y": 6174.0}, {"i": 1204, "x": 12756.0, "y": 5690.0}, {"i": 1205, "x": 12792.0, "y": 13392.0}, {"i": 1206, "x": 12804.0, "y": 5236.0}, {"i": 1207, "x": 12804.0, "y": 5682.0}, {"i": 1208, "x": 12814.0, "y": 10216.0}, {"i": 1209, "x": 12820.0, "y": 5852.0}, {"i": 1210, "x": 12820.0, "y": 13626.0}, {"i": 1211, "x": 12822.0, "y": 5124.0}, {"i": 1212, "x": 12822.0, "y": 11632.0}, {"i": 1213, "x": 12836.0, "y": 5788.0}, {"i": 1214, "x": 12862.0, "y": 11842.0}, {"i": 1215, "x": 12866.0, "y": 5752.0}, {"i": 1216, "x": 12866.0, "y": 7340.0}, {"i": 1217, "x": 12868.0, "y": 11816.0}, {"i": 1218, "x": 12870.0, "y": 8466.0}, {"i": 1219, "x": 12870.0, "y": 9534.0}, {"i": 1220, "x": 12892.0, "y": 11264.0}, {"i": 1221, "x": 12914.0, "y": 9566.0}, {"i": 1222, "x": 12950.0, "y": 7310.0}, {"i": 1223, "x": 12966.0, "y": 7278.0}, {"i": 1224, "x": 12984.0, "y": 5304.0}, {"i": 1225, "x": 12986.0, "y": 9202.0}, {"i": 1226, "x": 12990.0, "y": 5400.0}, {"i": 1227, "x": 12992.0, "y": 13214.0}, {"i": 1228, "x": 13018.0, "y": 13474.0}, {"i": 1229, "x": 13026.0, "y": 10440.0}, {"i": 1230, "x": 13030.0, "y": 10640.0}, {"i": 1231, "x": 13034.0, "y": 5270.0}, {"i": 1232, "x": 13048.0, "y": 9612.0}, {"i": 1233, "x": 13050.0, "y": 3756.0}, {"i": 1234, "x": 13050.0, "y": 5394.0}, {"i": 1235, "x": 13050.0, "y": 7686.0}, {"i": 1236, "x": 13052.0, "y": 5698.0}, {"i": 1237, "x": 13052.0, "y": 6286.0}, {"i": 1238, "x": 13088.0, "y": 5648.0}, {"i": 1239, "x": 13088.0, "y": 8842.0}, {"i": 1240, "x": 13096.0, "y": 5638.0}, {"i": 1241, "x": 13110.0, "y": 5750.0}, {"i": 1242, "x": 13110.0, "y": 8982.0}, {"i": 1243, "x": 13112.0, "y": 4856.0}, {"i": 1244, "x": 13112.0, "y": 5450.0}, {"i": 1245, "x": 13120.0, "y": 7750.0}, {"i": 1246, "x": 13162.0, "y": 9418.0}, {"i": 1247, "x": 13170.0, "y": 4802.0}, {"i": 1248, "x": 13174.0, "y": 13002.0}, {"i": 1249, "x": 13190.0, "y": 12890.0}, {"i": 1250, "x": 13208.0, "y": 5744.0}, {"i": 1251, "x": 13218.0, "y": 4244.0}, {"i": 1252, "x": 13230.0, "y": 5694.0}, {"i": 1253, "x": 13242.0, "y": 9070.0}, {"i": 1254, "x": 13250.0, "y": 3724.0}, {"i": 1255, "x": 13256.0, "y": 5648.0}, {"i": 1256, "x": 13264.0, "y": 4958.0}, {"i": 1257, "x": 13278.0, "y": 5884.0}, {"i": 1258, "x": 13280.0, "y": 3658.0}, {"i": 1259, "x": 13308.0, "y": 5064.0}, {"i": 1260, "x": 13308.0, "y": 9496.0}, {"i": 1261, "x": 13308.0, "y": 12754.0}, {"i": 1262, "x": 13310.0, "y": 5006.0}, {"i": 1263, "x": 13312.0, "y": 4420.0}, {"i": 1264, "x": 13326.0, "y": 7788.0}, {"i": 1265, "x": 13330.0, "y": 5928.0}, {"i": 1266, "x": 13340.0, "y": 3576.0}, {"i": 1267, "x": 13340.0, "y": 9190.0}, {"i": 1268, "x": 13342.0, "y": 4428.0}, {"i": 1269, "x": 13346.0, "y": 9502.0}, {"i": 1270, "x": 13368.0, "y": 8774.0}, {"i": 1271, "x": 13376.0, "y": 4390.0}, {"i": 1272, "x": 13378.0, "y": 12672.0}, {"i": 1273, "x": 13380.0, "y": 9184.0}, {"i": 1274, "x": 13386.0, "y": 3602.0}, {"i": 1275, "x": 13386.0, "y": 13356.0}, {"i": 1276, "x": 13390.0, "y": 3550.0}, {"i": 1277, "x": 13396.0, "y": 9236.0}, {"i": 1278, "x": 13396.0, "y": 10756.0}, {"i": 1279, "x": 13400.0, "y": 4868.0}, {"i": 1280, "x": 13408.0, "y": 13382.0}, {"i": 1281, "x": 13422.0, "y": 5652.0}, {"i": 1282, "x": 13440.0, "y": 9194.0}, {"i": 1283, "x": 13446.0, "y": 8832.0}, {"i": 1284, "x": 13472.0, "y": 12534.0}, {"i": 1285, "x": 13484.0, "y": 4818.0}, {"i": 1286, "x": 13486.0, "y": 4884.0}, {"i": 1287, "x": 13488.0, "y": 4818.0}, {"i": 1288, "x": 13494.0, "y": 5858.0}, {"i": 1289, "x": 13510.0, "y": 8878.0}, {"i": 1290, "x": 13522.0, "y": 12570.0}, {"i": 1291, "x": 13526.0, "y": 3764.0}, {"i": 1292, "x": 13526.0, "y": 11310.0}, {"i": 1293, "x": 13528.0, "y": 4190.0}, {"i": 1294, "x": 13564.0, "y": 3606.0}, {"i": 1295, "x": 13580.0, "y": 7540.0}, {"i": 1296, "x": 13584.0, "y": 3398.0}, {"i": 1297, "x": 13586.0, "y": 4772.0}, {"i": 1298, "x": 13600.0, "y": 5870.0}, {"i": 1299, "x": 13620.0, "y": 3350.0}, {"i": 1300, "x": 13628.0, "y": 5954.0}, {"i": 1301, "x": 13664.0, "y": 3464.0}, {"i": 1302, "x": 13670.0, "y": 3524.0}, {"i": 1303, "x": 13682.0, "y": 3546.0}, {"i": 1304, "x": 13692.0, "y": 4384.0}, {"i": 1305, "x": 13698.0, "y": 6000.0}, {"i": 1306, "x": 13728.0, "y": 6240.0}, {"i": 1307, "x": 13750.0, "y": 3228.0}, {"i": 1308, "x": 13762.0, "y": 1218.0}, {"i": 1309, "x": 13766.0, "y": 4584.0}, {"i": 1310, "x": 13766.0, "y": 13876.0}, {"i": 1311, "x": 13778.0, "y": 8886.0}, {"i": 1312, "x": 13788.0, "y": 9922.0}, {"i": 1313, "x": 13792.0, "y": 12244.0}, {"i": 1314, "x": 13794.0, "y": 1196.0}, {"i": 1315, "x": 13806.0, "y": 11872.0}, {"i": 1316, "x": 13814.0, "y": 9328.0}, {"i": 1317, "x": 13818.0, "y": 3226.0}, {"i": 1318, "x": 13818.0, "y": 4238.0}, {"i": 1319, "x": 13824.0, "y": 3252.0}, {"i": 1320, "x": 13826.0, "y": 7064.0}, {"i": 1321, "x": 13838.0, "y": 7034.0}, {"i": 1322, "x": 13848.0, "y": 11744.0}, {"i": 1323, "x": 13856.0, "y": 3284.0}, {"i": 1324, "x": 13862.0, "y": 11800.0}, {"i": 1325, "x": 13888.0, "y": 3742.0}, {"i": 1326, "x": 13890.0, "y": 3974.0}, {"i": 1327, "x": 13892.0, "y": 4482.0}, {"i": 1328, "x": 13898.0, "y": 5896.0}, {"i": 1329, "x": 13930.0, "y": 888.0}, {"i": 1330, "x": 13930.0, "y": 6002.0}, {"i": 1331, "x": 13958.0, "y": 9782.0}, {"i": 1332, "x": 13972.0, "y": 6242.0}, {"i": 1333, "x": 13976.0, "y": 3826.0}, {"i": 1334, "x": 13982.0, "y": 9206.0}, {"i": 1335, "x": 13998.0, "y": 12892.0}, {"i": 1336, "x": 14002.0, "y": 3638.0}, {"i": 1337, "x": 14026.0, "y": 11790.0}, {"i": 1338, "x": 14038.0, "y": 858.0}, {"i": 1339, "x": 14044.0, "y": 8216.0}, {"i": 1340, "x": 14046.0, "y": 4052.0}, {"i": 1341, "x": 14052.0, "y": 9840.0}, {"i": 1342, "x": 14056.0, "y": 4524.0}, {"i": 1343, "x": 14060.0, "y": 7440.0}, {"i": 1344, "x": 14066.0, "y": 4538.0}, {"i": 1345, "x": 14084.0, "y": 6066.0}, {"i": 1346, "x": 14084.0, "y": 8266.0}, {"i": 1347, "x": 14100.0, "y": 5932.0}, {"i": 1348, "x": 14114.0, "y": 808.0}, {"i": 1349, "x": 14126.0, "y": 4252.0}, {"i": 1350, "x": 14134.0, "y": 9888.0}, {"i": 1351, "x": 14136.0, "y": 4194.0}, {"i": 1352, "x": 14144.0, "y": 8704.0}, {"i": 1353, "x": 14150.0, "y": 5944.0}, {"i": 1354, "x": 14178.0, "y": 3990.0}, {"i": 1355, "x": 14180.0, "y": 4050.0}, {"i": 1356, "x": 14196.0, "y": 3226.0}, {"i": 1357, "x": 14202.0, "y": 5524.0}, {"i": 1358, "x": 14208.0, "y": 4424.0}, {"i": 1359, "x": 14228.0, "y": 4286.0}, {"i": 1360, "x": 14234.0, "y": 4284.0}, {"i": 1361, "x": 14240.0, "y": 11664.0}, {"i": 1362, "x": 14260.0, "y": 3268.0}, {"i": 1363, "x": 14270.0, "y": 10106.0}, {"i": 1364, "x": 14280.0, "y": 8790.0}, {"i": 1365, "x": 14282.0, "y": 9744.0}, {"i": 1366, "x": 14304.0, "y": 9284.0}, {"i": 1367, "x": 14320.0, "y": 3786.0}, {"i": 1368, "x": 14342.0, "y": 2824.0}, {"i": 1369, "x": 14358.0, "y": 5338.0}, {"i": 1370, "x": 14366.0, "y": 5284.0}, {"i": 1371, "x": 14392.0, "y": 8786.0}, {"i": 1372, "x": 14410.0, "y": 3006.0}, {"i": 1373, "x": 14424.0, "y": 5460.0}, {"i": 1374, "x": 14434.0, "y": 892.0}, {"i": 1375, "x": 14440.0, "y": 8386.0}, {"i": 1376, "x": 14446.0, "y": 8490.0}, {"i": 1377, "x": 14448.0, "y": 3470.0}, {"i": 1378, "x": 14462.0, "y": 3046.0}, {"i": 1379, "x": 14464.0, "y": 3000.0}, {"i": 1380, "x": 14464.0, "y": 8716.0}, {"i": 1381, "x": 14466.0, "y": 3388.0}, {"i": 1382, "x": 14468.0, "y": 658.0}, {"i": 1383, "x": 14468.0, "y": 8794.0}, {"i": 1384, "x": 14468.0, "y": 12176.0}, {"i": 1385, "x": 14484.0, "y": 2914.0}, {"i": 1386, "x": 14526.0, "y": 10120.0}, {"i": 1387, "x": 14528.0, "y": 2732.0}, {"i": 1388, "x": 14536.0, "y": 3030.0}, {"i": 1389, "x": 14550.0, "y": 8.0}, {"i": 1390, "x": 14556.0, "y": 3004.0}, {"i": 1391, "x": 14576.0, "y": 2992.0}, {"i": 1392, "x": 14594.0, "y": 3778.0}, {"i": 1393, "x": 14608.0, "y": 8670.0}, {"i": 1394, "x": 14614.0, "y": 12020.0}, {"i": 1395, "x": 14620.0, "y": 3686.0}, {"i": 1396, "x": 14626.0, "y": 2890.0}, {"i": 1397, "x": 14626.0, "y": 9310.0}, {"i": 1398, "x": 14654.0, "y": 8444.0}, {"i": 1399, "x": 14676.0, "y": 3010.0}, {"i": 1400, "x": 14678.0, "y": 3642.0}, {"i": 1401, "x": 14678.0, "y": 14268.0}, {"i": 1402, "x": 14684.0, "y": 9496.0}, {"i": 1403, "x": 14698.0, "y": 8432.0}, {"i": 1404, "x": 14712.0, "y": 9712.0}, {"i": 1405, "x": 14714.0, "y": 10370.0}, {"i": 1406, "x": 14716.0, "y": 2910.0}, {"i": 1407, "x": 14716.0, "y": 10490.0}, {"i": 1408, "x": 14718.0, "y": 14220.0}, {"i": 1409, "x": 14732.0, "y": 548.0}, {"i": 1410, "x": 14732.0, "y": 10524.0}, {"i": 1411, "x": 14738.0, "y": 5410.0}, {"i": 1412, "x": 14748.0, "y": 10704.0}, {"i": 1413, "x": 14806.0, "y": 1240.0}, {"i": 1414, "x": 14830.0, "y": 3692.0}, {"i": 1415, "x": 14850.0, "y": 10814.0}, {"i": 1416, "x": 14852.0, "y": 2916.0}, {"i": 1417, "x": 14852.0, "y": 7182.0}, {"i": 1418, "x": 14862.0, "y": 12154.0}, {"i": 1419, "x": 14876.0, "y": 2956.0}, {"i": 1420, "x": 14882.0, "y": 494.0}, {"i": 1421, "x": 14920.0, "y": 2808.0}, {"i": 1422, "x": 14932.0, "y": 2944.0}, {"i": 1423, "x": 14980.0, "y": 13280.0}, {"i": 1424, "x": 15006.0, "y": 14316.0}, {"i": 1425, "x": 15010.0, "y": 5136.0}, {"i": 1426, "x": 15012.0, "y": 8252.0}, {"i": 1427, "x": 15018.0, "y": 8866.0}, {"i": 1428, "x": 15018.0, "y": 13524.0}, {"i": 1429, "x": 15030.0, "y": 3302.0}, {"i": 1430, "x": 15052.0, "y": 3012.0}, {"i": 1431, "x": 15102.0, "y": 1258.0}, {"i": 1432, "x": 15156.0, "y": 4934.0}, {"i": 1433, "x": 15160.0, "y": 13948.0}, {"i": 1434, "x": 15176.0, "y": 1110.0}, {"i": 1435, "x": 15182.0, "y": 9594.0}, {"i": 1436, "x": 15186.0, "y": 3532.0}, {"i": 1437, "x": 15190.0, "y": 3412.0}, {"i": 1438, "x": 15190.0, "y": 10048.0}, {"i": 1439, "x": 15192.0, "y": 1318.0}, {"i": 1440, "x": 15194.0, "y": 8946.0}, {"i": 1441, "x": 15196.0, "y": 6672.0}, {"i": 1442, "x": 15218.0, "y": 9034.0}, {"i": 1443, "x": 15232.0, "y": 1172.0}, {"i": 1444, "x": 15244.0, "y": 9594.0}, {"i": 1445, "x": 15254.0, "y": 6608.0}, {"i": 1446, "x": 15260.0, "y": 2754.0}, {"i": 1447, "x": 15268.0, "y": 6612.0}, {"i": 1448, "x": 15306.0, "y": 8332.0}, {"i": 1449, "x": 15306.0, "y": 12376.0}, {"i": 1450, "x": 15324.0, "y": 2650.0}, {"i": 1451, "x": 15328.0, "y": 6224.0}, {"i": 1452, "x": 15344.0, "y": 13410.0}, {"i": 1453, "x": 15350.0, "y": 9640.0}, {"i": 1454, "x": 15358.0, "y": 7448.0}, {"i": 1455, "x": 15378.0, "y": 7450.0}, {"i": 1456, "x": 15396.0, "y": 3170.0}, {"i": 1457, "x": 15462.0, "y": 10088.0}, {"i": 1458, "x": 15472.0, "y": 8510.0}, {"i": 1459, "x": 15520.0, "y": 5894.0}, {"i": 1460, "x": 15544.0, "y": 8372.0}, {"i": 1461, "x": 15590.0, "y": 1148.0}, {"i": 1462, "x": 15600.0, "y": 14110.0}, {"i": 1463, "x": 15602.0, "y": 5816.0}, {"i": 1464, "x": 15610.0, "y": 6342.0}, {"i": 1465, "x": 15612.0, "y": 9304.0}, {"i": 1466, "x": 15630.0, "y": 2738.0}, {"i": 1467, "x": 15632.0, "y": 5824.0}, {"i": 1468, "x": 15642.0, "y": 1280.0}, {"i": 1469, "x": 15652.0, "y": 2614.0}, {"i": 1470, "x": 15662.0, "y": 1254.0}, {"i": 1471, "x": 15662.0, "y": 5816.0}, {"i": 1472, "x": 15678.0, "y": 6958.0}, {"i": 1473, "x": 15684.0, "y": 3212.0}, {"i": 1474, "x": 15702.0, "y": 2262.0}, {"i": 1475, "x": 15706.0, "y": 7038.0}, {"i": 1476, "x": 15726.0, "y": 9972.0}, {"i": 1477, "x": 15752.0, "y": 1758.0}, {"i": 1478, "x": 15758.0, "y": 1962.0}, {"i": 1479, "x": 15766.0, "y": 2974.0}, {"i": 1480, "x": 15766.0, "y": 5870.0}, {"i": 1481, "x": 15768.0, "y": 6206.0}, {"i": 1482, "x": 15784.0, "y": 9054.0}, {"i": 1483, "x": 15788.0, "y": 2008.0}, {"i": 1484, "x": 15790.0, "y": 9482.0}, {"i": 1485, "x": 15794.0, "y": 12420.0}, {"i": 1486, "x": 15798.0, "y": 11030.0}, {"i": 1487, "x": 15812.0, "y": 2508.0}, {"i": 1488, "x": 15812.0, "y": 6178.0}, {"i": 1489, "x": 15822.0, "y": 5026.0}, {"i": 1490, "x": 15838.0, "y": 7180.0}, {"i": 1491, "x": 15844.0, "y": 4532.0}, {"i": 1492, "x": 15856.0, "y": 9744.0}, {"i": 1493, "x": 15858.0, "y": 1670.0}, {"i": 1494, "x": 15866.0, "y": 9808.0}, {"i": 1495, "x": 15868.0, "y": 7340.0}, {"i": 1496, "x": 15878.0, "y": 14020.0}, {"i": 1497, "x": 15884.0, "y": 7082.0}, {"i": 1498, "x": 15896.0, "y": 8866.0}, {"i": 1499, "x": 15898.0, "y": 14048.0}, {"i": 1500, "x": 15926.0, "y": 6014.0}, {"i": 1501, "x": 15928.0, "y": 6254.0}, {"i": 1502, "x": 15938.0, "y": 3106.0}, {"i": 1503, "x": 15942.0, "y": 1650.0}, {"i": 1504, "x": 15942.0, "y": 9960.0}, {"i": 1505, "x": 15950.0, "y": 7846.0}, {"i": 1506, "x": 15962.0, "y": 2380.0}, {"i": 1507, "x": 15978.0, "y": 1742.0}, {"i": 1508, "x": 15978.0, "y": 13068.0}, {"i": 1509, "x": 15982.0, "y": 10726.0}, {"i": 1510, "x": 15986.0, "y": 2956.0}, {"i": 1511, "x": 15994.0, "y": 9190.0}, {"i": 1512, "x": 16004.0, "y": 11002.0}, {"i": 1513, "x": 16012.0, "y": 7290.0}, {"i": 1514, "x": 16028.0, "y": 10302.0}, {"i": 1515, "x": 16034.0, "y": 10078.0}, {"i": 1516, "x": 16038.0, "y": 2866.0}, {"i": 1517, "x": 16038.0, "y": 10272.0}, {"i": 1518, "x": 16050.0, "y": 9456.0}, {"i": 1519, "x": 16062.0, "y": 9820.0}, {"i": 1520, "x": 16064.0, "y": 7560.0}, {"i": 1521, "x": 16082.0, "y": 2590.0}, {"i": 1522, "x": 16084.0, "y": 7056.0}, {"i": 1523, "x": 16104.0, "y": 7886.0}, {"i": 1524, "x": 16116.0, "y": 8568.0}, {"i": 1525, "x": 16116.0, "y": 10380.0}, {"i": 1526, "x": 16122.0, "y": 2656.0}, {"i": 1527, "x": 16152.0, "y": 7742.0}, {"i": 1528, "x": 16156.0, "y": 9838.0}, {"i": 1529, "x": 16160.0, "y": 2888.0}, {"i": 1530, "x": 16174.0, "y": 9938.0}, {"i": 1531, "x": 16186.0, "y": 9100.0}, {"i": 1532, "x": 16210.0, "y": 7720.0}, {"i": 1533, "x": 16218.0, "y": 8086.0}, {"i": 1534, "x": 16222.0, "y": 9078.0}, {"i": 1535, "x": 16258.0, "y": 8242.0}, {"i": 1536, "x": 16262.0, "y": 7714.0}, {"i": 1537, "x": 16284.0, "y": 7146.0}, {"i": 1538, "x": 16318.0, "y": 5554.0}, {"i": 1539, "x": 16326.0, "y": 4468.0}, {"i": 1540, "x": 16350.0, "y": 8120.0}, {"i": 1541, "x": 16356.0, "y": 5314.0}, {"i": 1542, "x": 16356.0, "y": 8980.0}, {"i": 1543, "x": 16362.0, "y": 7658.0}, {"i": 1544, "x": 16380.0, "y": 7788.0}, {"i": 1545, "x": 16380.0, "y": 10102.0}, {"i": 1546, "x": 16400.0, "y": 5462.0}, {"i": 1547, "x": 16408.0, "y": 9020.0}, {"i": 1548, "x": 16430.0, "y": 6132.0}, {"i": 1549, "x": 16444.0, "y": 4306.0}, {"i": 1550, "x": 16476.0, "y": 9134.0}, {"i": 1551, "x": 16494.0, "y": 4282.0}, {"i": 1552, "x": 16508.0, "y": 2702.0}, {"i": 1553, "x": 16534.0, "y": 2872.0}, {"i": 1554, "x": 16536.0, "y": 9010.0}, {"i": 1555, "x": 16588.0, "y": 5410.0}, {"i": 1556, "x": 16590.0, "y": 14370.0}, {"i": 1557, "x": 16596.0, "y": 9804.0}, {"i": 1558, "x": 16600.0, "y": 2784.0}, {"i": 1559, "x": 16618.0, "y": 4920.0}, {"i": 1560, "x": 16640.0, "y": 7324.0}, {"i": 1561, "x": 16664.0, "y": 14038.0}, {"i": 1562, "x": 16700.0, "y": 9376.0}, {"i": 1563, "x": 16702.0, "y": 14010.0}, {"i": 1564, "x": 16724.0, "y": 7850.0}, {"i": 1565, "x": 16732.0, "y": 10260.0}, {"i": 1566, "x": 16740.0, "y": 6856.0}, {"i": 1567, "x": 16742.0, "y": 8482.0}, {"i": 1568, "x": 16746.0, "y": 7312.0}, {"i": 1569, "x": 16756.0, "y": 6322.0}, {"i": 1570, "x": 16760.0, "y": 14198.0}, {"i": 1571, "x": 16762.0, "y": 2570.0}, {"i": 1572, "x": 16766.0, "y": 10676.0}, {"i": 1573, "x": 16772.0, "y": 4248.0}, {"i": 1574, "x": 16778.0, "y": 10866.0}, {"i": 1575, "x": 16782.0, "y": 11136.0}, {"i": 1576, "x": 16800.0, "y": 6016.0}, {"i": 1577, "x": 16824.0, "y": 2624.0}, {"i": 1578, "x": 16824.0, "y": 9416.0}, {"i": 1579, "x": 16826.0, "y": 9198.0}, {"i": 1580, "x": 16840.0, "y": 9860.0}, {"i": 1581, "x": 16864.0, "y": 8160.0}, {"i": 1582, "x": 16876.0, "y": 11168.0}, {"i": 1583, "x": 16894.0, "y": 4668.0}, {"i": 1584, "x": 16896.0, "y": 9892.0}, {"i": 1585, "x": 16900.0, "y": 8524.0}, {"i": 1586, "x": 16930.0, "y": 7630.0}, {"i": 1587, "x": 16936.0, "y": 10086.0}, {"i": 1588, "x": 16992.0, "y": 2374.0}, {"i": 1589, "x": 16996.0, "y": 2378.0}, {"i": 1590, "x": 17002.0, "y": 10434.0}, {"i": 1591, "x": 17012.0, "y": 4664.0}, {"i": 1592, "x": 17014.0, "y": 11044.0}, {"i": 1593, "x": 17018.0, "y": 4742.0}, {"i": 1594, "x": 17052.0, "y": 5416.0}, {"i": 1595, "x": 17068.0, "y": 8274.0}, {"i": 1596, "x": 17084.0, "y": 13990.0}, {"i": 1597, "x": 17086.0, "y": 9624.0}, {"i": 1598, "x": 17090.0, "y": 10840.0}, {"i": 1599, "x": 17098.0, "y": 11040.0}, {"i": 1600, "x": 17102.0, "y": 8482.0}, {"i": 1601, "x": 17120.0, "y": 3872.0}, {"i": 1602, "x": 17122.0, "y": 11038.0}, {"i": 1603, "x": 17132.0, "y": 7634.0}, {"i": 1604, "x": 17132.0, "y": 11040.0}, {"i": 1605, "x": 17148.0, "y": 10988.0}, {"i": 1606, "x": 17158.0, "y": 6536.0}, {"i": 1607, "x": 17164.0, "y": 5186.0}, {"i": 1608, "x": 17178.0, "y": 9022.0}, {"i": 1609, "x": 17198.0, "y": 10604.0}, {"i": 1610, "x": 17206.0, "y": 9518.0}, {"i": 1611, "x": 17216.0, "y": 6654.0}, {"i": 1612, "x": 17218.0, "y": 8478.0}, {"i": 1613, "x": 17234.0, "y": 6214.0}, {"i": 1614, "x": 17234.0, "y": 7904.0}, {"i": 1615, "x": 17240.0, "y": 8584.0}, {"i": 1616, "x": 17250.0, "y": 3842.0}, {"i": 1617, "x": 17260.0, "y": 5654.0}, {"i": 1618, "x": 17260.0, "y": 10670.0}, {"i": 1619, "x": 17296.0, "y": 8198.0}, {"i": 1620, "x": 17332.0, "y": 6860.0}, {"i": 1621, "x": 17344.0, "y": 8582.0}, {"i": 1622, "x": 17356.0, "y": 3820.0}, {"i": 1623, "x": 17426.0, "y": 5584.0}, {"i": 1624, "x": 17452.0, "y": 8134.0}, {"i": 1625, "x": 17454.0, "y": 6880.0}, {"i": 1626, "x": 17474.0, "y": 8546.0}, {"i": 1627, "x": 17494.0, "y": 6078.0}, {"i": 1628, "x": 17494.0, "y": 10914.0}, {"i": 1629, "x": 17500.0, "y": 8306.0}, {"i": 1630, "x": 17506.0, "y": 8190.0}, {"i": 1631, "x": 17512.0, "y": 8916.0}, {"i": 1632, "x": 17522.0, "y": 3596.0}, {"i": 1633, "x": 17528.0, "y": 6928.0}, {"i": 1634, "x": 17532.0, "y": 8492.0}, {"i": 1635, "x": 17544.0, "y": 3820.0}, {"i": 1636, "x": 17548.0, "y": 5122.0}, {"i": 1637, "x": 17550.0, "y": 9634.0}, {"i": 1638, "x": 17570.0, "y": 9400.0}, {"i": 1639, "x": 17576.0, "y": 9578.0}, {"i": 1640, "x": 17646.0, "y": 10364.0}, {"i": 1641, "x": 17684.0, "y": 8490.0}, {"i": 1642, "x": 17692.0, "y": 3208.0}, {"i": 1643, "x": 17692.0, "y": 8564.0}, {"i": 1644, "x": 17714.0, "y": 6860.0}, {"i": 1645, "x": 17732.0, "y": 9346.0}, {"i": 1646, "x": 17734.0, "y": 9426.0}, {"i": 1647, "x": 17738.0, "y": 5712.0}, {"i": 1648, "x": 17792.0, "y": 3342.0}, {"i": 1649, "x": 17806.0, "y": 9406.0}, {"i": 1650, "x": 17812.0, "y": 3380.0}, {"i": 1651, "x": 17816.0, "y": 3292.0}, {"i": 1652, "x": 17820.0, "y": 3364.0}, {"i": 1653, "x": 17832.0, "y": 10912.0}, {"i": 1654, "x": 17834.0, "y": 3220.0}, {"i": 1655, "x": 17868.0, "y": 5724.0}, {"i": 1656, "x": 17876.0, "y": 8376.0}, {"i": 1657, "x": 17896.0, "y": 5540.0}, {"i": 1658, "x": 17896.0, "y": 7828.0}, {"i": 1659, "x": 17914.0, "y": 8138.0}, {"i": 1660, "x": 17936.0, "y": 8388.0}, {"i": 1661, "x": 17946.0, "y": 7044.0}, {"i": 1662, "x": 17948.0, "y": 7066.0}, {"i": 1663, "x": 17952.0, "y": 3134.0}, {"i": 1664, "x": 17966.0, "y": 8158.0}, {"i": 1665, "x": 18022.0, "y": 8222.0}, {"i": 1666, "x": 18074.0, "y": 5498.0}, {"i": 1667, "x": 18082.0, "y": 5148.0}, {"i": 1668, "x": 18116.0, "y": 5260.0}, {"i": 1669, "x": 18128.0, "y": 8366.0}, {"i": 1670, "x": 18130.0, "y": 9742.0}, {"i": 1671, "x": 18140.0, "y": 5274.0}, {"i": 1672, "x": 18144.0, "y": 5302.0}, {"i": 1673, "x": 18152.0, "y": 2116.0}, {"i": 1674, "x": 18154.0, "y": 5250.0}, {"i": 1675, "x": 18154.0, "y": 9136.0}, {"i": 1676, "x": 18168.0, "y": 10090.0}, {"i": 1677, "x": 18174.0, "y": 4750.0}, {"i": 1678, "x": 18182.0, "y": 8068.0}, {"i": 1679, "x": 18194.0, "y": 4736.0}, {"i": 1680, "x": 18194.0, "y": 9756.0}, {"i": 1681, "x": 18202.0, "y": 5056.0}, {"i": 1682, "x": 18222.0, "y": 5024.0}, {"i": 1683, "x": 18230.0, "y": 10284.0}, {"i": 1684, "x": 18252.0, "y": 5176.0}, {"i": 1685, "x": 18258.0, "y": 8496.0}, {"i": 1686, "x": 18268.0, "y": 8222.0}, {"i": 1687, "x": 18318.0, "y": 5260.0}, {"i": 1688, "x": 18332.0, "y": 4638.0}, {"i": 1689, "x": 18338.0, "y": 8416.0}, {"i": 1690, "x": 18354.0, "y": 5896.0}, {"i": 1691, "x": 18358.0, "y": 7336.0}, {"i": 1692, "x": 18362.0, "y": 10876.0}, {"i": 1693, "x": 18368.0, "y": 11258.0}, {"i": 1694, "x": 18378.0, "y": 8872.0}, {"i": 1695, "x": 18392.0, "y": 8336.0}, {"i": 1696, "x": 18396.0, "y": 6986.0}, {"i": 1697, "x": 18398.0, "y": 9220.0}, {"i": 1698, "x": 18402.0, "y": 5096.0}, {"i": 1699, "x": 18414.0, "y": 5836.0}, {"i": 1700, "x": 18428.0, "y": 2134.0}, {"i": 1701, "x": 18440.0, "y": 9848.0}, {"i": 1702, "x": 18454.0, "y": 9682.0}, {"i": 1703, "x": 18480.0, "y": 9686.0}, {"i": 1704, "x": 18486.0, "y": 4368.0}, {"i": 1705, "x": 18486.0, "y": 5228.0}, {"i": 1706, "x": 18498.0, "y": 4638.0}, {"i": 1707, "x": 18498.0, "y": 5420.0}, {"i": 1708, "x": 18506.0, "y": 9786.0}, {"i": 1709, "x": 18516.0, "y": 3962.0}, {"i": 1710, "x": 18518.0, "y": 5102.0}, {"i": 1711, "x": 18518.0, "y": 8950.0}, {"i": 1712, "x": 18520.0, "y": 9748.0}, {"i": 1713, "x": 18524.0, "y": 9088.0}, {"i": 1714, "x": 18528.0, "y": 9818.0}, {"i": 1715, "x": 18532.0, "y": 9888.0}, {"i": 1716, "x": 18540.0, "y": 4092.0}, {"i": 1717, "x": 18574.0, "y": 5180.0}, {"i": 1718, "x": 18576.0, "y": 9644.0}, {"i": 1719, "x": 18606.0, "y": 12328.0}, {"i": 1720, "x": 18614.0, "y": 3962.0}, {"i": 1721, "x": 18616.0, "y": 8804.0}, {"i": 1722, "x": 18640.0, "y": 4886.0}, {"i": 1723, "x": 18656.0, "y": 9766.0}, {"i": 1724, "x": 18660.0, "y": 9388.0}, {"i": 1725, "x": 18660.0, "y": 9736.0}, {"i": 1726, "x": 18670.0, "y": 9248.0}, {"i": 1727, "x": 18678.0, "y": 3996.0}, {"i": 1728, "x": 18688.0, "y": 9482.0}, {"i": 1729, "x": 18700.0, "y": 9854.0}, {"i": 1730, "x": 18706.0, "y": 5822.0}, {"i": 1731, "x": 18708.0, "y": 8218.0}, {"i": 1732, "x": 18710.0, "y": 5844.0}, {"i": 1733, "x": 18724.0, "y": 7640.0}, {"i": 1734, "x": 18724.0, "y": 11186.0}, {"i": 1735, "x": 18734.0, "y": 5458.0}, {"i": 1736, "x": 18736.0, "y": 5856.0}, {"i": 1737, "x": 18740.0, "y": 1148.0}, {"i": 1738, "x": 18748.0, "y": 9730.0}, {"i": 1739, "x": 18776.0, "y": 6084.0}, {"i": 1740, "x": 18776.0, "y": 9872.0}, {"i": 1741, "x": 18808.0, "y": 3170.0}, {"i": 1742, "x": 18880.0, "y": 7268.0}, {"i": 1743, "x": 18882.0, "y": 2866.0}, {"i": 1744, "x": 18892.0, "y": 10252.0}, {"i": 1745, "x": 18964.0, "y": 2866.0}, {"i": 1746, "x": 18966.0, "y": 5654.0}, {"i": 1747, "x": 18996.0, "y": 7738.0}, {"i": 1748, "x": 18996.0, "y": 8758.0}, {"i": 1749, "x": 19138.0, "y": 4372.0}, {"i": 1750, "x": 19148.0, "y": 4294.0}, {"i": 1751, "x": 19148.0, "y": 10438.0}, {"i": 1752, "x": 19170.0, "y": 9276.0}, {"i": 1753, "x": 19218.0, "y": 1364.0}, {"i": 1754, "x": 19256.0, "y": 2794.0}, {"i": 1755, "x": 19270.0, "y": 6204.0}, {"i": 1756, "x": 19276.0, "y": 10262.0}, {"i": 1757, "x": 19280.0, "y": 6230.0}, {"i": 1758, "x": 19310.0, "y": 8136.0}, {"i": 1759, "x": 19322.0, "y": 9846.0}, {"i": 1760, "x": 19342.0, "y": 4550.0}, {"i": 1761, "x": 19400.0, "y": 6720.0}, {"i": 1762, "x": 19410.0, "y": 7540.0}, {"i": 1763, "x": 19496.0, "y": 8440.0}, {"i": 1764, "x": 19500.0, "y": 2212.0}, {"i": 1765, "x": 19520.0, "y": 4932.0}, {"i": 1766, "x": 19530.0, "y": 1258.0}, {"i": 1767, "x": 19538.0, "y": 1256.0}, {"i": 1768, "x": 19620.0, "y": 3258.0}, {"i": 1769, "x": 19642.0, "y": 1198.0}, {"i": 1770, "x": 19648.0, "y": 1016.0}, {"i": 1771, "x": 19654.0, "y": 4756.0}, {"i": 1772, "x": 19668.0, "y": 954.0}, {"i": 1773, "x": 19698.0, "y": 4798.0}, {"i": 1774, "x": 19702.0, "y": 10042.0}, {"i": 1775, "x": 19710.0, "y": 2238.0}, {"i": 1776, "x": 19756.0, "y": 2686.0}, {"i": 1777, "x": 19786.0, "y": 5264.0}, {"i": 1778, "x": 19796.0, "y": 9190.0}, {"i": 1779, "x": 19808.0, "y": 2776.0}, {"i": 1780, "x": 19860.0, "y": 3958.0}, {"i": 1781, "x": 19926.0, "y": 10284.0}, {"i": 1782, "x": 19964.0, "y": 3994.0}, {"i": 1783, "x": 19984.0, "y": 1360.0}, {"i": 1784, "x": 19986.0, "y": 2602.0}, {"i": 1785, "x": 20006.0, "y": 1804.0}, {"i": 1786, "x": 20046.0, "y": 5324.0}, {"i": 1787, "x": 20058.0, "y": 1184.0}, {"i": 1788, "x": 20080.0, "y": 14370.0}, {"i": 1789, "x": 20094.0, "y": 9074.0}, {"i": 1790, "x": 20094.0, "y": 14390.0}, {"i": 1791, "x": 20128.0, "y": 8016.0}, {"i": 1792, "x": 20132.0, "y": 1240.0}, {"i": 1793, "x": 20138.0, "y": 5970.0}, {"i": 1794, "x": 20142.0, "y": 1416.0}, {"i": 1795, "x": 20150.0, "y": 1132.0}, {"i": 1796, "x": 20158.0, "y": 6038.0}, {"i": 1797, "x": 20170.0, "y": 5090.0}, {"i": 1798, "x": 20248.0, "y": 1384.0}, {"i": 1799, "x": 20292.0, "y": 4996.0}, {"i": 1800, "x": 20300.0, "y": 1134.0}, {"i": 1801, "x": 20300.0, "y": 9672.0}, {"i": 1802, "x": 20344.0, "y": 6694.0}, {"i": 1803, "x": 20370.0, "y": 4476.0}, {"i": 1804, "x": 20378.0, "y": 12604.0}, {"i": 1805, "x": 20398.0, "y": 8424.0}, {"i": 1806, "x": 20402.0, "y": 6964.0}, {"i": 1807, "x": 20426.0, "y": 1316.0}, {"i": 1808, "x": 20426.0, "y": 8278.0}, {"i": 1809, "x": 20442.0, "y": 3086.0}, {"i": 1810, "x": 20448.0, "y": 5868.0}, {"i": 1811, "x": 20456.0, "y": 8300.0}, {"i": 1812, "x": 20468.0, "y": 4896.0}, {"i": 1813, "x": 20470.0, "y": 9446.0}, {"i": 1814, "x": 20552.0, "y": 8676.0}, {"i": 1815, "x": 20556.0, "y": 6792.0}, {"i": 1816, "x": 20560.0, "y": 8920.0}, {"i": 1817, "x": 20606.0, "y": 4902.0}, {"i": 1818, "x": 20626.0, "y": 3006.0}, {"i": 1819, "x": 20658.0, "y": 442.0}, {"i": 1820, "x": 20690.0, "y": 6328.0}, {"i": 1821, "x": 20702.0, "y": 13346.0}, {"i": 1822, "x": 20720.0, "y": 14046.0}, {"i": 1823, "x": 20742.0, "y": 7564.0}, {"i": 1824, "x": 20760.0, "y": 3692.0}, {"i": 1825, "x": 20772.0, "y": 4726.0}, {"i": 1826, "x": 20772.0, "y": 14046.0}, {"i": 1827, "x": 20828.0, "y": 3896.0}, {"i": 1828, "x": 20830.0, "y": 4664.0}, {"i": 1829, "x": 20966.0, "y": 3040.0}, {"i": 1830, "x": 20992.0, "y": 4404.0}, {"i": 1831, "x": 20998.0, "y": 5534.0}, {"i": 1832, "x": 21008.0, "y": 12706.0}, {"i": 1833, "x": 21074.0, "y": 11168.0}, {"i": 1834, "x": 21130.0, "y": 4820.0}, {"i": 1835, "x": 21148.0, "y": 12362.0}, {"i": 1836, "x": 21164.0, "y": 11222.0}, {"i": 1837, "x": 21178.0, "y": 11218.0}, {"i": 1838, "x": 21264.0, "y": 4182.0}, {"i": 1839, "x": 21300.0, "y": 5228.0}, {"i": 1840, "x": 21326.0, "y": 5604.0}, {"i": 1841, "x": 21332.0, "y": 8136.0}, {"i": 1842, "x": 21350.0, "y": 5242.0}, {"i": 1843, "x": 21372.0, "y": 10066.0}, {"i": 1844, "x": 21404.0, "y": 5818.0}, {"i": 1845, "x": 21456.0, "y": 5368.0}, {"i": 1846, "x": 21506.0, "y": 3864.0}, {"i": 1847, "x": 21508.0, "y": 4552.0}, {"i": 1848, "x": 21510.0, "y": 3714.0}, {"i": 1849, "x": 21528.0, "y": 2920.0}, {"i": 1850, "x": 21612.0, "y": 5150.0}, {"i": 1851, "x": 21622.0, "y": 5532.0}, {"i": 1852, "x": 21640.0, "y": 5310.0}, {"i": 1853, "x": 21674.0, "y": 7362.0}, {"i": 1854, "x": 21698.0, "y": 1998.0}, {"i": 1855, "x": 21716.0, "y": 1938.0}, {"i": 1856, "x": 21728.0, "y": 8732.0}, {"i": 1857, "x": 21750.0, "y": 8766.0}, {"i": 1858, "x": 21762.0, "y": 5024.0}, {"i": 1859, "x": 21824.0, "y": 3086.0}, {"i": 1860, "x": 21842.0, "y": 1388.0}, {"i": 1861, "x": 21870.0, "y": 6520.0}, {"i": 1862, "x": 21930.0, "y": 14114.0}, {"i": 1863, "x": 21932.0, "y": 4348.0}, {"i": 1864, "x": 21942.0, "y": 11934.0}, {"i": 1865, "x": 21954.0, "y": 9200.0}, {"i": 1866, "x": 21976.0, "y": 2642.0}, {"i": 1867, "x": 21994.0, "y": 13434.0}, {"i": 1868, "x": 22038.0, "y": 5518.0}, {"i": 1869, "x": 22040.0, "y": 5942.0}, {"i": 1870, "x": 22048.0, "y": 10522.0}, {"i": 1871, "x": 22084.0, "y": 1414.0}, {"i": 1872, "x": 22098.0, "y": 10994.0}, {"i": 1873, "x": 22128.0, "y": 3538.0}, {"i": 1874, "x": 22142.0, "y": 5178.0}, {"i": 1875, "x": 22152.0, "y": 8054.0}, {"i": 1876, "x": 22162.0, "y": 1624.0}, {"i": 1877, "x": 22244.0, "y": 1344.0}, {"i": 1878, "x": 22332.0, "y": 1842.0}, {"i": 1879, "x": 22338.0, "y": 10890.0}, {"i": 1880, "x": 22344.0, "y": 832.0}, {"i": 1881, "x": 22344.0, "y": 1330.0}, {"i": 1882, "x": 22362.0, "y": 1114.0}, {"i": 1883, "x": 22376.0, "y": 1498.0}, {"i": 1884, "x": 22378.0, "y": 3920.0}, {"i": 1885, "x": 22392.0, "y": 1552.0}, {"i": 1886, "x": 22432.0, "y": 3344.0}, {"i": 1887, "x": 22506.0, "y": 3018.0}, {"i": 1888, "x": 22528.0, "y": 708.0}, {"i": 1889, "x": 22554.0, "y": 10786.0}, {"i": 1890, "x": 22598.0, "y": 444.0}, {"i": 1891, "x": 22606.0, "y": 6150.0}, {"i": 1892, "x": 22628.0, "y": 11482.0}, {"i": 1893, "x": 22634.0, "y": 11898.0}, {"i": 1894, "x": 22638.0, "y": 4314.0}, {"i": 1895, "x": 22668.0, "y": 5388.0}, {"i": 1896, "x": 22686.0, "y": 4020.0}, {"i": 1897, "x": 22716.0, "y": 3076.0}, {"i": 1898, "x": 22732.0, "y": 3222.0}, {"i": 1899, "x": 22786.0, "y": 5574.0}, {"i": 1900, "x": 22816.0, "y": 1072.0}, {"i": 1901, "x": 22816.0, "y": 1408.0}, {"i": 1902, "x": 22924.0, "y": 4446.0}, {"i": 1903, "x": 22930.0, "y": 1250.0}, {"i": 1904, "x": 22980.0, "y": 7288.0}, {"i": 1905, "x": 22990.0, "y": 13078.0}, {"i": 1906, "x": 23080.0, "y": 14220.0}, {"i": 1907, "x": 23108.0, "y": 8396.0}, {"i": 1908, "x": 23140.0, "y": 3012.0}, {"i": 1909, "x": 23148.0, "y": 2066.0}, {"i": 1910, "x": 23152.0, "y": 6488.0}, {"i": 1911, "x": 23176.0, "y": 4876.0}, {"i": 1912, "x": 23188.0, "y": 1432.0}, {"i": 1913, "x": 23214.0, "y": 11706.0}, {"i": 1914, "x": 23216.0, "y": 4890.0}, {"i": 1915, "x": 23266.0, "y": 3050.0}, {"i": 1916, "x": 23286.0, "y": 1030.0}, {"i": 1917, "x": 23332.0, "y": 6676.0}, {"i": 1918, "x": 23366.0, "y": 6634.0}, {"i": 1919, "x": 23402.0, "y": 3136.0}, {"i": 1920, "x": 23422.0, "y": 3018.0}, {"i": 1921, "x": 23432.0, "y": 2574.0}, {"i": 1922, "x": 23506.0, "y": 2648.0}, {"i": 1923, "x": 23532.0, "y": 1592.0}, {"i": 1924, "x": 23532.0, "y": 3014.0}, {"i": 1925, "x": 23538.0, "y": 9640.0}, {"i": 1926, "x": 23550.0, "y": 2224.0}, {"i": 1927, "x": 23570.0, "y": 13870.0}, {"i": 1928, "x": 23606.0, "y": 2162.0}, {"i": 1929, "x": 23674.0, "y": 2118.0}, {"i": 1930, "x": 23830.0, "y": 3090.0}, {"i": 1931, "x": 23834.0, "y": 2138.0}, {"i": 1932, "x": 23844.0, "y": 712.0}, {"i": 1933, "x": 23880.0, "y": 394.0}, {"i": 1934, "x": 23918.0, "y": 14280.0}, {"i": 1935, "x": 23926.0, "y": 1216.0}, {"i": 1936, "x": 23946.0, "y": 12026.0}, {"i": 1937, "x": 24012.0, "y": 2914.0}, {"i": 1938, "x": 24014.0, "y": 2818.0}, {"i": 1939, "x": 24016.0, "y": 14390.0}, {"i": 1940, "x": 24032.0, "y": 14320.0}, {"i": 1941, "x": 24058.0, "y": 14280.0}, {"i": 1942, "x": 24064.0, "y": 14308.0}, {"i": 1943, "x": 24068.0, "y": 14368.0}, {"i": 1944, "x": 24166.0, "y": 2876.0}, {"i": 1945, "x": 24188.0, "y": 2574.0}, {"i": 1946, "x": 24190.0, "y": 1048.0}, {"i": 1947, "x": 24218.0, "y": 610.0}, {"i": 1948, "x": 24228.0, "y": 14252.0}, {"i": 1949, "x": 24246.0, "y": 13850.0}, {"i": 1950, "x": 24262.0, "y": 14208.0}, {"i": 1951, "x": 24318.0, "y": 906.0}, {"i": 1952, "x": 24320.0, "y": 14258.0}, {"i": 1953, "x": 24330.0, "y": 14268.0}, {"i": 1954, "x": 24340.0, "y": 1634.0}, {"i": 1955, "x": 24346.0, "y": 2252.0}, {"i": 1956, "x": 24358.0, "y": 604.0}, {"i": 1957, "x": 24368.0, "y": 2804.0}, {"i": 1958, "x": 24396.0, "y": 2242.0}, {"i": 1959, "x": 24410.0, "y": 2814.0}, {"i": 1960, "x": 24448.0, "y": 14340.0}, {"i": 1961, "x": 24484.0, "y": 8766.0}, {"i": 1962, "x": 24514.0, "y": 1022.0}, {"i": 1963, "x": 24544.0, "y": 120.0}, {"i": 1964, "x": 24590.0, "y": 9890.0}, {"i": 1965, "x": 24594.0, "y": 10982.0}, {"i": 1966, "x": 24612.0, "y": 9856.0}, {"i": 1967, "x": 24652.0, "y": 3046.0}, {"i": 1968, "x": 24662.0, "y": 2890.0}, {"i": 1969, "x": 24688.0, "y": 2348.0}, {"i": 1970, "x": 24690.0, "y": 11762.0}, {"i": 1971, "x": 24726.0, "y": 2104.0}, {"i": 1972, "x": 24786.0, "y": 7478.0}, {"i": 1973, "x": 24836.0, "y": 3094.0}, {"i": 1974, "x": 24898.0, "y": 8690.0}, {"i": 1975, "x": 24922.0, "y": 13646.0}, {"i": 1976, "x": 25022.0, "y": 1376.0}, {"i": 1977, "x": 25040.0, "y": 3202.0}, {"i": 1978, "x": 25104.0, "y": 2506.0}, {"i": 1979, "x": 25134.0, "y": 9010.0}, {"i": 1980, "x": 25176.0, "y": 11294.0}, {"i": 1981, "x": 25192.0, "y": 1318.0}, {"i": 1982, "x": 25224.0, "y": 2858.0}, {"i": 1983, "x": 25224.0, "y": 3280.0}, {"i": 1984, "x": 25228.0, "y": 8060.0}, {"i": 1985, "x": 25236.0, "y": 302.0}, {"i": 1986, "x": 25238.0, "y": 14062.0}, {"i": 1987, "x": 25242.0, "y": 11242.0}, {"i": 1988, "x": 25246.0, "y": 326.0}, {"i": 1989, "x": 25276.0, "y": 11212.0}, {"i": 1990, "x": 25284.0, "y": 7478.0}, {"i": 1991, "x": 25320.0, "y": 228.0}, {"i": 1992, "x": 25384.0, "y": 6670.0}, {"i": 1993, "x": 25392.0, "y": 3386.0}, {"i": 1994, "x": 25484.0, "y": 1158.0}, {"i": 1995, "x": 25488.0, "y": 2692.0}, {"i": 1996, "x": 25522.0, "y": 2968.0}, {"i": 1997, "x": 25536.0, "y": 1192.0}, {"i": 1998, "x": 25570.0, "y": 2272.0}, {"i": 1999, "x": 25576.0, "y": 2422.0}], "type": "Instance", "name": "euro-night-0002000", "meta": {"comment": "HIP even point set instance (2000 points) sampled from image ", "faces_in_delaunay": 3979}}