{"points": [{"i": 0, "x": 498.0, "y": 5392.0}, {"i": 1, "x": 1192.0, "y": 226.0}, {"i": 2, "x": 2802.0, "y": 624.0}, {"i": 3, "x": 3460.0, "y": 48.0}, {"i": 4, "x": 4090.0, "y": 4492.0}, {"i": 5, "x": 4238.0, "y": 94.0}, {"i": 6, "x": 4292.0, "y": 4606.0}, {"i": 7, "x": 4488.0, "y": 3376.0}, {"i": 8, "x": 4512.0, "y": 4632.0}, {"i": 9, "x": 4660.0, "y": 2216.0}, {"i": 10, "x": 4822.0, "y": 2972.0}, {"i": 11, "x": 6056.0, "y": 3838.0}, {"i": 12, "x": 6290.0, "y": 2626.0}, {"i": 13, "x": 6350.0, "y": 4018.0}, {"i": 14, "x": 6496.0, "y": 5406.0}, {"i": 15, "x": 6696.0, "y": 4980.0}, {"i": 16, "x": 6728.0, "y": 4454.0}, {"i": 17, "x": 6918.0, "y": 452.0}, {"i": 18, "x": 7070.0, "y": 2192.0}, {"i": 19, "x": 7126.0, "y": 1594.0}, {"i": 20, "x": 7886.0, "y": 5418.0}, {"i": 21, "x": 8070.0, "y": 3972.0}, {"i": 22, "x": 8116.0, "y": 3658.0}, {"i": 23, "x": 8164.0, "y": 3236.0}, {"i": 24, "x": 8470.0, "y": 3100.0}, {"i": 25, "x": 9678.0, "y": 3574.0}, {"i": 26, "x": 10028.0, "y": 560.0}, {"i": 27, "x": 10858.0, "y": 3852.0}, {"i": 28, "x": 11424.0, "y": 682.0}, {"i": 29, "x": 12044.0, "y": 5748.0}], "type": "Instance", "name": "euro-night-0000030", "meta": {"comment": "HIP even point set instance (30 points) sampled from image ", "faces_in_delaunay": 51}}