{"points": [{"i": 0, "x": 370.0, "y": 1954.0}, {"i": 1, "x": 388.0, "y": 834.0}, {"i": 2, "x": 438.0, "y": 1546.0}, {"i": 3, "x": 490.0, "y": 4762.0}, {"i": 4, "x": 532.0, "y": 1570.0}, {"i": 5, "x": 702.0, "y": 2188.0}, {"i": 6, "x": 706.0, "y": 5500.0}, {"i": 7, "x": 932.0, "y": 344.0}, {"i": 8, "x": 1012.0, "y": 1624.0}, {"i": 9, "x": 1138.0, "y": 166.0}, {"i": 10, "x": 1242.0, "y": 382.0}, {"i": 11, "x": 1778.0, "y": 5896.0}, {"i": 12, "x": 2264.0, "y": 3376.0}, {"i": 13, "x": 2294.0, "y": 4822.0}, {"i": 14, "x": 2332.0, "y": 2110.0}, {"i": 15, "x": 2482.0, "y": 2208.0}, {"i": 16, "x": 2540.0, "y": 5550.0}, {"i": 17, "x": 2562.0, "y": 5306.0}, {"i": 18, "x": 2636.0, "y": 5214.0}, {"i": 19, "x": 2718.0, "y": 5180.0}, {"i": 20, "x": 2730.0, "y": 616.0}, {"i": 21, "x": 2736.0, "y": 4882.0}, {"i": 22, "x": 2794.0, "y": 1026.0}, {"i": 23, "x": 3170.0, "y": 2108.0}, {"i": 24, "x": 3496.0, "y": 1588.0}, {"i": 25, "x": 3610.0, "y": 3478.0}, {"i": 26, "x": 3642.0, "y": 3894.0}, {"i": 27, "x": 3730.0, "y": 2666.0}, {"i": 28, "x": 3778.0, "y": 3854.0}, {"i": 29, "x": 3846.0, "y": 3844.0}, {"i": 30, "x": 3968.0, "y": 4572.0}, {"i": 31, "x": 4276.0, "y": 4824.0}, {"i": 32, "x": 4298.0, "y": 4570.0}, {"i": 33, "x": 4460.0, "y": 4140.0}, {"i": 34, "x": 4606.0, "y": 4408.0}, {"i": 35, "x": 4620.0, "y": 62.0}, {"i": 36, "x": 4624.0, "y": 4646.0}, {"i": 37, "x": 4738.0, "y": 5030.0}, {"i": 38, "x": 4892.0, "y": 3792.0}, {"i": 39, "x": 5064.0, "y": 4552.0}, {"i": 40, "x": 5186.0, "y": 2358.0}, {"i": 41, "x": 5378.0, "y": 4702.0}, {"i": 42, "x": 5514.0, "y": 2736.0}, {"i": 43, "x": 5536.0, "y": 4106.0}, {"i": 44, "x": 5570.0, "y": 6700.0}, {"i": 45, "x": 5634.0, "y": 282.0}, {"i": 46, "x": 5938.0, "y": 2878.0}, {"i": 47, "x": 5974.0, "y": 3738.0}, {"i": 48, "x": 6010.0, "y": 6032.0}, {"i": 49, "x": 6030.0, "y": 4168.0}, {"i": 50, "x": 6180.0, "y": 3974.0}, {"i": 51, "x": 6268.0, "y": 2266.0}, {"i": 52, "x": 6452.0, "y": 2656.0}, {"i": 53, "x": 6472.0, "y": 4420.0}, {"i": 54, "x": 6592.0, "y": 2550.0}, {"i": 55, "x": 6604.0, "y": 2742.0}, {"i": 56, "x": 6628.0, "y": 2466.0}, {"i": 57, "x": 7016.0, "y": 4968.0}, {"i": 58, "x": 7158.0, "y": 438.0}, {"i": 59, "x": 7276.0, "y": 1746.0}, {"i": 60, "x": 7284.0, "y": 1466.0}, {"i": 61, "x": 7718.0, "y": 1326.0}, {"i": 62, "x": 7740.0, "y": 3290.0}, {"i": 63, "x": 7768.0, "y": 4370.0}, {"i": 64, "x": 7776.0, "y": 3792.0}, {"i": 65, "x": 7934.0, "y": 824.0}, {"i": 66, "x": 7980.0, "y": 6912.0}, {"i": 67, "x": 7990.0, "y": 3630.0}, {"i": 68, "x": 7992.0, "y": 4492.0}, {"i": 69, "x": 8054.0, "y": 7176.0}, {"i": 70, "x": 8228.0, "y": 4748.0}, {"i": 71, "x": 8458.0, "y": 4158.0}, {"i": 72, "x": 8476.0, "y": 4338.0}, {"i": 73, "x": 8528.0, "y": 6940.0}, {"i": 74, "x": 8634.0, "y": 4248.0}, {"i": 75, "x": 8672.0, "y": 4402.0}, {"i": 76, "x": 8878.0, "y": 4342.0}, {"i": 77, "x": 9226.0, "y": 4338.0}, {"i": 78, "x": 9606.0, "y": 5006.0}, {"i": 79, "x": 9856.0, "y": 244.0}, {"i": 80, "x": 10144.0, "y": 616.0}, {"i": 81, "x": 10352.0, "y": 6996.0}, {"i": 82, "x": 10410.0, "y": 3504.0}, {"i": 83, "x": 10498.0, "y": 2246.0}, {"i": 84, "x": 10796.0, "y": 6798.0}, {"i": 85, "x": 10812.0, "y": 2542.0}, {"i": 86, "x": 10962.0, "y": 7018.0}, {"i": 87, "x": 11366.0, "y": 1610.0}, {"i": 88, "x": 11584.0, "y": 2498.0}, {"i": 89, "x": 11596.0, "y": 4286.0}, {"i": 90, "x": 11696.0, "y": 982.0}, {"i": 91, "x": 11782.0, "y": 4770.0}, {"i": 92, "x": 11830.0, "y": 1434.0}, {"i": 93, "x": 11856.0, "y": 780.0}, {"i": 94, "x": 11872.0, "y": 1444.0}, {"i": 95, "x": 12068.0, "y": 4356.0}, {"i": 96, "x": 12094.0, "y": 7158.0}, {"i": 97, "x": 12104.0, "y": 7196.0}, {"i": 98, "x": 12236.0, "y": 4332.0}, {"i": 99, "x": 12450.0, "y": 6878.0}], "type": "Instance", "name": "euro-night-0000100", "meta": {"comment": "HIP even point set instance (100 points) sampled from image ", "faces_in_delaunay": 183}}