{"points": [{"i": 0, "x": 394.0, "y": 1264.0}, {"i": 1, "x": 408.0, "y": 1418.0}, {"i": 2, "x": 446.0, "y": 1314.0}, {"i": 3, "x": 472.0, "y": 1574.0}, {"i": 4, "x": 564.0, "y": 1894.0}, {"i": 5, "x": 952.0, "y": 376.0}, {"i": 6, "x": 1214.0, "y": 2200.0}, {"i": 7, "x": 1726.0, "y": 1350.0}, {"i": 8, "x": 1908.0, "y": 5900.0}, {"i": 9, "x": 2172.0, "y": 2164.0}, {"i": 10, "x": 2214.0, "y": 5240.0}, {"i": 11, "x": 2470.0, "y": 4998.0}, {"i": 12, "x": 2472.0, "y": 3290.0}, {"i": 13, "x": 2514.0, "y": 2208.0}, {"i": 14, "x": 2604.0, "y": 4494.0}, {"i": 15, "x": 2716.0, "y": 1660.0}, {"i": 16, "x": 2840.0, "y": 696.0}, {"i": 17, "x": 2984.0, "y": 3734.0}, {"i": 18, "x": 2992.0, "y": 3824.0}, {"i": 19, "x": 3016.0, "y": 2218.0}, {"i": 20, "x": 3170.0, "y": 4616.0}, {"i": 21, "x": 3358.0, "y": 3980.0}, {"i": 22, "x": 3592.0, "y": 3962.0}, {"i": 23, "x": 3926.0, "y": 228.0}, {"i": 24, "x": 4162.0, "y": 4520.0}, {"i": 25, "x": 4252.0, "y": 4380.0}, {"i": 26, "x": 4368.0, "y": 4862.0}, {"i": 27, "x": 4408.0, "y": 4678.0}, {"i": 28, "x": 4446.0, "y": 56.0}, {"i": 29, "x": 4490.0, "y": 4478.0}, {"i": 30, "x": 4654.0, "y": 4730.0}, {"i": 31, "x": 4664.0, "y": 4530.0}, {"i": 32, "x": 4694.0, "y": 4424.0}, {"i": 33, "x": 4698.0, "y": 3344.0}, {"i": 34, "x": 4700.0, "y": 6862.0}, {"i": 35, "x": 4926.0, "y": 4874.0}, {"i": 36, "x": 5004.0, "y": 3154.0}, {"i": 37, "x": 5272.0, "y": 3862.0}, {"i": 38, "x": 5286.0, "y": 4678.0}, {"i": 39, "x": 5298.0, "y": 272.0}, {"i": 40, "x": 5336.0, "y": 4612.0}, {"i": 41, "x": 5342.0, "y": 2512.0}, {"i": 42, "x": 5564.0, "y": 2688.0}, {"i": 43, "x": 5570.0, "y": 3382.0}, {"i": 44, "x": 5580.0, "y": 4056.0}, {"i": 45, "x": 5632.0, "y": 3810.0}, {"i": 46, "x": 5694.0, "y": 2696.0}, {"i": 47, "x": 6092.0, "y": 2246.0}, {"i": 48, "x": 6100.0, "y": 4136.0}, {"i": 49, "x": 6206.0, "y": 4452.0}, {"i": 50, "x": 6218.0, "y": 7050.0}, {"i": 51, "x": 6266.0, "y": 4322.0}, {"i": 52, "x": 6452.0, "y": 2612.0}, {"i": 53, "x": 6660.0, "y": 3492.0}, {"i": 54, "x": 6754.0, "y": 4590.0}, {"i": 55, "x": 6810.0, "y": 6506.0}, {"i": 56, "x": 6826.0, "y": 1814.0}, {"i": 57, "x": 6862.0, "y": 2982.0}, {"i": 58, "x": 6934.0, "y": 652.0}, {"i": 59, "x": 7268.0, "y": 4438.0}, {"i": 60, "x": 7330.0, "y": 4258.0}, {"i": 61, "x": 7486.0, "y": 5014.0}, {"i": 62, "x": 7488.0, "y": 1348.0}, {"i": 63, "x": 7578.0, "y": 1710.0}, {"i": 64, "x": 7646.0, "y": 3308.0}, {"i": 65, "x": 7668.0, "y": 648.0}, {"i": 66, "x": 7726.0, "y": 1390.0}, {"i": 67, "x": 7740.0, "y": 1416.0}, {"i": 68, "x": 7796.0, "y": 708.0}, {"i": 69, "x": 7806.0, "y": 4214.0}, {"i": 70, "x": 7880.0, "y": 1006.0}, {"i": 71, "x": 7940.0, "y": 6196.0}, {"i": 72, "x": 8198.0, "y": 4818.0}, {"i": 73, "x": 8266.0, "y": 7068.0}, {"i": 74, "x": 8422.0, "y": 1326.0}, {"i": 75, "x": 8424.0, "y": 4918.0}, {"i": 76, "x": 8588.0, "y": 5500.0}, {"i": 77, "x": 8828.0, "y": 5450.0}, {"i": 78, "x": 8884.0, "y": 2608.0}, {"i": 79, "x": 8926.0, "y": 2762.0}, {"i": 80, "x": 8926.0, "y": 4180.0}, {"i": 81, "x": 10340.0, "y": 1812.0}, {"i": 82, "x": 10940.0, "y": 5874.0}, {"i": 83, "x": 11058.0, "y": 2590.0}, {"i": 84, "x": 11116.0, "y": 4190.0}, {"i": 85, "x": 11504.0, "y": 6392.0}, {"i": 86, "x": 11772.0, "y": 538.0}, {"i": 87, "x": 12188.0, "y": 820.0}, {"i": 88, "x": 12194.0, "y": 1536.0}, {"i": 89, "x": 12354.0, "y": 684.0}], "type": "Instance", "name": "euro-night-0000090", "meta": {"comment": "HIP even point set instance (90 points) sampled from image ", "faces_in_delaunay": 166}}