{"points": [{"i": 0, "x": 236.0, "y": 814.0}, {"i": 1, "x": 296.0, "y": 826.0}, {"i": 2, "x": 376.0, "y": 802.0}, {"i": 3, "x": 460.0, "y": 5480.0}, {"i": 4, "x": 490.0, "y": 1482.0}, {"i": 5, "x": 492.0, "y": 1878.0}, {"i": 6, "x": 518.0, "y": 326.0}, {"i": 7, "x": 534.0, "y": 4950.0}, {"i": 8, "x": 588.0, "y": 322.0}, {"i": 9, "x": 628.0, "y": 316.0}, {"i": 10, "x": 658.0, "y": 5638.0}, {"i": 11, "x": 728.0, "y": 1210.0}, {"i": 12, "x": 776.0, "y": 1104.0}, {"i": 13, "x": 1078.0, "y": 5378.0}, {"i": 14, "x": 1096.0, "y": 5320.0}, {"i": 15, "x": 1178.0, "y": 456.0}, {"i": 16, "x": 1180.0, "y": 5716.0}, {"i": 17, "x": 1196.0, "y": 80.0}, {"i": 18, "x": 1248.0, "y": 436.0}, {"i": 19, "x": 1524.0, "y": 154.0}, {"i": 20, "x": 1542.0, "y": 5934.0}, {"i": 21, "x": 1654.0, "y": 5690.0}, {"i": 22, "x": 1750.0, "y": 1218.0}, {"i": 23, "x": 1784.0, "y": 5920.0}, {"i": 24, "x": 1788.0, "y": 1254.0}, {"i": 25, "x": 1802.0, "y": 4692.0}, {"i": 26, "x": 1824.0, "y": 1224.0}, {"i": 27, "x": 1842.0, "y": 1274.0}, {"i": 28, "x": 1880.0, "y": 2234.0}, {"i": 29, "x": 1904.0, "y": 1328.0}, {"i": 30, "x": 1942.0, "y": 1394.0}, {"i": 31, "x": 1944.0, "y": 2204.0}, {"i": 32, "x": 1946.0, "y": 472.0}, {"i": 33, "x": 1972.0, "y": 6128.0}, {"i": 34, "x": 1992.0, "y": 2040.0}, {"i": 35, "x": 2022.0, "y": 1650.0}, {"i": 36, "x": 2028.0, "y": 2220.0}, {"i": 37, "x": 2066.0, "y": 5216.0}, {"i": 38, "x": 2158.0, "y": 5184.0}, {"i": 39, "x": 2182.0, "y": 428.0}, {"i": 40, "x": 2270.0, "y": 5126.0}, {"i": 41, "x": 2340.0, "y": 846.0}, {"i": 42, "x": 2366.0, "y": 4940.0}, {"i": 43, "x": 2378.0, "y": 2162.0}, {"i": 44, "x": 2448.0, "y": 892.0}, {"i": 45, "x": 2460.0, "y": 5282.0}, {"i": 46, "x": 2494.0, "y": 5360.0}, {"i": 47, "x": 2496.0, "y": 482.0}, {"i": 48, "x": 2520.0, "y": 3958.0}, {"i": 49, "x": 2560.0, "y": 5016.0}, {"i": 50, "x": 2572.0, "y": 5310.0}, {"i": 51, "x": 2608.0, "y": 3048.0}, {"i": 52, "x": 2624.0, "y": 646.0}, {"i": 53, "x": 2634.0, "y": 3618.0}, {"i": 54, "x": 2672.0, "y": 5064.0}, {"i": 55, "x": 2752.0, "y": 4866.0}, {"i": 56, "x": 2754.0, "y": 3328.0}, {"i": 57, "x": 2806.0, "y": 4764.0}, {"i": 58, "x": 2820.0, "y": 4914.0}, {"i": 59, "x": 2828.0, "y": 4760.0}, {"i": 60, "x": 2844.0, "y": 5176.0}, {"i": 61, "x": 2848.0, "y": 4544.0}, {"i": 62, "x": 2862.0, "y": 5486.0}, {"i": 63, "x": 2864.0, "y": 1838.0}, {"i": 64, "x": 2890.0, "y": 2628.0}, {"i": 65, "x": 2900.0, "y": 4766.0}, {"i": 66, "x": 2936.0, "y": 5320.0}, {"i": 67, "x": 2954.0, "y": 1180.0}, {"i": 68, "x": 2998.0, "y": 4694.0}, {"i": 69, "x": 3030.0, "y": 4486.0}, {"i": 70, "x": 3062.0, "y": 1268.0}, {"i": 71, "x": 3166.0, "y": 1568.0}, {"i": 72, "x": 3186.0, "y": 1700.0}, {"i": 73, "x": 3190.0, "y": 4738.0}, {"i": 74, "x": 3200.0, "y": 1606.0}, {"i": 75, "x": 3228.0, "y": 1986.0}, {"i": 76, "x": 3318.0, "y": 3966.0}, {"i": 77, "x": 3322.0, "y": 4810.0}, {"i": 78, "x": 3336.0, "y": 1542.0}, {"i": 79, "x": 3378.0, "y": 3822.0}, {"i": 80, "x": 3420.0, "y": 2732.0}, {"i": 81, "x": 3420.0, "y": 3940.0}, {"i": 82, "x": 3460.0, "y": 4414.0}, {"i": 83, "x": 3468.0, "y": 4936.0}, {"i": 84, "x": 3664.0, "y": 2076.0}, {"i": 85, "x": 3690.0, "y": 3882.0}, {"i": 86, "x": 3692.0, "y": 3798.0}, {"i": 87, "x": 3718.0, "y": 1666.0}, {"i": 88, "x": 3736.0, "y": 3662.0}, {"i": 89, "x": 3748.0, "y": 58.0}, {"i": 90, "x": 3758.0, "y": 152.0}, {"i": 91, "x": 3820.0, "y": 3296.0}, {"i": 92, "x": 3850.0, "y": 1094.0}, {"i": 93, "x": 3872.0, "y": 1090.0}, {"i": 94, "x": 3884.0, "y": 1836.0}, {"i": 95, "x": 3920.0, "y": 1840.0}, {"i": 96, "x": 3928.0, "y": 4556.0}, {"i": 97, "x": 3952.0, "y": 3008.0}, {"i": 98, "x": 4004.0, "y": 4462.0}, {"i": 99, "x": 4022.0, "y": 4238.0}, {"i": 100, "x": 4114.0, "y": 4546.0}, {"i": 101, "x": 4162.0, "y": 3950.0}, {"i": 102, "x": 4196.0, "y": 3980.0}, {"i": 103, "x": 4212.0, "y": 3008.0}, {"i": 104, "x": 4228.0, "y": 2448.0}, {"i": 105, "x": 4236.0, "y": 156.0}, {"i": 106, "x": 4248.0, "y": 1204.0}, {"i": 107, "x": 4266.0, "y": 4470.0}, {"i": 108, "x": 4276.0, "y": 2378.0}, {"i": 109, "x": 4298.0, "y": 4532.0}, {"i": 110, "x": 4404.0, "y": 2476.0}, {"i": 111, "x": 4410.0, "y": 2948.0}, {"i": 112, "x": 4410.0, "y": 4636.0}, {"i": 113, "x": 4418.0, "y": 2882.0}, {"i": 114, "x": 4444.0, "y": 4418.0}, {"i": 115, "x": 4456.0, "y": 2234.0}, {"i": 116, "x": 4466.0, "y": 4590.0}, {"i": 117, "x": 4470.0, "y": 4336.0}, {"i": 118, "x": 4474.0, "y": 2912.0}, {"i": 119, "x": 4488.0, "y": 4234.0}, {"i": 120, "x": 4502.0, "y": 4752.0}, {"i": 121, "x": 4552.0, "y": 2224.0}, {"i": 122, "x": 4676.0, "y": 4398.0}, {"i": 123, "x": 4682.0, "y": 2158.0}, {"i": 124, "x": 4712.0, "y": 4764.0}, {"i": 125, "x": 4774.0, "y": 3948.0}, {"i": 126, "x": 4782.0, "y": 3980.0}, {"i": 127, "x": 4782.0, "y": 5096.0}, {"i": 128, "x": 4812.0, "y": 3946.0}, {"i": 129, "x": 4828.0, "y": 4146.0}, {"i": 130, "x": 4846.0, "y": 2122.0}, {"i": 131, "x": 4940.0, "y": 2826.0}, {"i": 132, "x": 4968.0, "y": 3122.0}, {"i": 133, "x": 4970.0, "y": 4516.0}, {"i": 134, "x": 4978.0, "y": 4808.0}, {"i": 135, "x": 4986.0, "y": 3228.0}, {"i": 136, "x": 4990.0, "y": 2598.0}, {"i": 137, "x": 4994.0, "y": 3972.0}, {"i": 138, "x": 5012.0, "y": 2242.0}, {"i": 139, "x": 5018.0, "y": 4556.0}, {"i": 140, "x": 5020.0, "y": 4474.0}, {"i": 141, "x": 5132.0, "y": 3492.0}, {"i": 142, "x": 5134.0, "y": 3942.0}, {"i": 143, "x": 5140.0, "y": 3274.0}, {"i": 144, "x": 5162.0, "y": 5272.0}, {"i": 145, "x": 5168.0, "y": 4072.0}, {"i": 146, "x": 5178.0, "y": 5200.0}, {"i": 147, "x": 5206.0, "y": 3672.0}, {"i": 148, "x": 5214.0, "y": 3684.0}, {"i": 149, "x": 5250.0, "y": 3278.0}, {"i": 150, "x": 5270.0, "y": 2612.0}, {"i": 151, "x": 5362.0, "y": 2354.0}, {"i": 152, "x": 5388.0, "y": 4870.0}, {"i": 153, "x": 5404.0, "y": 2764.0}, {"i": 154, "x": 5432.0, "y": 2470.0}, {"i": 155, "x": 5486.0, "y": 4192.0}, {"i": 156, "x": 5488.0, "y": 3860.0}, {"i": 157, "x": 5504.0, "y": 2658.0}, {"i": 158, "x": 5546.0, "y": 2492.0}, {"i": 159, "x": 5566.0, "y": 2934.0}, {"i": 160, "x": 5586.0, "y": 3966.0}, {"i": 161, "x": 5596.0, "y": 3328.0}, {"i": 162, "x": 5660.0, "y": 2666.0}, {"i": 163, "x": 5698.0, "y": 6164.0}, {"i": 164, "x": 5734.0, "y": 3504.0}, {"i": 165, "x": 5804.0, "y": 2850.0}, {"i": 166, "x": 5806.0, "y": 3972.0}, {"i": 167, "x": 5812.0, "y": 3084.0}, {"i": 168, "x": 5826.0, "y": 2786.0}, {"i": 169, "x": 5864.0, "y": 6050.0}, {"i": 170, "x": 5870.0, "y": 2926.0}, {"i": 171, "x": 6012.0, "y": 6902.0}, {"i": 172, "x": 6024.0, "y": 2694.0}, {"i": 173, "x": 6030.0, "y": 2942.0}, {"i": 174, "x": 6050.0, "y": 7074.0}, {"i": 175, "x": 6094.0, "y": 86.0}, {"i": 176, "x": 6102.0, "y": 3736.0}, {"i": 177, "x": 6124.0, "y": 2610.0}, {"i": 178, "x": 6180.0, "y": 2298.0}, {"i": 179, "x": 6314.0, "y": 3064.0}, {"i": 180, "x": 6318.0, "y": 2462.0}, {"i": 181, "x": 6318.0, "y": 2642.0}, {"i": 182, "x": 6322.0, "y": 2862.0}, {"i": 183, "x": 6326.0, "y": 3014.0}, {"i": 184, "x": 6354.0, "y": 6896.0}, {"i": 185, "x": 6398.0, "y": 2570.0}, {"i": 186, "x": 6492.0, "y": 2916.0}, {"i": 187, "x": 6502.0, "y": 2766.0}, {"i": 188, "x": 6506.0, "y": 5906.0}, {"i": 189, "x": 6530.0, "y": 7042.0}, {"i": 190, "x": 6564.0, "y": 2256.0}, {"i": 191, "x": 6592.0, "y": 4726.0}, {"i": 192, "x": 6616.0, "y": 4868.0}, {"i": 193, "x": 6644.0, "y": 4658.0}, {"i": 194, "x": 6646.0, "y": 3040.0}, {"i": 195, "x": 6670.0, "y": 4632.0}, {"i": 196, "x": 6684.0, "y": 4542.0}, {"i": 197, "x": 6700.0, "y": 4986.0}, {"i": 198, "x": 6732.0, "y": 2864.0}, {"i": 199, "x": 6750.0, "y": 2996.0}, {"i": 200, "x": 6804.0, "y": 622.0}, {"i": 201, "x": 6812.0, "y": 4570.0}, {"i": 202, "x": 6840.0, "y": 3012.0}, {"i": 203, "x": 6854.0, "y": 2368.0}, {"i": 204, "x": 6900.0, "y": 6978.0}, {"i": 205, "x": 6904.0, "y": 2342.0}, {"i": 206, "x": 6936.0, "y": 2250.0}, {"i": 207, "x": 6980.0, "y": 4880.0}, {"i": 208, "x": 7006.0, "y": 5090.0}, {"i": 209, "x": 7042.0, "y": 7004.0}, {"i": 210, "x": 7090.0, "y": 394.0}, {"i": 211, "x": 7134.0, "y": 2164.0}, {"i": 212, "x": 7234.0, "y": 6806.0}, {"i": 213, "x": 7282.0, "y": 4708.0}, {"i": 214, "x": 7298.0, "y": 2996.0}, {"i": 215, "x": 7298.0, "y": 4656.0}, {"i": 216, "x": 7326.0, "y": 4526.0}, {"i": 217, "x": 7372.0, "y": 3182.0}, {"i": 218, "x": 7372.0, "y": 4186.0}, {"i": 219, "x": 7472.0, "y": 4108.0}, {"i": 220, "x": 7488.0, "y": 1520.0}, {"i": 221, "x": 7494.0, "y": 4398.0}, {"i": 222, "x": 7520.0, "y": 510.0}, {"i": 223, "x": 7528.0, "y": 492.0}, {"i": 224, "x": 7554.0, "y": 326.0}, {"i": 225, "x": 7582.0, "y": 5420.0}, {"i": 226, "x": 7584.0, "y": 3314.0}, {"i": 227, "x": 7596.0, "y": 4426.0}, {"i": 228, "x": 7614.0, "y": 1694.0}, {"i": 229, "x": 7630.0, "y": 3952.0}, {"i": 230, "x": 7664.0, "y": 1272.0}, {"i": 231, "x": 7672.0, "y": 1302.0}, {"i": 232, "x": 7736.0, "y": 4266.0}, {"i": 233, "x": 7784.0, "y": 3380.0}, {"i": 234, "x": 7852.0, "y": 2356.0}, {"i": 235, "x": 7900.0, "y": 882.0}, {"i": 236, "x": 7982.0, "y": 4216.0}, {"i": 237, "x": 8014.0, "y": 2204.0}, {"i": 238, "x": 8016.0, "y": 1538.0}, {"i": 239, "x": 8024.0, "y": 3704.0}, {"i": 240, "x": 8042.0, "y": 2754.0}, {"i": 241, "x": 8088.0, "y": 1486.0}, {"i": 242, "x": 8106.0, "y": 3648.0}, {"i": 243, "x": 8236.0, "y": 4566.0}, {"i": 244, "x": 8246.0, "y": 4056.0}, {"i": 245, "x": 8342.0, "y": 2192.0}, {"i": 246, "x": 8360.0, "y": 1390.0}, {"i": 247, "x": 8360.0, "y": 7020.0}, {"i": 248, "x": 8416.0, "y": 5128.0}, {"i": 249, "x": 8444.0, "y": 1342.0}, {"i": 250, "x": 8464.0, "y": 4230.0}, {"i": 251, "x": 8474.0, "y": 3028.0}, {"i": 252, "x": 8474.0, "y": 3552.0}, {"i": 253, "x": 8480.0, "y": 3446.0}, {"i": 254, "x": 8488.0, "y": 3908.0}, {"i": 255, "x": 8488.0, "y": 7138.0}, {"i": 256, "x": 8512.0, "y": 4064.0}, {"i": 257, "x": 8598.0, "y": 1934.0}, {"i": 258, "x": 8604.0, "y": 5006.0}, {"i": 259, "x": 8630.0, "y": 1910.0}, {"i": 260, "x": 8708.0, "y": 3488.0}, {"i": 261, "x": 8758.0, "y": 5320.0}, {"i": 262, "x": 8764.0, "y": 3864.0}, {"i": 263, "x": 8778.0, "y": 4304.0}, {"i": 264, "x": 8874.0, "y": 1628.0}, {"i": 265, "x": 8876.0, "y": 1762.0}, {"i": 266, "x": 8880.0, "y": 5420.0}, {"i": 267, "x": 8888.0, "y": 2568.0}, {"i": 268, "x": 9016.0, "y": 2812.0}, {"i": 269, "x": 9208.0, "y": 2164.0}, {"i": 270, "x": 9364.0, "y": 3792.0}, {"i": 271, "x": 9406.0, "y": 3054.0}, {"i": 272, "x": 9410.0, "y": 1350.0}, {"i": 273, "x": 9490.0, "y": 4678.0}, {"i": 274, "x": 9606.0, "y": 1974.0}, {"i": 275, "x": 9742.0, "y": 862.0}, {"i": 276, "x": 9852.0, "y": 748.0}, {"i": 277, "x": 10080.0, "y": 794.0}, {"i": 278, "x": 10140.0, "y": 594.0}, {"i": 279, "x": 10140.0, "y": 5314.0}, {"i": 280, "x": 10204.0, "y": 5158.0}, {"i": 281, "x": 10524.0, "y": 310.0}, {"i": 282, "x": 10734.0, "y": 3106.0}, {"i": 283, "x": 11178.0, "y": 582.0}, {"i": 284, "x": 11180.0, "y": 516.0}, {"i": 285, "x": 11252.0, "y": 2036.0}, {"i": 286, "x": 11614.0, "y": 5062.0}, {"i": 287, "x": 11628.0, "y": 234.0}, {"i": 288, "x": 11730.0, "y": 588.0}, {"i": 289, "x": 11856.0, "y": 3526.0}, {"i": 290, "x": 11942.0, "y": 7192.0}, {"i": 291, "x": 12038.0, "y": 7024.0}, {"i": 292, "x": 12132.0, "y": 4310.0}, {"i": 293, "x": 12140.0, "y": 494.0}, {"i": 294, "x": 12150.0, "y": 7134.0}, {"i": 295, "x": 12184.0, "y": 646.0}, {"i": 296, "x": 12186.0, "y": 1410.0}, {"i": 297, "x": 12186.0, "y": 4350.0}, {"i": 298, "x": 12592.0, "y": 3302.0}, {"i": 299, "x": 12638.0, "y": 142.0}], "type": "Instance", "name": "euro-night-0000300", "meta": {"comment": "HIP even point set instance (300 points) sampled from image ", "faces_in_delaunay": 585}}