{"points": [{"i": 0, "x": 176.0, "y": 876.0}, {"i": 1, "x": 182.0, "y": 814.0}, {"i": 2, "x": 192.0, "y": 1006.0}, {"i": 3, "x": 202.0, "y": 5356.0}, {"i": 4, "x": 272.0, "y": 1026.0}, {"i": 5, "x": 308.0, "y": 1024.0}, {"i": 6, "x": 320.0, "y": 5006.0}, {"i": 7, "x": 330.0, "y": 5182.0}, {"i": 8, "x": 334.0, "y": 814.0}, {"i": 9, "x": 340.0, "y": 1880.0}, {"i": 10, "x": 356.0, "y": 756.0}, {"i": 11, "x": 358.0, "y": 982.0}, {"i": 12, "x": 362.0, "y": 1842.0}, {"i": 13, "x": 374.0, "y": 1636.0}, {"i": 14, "x": 382.0, "y": 1922.0}, {"i": 15, "x": 404.0, "y": 2066.0}, {"i": 16, "x": 426.0, "y": 4766.0}, {"i": 17, "x": 436.0, "y": 1460.0}, {"i": 18, "x": 444.0, "y": 4708.0}, {"i": 19, "x": 452.0, "y": 334.0}, {"i": 20, "x": 458.0, "y": 1710.0}, {"i": 21, "x": 468.0, "y": 1490.0}, {"i": 22, "x": 470.0, "y": 1070.0}, {"i": 23, "x": 472.0, "y": 1740.0}, {"i": 24, "x": 516.0, "y": 1938.0}, {"i": 25, "x": 518.0, "y": 4880.0}, {"i": 26, "x": 522.0, "y": 2028.0}, {"i": 27, "x": 600.0, "y": 338.0}, {"i": 28, "x": 626.0, "y": 5072.0}, {"i": 29, "x": 630.0, "y": 5168.0}, {"i": 30, "x": 670.0, "y": 314.0}, {"i": 31, "x": 694.0, "y": 1872.0}, {"i": 32, "x": 704.0, "y": 1646.0}, {"i": 33, "x": 728.0, "y": 1258.0}, {"i": 34, "x": 738.0, "y": 1440.0}, {"i": 35, "x": 752.0, "y": 494.0}, {"i": 36, "x": 764.0, "y": 5164.0}, {"i": 37, "x": 790.0, "y": 1296.0}, {"i": 38, "x": 828.0, "y": 862.0}, {"i": 39, "x": 940.0, "y": 5186.0}, {"i": 40, "x": 946.0, "y": 878.0}, {"i": 41, "x": 1080.0, "y": 5532.0}, {"i": 42, "x": 1126.0, "y": 138.0}, {"i": 43, "x": 1148.0, "y": 220.0}, {"i": 44, "x": 1160.0, "y": 498.0}, {"i": 45, "x": 1162.0, "y": 180.0}, {"i": 46, "x": 1218.0, "y": 448.0}, {"i": 47, "x": 1222.0, "y": 400.0}, {"i": 48, "x": 1232.0, "y": 884.0}, {"i": 49, "x": 1270.0, "y": 2186.0}, {"i": 50, "x": 1282.0, "y": 1798.0}, {"i": 51, "x": 1286.0, "y": 510.0}, {"i": 52, "x": 1290.0, "y": 2038.0}, {"i": 53, "x": 1326.0, "y": 1960.0}, {"i": 54, "x": 1328.0, "y": 1628.0}, {"i": 55, "x": 1336.0, "y": 1428.0}, {"i": 56, "x": 1348.0, "y": 2034.0}, {"i": 57, "x": 1388.0, "y": 52.0}, {"i": 58, "x": 1440.0, "y": 2216.0}, {"i": 59, "x": 1460.0, "y": 380.0}, {"i": 60, "x": 1472.0, "y": 452.0}, {"i": 61, "x": 1520.0, "y": 1736.0}, {"i": 62, "x": 1532.0, "y": 1796.0}, {"i": 63, "x": 1534.0, "y": 5938.0}, {"i": 64, "x": 1582.0, "y": 2220.0}, {"i": 65, "x": 1604.0, "y": 5980.0}, {"i": 66, "x": 1612.0, "y": 1696.0}, {"i": 67, "x": 1620.0, "y": 212.0}, {"i": 68, "x": 1620.0, "y": 5988.0}, {"i": 69, "x": 1636.0, "y": 1458.0}, {"i": 70, "x": 1642.0, "y": 1204.0}, {"i": 71, "x": 1648.0, "y": 1786.0}, {"i": 72, "x": 1654.0, "y": 200.0}, {"i": 73, "x": 1686.0, "y": 3796.0}, {"i": 74, "x": 1712.0, "y": 5124.0}, {"i": 75, "x": 1726.0, "y": 1216.0}, {"i": 76, "x": 1734.0, "y": 5976.0}, {"i": 77, "x": 1770.0, "y": 476.0}, {"i": 78, "x": 1774.0, "y": 798.0}, {"i": 79, "x": 1780.0, "y": 1410.0}, {"i": 80, "x": 1800.0, "y": 2202.0}, {"i": 81, "x": 1802.0, "y": 884.0}, {"i": 82, "x": 1816.0, "y": 1182.0}, {"i": 83, "x": 1818.0, "y": 1388.0}, {"i": 84, "x": 1844.0, "y": 436.0}, {"i": 85, "x": 1858.0, "y": 1260.0}, {"i": 86, "x": 1858.0, "y": 1426.0}, {"i": 87, "x": 1862.0, "y": 1920.0}, {"i": 88, "x": 1884.0, "y": 1394.0}, {"i": 89, "x": 1924.0, "y": 896.0}, {"i": 90, "x": 1960.0, "y": 1330.0}, {"i": 91, "x": 1968.0, "y": 6064.0}, {"i": 92, "x": 1978.0, "y": 464.0}, {"i": 93, "x": 1982.0, "y": 608.0}, {"i": 94, "x": 1982.0, "y": 3530.0}, {"i": 95, "x": 1984.0, "y": 4666.0}, {"i": 96, "x": 1992.0, "y": 890.0}, {"i": 97, "x": 2022.0, "y": 1394.0}, {"i": 98, "x": 2042.0, "y": 5968.0}, {"i": 99, "x": 2062.0, "y": 5028.0}, {"i": 100, "x": 2070.0, "y": 2114.0}, {"i": 101, "x": 2076.0, "y": 6044.0}, {"i": 102, "x": 2090.0, "y": 5340.0}, {"i": 103, "x": 2120.0, "y": 4484.0}, {"i": 104, "x": 2124.0, "y": 1938.0}, {"i": 105, "x": 2126.0, "y": 5144.0}, {"i": 106, "x": 2132.0, "y": 5366.0}, {"i": 107, "x": 2152.0, "y": 210.0}, {"i": 108, "x": 2166.0, "y": 5182.0}, {"i": 109, "x": 2172.0, "y": 5880.0}, {"i": 110, "x": 2174.0, "y": 3650.0}, {"i": 111, "x": 2220.0, "y": 5186.0}, {"i": 112, "x": 2238.0, "y": 5234.0}, {"i": 113, "x": 2238.0, "y": 5240.0}, {"i": 114, "x": 2250.0, "y": 5016.0}, {"i": 115, "x": 2252.0, "y": 6204.0}, {"i": 116, "x": 2264.0, "y": 5118.0}, {"i": 117, "x": 2272.0, "y": 5298.0}, {"i": 118, "x": 2282.0, "y": 4568.0}, {"i": 119, "x": 2286.0, "y": 2058.0}, {"i": 120, "x": 2306.0, "y": 5280.0}, {"i": 121, "x": 2312.0, "y": 1562.0}, {"i": 122, "x": 2334.0, "y": 5324.0}, {"i": 123, "x": 2338.0, "y": 4830.0}, {"i": 124, "x": 2338.0, "y": 5286.0}, {"i": 125, "x": 2340.0, "y": 4590.0}, {"i": 126, "x": 2346.0, "y": 5210.0}, {"i": 127, "x": 2352.0, "y": 5110.0}, {"i": 128, "x": 2374.0, "y": 4914.0}, {"i": 129, "x": 2392.0, "y": 4628.0}, {"i": 130, "x": 2424.0, "y": 1456.0}, {"i": 131, "x": 2430.0, "y": 5074.0}, {"i": 132, "x": 2432.0, "y": 4902.0}, {"i": 133, "x": 2442.0, "y": 3268.0}, {"i": 134, "x": 2448.0, "y": 5708.0}, {"i": 135, "x": 2490.0, "y": 4982.0}, {"i": 136, "x": 2498.0, "y": 5160.0}, {"i": 137, "x": 2516.0, "y": 2022.0}, {"i": 138, "x": 2526.0, "y": 4094.0}, {"i": 139, "x": 2526.0, "y": 5140.0}, {"i": 140, "x": 2528.0, "y": 5272.0}, {"i": 141, "x": 2540.0, "y": 3636.0}, {"i": 142, "x": 2544.0, "y": 5322.0}, {"i": 143, "x": 2546.0, "y": 3634.0}, {"i": 144, "x": 2554.0, "y": 5186.0}, {"i": 145, "x": 2564.0, "y": 5708.0}, {"i": 146, "x": 2570.0, "y": 5702.0}, {"i": 147, "x": 2630.0, "y": 4444.0}, {"i": 148, "x": 2632.0, "y": 5242.0}, {"i": 149, "x": 2636.0, "y": 584.0}, {"i": 150, "x": 2638.0, "y": 3628.0}, {"i": 151, "x": 2650.0, "y": 4772.0}, {"i": 152, "x": 2656.0, "y": 4450.0}, {"i": 153, "x": 2656.0, "y": 4674.0}, {"i": 154, "x": 2660.0, "y": 588.0}, {"i": 155, "x": 2672.0, "y": 1260.0}, {"i": 156, "x": 2676.0, "y": 3056.0}, {"i": 157, "x": 2682.0, "y": 4438.0}, {"i": 158, "x": 2694.0, "y": 4478.0}, {"i": 159, "x": 2696.0, "y": 5578.0}, {"i": 160, "x": 2716.0, "y": 5324.0}, {"i": 161, "x": 2718.0, "y": 5286.0}, {"i": 162, "x": 2754.0, "y": 710.0}, {"i": 163, "x": 2764.0, "y": 3622.0}, {"i": 164, "x": 2770.0, "y": 1672.0}, {"i": 165, "x": 2770.0, "y": 4728.0}, {"i": 166, "x": 2774.0, "y": 4928.0}, {"i": 167, "x": 2784.0, "y": 2636.0}, {"i": 168, "x": 2812.0, "y": 4770.0}, {"i": 169, "x": 2816.0, "y": 1004.0}, {"i": 170, "x": 2816.0, "y": 4576.0}, {"i": 171, "x": 2818.0, "y": 4674.0}, {"i": 172, "x": 2824.0, "y": 982.0}, {"i": 173, "x": 2836.0, "y": 1076.0}, {"i": 174, "x": 2840.0, "y": 4920.0}, {"i": 175, "x": 2860.0, "y": 1150.0}, {"i": 176, "x": 2862.0, "y": 5344.0}, {"i": 177, "x": 2866.0, "y": 4648.0}, {"i": 178, "x": 2870.0, "y": 982.0}, {"i": 179, "x": 2870.0, "y": 2184.0}, {"i": 180, "x": 2890.0, "y": 5320.0}, {"i": 181, "x": 2908.0, "y": 4778.0}, {"i": 182, "x": 2910.0, "y": 2664.0}, {"i": 183, "x": 2918.0, "y": 1076.0}, {"i": 184, "x": 2920.0, "y": 1082.0}, {"i": 185, "x": 2938.0, "y": 3296.0}, {"i": 186, "x": 2938.0, "y": 3870.0}, {"i": 187, "x": 2948.0, "y": 894.0}, {"i": 188, "x": 2952.0, "y": 2294.0}, {"i": 189, "x": 2964.0, "y": 4566.0}, {"i": 190, "x": 2986.0, "y": 3822.0}, {"i": 191, "x": 2996.0, "y": 4570.0}, {"i": 192, "x": 3014.0, "y": 4946.0}, {"i": 193, "x": 3016.0, "y": 818.0}, {"i": 194, "x": 3030.0, "y": 2644.0}, {"i": 195, "x": 3032.0, "y": 802.0}, {"i": 196, "x": 3032.0, "y": 4828.0}, {"i": 197, "x": 3038.0, "y": 3716.0}, {"i": 198, "x": 3040.0, "y": 5004.0}, {"i": 199, "x": 3046.0, "y": 4756.0}, {"i": 200, "x": 3052.0, "y": 3368.0}, {"i": 201, "x": 3052.0, "y": 5002.0}, {"i": 202, "x": 3054.0, "y": 4608.0}, {"i": 203, "x": 3072.0, "y": 3936.0}, {"i": 204, "x": 3094.0, "y": 5146.0}, {"i": 205, "x": 3096.0, "y": 5152.0}, {"i": 206, "x": 3112.0, "y": 5150.0}, {"i": 207, "x": 3188.0, "y": 2472.0}, {"i": 208, "x": 3188.0, "y": 4546.0}, {"i": 209, "x": 3198.0, "y": 3398.0}, {"i": 210, "x": 3198.0, "y": 4082.0}, {"i": 211, "x": 3226.0, "y": 6372.0}, {"i": 212, "x": 3236.0, "y": 4010.0}, {"i": 213, "x": 3302.0, "y": 4850.0}, {"i": 214, "x": 3314.0, "y": 4006.0}, {"i": 215, "x": 3334.0, "y": 4734.0}, {"i": 216, "x": 3354.0, "y": 1582.0}, {"i": 217, "x": 3372.0, "y": 2246.0}, {"i": 218, "x": 3374.0, "y": 888.0}, {"i": 219, "x": 3384.0, "y": 2254.0}, {"i": 220, "x": 3420.0, "y": 58.0}, {"i": 221, "x": 3432.0, "y": 1906.0}, {"i": 222, "x": 3444.0, "y": 2258.0}, {"i": 223, "x": 3462.0, "y": 7062.0}, {"i": 224, "x": 3512.0, "y": 1634.0}, {"i": 225, "x": 3520.0, "y": 3978.0}, {"i": 226, "x": 3526.0, "y": 3484.0}, {"i": 227, "x": 3528.0, "y": 3890.0}, {"i": 228, "x": 3534.0, "y": 3836.0}, {"i": 229, "x": 3552.0, "y": 3578.0}, {"i": 230, "x": 3556.0, "y": 3574.0}, {"i": 231, "x": 3558.0, "y": 1654.0}, {"i": 232, "x": 3558.0, "y": 3888.0}, {"i": 233, "x": 3582.0, "y": 3576.0}, {"i": 234, "x": 3588.0, "y": 3768.0}, {"i": 235, "x": 3606.0, "y": 1680.0}, {"i": 236, "x": 3610.0, "y": 3812.0}, {"i": 237, "x": 3666.0, "y": 3880.0}, {"i": 238, "x": 3696.0, "y": 3808.0}, {"i": 239, "x": 3698.0, "y": 3976.0}, {"i": 240, "x": 3704.0, "y": 2254.0}, {"i": 241, "x": 3708.0, "y": 2210.0}, {"i": 242, "x": 3712.0, "y": 4392.0}, {"i": 243, "x": 3714.0, "y": 4370.0}, {"i": 244, "x": 3722.0, "y": 2178.0}, {"i": 245, "x": 3726.0, "y": 1058.0}, {"i": 246, "x": 3726.0, "y": 1758.0}, {"i": 247, "x": 3728.0, "y": 2184.0}, {"i": 248, "x": 3742.0, "y": 3838.0}, {"i": 249, "x": 3754.0, "y": 1992.0}, {"i": 250, "x": 3760.0, "y": 4154.0}, {"i": 251, "x": 3760.0, "y": 4456.0}, {"i": 252, "x": 3784.0, "y": 4356.0}, {"i": 253, "x": 3786.0, "y": 3762.0}, {"i": 254, "x": 3790.0, "y": 3896.0}, {"i": 255, "x": 3792.0, "y": 4536.0}, {"i": 256, "x": 3806.0, "y": 4492.0}, {"i": 257, "x": 3828.0, "y": 4826.0}, {"i": 258, "x": 3830.0, "y": 3598.0}, {"i": 259, "x": 3832.0, "y": 220.0}, {"i": 260, "x": 3856.0, "y": 2152.0}, {"i": 261, "x": 3858.0, "y": 4446.0}, {"i": 262, "x": 3862.0, "y": 4294.0}, {"i": 263, "x": 3886.0, "y": 4400.0}, {"i": 264, "x": 3896.0, "y": 208.0}, {"i": 265, "x": 3898.0, "y": 4382.0}, {"i": 266, "x": 3902.0, "y": 3706.0}, {"i": 267, "x": 3922.0, "y": 2240.0}, {"i": 268, "x": 3934.0, "y": 206.0}, {"i": 269, "x": 3948.0, "y": 204.0}, {"i": 270, "x": 3964.0, "y": 2700.0}, {"i": 271, "x": 3978.0, "y": 2892.0}, {"i": 272, "x": 3994.0, "y": 4410.0}, {"i": 273, "x": 4014.0, "y": 186.0}, {"i": 274, "x": 4030.0, "y": 200.0}, {"i": 275, "x": 4030.0, "y": 2230.0}, {"i": 276, "x": 4030.0, "y": 3044.0}, {"i": 277, "x": 4064.0, "y": 192.0}, {"i": 278, "x": 4066.0, "y": 4320.0}, {"i": 279, "x": 4088.0, "y": 4070.0}, {"i": 280, "x": 4138.0, "y": 2310.0}, {"i": 281, "x": 4146.0, "y": 4486.0}, {"i": 282, "x": 4164.0, "y": 4352.0}, {"i": 283, "x": 4174.0, "y": 3690.0}, {"i": 284, "x": 4192.0, "y": 4224.0}, {"i": 285, "x": 4194.0, "y": 4466.0}, {"i": 286, "x": 4204.0, "y": 4738.0}, {"i": 287, "x": 4214.0, "y": 4488.0}, {"i": 288, "x": 4220.0, "y": 3182.0}, {"i": 289, "x": 4226.0, "y": 2834.0}, {"i": 290, "x": 4226.0, "y": 2882.0}, {"i": 291, "x": 4252.0, "y": 46.0}, {"i": 292, "x": 4254.0, "y": 4370.0}, {"i": 293, "x": 4284.0, "y": 4570.0}, {"i": 294, "x": 4300.0, "y": 4536.0}, {"i": 295, "x": 4320.0, "y": 4512.0}, {"i": 296, "x": 4320.0, "y": 4522.0}, {"i": 297, "x": 4328.0, "y": 3246.0}, {"i": 298, "x": 4358.0, "y": 3560.0}, {"i": 299, "x": 4370.0, "y": 234.0}, {"i": 300, "x": 4376.0, "y": 4528.0}, {"i": 301, "x": 4384.0, "y": 4342.0}, {"i": 302, "x": 4388.0, "y": 4622.0}, {"i": 303, "x": 4390.0, "y": 172.0}, {"i": 304, "x": 4392.0, "y": 2304.0}, {"i": 305, "x": 4392.0, "y": 4626.0}, {"i": 306, "x": 4398.0, "y": 2958.0}, {"i": 307, "x": 4398.0, "y": 4798.0}, {"i": 308, "x": 4400.0, "y": 4686.0}, {"i": 309, "x": 4406.0, "y": 4910.0}, {"i": 310, "x": 4418.0, "y": 2824.0}, {"i": 311, "x": 4422.0, "y": 4860.0}, {"i": 312, "x": 4440.0, "y": 2386.0}, {"i": 313, "x": 4462.0, "y": 4196.0}, {"i": 314, "x": 4470.0, "y": 3924.0}, {"i": 315, "x": 4474.0, "y": 2512.0}, {"i": 316, "x": 4484.0, "y": 2984.0}, {"i": 317, "x": 4488.0, "y": 2870.0}, {"i": 318, "x": 4492.0, "y": 4700.0}, {"i": 319, "x": 4506.0, "y": 2382.0}, {"i": 320, "x": 4510.0, "y": 4936.0}, {"i": 321, "x": 4534.0, "y": 4520.0}, {"i": 322, "x": 4540.0, "y": 3136.0}, {"i": 323, "x": 4546.0, "y": 4604.0}, {"i": 324, "x": 4552.0, "y": 2262.0}, {"i": 325, "x": 4558.0, "y": 2204.0}, {"i": 326, "x": 4572.0, "y": 6974.0}, {"i": 327, "x": 4588.0, "y": 4888.0}, {"i": 328, "x": 4592.0, "y": 4610.0}, {"i": 329, "x": 4598.0, "y": 2182.0}, {"i": 330, "x": 4608.0, "y": 2242.0}, {"i": 331, "x": 4618.0, "y": 2200.0}, {"i": 332, "x": 4634.0, "y": 4556.0}, {"i": 333, "x": 4636.0, "y": 2894.0}, {"i": 334, "x": 4648.0, "y": 3164.0}, {"i": 335, "x": 4672.0, "y": 2170.0}, {"i": 336, "x": 4682.0, "y": 4910.0}, {"i": 337, "x": 4684.0, "y": 4784.0}, {"i": 338, "x": 4688.0, "y": 2672.0}, {"i": 339, "x": 4702.0, "y": 4402.0}, {"i": 340, "x": 4702.0, "y": 6820.0}, {"i": 341, "x": 4704.0, "y": 6824.0}, {"i": 342, "x": 4704.0, "y": 6868.0}, {"i": 343, "x": 4706.0, "y": 4042.0}, {"i": 344, "x": 4708.0, "y": 4424.0}, {"i": 345, "x": 4714.0, "y": 2748.0}, {"i": 346, "x": 4744.0, "y": 4766.0}, {"i": 347, "x": 4756.0, "y": 2478.0}, {"i": 348, "x": 4756.0, "y": 4922.0}, {"i": 349, "x": 4768.0, "y": 4742.0}, {"i": 350, "x": 4774.0, "y": 240.0}, {"i": 351, "x": 4796.0, "y": 2842.0}, {"i": 352, "x": 4804.0, "y": 4546.0}, {"i": 353, "x": 4806.0, "y": 4526.0}, {"i": 354, "x": 4824.0, "y": 2212.0}, {"i": 355, "x": 4826.0, "y": 2566.0}, {"i": 356, "x": 4826.0, "y": 2574.0}, {"i": 357, "x": 4830.0, "y": 4658.0}, {"i": 358, "x": 4836.0, "y": 4600.0}, {"i": 359, "x": 4846.0, "y": 2170.0}, {"i": 360, "x": 4846.0, "y": 4800.0}, {"i": 361, "x": 4904.0, "y": 4010.0}, {"i": 362, "x": 4932.0, "y": 4094.0}, {"i": 363, "x": 4938.0, "y": 22.0}, {"i": 364, "x": 4938.0, "y": 3682.0}, {"i": 365, "x": 4954.0, "y": 4402.0}, {"i": 366, "x": 4954.0, "y": 4616.0}, {"i": 367, "x": 4958.0, "y": 86.0}, {"i": 368, "x": 4968.0, "y": 3218.0}, {"i": 369, "x": 4970.0, "y": 3014.0}, {"i": 370, "x": 4980.0, "y": 4126.0}, {"i": 371, "x": 4994.0, "y": 4666.0}, {"i": 372, "x": 5012.0, "y": 3964.0}, {"i": 373, "x": 5030.0, "y": 2236.0}, {"i": 374, "x": 5036.0, "y": 3562.0}, {"i": 375, "x": 5052.0, "y": 4572.0}, {"i": 376, "x": 5060.0, "y": 3436.0}, {"i": 377, "x": 5060.0, "y": 4512.0}, {"i": 378, "x": 5084.0, "y": 6632.0}, {"i": 379, "x": 5088.0, "y": 3340.0}, {"i": 380, "x": 5098.0, "y": 264.0}, {"i": 381, "x": 5110.0, "y": 3144.0}, {"i": 382, "x": 5112.0, "y": 264.0}, {"i": 383, "x": 5126.0, "y": 3958.0}, {"i": 384, "x": 5140.0, "y": 3608.0}, {"i": 385, "x": 5158.0, "y": 3404.0}, {"i": 386, "x": 5158.0, "y": 4542.0}, {"i": 387, "x": 5164.0, "y": 4670.0}, {"i": 388, "x": 5174.0, "y": 3468.0}, {"i": 389, "x": 5202.0, "y": 4434.0}, {"i": 390, "x": 5210.0, "y": 4868.0}, {"i": 391, "x": 5214.0, "y": 2540.0}, {"i": 392, "x": 5222.0, "y": 3354.0}, {"i": 393, "x": 5232.0, "y": 3830.0}, {"i": 394, "x": 5248.0, "y": 3952.0}, {"i": 395, "x": 5270.0, "y": 2464.0}, {"i": 396, "x": 5270.0, "y": 3818.0}, {"i": 397, "x": 5272.0, "y": 2500.0}, {"i": 398, "x": 5276.0, "y": 2354.0}, {"i": 399, "x": 5290.0, "y": 2528.0}, {"i": 400, "x": 5302.0, "y": 4800.0}, {"i": 401, "x": 5308.0, "y": 254.0}, {"i": 402, "x": 5342.0, "y": 6634.0}, {"i": 403, "x": 5346.0, "y": 3392.0}, {"i": 404, "x": 5348.0, "y": 2694.0}, {"i": 405, "x": 5360.0, "y": 4568.0}, {"i": 406, "x": 5360.0, "y": 4694.0}, {"i": 407, "x": 5376.0, "y": 4418.0}, {"i": 408, "x": 5378.0, "y": 2786.0}, {"i": 409, "x": 5388.0, "y": 4880.0}, {"i": 410, "x": 5394.0, "y": 3344.0}, {"i": 411, "x": 5398.0, "y": 3930.0}, {"i": 412, "x": 5402.0, "y": 2384.0}, {"i": 413, "x": 5408.0, "y": 3644.0}, {"i": 414, "x": 5422.0, "y": 4066.0}, {"i": 415, "x": 5430.0, "y": 146.0}, {"i": 416, "x": 5438.0, "y": 2382.0}, {"i": 417, "x": 5474.0, "y": 4862.0}, {"i": 418, "x": 5476.0, "y": 5004.0}, {"i": 419, "x": 5480.0, "y": 3910.0}, {"i": 420, "x": 5486.0, "y": 4420.0}, {"i": 421, "x": 5494.0, "y": 4858.0}, {"i": 422, "x": 5506.0, "y": 2618.0}, {"i": 423, "x": 5506.0, "y": 4246.0}, {"i": 424, "x": 5530.0, "y": 2844.0}, {"i": 425, "x": 5554.0, "y": 4228.0}, {"i": 426, "x": 5558.0, "y": 4796.0}, {"i": 427, "x": 5568.0, "y": 3352.0}, {"i": 428, "x": 5568.0, "y": 4222.0}, {"i": 429, "x": 5568.0, "y": 4230.0}, {"i": 430, "x": 5568.0, "y": 5254.0}, {"i": 431, "x": 5572.0, "y": 7064.0}, {"i": 432, "x": 5576.0, "y": 1056.0}, {"i": 433, "x": 5582.0, "y": 2930.0}, {"i": 434, "x": 5584.0, "y": 4888.0}, {"i": 435, "x": 5588.0, "y": 5858.0}, {"i": 436, "x": 5592.0, "y": 1402.0}, {"i": 437, "x": 5614.0, "y": 4254.0}, {"i": 438, "x": 5616.0, "y": 3606.0}, {"i": 439, "x": 5616.0, "y": 4204.0}, {"i": 440, "x": 5624.0, "y": 5118.0}, {"i": 441, "x": 5626.0, "y": 5122.0}, {"i": 442, "x": 5642.0, "y": 6740.0}, {"i": 443, "x": 5644.0, "y": 3528.0}, {"i": 444, "x": 5646.0, "y": 3982.0}, {"i": 445, "x": 5648.0, "y": 3928.0}, {"i": 446, "x": 5652.0, "y": 2514.0}, {"i": 447, "x": 5654.0, "y": 2834.0}, {"i": 448, "x": 5662.0, "y": 2960.0}, {"i": 449, "x": 5672.0, "y": 1250.0}, {"i": 450, "x": 5718.0, "y": 3968.0}, {"i": 451, "x": 5728.0, "y": 2698.0}, {"i": 452, "x": 5734.0, "y": 2928.0}, {"i": 453, "x": 5742.0, "y": 2964.0}, {"i": 454, "x": 5746.0, "y": 6044.0}, {"i": 455, "x": 5752.0, "y": 3462.0}, {"i": 456, "x": 5758.0, "y": 2922.0}, {"i": 457, "x": 5762.0, "y": 976.0}, {"i": 458, "x": 5764.0, "y": 1572.0}, {"i": 459, "x": 5764.0, "y": 2744.0}, {"i": 460, "x": 5764.0, "y": 4704.0}, {"i": 461, "x": 5778.0, "y": 2974.0}, {"i": 462, "x": 5778.0, "y": 6866.0}, {"i": 463, "x": 5780.0, "y": 4796.0}, {"i": 464, "x": 5792.0, "y": 2832.0}, {"i": 465, "x": 5840.0, "y": 2510.0}, {"i": 466, "x": 5846.0, "y": 2808.0}, {"i": 467, "x": 5852.0, "y": 3836.0}, {"i": 468, "x": 5874.0, "y": 194.0}, {"i": 469, "x": 5892.0, "y": 3562.0}, {"i": 470, "x": 5896.0, "y": 2792.0}, {"i": 471, "x": 5896.0, "y": 3466.0}, {"i": 472, "x": 5896.0, "y": 4924.0}, {"i": 473, "x": 5898.0, "y": 7092.0}, {"i": 474, "x": 5900.0, "y": 5304.0}, {"i": 475, "x": 5906.0, "y": 1370.0}, {"i": 476, "x": 5908.0, "y": 3430.0}, {"i": 477, "x": 5910.0, "y": 262.0}, {"i": 478, "x": 5916.0, "y": 4922.0}, {"i": 479, "x": 5920.0, "y": 3464.0}, {"i": 480, "x": 5922.0, "y": 3686.0}, {"i": 481, "x": 5940.0, "y": 3628.0}, {"i": 482, "x": 5948.0, "y": 2420.0}, {"i": 483, "x": 5954.0, "y": 2752.0}, {"i": 484, "x": 5956.0, "y": 4276.0}, {"i": 485, "x": 5964.0, "y": 2830.0}, {"i": 486, "x": 5974.0, "y": 5274.0}, {"i": 487, "x": 5974.0, "y": 5280.0}, {"i": 488, "x": 5974.0, "y": 6382.0}, {"i": 489, "x": 5978.0, "y": 5342.0}, {"i": 490, "x": 6002.0, "y": 6076.0}, {"i": 491, "x": 6006.0, "y": 2790.0}, {"i": 492, "x": 6012.0, "y": 2826.0}, {"i": 493, "x": 6020.0, "y": 2824.0}, {"i": 494, "x": 6024.0, "y": 2880.0}, {"i": 495, "x": 6034.0, "y": 3820.0}, {"i": 496, "x": 6036.0, "y": 2946.0}, {"i": 497, "x": 6042.0, "y": 3810.0}, {"i": 498, "x": 6052.0, "y": 2804.0}, {"i": 499, "x": 6070.0, "y": 7148.0}, {"i": 500, "x": 6080.0, "y": 6952.0}, {"i": 501, "x": 6082.0, "y": 2604.0}, {"i": 502, "x": 6084.0, "y": 7040.0}, {"i": 503, "x": 6092.0, "y": 4486.0}, {"i": 504, "x": 6136.0, "y": 6950.0}, {"i": 505, "x": 6142.0, "y": 2326.0}, {"i": 506, "x": 6166.0, "y": 2486.0}, {"i": 507, "x": 6188.0, "y": 3550.0}, {"i": 508, "x": 6196.0, "y": 2832.0}, {"i": 509, "x": 6216.0, "y": 7182.0}, {"i": 510, "x": 6228.0, "y": 3654.0}, {"i": 511, "x": 6240.0, "y": 2182.0}, {"i": 512, "x": 6242.0, "y": 7052.0}, {"i": 513, "x": 6252.0, "y": 2710.0}, {"i": 514, "x": 6266.0, "y": 2394.0}, {"i": 515, "x": 6276.0, "y": 6966.0}, {"i": 516, "x": 6290.0, "y": 2590.0}, {"i": 517, "x": 6294.0, "y": 4230.0}, {"i": 518, "x": 6296.0, "y": 2006.0}, {"i": 519, "x": 6302.0, "y": 7120.0}, {"i": 520, "x": 6336.0, "y": 2032.0}, {"i": 521, "x": 6362.0, "y": 2176.0}, {"i": 522, "x": 6364.0, "y": 3124.0}, {"i": 523, "x": 6374.0, "y": 2320.0}, {"i": 524, "x": 6378.0, "y": 3152.0}, {"i": 525, "x": 6382.0, "y": 2720.0}, {"i": 526, "x": 6396.0, "y": 2580.0}, {"i": 527, "x": 6404.0, "y": 6932.0}, {"i": 528, "x": 6422.0, "y": 2666.0}, {"i": 529, "x": 6428.0, "y": 3658.0}, {"i": 530, "x": 6468.0, "y": 2630.0}, {"i": 531, "x": 6494.0, "y": 6972.0}, {"i": 532, "x": 6506.0, "y": 2500.0}, {"i": 533, "x": 6538.0, "y": 2832.0}, {"i": 534, "x": 6546.0, "y": 2538.0}, {"i": 535, "x": 6552.0, "y": 6508.0}, {"i": 536, "x": 6592.0, "y": 2664.0}, {"i": 537, "x": 6598.0, "y": 2882.0}, {"i": 538, "x": 6600.0, "y": 5842.0}, {"i": 539, "x": 6602.0, "y": 6556.0}, {"i": 540, "x": 6612.0, "y": 6482.0}, {"i": 541, "x": 6616.0, "y": 1794.0}, {"i": 542, "x": 6630.0, "y": 3520.0}, {"i": 543, "x": 6634.0, "y": 6406.0}, {"i": 544, "x": 6638.0, "y": 5776.0}, {"i": 545, "x": 6644.0, "y": 1722.0}, {"i": 546, "x": 6648.0, "y": 2094.0}, {"i": 547, "x": 6652.0, "y": 2538.0}, {"i": 548, "x": 6670.0, "y": 4702.0}, {"i": 549, "x": 6686.0, "y": 2432.0}, {"i": 550, "x": 6718.0, "y": 4606.0}, {"i": 551, "x": 6722.0, "y": 4918.0}, {"i": 552, "x": 6724.0, "y": 4450.0}, {"i": 553, "x": 6738.0, "y": 3894.0}, {"i": 554, "x": 6740.0, "y": 1792.0}, {"i": 555, "x": 6742.0, "y": 2436.0}, {"i": 556, "x": 6744.0, "y": 5900.0}, {"i": 557, "x": 6760.0, "y": 2946.0}, {"i": 558, "x": 6770.0, "y": 2962.0}, {"i": 559, "x": 6778.0, "y": 2356.0}, {"i": 560, "x": 6782.0, "y": 3768.0}, {"i": 561, "x": 6796.0, "y": 2316.0}, {"i": 562, "x": 6812.0, "y": 2914.0}, {"i": 563, "x": 6828.0, "y": 2078.0}, {"i": 564, "x": 6848.0, "y": 1712.0}, {"i": 565, "x": 6856.0, "y": 4422.0}, {"i": 566, "x": 6870.0, "y": 6212.0}, {"i": 567, "x": 6872.0, "y": 6026.0}, {"i": 568, "x": 6876.0, "y": 2326.0}, {"i": 569, "x": 6882.0, "y": 1746.0}, {"i": 570, "x": 6886.0, "y": 3040.0}, {"i": 571, "x": 6900.0, "y": 3046.0}, {"i": 572, "x": 6916.0, "y": 1888.0}, {"i": 573, "x": 6920.0, "y": 3826.0}, {"i": 574, "x": 6932.0, "y": 3002.0}, {"i": 575, "x": 6940.0, "y": 1716.0}, {"i": 576, "x": 6972.0, "y": 5256.0}, {"i": 577, "x": 6972.0, "y": 5910.0}, {"i": 578, "x": 6976.0, "y": 2312.0}, {"i": 579, "x": 6982.0, "y": 2964.0}, {"i": 580, "x": 6988.0, "y": 2950.0}, {"i": 581, "x": 7018.0, "y": 2992.0}, {"i": 582, "x": 7044.0, "y": 5890.0}, {"i": 583, "x": 7054.0, "y": 3662.0}, {"i": 584, "x": 7070.0, "y": 5436.0}, {"i": 585, "x": 7072.0, "y": 4974.0}, {"i": 586, "x": 7074.0, "y": 4538.0}, {"i": 587, "x": 7074.0, "y": 4546.0}, {"i": 588, "x": 7076.0, "y": 5028.0}, {"i": 589, "x": 7076.0, "y": 6130.0}, {"i": 590, "x": 7080.0, "y": 3590.0}, {"i": 591, "x": 7090.0, "y": 4380.0}, {"i": 592, "x": 7094.0, "y": 2986.0}, {"i": 593, "x": 7096.0, "y": 4526.0}, {"i": 594, "x": 7098.0, "y": 2112.0}, {"i": 595, "x": 7098.0, "y": 2902.0}, {"i": 596, "x": 7126.0, "y": 4372.0}, {"i": 597, "x": 7134.0, "y": 2032.0}, {"i": 598, "x": 7142.0, "y": 2866.0}, {"i": 599, "x": 7172.0, "y": 1630.0}, {"i": 600, "x": 7176.0, "y": 4918.0}, {"i": 601, "x": 7180.0, "y": 1930.0}, {"i": 602, "x": 7218.0, "y": 4266.0}, {"i": 603, "x": 7220.0, "y": 2744.0}, {"i": 604, "x": 7230.0, "y": 1442.0}, {"i": 605, "x": 7230.0, "y": 1452.0}, {"i": 606, "x": 7242.0, "y": 596.0}, {"i": 607, "x": 7244.0, "y": 6450.0}, {"i": 608, "x": 7254.0, "y": 1442.0}, {"i": 609, "x": 7254.0, "y": 5222.0}, {"i": 610, "x": 7258.0, "y": 414.0}, {"i": 611, "x": 7266.0, "y": 5370.0}, {"i": 612, "x": 7276.0, "y": 328.0}, {"i": 613, "x": 7280.0, "y": 1606.0}, {"i": 614, "x": 7284.0, "y": 3678.0}, {"i": 615, "x": 7296.0, "y": 1572.0}, {"i": 616, "x": 7320.0, "y": 272.0}, {"i": 617, "x": 7328.0, "y": 3192.0}, {"i": 618, "x": 7332.0, "y": 1452.0}, {"i": 619, "x": 7334.0, "y": 3892.0}, {"i": 620, "x": 7336.0, "y": 1850.0}, {"i": 621, "x": 7344.0, "y": 3824.0}, {"i": 622, "x": 7358.0, "y": 490.0}, {"i": 623, "x": 7364.0, "y": 2766.0}, {"i": 624, "x": 7366.0, "y": 7002.0}, {"i": 625, "x": 7378.0, "y": 1412.0}, {"i": 626, "x": 7390.0, "y": 4972.0}, {"i": 627, "x": 7394.0, "y": 4618.0}, {"i": 628, "x": 7400.0, "y": 4198.0}, {"i": 629, "x": 7424.0, "y": 268.0}, {"i": 630, "x": 7426.0, "y": 3358.0}, {"i": 631, "x": 7474.0, "y": 464.0}, {"i": 632, "x": 7478.0, "y": 246.0}, {"i": 633, "x": 7488.0, "y": 3162.0}, {"i": 634, "x": 7500.0, "y": 1528.0}, {"i": 635, "x": 7506.0, "y": 4466.0}, {"i": 636, "x": 7510.0, "y": 1450.0}, {"i": 637, "x": 7516.0, "y": 1544.0}, {"i": 638, "x": 7518.0, "y": 1382.0}, {"i": 639, "x": 7526.0, "y": 442.0}, {"i": 640, "x": 7530.0, "y": 518.0}, {"i": 641, "x": 7534.0, "y": 4806.0}, {"i": 642, "x": 7546.0, "y": 3778.0}, {"i": 643, "x": 7562.0, "y": 308.0}, {"i": 644, "x": 7578.0, "y": 2656.0}, {"i": 645, "x": 7588.0, "y": 1606.0}, {"i": 646, "x": 7636.0, "y": 2464.0}, {"i": 647, "x": 7650.0, "y": 3328.0}, {"i": 648, "x": 7664.0, "y": 1270.0}, {"i": 649, "x": 7670.0, "y": 672.0}, {"i": 650, "x": 7670.0, "y": 4478.0}, {"i": 651, "x": 7682.0, "y": 4452.0}, {"i": 652, "x": 7708.0, "y": 1198.0}, {"i": 653, "x": 7716.0, "y": 3312.0}, {"i": 654, "x": 7746.0, "y": 4436.0}, {"i": 655, "x": 7748.0, "y": 4072.0}, {"i": 656, "x": 7760.0, "y": 6498.0}, {"i": 657, "x": 7776.0, "y": 4574.0}, {"i": 658, "x": 7780.0, "y": 5402.0}, {"i": 659, "x": 7782.0, "y": 3038.0}, {"i": 660, "x": 7786.0, "y": 2788.0}, {"i": 661, "x": 7794.0, "y": 812.0}, {"i": 662, "x": 7810.0, "y": 5052.0}, {"i": 663, "x": 7816.0, "y": 816.0}, {"i": 664, "x": 7828.0, "y": 2956.0}, {"i": 665, "x": 7842.0, "y": 738.0}, {"i": 666, "x": 7842.0, "y": 2908.0}, {"i": 667, "x": 7848.0, "y": 4608.0}, {"i": 668, "x": 7870.0, "y": 1292.0}, {"i": 669, "x": 7882.0, "y": 3546.0}, {"i": 670, "x": 7894.0, "y": 4454.0}, {"i": 671, "x": 7918.0, "y": 3074.0}, {"i": 672, "x": 7918.0, "y": 4488.0}, {"i": 673, "x": 7932.0, "y": 704.0}, {"i": 674, "x": 7936.0, "y": 802.0}, {"i": 675, "x": 8064.0, "y": 1498.0}, {"i": 676, "x": 8074.0, "y": 4158.0}, {"i": 677, "x": 8094.0, "y": 4186.0}, {"i": 678, "x": 8112.0, "y": 4908.0}, {"i": 679, "x": 8116.0, "y": 4932.0}, {"i": 680, "x": 8120.0, "y": 4104.0}, {"i": 681, "x": 8122.0, "y": 3622.0}, {"i": 682, "x": 8170.0, "y": 5176.0}, {"i": 683, "x": 8178.0, "y": 4086.0}, {"i": 684, "x": 8198.0, "y": 5020.0}, {"i": 685, "x": 8210.0, "y": 3240.0}, {"i": 686, "x": 8248.0, "y": 7060.0}, {"i": 687, "x": 8256.0, "y": 3070.0}, {"i": 688, "x": 8260.0, "y": 1410.0}, {"i": 689, "x": 8268.0, "y": 1374.0}, {"i": 690, "x": 8278.0, "y": 3494.0}, {"i": 691, "x": 8306.0, "y": 7052.0}, {"i": 692, "x": 8336.0, "y": 4290.0}, {"i": 693, "x": 8352.0, "y": 2174.0}, {"i": 694, "x": 8356.0, "y": 3282.0}, {"i": 695, "x": 8356.0, "y": 5136.0}, {"i": 696, "x": 8362.0, "y": 3708.0}, {"i": 697, "x": 8368.0, "y": 4922.0}, {"i": 698, "x": 8440.0, "y": 6992.0}, {"i": 699, "x": 8444.0, "y": 5312.0}, {"i": 700, "x": 8450.0, "y": 2366.0}, {"i": 701, "x": 8454.0, "y": 4864.0}, {"i": 702, "x": 8460.0, "y": 4228.0}, {"i": 703, "x": 8464.0, "y": 4870.0}, {"i": 704, "x": 8466.0, "y": 3328.0}, {"i": 705, "x": 8478.0, "y": 3654.0}, {"i": 706, "x": 8478.0, "y": 4396.0}, {"i": 707, "x": 8484.0, "y": 3444.0}, {"i": 708, "x": 8492.0, "y": 6982.0}, {"i": 709, "x": 8500.0, "y": 4134.0}, {"i": 710, "x": 8506.0, "y": 1184.0}, {"i": 711, "x": 8518.0, "y": 5198.0}, {"i": 712, "x": 8522.0, "y": 5516.0}, {"i": 713, "x": 8526.0, "y": 4418.0}, {"i": 714, "x": 8526.0, "y": 5496.0}, {"i": 715, "x": 8550.0, "y": 6996.0}, {"i": 716, "x": 8552.0, "y": 4806.0}, {"i": 717, "x": 8554.0, "y": 5106.0}, {"i": 718, "x": 8556.0, "y": 4154.0}, {"i": 719, "x": 8568.0, "y": 5156.0}, {"i": 720, "x": 8598.0, "y": 2564.0}, {"i": 721, "x": 8618.0, "y": 4206.0}, {"i": 722, "x": 8684.0, "y": 3534.0}, {"i": 723, "x": 8688.0, "y": 5312.0}, {"i": 724, "x": 8698.0, "y": 2900.0}, {"i": 725, "x": 8708.0, "y": 4412.0}, {"i": 726, "x": 8710.0, "y": 4298.0}, {"i": 727, "x": 8712.0, "y": 2858.0}, {"i": 728, "x": 8712.0, "y": 3384.0}, {"i": 729, "x": 8746.0, "y": 1916.0}, {"i": 730, "x": 8752.0, "y": 3472.0}, {"i": 731, "x": 8752.0, "y": 3480.0}, {"i": 732, "x": 8762.0, "y": 4162.0}, {"i": 733, "x": 8774.0, "y": 3430.0}, {"i": 734, "x": 8806.0, "y": 5364.0}, {"i": 735, "x": 8836.0, "y": 2652.0}, {"i": 736, "x": 8842.0, "y": 2650.0}, {"i": 737, "x": 8876.0, "y": 3302.0}, {"i": 738, "x": 8886.0, "y": 1716.0}, {"i": 739, "x": 8892.0, "y": 1622.0}, {"i": 740, "x": 8892.0, "y": 5156.0}, {"i": 741, "x": 8896.0, "y": 1122.0}, {"i": 742, "x": 8898.0, "y": 4262.0}, {"i": 743, "x": 8910.0, "y": 1592.0}, {"i": 744, "x": 8956.0, "y": 4526.0}, {"i": 745, "x": 8960.0, "y": 1428.0}, {"i": 746, "x": 8976.0, "y": 4210.0}, {"i": 747, "x": 9020.0, "y": 3390.0}, {"i": 748, "x": 9034.0, "y": 4202.0}, {"i": 749, "x": 9084.0, "y": 1000.0}, {"i": 750, "x": 9084.0, "y": 2954.0}, {"i": 751, "x": 9084.0, "y": 5666.0}, {"i": 752, "x": 9096.0, "y": 4868.0}, {"i": 753, "x": 9108.0, "y": 3934.0}, {"i": 754, "x": 9142.0, "y": 5586.0}, {"i": 755, "x": 9144.0, "y": 5686.0}, {"i": 756, "x": 9158.0, "y": 2694.0}, {"i": 757, "x": 9182.0, "y": 5622.0}, {"i": 758, "x": 9254.0, "y": 1764.0}, {"i": 759, "x": 9266.0, "y": 4546.0}, {"i": 760, "x": 9318.0, "y": 4932.0}, {"i": 761, "x": 9344.0, "y": 4428.0}, {"i": 762, "x": 9346.0, "y": 4666.0}, {"i": 763, "x": 9352.0, "y": 4614.0}, {"i": 764, "x": 9356.0, "y": 2360.0}, {"i": 765, "x": 9372.0, "y": 1968.0}, {"i": 766, "x": 9372.0, "y": 4394.0}, {"i": 767, "x": 9404.0, "y": 1910.0}, {"i": 768, "x": 9406.0, "y": 2468.0}, {"i": 769, "x": 9422.0, "y": 4978.0}, {"i": 770, "x": 9436.0, "y": 2578.0}, {"i": 771, "x": 9438.0, "y": 1936.0}, {"i": 772, "x": 9464.0, "y": 6414.0}, {"i": 773, "x": 9474.0, "y": 1792.0}, {"i": 774, "x": 9526.0, "y": 672.0}, {"i": 775, "x": 9532.0, "y": 1334.0}, {"i": 776, "x": 9532.0, "y": 5592.0}, {"i": 777, "x": 9534.0, "y": 1060.0}, {"i": 778, "x": 9556.0, "y": 1300.0}, {"i": 779, "x": 9588.0, "y": 1010.0}, {"i": 780, "x": 9604.0, "y": 1018.0}, {"i": 781, "x": 9604.0, "y": 4362.0}, {"i": 782, "x": 9616.0, "y": 2062.0}, {"i": 783, "x": 9622.0, "y": 2376.0}, {"i": 784, "x": 9684.0, "y": 1452.0}, {"i": 785, "x": 9688.0, "y": 1146.0}, {"i": 786, "x": 9730.0, "y": 1382.0}, {"i": 787, "x": 9748.0, "y": 1098.0}, {"i": 788, "x": 9820.0, "y": 2570.0}, {"i": 789, "x": 9856.0, "y": 1412.0}, {"i": 790, "x": 9862.0, "y": 988.0}, {"i": 791, "x": 9894.0, "y": 4776.0}, {"i": 792, "x": 9932.0, "y": 2598.0}, {"i": 793, "x": 9942.0, "y": 2054.0}, {"i": 794, "x": 9944.0, "y": 392.0}, {"i": 795, "x": 9946.0, "y": 2038.0}, {"i": 796, "x": 9974.0, "y": 4408.0}, {"i": 797, "x": 9976.0, "y": 2688.0}, {"i": 798, "x": 9976.0, "y": 5128.0}, {"i": 799, "x": 9988.0, "y": 1538.0}, {"i": 800, "x": 9990.0, "y": 1538.0}, {"i": 801, "x": 9990.0, "y": 2036.0}, {"i": 802, "x": 10030.0, "y": 1220.0}, {"i": 803, "x": 10090.0, "y": 568.0}, {"i": 804, "x": 10122.0, "y": 690.0}, {"i": 805, "x": 10122.0, "y": 1426.0}, {"i": 806, "x": 10134.0, "y": 3170.0}, {"i": 807, "x": 10142.0, "y": 4826.0}, {"i": 808, "x": 10160.0, "y": 3162.0}, {"i": 809, "x": 10166.0, "y": 604.0}, {"i": 810, "x": 10212.0, "y": 5512.0}, {"i": 811, "x": 10238.0, "y": 4160.0}, {"i": 812, "x": 10374.0, "y": 3160.0}, {"i": 813, "x": 10490.0, "y": 5686.0}, {"i": 814, "x": 10516.0, "y": 4980.0}, {"i": 815, "x": 10516.0, "y": 7008.0}, {"i": 816, "x": 10584.0, "y": 2394.0}, {"i": 817, "x": 10598.0, "y": 2484.0}, {"i": 818, "x": 10598.0, "y": 5602.0}, {"i": 819, "x": 10630.0, "y": 2282.0}, {"i": 820, "x": 10648.0, "y": 2692.0}, {"i": 821, "x": 10670.0, "y": 1820.0}, {"i": 822, "x": 10694.0, "y": 2886.0}, {"i": 823, "x": 10730.0, "y": 1454.0}, {"i": 824, "x": 10732.0, "y": 3122.0}, {"i": 825, "x": 10796.0, "y": 1944.0}, {"i": 826, "x": 10820.0, "y": 2690.0}, {"i": 827, "x": 10834.0, "y": 2556.0}, {"i": 828, "x": 10848.0, "y": 2232.0}, {"i": 829, "x": 10858.0, "y": 4842.0}, {"i": 830, "x": 10868.0, "y": 2690.0}, {"i": 831, "x": 10906.0, "y": 4390.0}, {"i": 832, "x": 10950.0, "y": 5194.0}, {"i": 833, "x": 11036.0, "y": 1496.0}, {"i": 834, "x": 11090.0, "y": 4032.0}, {"i": 835, "x": 11114.0, "y": 894.0}, {"i": 836, "x": 11126.0, "y": 608.0}, {"i": 837, "x": 11170.0, "y": 404.0}, {"i": 838, "x": 11176.0, "y": 304.0}, {"i": 839, "x": 11182.0, "y": 518.0}, {"i": 840, "x": 11222.0, "y": 3352.0}, {"i": 841, "x": 11226.0, "y": 532.0}, {"i": 842, "x": 11254.0, "y": 5344.0}, {"i": 843, "x": 11264.0, "y": 5356.0}, {"i": 844, "x": 11310.0, "y": 3344.0}, {"i": 845, "x": 11312.0, "y": 638.0}, {"i": 846, "x": 11368.0, "y": 2166.0}, {"i": 847, "x": 11402.0, "y": 310.0}, {"i": 848, "x": 11402.0, "y": 1092.0}, {"i": 849, "x": 11442.0, "y": 986.0}, {"i": 850, "x": 11476.0, "y": 2638.0}, {"i": 851, "x": 11488.0, "y": 298.0}, {"i": 852, "x": 11540.0, "y": 722.0}, {"i": 853, "x": 11578.0, "y": 2446.0}, {"i": 854, "x": 11580.0, "y": 1582.0}, {"i": 855, "x": 11604.0, "y": 256.0}, {"i": 856, "x": 11624.0, "y": 7074.0}, {"i": 857, "x": 11628.0, "y": 212.0}, {"i": 858, "x": 11702.0, "y": 3532.0}, {"i": 859, "x": 11760.0, "y": 1202.0}, {"i": 860, "x": 11764.0, "y": 5142.0}, {"i": 861, "x": 11786.0, "y": 1386.0}, {"i": 862, "x": 11824.0, "y": 1422.0}, {"i": 863, "x": 11828.0, "y": 1088.0}, {"i": 864, "x": 11848.0, "y": 4732.0}, {"i": 865, "x": 11876.0, "y": 1278.0}, {"i": 866, "x": 11958.0, "y": 1040.0}, {"i": 867, "x": 11962.0, "y": 6818.0}, {"i": 868, "x": 11980.0, "y": 6548.0}, {"i": 869, "x": 11996.0, "y": 1476.0}, {"i": 870, "x": 12004.0, "y": 7154.0}, {"i": 871, "x": 12020.0, "y": 5730.0}, {"i": 872, "x": 12028.0, "y": 7122.0}, {"i": 873, "x": 12056.0, "y": 7088.0}, {"i": 874, "x": 12060.0, "y": 7186.0}, {"i": 875, "x": 12070.0, "y": 3140.0}, {"i": 876, "x": 12078.0, "y": 7146.0}, {"i": 877, "x": 12134.0, "y": 5368.0}, {"i": 878, "x": 12152.0, "y": 7136.0}, {"i": 879, "x": 12158.0, "y": 7190.0}, {"i": 880, "x": 12168.0, "y": 774.0}, {"i": 881, "x": 12214.0, "y": 3132.0}, {"i": 882, "x": 12222.0, "y": 3146.0}, {"i": 883, "x": 12226.0, "y": 7098.0}, {"i": 884, "x": 12282.0, "y": 326.0}, {"i": 885, "x": 12312.0, "y": 7034.0}, {"i": 886, "x": 12406.0, "y": 6590.0}, {"i": 887, "x": 12408.0, "y": 4420.0}, {"i": 888, "x": 12418.0, "y": 622.0}, {"i": 889, "x": 12536.0, "y": 178.0}, {"i": 890, "x": 12572.0, "y": 1548.0}, {"i": 891, "x": 12616.0, "y": 5202.0}, {"i": 892, "x": 12618.0, "y": 7052.0}, {"i": 893, "x": 12642.0, "y": 150.0}, {"i": 894, "x": 12674.0, "y": 5016.0}, {"i": 895, "x": 12676.0, "y": 7172.0}, {"i": 896, "x": 12746.0, "y": 542.0}, {"i": 897, "x": 12762.0, "y": 1488.0}, {"i": 898, "x": 12780.0, "y": 1546.0}, {"i": 899, "x": 12792.0, "y": 1238.0}], "type": "Instance", "name": "euro-night-0000900", "meta": {"comment": "HIP even point set instance (900 points) sampled from image ", "faces_in_delaunay": 1785}}