{"points": [{"i": 0, "x": 162.0, "y": 852.0}, {"i": 1, "x": 194.0, "y": 804.0}, {"i": 2, "x": 210.0, "y": 862.0}, {"i": 3, "x": 250.0, "y": 884.0}, {"i": 4, "x": 344.0, "y": 1168.0}, {"i": 5, "x": 376.0, "y": 918.0}, {"i": 6, "x": 384.0, "y": 968.0}, {"i": 7, "x": 394.0, "y": 1884.0}, {"i": 8, "x": 400.0, "y": 1514.0}, {"i": 9, "x": 408.0, "y": 1072.0}, {"i": 10, "x": 408.0, "y": 1322.0}, {"i": 11, "x": 414.0, "y": 5176.0}, {"i": 12, "x": 426.0, "y": 1258.0}, {"i": 13, "x": 444.0, "y": 2028.0}, {"i": 14, "x": 450.0, "y": 4774.0}, {"i": 15, "x": 452.0, "y": 2038.0}, {"i": 16, "x": 454.0, "y": 340.0}, {"i": 17, "x": 470.0, "y": 1032.0}, {"i": 18, "x": 482.0, "y": 1596.0}, {"i": 19, "x": 518.0, "y": 1760.0}, {"i": 20, "x": 562.0, "y": 1546.0}, {"i": 21, "x": 566.0, "y": 2170.0}, {"i": 22, "x": 624.0, "y": 1410.0}, {"i": 23, "x": 632.0, "y": 316.0}, {"i": 24, "x": 646.0, "y": 4980.0}, {"i": 25, "x": 748.0, "y": 1238.0}, {"i": 26, "x": 828.0, "y": 1570.0}, {"i": 27, "x": 844.0, "y": 1322.0}, {"i": 28, "x": 918.0, "y": 5318.0}, {"i": 29, "x": 952.0, "y": 812.0}, {"i": 30, "x": 1068.0, "y": 214.0}, {"i": 31, "x": 1076.0, "y": 218.0}, {"i": 32, "x": 1114.0, "y": 1164.0}, {"i": 33, "x": 1128.0, "y": 5230.0}, {"i": 34, "x": 1144.0, "y": 5284.0}, {"i": 35, "x": 1162.0, "y": 5140.0}, {"i": 36, "x": 1198.0, "y": 2272.0}, {"i": 37, "x": 1264.0, "y": 2286.0}, {"i": 38, "x": 1328.0, "y": 5562.0}, {"i": 39, "x": 1426.0, "y": 724.0}, {"i": 40, "x": 1430.0, "y": 104.0}, {"i": 41, "x": 1480.0, "y": 4250.0}, {"i": 42, "x": 1634.0, "y": 584.0}, {"i": 43, "x": 1642.0, "y": 3720.0}, {"i": 44, "x": 1652.0, "y": 1482.0}, {"i": 45, "x": 1652.0, "y": 2058.0}, {"i": 46, "x": 1694.0, "y": 5970.0}, {"i": 47, "x": 1704.0, "y": 484.0}, {"i": 48, "x": 1716.0, "y": 3542.0}, {"i": 49, "x": 1734.0, "y": 1100.0}, {"i": 50, "x": 1742.0, "y": 5956.0}, {"i": 51, "x": 1754.0, "y": 2038.0}, {"i": 52, "x": 1756.0, "y": 1386.0}, {"i": 53, "x": 1780.0, "y": 1396.0}, {"i": 54, "x": 1808.0, "y": 2222.0}, {"i": 55, "x": 1818.0, "y": 1158.0}, {"i": 56, "x": 1840.0, "y": 1332.0}, {"i": 57, "x": 1844.0, "y": 622.0}, {"i": 58, "x": 1844.0, "y": 4674.0}, {"i": 59, "x": 1844.0, "y": 5900.0}, {"i": 60, "x": 1860.0, "y": 966.0}, {"i": 61, "x": 1872.0, "y": 6000.0}, {"i": 62, "x": 1884.0, "y": 1336.0}, {"i": 63, "x": 1894.0, "y": 6018.0}, {"i": 64, "x": 1896.0, "y": 1122.0}, {"i": 65, "x": 1908.0, "y": 632.0}, {"i": 66, "x": 1912.0, "y": 356.0}, {"i": 67, "x": 1986.0, "y": 1230.0}, {"i": 68, "x": 2000.0, "y": 1394.0}, {"i": 69, "x": 2026.0, "y": 1020.0}, {"i": 70, "x": 2046.0, "y": 1420.0}, {"i": 71, "x": 2062.0, "y": 6498.0}, {"i": 72, "x": 2090.0, "y": 5222.0}, {"i": 73, "x": 2094.0, "y": 3532.0}, {"i": 74, "x": 2102.0, "y": 5980.0}, {"i": 75, "x": 2188.0, "y": 4686.0}, {"i": 76, "x": 2194.0, "y": 5892.0}, {"i": 77, "x": 2202.0, "y": 5280.0}, {"i": 78, "x": 2260.0, "y": 2138.0}, {"i": 79, "x": 2272.0, "y": 5186.0}, {"i": 80, "x": 2274.0, "y": 5010.0}, {"i": 81, "x": 2296.0, "y": 5358.0}, {"i": 82, "x": 2304.0, "y": 5092.0}, {"i": 83, "x": 2354.0, "y": 3440.0}, {"i": 84, "x": 2360.0, "y": 5096.0}, {"i": 85, "x": 2378.0, "y": 4604.0}, {"i": 86, "x": 2380.0, "y": 2152.0}, {"i": 87, "x": 2416.0, "y": 4420.0}, {"i": 88, "x": 2430.0, "y": 5354.0}, {"i": 89, "x": 2440.0, "y": 5320.0}, {"i": 90, "x": 2462.0, "y": 5618.0}, {"i": 91, "x": 2466.0, "y": 4924.0}, {"i": 92, "x": 2470.0, "y": 5422.0}, {"i": 93, "x": 2476.0, "y": 3360.0}, {"i": 94, "x": 2476.0, "y": 5350.0}, {"i": 95, "x": 2492.0, "y": 1826.0}, {"i": 96, "x": 2522.0, "y": 2032.0}, {"i": 97, "x": 2540.0, "y": 4728.0}, {"i": 98, "x": 2552.0, "y": 5624.0}, {"i": 99, "x": 2568.0, "y": 5170.0}, {"i": 100, "x": 2570.0, "y": 5296.0}, {"i": 101, "x": 2572.0, "y": 680.0}, {"i": 102, "x": 2584.0, "y": 4880.0}, {"i": 103, "x": 2594.0, "y": 5078.0}, {"i": 104, "x": 2596.0, "y": 5420.0}, {"i": 105, "x": 2604.0, "y": 730.0}, {"i": 106, "x": 2610.0, "y": 5010.0}, {"i": 107, "x": 2626.0, "y": 5302.0}, {"i": 108, "x": 2740.0, "y": 1688.0}, {"i": 109, "x": 2744.0, "y": 4744.0}, {"i": 110, "x": 2758.0, "y": 2632.0}, {"i": 111, "x": 2766.0, "y": 4826.0}, {"i": 112, "x": 2788.0, "y": 4624.0}, {"i": 113, "x": 2808.0, "y": 5152.0}, {"i": 114, "x": 2834.0, "y": 4580.0}, {"i": 115, "x": 2834.0, "y": 4752.0}, {"i": 116, "x": 2840.0, "y": 1130.0}, {"i": 117, "x": 2844.0, "y": 1066.0}, {"i": 118, "x": 2848.0, "y": 4688.0}, {"i": 119, "x": 2848.0, "y": 4914.0}, {"i": 120, "x": 2864.0, "y": 2642.0}, {"i": 121, "x": 2872.0, "y": 2690.0}, {"i": 122, "x": 2886.0, "y": 2216.0}, {"i": 123, "x": 2892.0, "y": 972.0}, {"i": 124, "x": 2898.0, "y": 994.0}, {"i": 125, "x": 2898.0, "y": 4750.0}, {"i": 126, "x": 2930.0, "y": 1092.0}, {"i": 127, "x": 2994.0, "y": 1228.0}, {"i": 128, "x": 2994.0, "y": 4632.0}, {"i": 129, "x": 3000.0, "y": 2702.0}, {"i": 130, "x": 3018.0, "y": 4690.0}, {"i": 131, "x": 3030.0, "y": 802.0}, {"i": 132, "x": 3032.0, "y": 814.0}, {"i": 133, "x": 3054.0, "y": 2648.0}, {"i": 134, "x": 3090.0, "y": 5178.0}, {"i": 135, "x": 3106.0, "y": 3202.0}, {"i": 136, "x": 3126.0, "y": 4910.0}, {"i": 137, "x": 3156.0, "y": 1978.0}, {"i": 138, "x": 3180.0, "y": 2292.0}, {"i": 139, "x": 3188.0, "y": 4952.0}, {"i": 140, "x": 3202.0, "y": 2344.0}, {"i": 141, "x": 3210.0, "y": 3844.0}, {"i": 142, "x": 3238.0, "y": 3692.0}, {"i": 143, "x": 3274.0, "y": 3950.0}, {"i": 144, "x": 3334.0, "y": 4036.0}, {"i": 145, "x": 3344.0, "y": 4968.0}, {"i": 146, "x": 3418.0, "y": 5022.0}, {"i": 147, "x": 3430.0, "y": 2728.0}, {"i": 148, "x": 3448.0, "y": 3796.0}, {"i": 149, "x": 3520.0, "y": 3234.0}, {"i": 150, "x": 3538.0, "y": 1716.0}, {"i": 151, "x": 3576.0, "y": 4072.0}, {"i": 152, "x": 3584.0, "y": 3902.0}, {"i": 153, "x": 3622.0, "y": 3622.0}, {"i": 154, "x": 3648.0, "y": 1644.0}, {"i": 155, "x": 3648.0, "y": 2368.0}, {"i": 156, "x": 3664.0, "y": 1644.0}, {"i": 157, "x": 3664.0, "y": 4084.0}, {"i": 158, "x": 3680.0, "y": 1722.0}, {"i": 159, "x": 3700.0, "y": 6132.0}, {"i": 160, "x": 3702.0, "y": 3904.0}, {"i": 161, "x": 3704.0, "y": 3734.0}, {"i": 162, "x": 3746.0, "y": 3782.0}, {"i": 163, "x": 3750.0, "y": 4188.0}, {"i": 164, "x": 3764.0, "y": 4152.0}, {"i": 165, "x": 3780.0, "y": 3866.0}, {"i": 166, "x": 3804.0, "y": 2646.0}, {"i": 167, "x": 3806.0, "y": 170.0}, {"i": 168, "x": 3808.0, "y": 4058.0}, {"i": 169, "x": 3834.0, "y": 1110.0}, {"i": 170, "x": 3852.0, "y": 206.0}, {"i": 171, "x": 3852.0, "y": 4166.0}, {"i": 172, "x": 3884.0, "y": 3416.0}, {"i": 173, "x": 3886.0, "y": 4368.0}, {"i": 174, "x": 3892.0, "y": 4346.0}, {"i": 175, "x": 3904.0, "y": 1856.0}, {"i": 176, "x": 3904.0, "y": 4558.0}, {"i": 177, "x": 3924.0, "y": 4436.0}, {"i": 178, "x": 3970.0, "y": 4568.0}, {"i": 179, "x": 3974.0, "y": 2206.0}, {"i": 180, "x": 3974.0, "y": 4434.0}, {"i": 181, "x": 3976.0, "y": 4304.0}, {"i": 182, "x": 3996.0, "y": 4346.0}, {"i": 183, "x": 4022.0, "y": 4258.0}, {"i": 184, "x": 4026.0, "y": 4550.0}, {"i": 185, "x": 4060.0, "y": 4614.0}, {"i": 186, "x": 4068.0, "y": 4462.0}, {"i": 187, "x": 4074.0, "y": 4550.0}, {"i": 188, "x": 4088.0, "y": 3572.0}, {"i": 189, "x": 4090.0, "y": 3922.0}, {"i": 190, "x": 4110.0, "y": 4700.0}, {"i": 191, "x": 4112.0, "y": 2256.0}, {"i": 192, "x": 4128.0, "y": 4642.0}, {"i": 193, "x": 4174.0, "y": 4282.0}, {"i": 194, "x": 4186.0, "y": 4356.0}, {"i": 195, "x": 4270.0, "y": 4494.0}, {"i": 196, "x": 4308.0, "y": 4878.0}, {"i": 197, "x": 4316.0, "y": 2344.0}, {"i": 198, "x": 4318.0, "y": 4584.0}, {"i": 199, "x": 4320.0, "y": 2398.0}, {"i": 200, "x": 4326.0, "y": 2232.0}, {"i": 201, "x": 4338.0, "y": 4342.0}, {"i": 202, "x": 4348.0, "y": 4500.0}, {"i": 203, "x": 4364.0, "y": 2492.0}, {"i": 204, "x": 4364.0, "y": 4604.0}, {"i": 205, "x": 4370.0, "y": 2860.0}, {"i": 206, "x": 4372.0, "y": 4316.0}, {"i": 207, "x": 4380.0, "y": 4878.0}, {"i": 208, "x": 4398.0, "y": 4956.0}, {"i": 209, "x": 4430.0, "y": 2962.0}, {"i": 210, "x": 4438.0, "y": 2950.0}, {"i": 211, "x": 4444.0, "y": 4374.0}, {"i": 212, "x": 4444.0, "y": 4754.0}, {"i": 213, "x": 4478.0, "y": 4828.0}, {"i": 214, "x": 4486.0, "y": 2402.0}, {"i": 215, "x": 4490.0, "y": 4798.0}, {"i": 216, "x": 4494.0, "y": 2402.0}, {"i": 217, "x": 4510.0, "y": 4296.0}, {"i": 218, "x": 4516.0, "y": 2400.0}, {"i": 219, "x": 4518.0, "y": 4562.0}, {"i": 220, "x": 4522.0, "y": 3374.0}, {"i": 221, "x": 4566.0, "y": 48.0}, {"i": 222, "x": 4600.0, "y": 3340.0}, {"i": 223, "x": 4600.0, "y": 4310.0}, {"i": 224, "x": 4612.0, "y": 2950.0}, {"i": 225, "x": 4614.0, "y": 2178.0}, {"i": 226, "x": 4624.0, "y": 4572.0}, {"i": 227, "x": 4650.0, "y": 4868.0}, {"i": 228, "x": 4654.0, "y": 2178.0}, {"i": 229, "x": 4664.0, "y": 6806.0}, {"i": 230, "x": 4676.0, "y": 4436.0}, {"i": 231, "x": 4684.0, "y": 4100.0}, {"i": 232, "x": 4696.0, "y": 4376.0}, {"i": 233, "x": 4736.0, "y": 3118.0}, {"i": 234, "x": 4736.0, "y": 3996.0}, {"i": 235, "x": 4746.0, "y": 2154.0}, {"i": 236, "x": 4756.0, "y": 4772.0}, {"i": 237, "x": 4758.0, "y": 5088.0}, {"i": 238, "x": 4770.0, "y": 4744.0}, {"i": 239, "x": 4772.0, "y": 3914.0}, {"i": 240, "x": 4786.0, "y": 2130.0}, {"i": 241, "x": 4796.0, "y": 4078.0}, {"i": 242, "x": 4796.0, "y": 6740.0}, {"i": 243, "x": 4812.0, "y": 126.0}, {"i": 244, "x": 4832.0, "y": 3360.0}, {"i": 245, "x": 4846.0, "y": 3986.0}, {"i": 246, "x": 4866.0, "y": 5030.0}, {"i": 247, "x": 4868.0, "y": 4646.0}, {"i": 248, "x": 4884.0, "y": 96.0}, {"i": 249, "x": 4884.0, "y": 4592.0}, {"i": 250, "x": 4904.0, "y": 4580.0}, {"i": 251, "x": 4928.0, "y": 3664.0}, {"i": 252, "x": 4942.0, "y": 4634.0}, {"i": 253, "x": 4964.0, "y": 3104.0}, {"i": 254, "x": 4970.0, "y": 126.0}, {"i": 255, "x": 5006.0, "y": 4558.0}, {"i": 256, "x": 5040.0, "y": 3990.0}, {"i": 257, "x": 5046.0, "y": 4516.0}, {"i": 258, "x": 5076.0, "y": 5200.0}, {"i": 259, "x": 5084.0, "y": 4510.0}, {"i": 260, "x": 5132.0, "y": 4622.0}, {"i": 261, "x": 5148.0, "y": 2342.0}, {"i": 262, "x": 5150.0, "y": 2278.0}, {"i": 263, "x": 5186.0, "y": 2916.0}, {"i": 264, "x": 5196.0, "y": 4314.0}, {"i": 265, "x": 5224.0, "y": 3402.0}, {"i": 266, "x": 5238.0, "y": 5114.0}, {"i": 267, "x": 5266.0, "y": 3764.0}, {"i": 268, "x": 5268.0, "y": 3470.0}, {"i": 269, "x": 5278.0, "y": 3054.0}, {"i": 270, "x": 5280.0, "y": 4036.0}, {"i": 271, "x": 5298.0, "y": 4676.0}, {"i": 272, "x": 5312.0, "y": 234.0}, {"i": 273, "x": 5324.0, "y": 4064.0}, {"i": 274, "x": 5326.0, "y": 4884.0}, {"i": 275, "x": 5344.0, "y": 4084.0}, {"i": 276, "x": 5352.0, "y": 3470.0}, {"i": 277, "x": 5382.0, "y": 2818.0}, {"i": 278, "x": 5406.0, "y": 4886.0}, {"i": 279, "x": 5414.0, "y": 2374.0}, {"i": 280, "x": 5420.0, "y": 2364.0}, {"i": 281, "x": 5448.0, "y": 3982.0}, {"i": 282, "x": 5448.0, "y": 4318.0}, {"i": 283, "x": 5492.0, "y": 2712.0}, {"i": 284, "x": 5492.0, "y": 3042.0}, {"i": 285, "x": 5496.0, "y": 2754.0}, {"i": 286, "x": 5502.0, "y": 3300.0}, {"i": 287, "x": 5506.0, "y": 2448.0}, {"i": 288, "x": 5518.0, "y": 4234.0}, {"i": 289, "x": 5532.0, "y": 4014.0}, {"i": 290, "x": 5536.0, "y": 2864.0}, {"i": 291, "x": 5540.0, "y": 3410.0}, {"i": 292, "x": 5544.0, "y": 3910.0}, {"i": 293, "x": 5566.0, "y": 3024.0}, {"i": 294, "x": 5568.0, "y": 3432.0}, {"i": 295, "x": 5574.0, "y": 1838.0}, {"i": 296, "x": 5574.0, "y": 5248.0}, {"i": 297, "x": 5578.0, "y": 4036.0}, {"i": 298, "x": 5588.0, "y": 2834.0}, {"i": 299, "x": 5596.0, "y": 2746.0}, {"i": 300, "x": 5612.0, "y": 2684.0}, {"i": 301, "x": 5738.0, "y": 1028.0}, {"i": 302, "x": 5756.0, "y": 3794.0}, {"i": 303, "x": 5772.0, "y": 3794.0}, {"i": 304, "x": 5778.0, "y": 3930.0}, {"i": 305, "x": 5810.0, "y": 2708.0}, {"i": 306, "x": 5814.0, "y": 3838.0}, {"i": 307, "x": 5828.0, "y": 1994.0}, {"i": 308, "x": 5834.0, "y": 1974.0}, {"i": 309, "x": 5856.0, "y": 1472.0}, {"i": 310, "x": 5890.0, "y": 2890.0}, {"i": 311, "x": 5904.0, "y": 7088.0}, {"i": 312, "x": 5928.0, "y": 7108.0}, {"i": 313, "x": 5934.0, "y": 4864.0}, {"i": 314, "x": 5972.0, "y": 6042.0}, {"i": 315, "x": 5976.0, "y": 5256.0}, {"i": 316, "x": 5980.0, "y": 4882.0}, {"i": 317, "x": 5982.0, "y": 2760.0}, {"i": 318, "x": 5986.0, "y": 244.0}, {"i": 319, "x": 5986.0, "y": 4910.0}, {"i": 320, "x": 5996.0, "y": 2458.0}, {"i": 321, "x": 5996.0, "y": 2758.0}, {"i": 322, "x": 6012.0, "y": 308.0}, {"i": 323, "x": 6024.0, "y": 4490.0}, {"i": 324, "x": 6028.0, "y": 4942.0}, {"i": 325, "x": 6038.0, "y": 2666.0}, {"i": 326, "x": 6052.0, "y": 4924.0}, {"i": 327, "x": 6062.0, "y": 6958.0}, {"i": 328, "x": 6064.0, "y": 2722.0}, {"i": 329, "x": 6080.0, "y": 228.0}, {"i": 330, "x": 6082.0, "y": 3516.0}, {"i": 331, "x": 6088.0, "y": 2570.0}, {"i": 332, "x": 6088.0, "y": 7010.0}, {"i": 333, "x": 6102.0, "y": 3128.0}, {"i": 334, "x": 6102.0, "y": 4902.0}, {"i": 335, "x": 6122.0, "y": 2906.0}, {"i": 336, "x": 6124.0, "y": 4772.0}, {"i": 337, "x": 6124.0, "y": 4840.0}, {"i": 338, "x": 6146.0, "y": 188.0}, {"i": 339, "x": 6154.0, "y": 2682.0}, {"i": 340, "x": 6174.0, "y": 2836.0}, {"i": 341, "x": 6216.0, "y": 7126.0}, {"i": 342, "x": 6222.0, "y": 4480.0}, {"i": 343, "x": 6234.0, "y": 3706.0}, {"i": 344, "x": 6236.0, "y": 7044.0}, {"i": 345, "x": 6240.0, "y": 7182.0}, {"i": 346, "x": 6260.0, "y": 2682.0}, {"i": 347, "x": 6268.0, "y": 2664.0}, {"i": 348, "x": 6272.0, "y": 7136.0}, {"i": 349, "x": 6290.0, "y": 2536.0}, {"i": 350, "x": 6336.0, "y": 2328.0}, {"i": 351, "x": 6374.0, "y": 2342.0}, {"i": 352, "x": 6402.0, "y": 2494.0}, {"i": 353, "x": 6416.0, "y": 2562.0}, {"i": 354, "x": 6432.0, "y": 3820.0}, {"i": 355, "x": 6442.0, "y": 6916.0}, {"i": 356, "x": 6444.0, "y": 2780.0}, {"i": 357, "x": 6452.0, "y": 3082.0}, {"i": 358, "x": 6496.0, "y": 2926.0}, {"i": 359, "x": 6498.0, "y": 4858.0}, {"i": 360, "x": 6502.0, "y": 3648.0}, {"i": 361, "x": 6520.0, "y": 2820.0}, {"i": 362, "x": 6520.0, "y": 4874.0}, {"i": 363, "x": 6538.0, "y": 2196.0}, {"i": 364, "x": 6540.0, "y": 4080.0}, {"i": 365, "x": 6550.0, "y": 5228.0}, {"i": 366, "x": 6552.0, "y": 4576.0}, {"i": 367, "x": 6570.0, "y": 6664.0}, {"i": 368, "x": 6588.0, "y": 2904.0}, {"i": 369, "x": 6632.0, "y": 2784.0}, {"i": 370, "x": 6654.0, "y": 2988.0}, {"i": 371, "x": 6660.0, "y": 5886.0}, {"i": 372, "x": 6664.0, "y": 4620.0}, {"i": 373, "x": 6666.0, "y": 2978.0}, {"i": 374, "x": 6674.0, "y": 2934.0}, {"i": 375, "x": 6676.0, "y": 3762.0}, {"i": 376, "x": 6678.0, "y": 2734.0}, {"i": 377, "x": 6678.0, "y": 4564.0}, {"i": 378, "x": 6706.0, "y": 6540.0}, {"i": 379, "x": 6744.0, "y": 6576.0}, {"i": 380, "x": 6748.0, "y": 4726.0}, {"i": 381, "x": 6754.0, "y": 6264.0}, {"i": 382, "x": 6772.0, "y": 496.0}, {"i": 383, "x": 6848.0, "y": 4466.0}, {"i": 384, "x": 6852.0, "y": 4474.0}, {"i": 385, "x": 6854.0, "y": 1626.0}, {"i": 386, "x": 6860.0, "y": 1708.0}, {"i": 387, "x": 6866.0, "y": 2306.0}, {"i": 388, "x": 6886.0, "y": 1642.0}, {"i": 389, "x": 6898.0, "y": 5844.0}, {"i": 390, "x": 6906.0, "y": 1870.0}, {"i": 391, "x": 6910.0, "y": 4330.0}, {"i": 392, "x": 6920.0, "y": 1828.0}, {"i": 393, "x": 6934.0, "y": 1952.0}, {"i": 394, "x": 6944.0, "y": 448.0}, {"i": 395, "x": 6956.0, "y": 4460.0}, {"i": 396, "x": 6968.0, "y": 2302.0}, {"i": 397, "x": 6970.0, "y": 2006.0}, {"i": 398, "x": 6992.0, "y": 2962.0}, {"i": 399, "x": 7004.0, "y": 5422.0}, {"i": 400, "x": 7006.0, "y": 4110.0}, {"i": 401, "x": 7008.0, "y": 4970.0}, {"i": 402, "x": 7012.0, "y": 1680.0}, {"i": 403, "x": 7020.0, "y": 3768.0}, {"i": 404, "x": 7024.0, "y": 4072.0}, {"i": 405, "x": 7028.0, "y": 2180.0}, {"i": 406, "x": 7034.0, "y": 7002.0}, {"i": 407, "x": 7050.0, "y": 2970.0}, {"i": 408, "x": 7052.0, "y": 622.0}, {"i": 409, "x": 7060.0, "y": 4292.0}, {"i": 410, "x": 7060.0, "y": 4680.0}, {"i": 411, "x": 7066.0, "y": 1648.0}, {"i": 412, "x": 7074.0, "y": 2186.0}, {"i": 413, "x": 7094.0, "y": 3866.0}, {"i": 414, "x": 7120.0, "y": 350.0}, {"i": 415, "x": 7120.0, "y": 2004.0}, {"i": 416, "x": 7120.0, "y": 2042.0}, {"i": 417, "x": 7152.0, "y": 2734.0}, {"i": 418, "x": 7162.0, "y": 2888.0}, {"i": 419, "x": 7174.0, "y": 6350.0}, {"i": 420, "x": 7200.0, "y": 2914.0}, {"i": 421, "x": 7208.0, "y": 1568.0}, {"i": 422, "x": 7240.0, "y": 6222.0}, {"i": 423, "x": 7246.0, "y": 1934.0}, {"i": 424, "x": 7300.0, "y": 3500.0}, {"i": 425, "x": 7302.0, "y": 4222.0}, {"i": 426, "x": 7306.0, "y": 466.0}, {"i": 427, "x": 7336.0, "y": 5216.0}, {"i": 428, "x": 7350.0, "y": 3010.0}, {"i": 429, "x": 7358.0, "y": 4234.0}, {"i": 430, "x": 7380.0, "y": 616.0}, {"i": 431, "x": 7408.0, "y": 6496.0}, {"i": 432, "x": 7420.0, "y": 1462.0}, {"i": 433, "x": 7430.0, "y": 3292.0}, {"i": 434, "x": 7444.0, "y": 6060.0}, {"i": 435, "x": 7452.0, "y": 334.0}, {"i": 436, "x": 7486.0, "y": 1780.0}, {"i": 437, "x": 7514.0, "y": 3108.0}, {"i": 438, "x": 7518.0, "y": 632.0}, {"i": 439, "x": 7542.0, "y": 468.0}, {"i": 440, "x": 7560.0, "y": 2764.0}, {"i": 441, "x": 7578.0, "y": 640.0}, {"i": 442, "x": 7578.0, "y": 3954.0}, {"i": 443, "x": 7594.0, "y": 1632.0}, {"i": 444, "x": 7608.0, "y": 3288.0}, {"i": 445, "x": 7634.0, "y": 2972.0}, {"i": 446, "x": 7640.0, "y": 1368.0}, {"i": 447, "x": 7690.0, "y": 3120.0}, {"i": 448, "x": 7692.0, "y": 6068.0}, {"i": 449, "x": 7694.0, "y": 1378.0}, {"i": 450, "x": 7700.0, "y": 3742.0}, {"i": 451, "x": 7708.0, "y": 3146.0}, {"i": 452, "x": 7748.0, "y": 786.0}, {"i": 453, "x": 7770.0, "y": 2992.0}, {"i": 454, "x": 7786.0, "y": 1280.0}, {"i": 455, "x": 7822.0, "y": 1548.0}, {"i": 456, "x": 7830.0, "y": 916.0}, {"i": 457, "x": 7846.0, "y": 3194.0}, {"i": 458, "x": 7862.0, "y": 1142.0}, {"i": 459, "x": 7874.0, "y": 3540.0}, {"i": 460, "x": 7896.0, "y": 2884.0}, {"i": 461, "x": 7930.0, "y": 5060.0}, {"i": 462, "x": 7940.0, "y": 802.0}, {"i": 463, "x": 7948.0, "y": 7090.0}, {"i": 464, "x": 7968.0, "y": 1316.0}, {"i": 465, "x": 8004.0, "y": 3898.0}, {"i": 466, "x": 8026.0, "y": 5144.0}, {"i": 467, "x": 8054.0, "y": 4678.0}, {"i": 468, "x": 8058.0, "y": 3828.0}, {"i": 469, "x": 8102.0, "y": 3782.0}, {"i": 470, "x": 8118.0, "y": 6800.0}, {"i": 471, "x": 8188.0, "y": 1394.0}, {"i": 472, "x": 8196.0, "y": 1446.0}, {"i": 473, "x": 8230.0, "y": 3442.0}, {"i": 474, "x": 8262.0, "y": 5314.0}, {"i": 475, "x": 8280.0, "y": 3968.0}, {"i": 476, "x": 8294.0, "y": 3538.0}, {"i": 477, "x": 8314.0, "y": 3494.0}, {"i": 478, "x": 8352.0, "y": 7082.0}, {"i": 479, "x": 8358.0, "y": 3714.0}, {"i": 480, "x": 8366.0, "y": 7056.0}, {"i": 481, "x": 8406.0, "y": 4058.0}, {"i": 482, "x": 8420.0, "y": 4034.0}, {"i": 483, "x": 8460.0, "y": 6952.0}, {"i": 484, "x": 8552.0, "y": 5502.0}, {"i": 485, "x": 8586.0, "y": 5252.0}, {"i": 486, "x": 8590.0, "y": 4358.0}, {"i": 487, "x": 8594.0, "y": 4170.0}, {"i": 488, "x": 8618.0, "y": 4168.0}, {"i": 489, "x": 8628.0, "y": 4666.0}, {"i": 490, "x": 8636.0, "y": 5068.0}, {"i": 491, "x": 8664.0, "y": 4198.0}, {"i": 492, "x": 8690.0, "y": 1858.0}, {"i": 493, "x": 8714.0, "y": 3706.0}, {"i": 494, "x": 8714.0, "y": 4326.0}, {"i": 495, "x": 8760.0, "y": 4190.0}, {"i": 496, "x": 8786.0, "y": 4206.0}, {"i": 497, "x": 8814.0, "y": 4708.0}, {"i": 498, "x": 8848.0, "y": 3140.0}, {"i": 499, "x": 8908.0, "y": 1138.0}, {"i": 500, "x": 8912.0, "y": 1646.0}, {"i": 501, "x": 8912.0, "y": 4782.0}, {"i": 502, "x": 8918.0, "y": 3276.0}, {"i": 503, "x": 8922.0, "y": 1608.0}, {"i": 504, "x": 8962.0, "y": 4242.0}, {"i": 505, "x": 8990.0, "y": 2698.0}, {"i": 506, "x": 8990.0, "y": 5016.0}, {"i": 507, "x": 9098.0, "y": 5144.0}, {"i": 508, "x": 9106.0, "y": 2818.0}, {"i": 509, "x": 9170.0, "y": 5066.0}, {"i": 510, "x": 9172.0, "y": 970.0}, {"i": 511, "x": 9174.0, "y": 4874.0}, {"i": 512, "x": 9192.0, "y": 4922.0}, {"i": 513, "x": 9250.0, "y": 4890.0}, {"i": 514, "x": 9304.0, "y": 6148.0}, {"i": 515, "x": 9306.0, "y": 4362.0}, {"i": 516, "x": 9326.0, "y": 2014.0}, {"i": 517, "x": 9352.0, "y": 2006.0}, {"i": 518, "x": 9382.0, "y": 3048.0}, {"i": 519, "x": 9384.0, "y": 5894.0}, {"i": 520, "x": 9392.0, "y": 1278.0}, {"i": 521, "x": 9474.0, "y": 1798.0}, {"i": 522, "x": 9506.0, "y": 3636.0}, {"i": 523, "x": 9540.0, "y": 1078.0}, {"i": 524, "x": 9562.0, "y": 2188.0}, {"i": 525, "x": 9576.0, "y": 2192.0}, {"i": 526, "x": 9578.0, "y": 724.0}, {"i": 527, "x": 9588.0, "y": 4628.0}, {"i": 528, "x": 9612.0, "y": 1380.0}, {"i": 529, "x": 9644.0, "y": 1816.0}, {"i": 530, "x": 9668.0, "y": 1344.0}, {"i": 531, "x": 9694.0, "y": 3580.0}, {"i": 532, "x": 9704.0, "y": 5336.0}, {"i": 533, "x": 9744.0, "y": 3710.0}, {"i": 534, "x": 9844.0, "y": 5102.0}, {"i": 535, "x": 9878.0, "y": 598.0}, {"i": 536, "x": 9880.0, "y": 2942.0}, {"i": 537, "x": 9960.0, "y": 1614.0}, {"i": 538, "x": 9964.0, "y": 2714.0}, {"i": 539, "x": 10020.0, "y": 5568.0}, {"i": 540, "x": 10030.0, "y": 1986.0}, {"i": 541, "x": 10054.0, "y": 698.0}, {"i": 542, "x": 10066.0, "y": 4006.0}, {"i": 543, "x": 10080.0, "y": 4818.0}, {"i": 544, "x": 10086.0, "y": 616.0}, {"i": 545, "x": 10124.0, "y": 4428.0}, {"i": 546, "x": 10162.0, "y": 620.0}, {"i": 547, "x": 10182.0, "y": 636.0}, {"i": 548, "x": 10190.0, "y": 1422.0}, {"i": 549, "x": 10264.0, "y": 1520.0}, {"i": 550, "x": 10288.0, "y": 2528.0}, {"i": 551, "x": 10390.0, "y": 7010.0}, {"i": 552, "x": 10556.0, "y": 1978.0}, {"i": 553, "x": 10764.0, "y": 4594.0}, {"i": 554, "x": 10832.0, "y": 2536.0}, {"i": 555, "x": 10982.0, "y": 6720.0}, {"i": 556, "x": 11014.0, "y": 4750.0}, {"i": 557, "x": 11018.0, "y": 6708.0}, {"i": 558, "x": 11056.0, "y": 820.0}, {"i": 559, "x": 11106.0, "y": 6424.0}, {"i": 560, "x": 11120.0, "y": 844.0}, {"i": 561, "x": 11142.0, "y": 5302.0}, {"i": 562, "x": 11226.0, "y": 826.0}, {"i": 563, "x": 11260.0, "y": 5364.0}, {"i": 564, "x": 11264.0, "y": 1258.0}, {"i": 565, "x": 11316.0, "y": 7022.0}, {"i": 566, "x": 11438.0, "y": 3922.0}, {"i": 567, "x": 11476.0, "y": 252.0}, {"i": 568, "x": 11528.0, "y": 5310.0}, {"i": 569, "x": 11586.0, "y": 756.0}, {"i": 570, "x": 11616.0, "y": 5662.0}, {"i": 571, "x": 11634.0, "y": 832.0}, {"i": 572, "x": 11680.0, "y": 1302.0}, {"i": 573, "x": 11702.0, "y": 7176.0}, {"i": 574, "x": 11772.0, "y": 486.0}, {"i": 575, "x": 11778.0, "y": 278.0}, {"i": 576, "x": 11802.0, "y": 1488.0}, {"i": 577, "x": 11814.0, "y": 226.0}, {"i": 578, "x": 11834.0, "y": 5394.0}, {"i": 579, "x": 11918.0, "y": 1530.0}, {"i": 580, "x": 11924.0, "y": 5520.0}, {"i": 581, "x": 11964.0, "y": 1044.0}, {"i": 582, "x": 11982.0, "y": 5052.0}, {"i": 583, "x": 12008.0, "y": 7092.0}, {"i": 584, "x": 12026.0, "y": 1434.0}, {"i": 585, "x": 12044.0, "y": 7124.0}, {"i": 586, "x": 12050.0, "y": 606.0}, {"i": 587, "x": 12164.0, "y": 310.0}, {"i": 588, "x": 12208.0, "y": 3100.0}, {"i": 589, "x": 12280.0, "y": 3242.0}, {"i": 590, "x": 12320.0, "y": 5682.0}, {"i": 591, "x": 12366.0, "y": 6762.0}, {"i": 592, "x": 12390.0, "y": 732.0}, {"i": 593, "x": 12402.0, "y": 724.0}, {"i": 594, "x": 12424.0, "y": 228.0}, {"i": 595, "x": 12440.0, "y": 246.0}, {"i": 596, "x": 12470.0, "y": 558.0}, {"i": 597, "x": 12586.0, "y": 3232.0}, {"i": 598, "x": 12586.0, "y": 5636.0}, {"i": 599, "x": 12774.0, "y": 870.0}], "type": "Instance", "name": "euro-night-0000600", "meta": {"comment": "HIP even point set instance (600 points) sampled from image ", "faces_in_delaunay": 1184}}