{"points": [{"i": 0, "x": 290.0, "y": 4982.0}, {"i": 1, "x": 340.0, "y": 386.0}, {"i": 2, "x": 1568.0, "y": 560.0}, {"i": 3, "x": 1788.0, "y": 228.0}, {"i": 4, "x": 3472.0, "y": 2168.0}, {"i": 5, "x": 3796.0, "y": 4504.0}, {"i": 6, "x": 5234.0, "y": 3822.0}, {"i": 7, "x": 6052.0, "y": 4696.0}, {"i": 8, "x": 6400.0, "y": 2798.0}, {"i": 9, "x": 6490.0, "y": 2670.0}, {"i": 10, "x": 7050.0, "y": 2248.0}, {"i": 11, "x": 7142.0, "y": 4396.0}, {"i": 12, "x": 7798.0, "y": 6660.0}, {"i": 13, "x": 8244.0, "y": 4734.0}, {"i": 14, "x": 9582.0, "y": 2104.0}], "type": "Instance", "name": "euro-night-0000015", "meta": {"comment": "HIP even point set instance (15 points) sampled from image ", "faces_in_delaunay": 23}}