{"points": [{"i": 0, "x": 352.0, "y": 946.0}, {"i": 1, "x": 408.0, "y": 2096.0}, {"i": 2, "x": 468.0, "y": 5040.0}, {"i": 3, "x": 484.0, "y": 1414.0}, {"i": 4, "x": 512.0, "y": 1520.0}, {"i": 5, "x": 566.0, "y": 2098.0}, {"i": 6, "x": 576.0, "y": 1630.0}, {"i": 7, "x": 672.0, "y": 1038.0}, {"i": 8, "x": 1074.0, "y": 5192.0}, {"i": 9, "x": 1154.0, "y": 5608.0}, {"i": 10, "x": 1232.0, "y": 1906.0}, {"i": 11, "x": 1910.0, "y": 360.0}, {"i": 12, "x": 2088.0, "y": 4502.0}, {"i": 13, "x": 2090.0, "y": 5168.0}, {"i": 14, "x": 2284.0, "y": 3408.0}, {"i": 15, "x": 2432.0, "y": 5712.0}, {"i": 16, "x": 2444.0, "y": 5178.0}, {"i": 17, "x": 2730.0, "y": 844.0}, {"i": 18, "x": 2750.0, "y": 4856.0}, {"i": 19, "x": 3032.0, "y": 3720.0}, {"i": 20, "x": 3122.0, "y": 4664.0}, {"i": 21, "x": 3548.0, "y": 48.0}, {"i": 22, "x": 3662.0, "y": 1600.0}, {"i": 23, "x": 3784.0, "y": 3852.0}, {"i": 24, "x": 3846.0, "y": 2032.0}, {"i": 25, "x": 4378.0, "y": 3820.0}, {"i": 26, "x": 4406.0, "y": 4868.0}, {"i": 27, "x": 4440.0, "y": 3228.0}, {"i": 28, "x": 4450.0, "y": 4246.0}, {"i": 29, "x": 4462.0, "y": 2468.0}, {"i": 30, "x": 4502.0, "y": 44.0}, {"i": 31, "x": 4746.0, "y": 4388.0}, {"i": 32, "x": 4786.0, "y": 4006.0}, {"i": 33, "x": 4938.0, "y": 2388.0}, {"i": 34, "x": 5018.0, "y": 4632.0}, {"i": 35, "x": 5200.0, "y": 4438.0}, {"i": 36, "x": 5410.0, "y": 2618.0}, {"i": 37, "x": 5422.0, "y": 4470.0}, {"i": 38, "x": 5564.0, "y": 4078.0}, {"i": 39, "x": 5608.0, "y": 2664.0}, {"i": 40, "x": 5644.0, "y": 4788.0}, {"i": 41, "x": 5772.0, "y": 4788.0}, {"i": 42, "x": 5836.0, "y": 1156.0}, {"i": 43, "x": 5972.0, "y": 3706.0}, {"i": 44, "x": 6006.0, "y": 7184.0}, {"i": 45, "x": 6102.0, "y": 3066.0}, {"i": 46, "x": 6124.0, "y": 2774.0}, {"i": 47, "x": 6252.0, "y": 2396.0}, {"i": 48, "x": 6274.0, "y": 2346.0}, {"i": 49, "x": 6304.0, "y": 7082.0}, {"i": 50, "x": 6416.0, "y": 4880.0}, {"i": 51, "x": 6484.0, "y": 2876.0}, {"i": 52, "x": 6558.0, "y": 2564.0}, {"i": 53, "x": 6678.0, "y": 4592.0}, {"i": 54, "x": 6680.0, "y": 2342.0}, {"i": 55, "x": 6684.0, "y": 6332.0}, {"i": 56, "x": 6756.0, "y": 1734.0}, {"i": 57, "x": 6776.0, "y": 1962.0}, {"i": 58, "x": 6966.0, "y": 5850.0}, {"i": 59, "x": 7054.0, "y": 1914.0}, {"i": 60, "x": 7120.0, "y": 2006.0}, {"i": 61, "x": 7300.0, "y": 3188.0}, {"i": 62, "x": 7890.0, "y": 3116.0}, {"i": 63, "x": 7916.0, "y": 1240.0}, {"i": 64, "x": 7974.0, "y": 4982.0}, {"i": 65, "x": 8022.0, "y": 4350.0}, {"i": 66, "x": 8316.0, "y": 3968.0}, {"i": 67, "x": 8430.0, "y": 3662.0}, {"i": 68, "x": 8444.0, "y": 2396.0}, {"i": 69, "x": 8460.0, "y": 4868.0}, {"i": 70, "x": 8500.0, "y": 4354.0}, {"i": 71, "x": 8704.0, "y": 4444.0}, {"i": 72, "x": 8716.0, "y": 3476.0}, {"i": 73, "x": 9006.0, "y": 4176.0}, {"i": 74, "x": 9896.0, "y": 2916.0}, {"i": 75, "x": 11236.0, "y": 3774.0}, {"i": 76, "x": 11766.0, "y": 972.0}, {"i": 77, "x": 11978.0, "y": 6008.0}, {"i": 78, "x": 12108.0, "y": 1406.0}, {"i": 79, "x": 12290.0, "y": 3922.0}], "type": "Instance", "name": "euro-night-0000080", "meta": {"comment": "HIP even point set instance (80 points) sampled from image ", "faces_in_delaunay": 147}}