{"points": [{"i": 0, "x": 368.0, "y": 1032.0}, {"i": 1, "x": 400.0, "y": 1498.0}, {"i": 2, "x": 1156.0, "y": 5150.0}, {"i": 3, "x": 2100.0, "y": 6198.0}, {"i": 4, "x": 2624.0, "y": 2960.0}, {"i": 5, "x": 2640.0, "y": 2254.0}, {"i": 6, "x": 2794.0, "y": 5362.0}, {"i": 7, "x": 2922.0, "y": 1052.0}, {"i": 8, "x": 3240.0, "y": 4478.0}, {"i": 9, "x": 3940.0, "y": 4292.0}, {"i": 10, "x": 4276.0, "y": 4648.0}, {"i": 11, "x": 4296.0, "y": 3742.0}, {"i": 12, "x": 4380.0, "y": 4732.0}, {"i": 13, "x": 4488.0, "y": 2386.0}, {"i": 14, "x": 4490.0, "y": 2214.0}, {"i": 15, "x": 4712.0, "y": 6868.0}, {"i": 16, "x": 4734.0, "y": 4490.0}, {"i": 17, "x": 5154.0, "y": 3936.0}, {"i": 18, "x": 5558.0, "y": 2898.0}, {"i": 19, "x": 5572.0, "y": 4156.0}, {"i": 20, "x": 5930.0, "y": 2850.0}, {"i": 21, "x": 5962.0, "y": 2904.0}, {"i": 22, "x": 6742.0, "y": 2992.0}, {"i": 23, "x": 7010.0, "y": 4332.0}, {"i": 24, "x": 7918.0, "y": 3842.0}, {"i": 25, "x": 8066.0, "y": 5096.0}, {"i": 26, "x": 8244.0, "y": 4462.0}, {"i": 27, "x": 8610.0, "y": 4240.0}, {"i": 28, "x": 8786.0, "y": 4564.0}, {"i": 29, "x": 8878.0, "y": 2694.0}, {"i": 30, "x": 8950.0, "y": 4898.0}, {"i": 31, "x": 10274.0, "y": 1518.0}, {"i": 32, "x": 11310.0, "y": 3338.0}, {"i": 33, "x": 11496.0, "y": 1526.0}, {"i": 34, "x": 11688.0, "y": 944.0}], "type": "Instance", "name": "euro-night-0000035", "meta": {"comment": "HIP even point set instance (35 points) sampled from image ", "faces_in_delaunay": 60}}