{"points": [{"i": 0, "x": 656.0, "y": 4986.0}, {"i": 1, "x": 992.0, "y": 1946.0}, {"i": 2, "x": 2306.0, "y": 3304.0}, {"i": 3, "x": 2484.0, "y": 1848.0}, {"i": 4, "x": 2602.0, "y": 5008.0}, {"i": 5, "x": 2708.0, "y": 612.0}, {"i": 6, "x": 3684.0, "y": 3864.0}, {"i": 7, "x": 3910.0, "y": 4330.0}, {"i": 8, "x": 4676.0, "y": 4752.0}, {"i": 9, "x": 4902.0, "y": 3138.0}, {"i": 10, "x": 4932.0, "y": 2922.0}, {"i": 11, "x": 5202.0, "y": 3802.0}, {"i": 12, "x": 5324.0, "y": 4696.0}, {"i": 13, "x": 5514.0, "y": 4008.0}, {"i": 14, "x": 5770.0, "y": 2996.0}, {"i": 15, "x": 5790.0, "y": 4904.0}, {"i": 16, "x": 5814.0, "y": 4574.0}, {"i": 17, "x": 6280.0, "y": 2460.0}, {"i": 18, "x": 8008.0, "y": 4862.0}, {"i": 19, "x": 9172.0, "y": 4102.0}, {"i": 20, "x": 9968.0, "y": 3030.0}, {"i": 21, "x": 10008.0, "y": 2820.0}, {"i": 22, "x": 11018.0, "y": 6704.0}, {"i": 23, "x": 11764.0, "y": 1478.0}, {"i": 24, "x": 12362.0, "y": 676.0}], "type": "Instance", "name": "euro-night-0000025", "meta": {"comment": "HIP even point set instance (25 points) sampled from image ", "faces_in_delaunay": 43}}