{"points": [{"i": 0, "x": 2396.0, "y": 5284.0}, {"i": 1, "x": 2656.0, "y": 2938.0}, {"i": 2, "x": 4120.0, "y": 2278.0}, {"i": 3, "x": 4342.0, "y": 102.0}, {"i": 4, "x": 4384.0, "y": 2988.0}, {"i": 5, "x": 5136.0, "y": 2280.0}, {"i": 6, "x": 6634.0, "y": 5416.0}, {"i": 7, "x": 8598.0, "y": 2632.0}, {"i": 8, "x": 8898.0, "y": 4170.0}, {"i": 9, "x": 11738.0, "y": 1550.0}], "type": "Instance", "name": "euro-night-0000010", "meta": {"comment": "HIP even point set instance (10 points) sampled from image ", "faces_in_delaunay": 12}}