{"points": [{"i": 0, "x": 272.0, "y": 5184.0}, {"i": 1, "x": 1088.0, "y": 5238.0}, {"i": 2, "x": 1168.0, "y": 5556.0}, {"i": 3, "x": 1188.0, "y": 210.0}, {"i": 4, "x": 1222.0, "y": 1892.0}, {"i": 5, "x": 1442.0, "y": 1196.0}, {"i": 6, "x": 2396.0, "y": 5282.0}, {"i": 7, "x": 2526.0, "y": 1808.0}, {"i": 8, "x": 2698.0, "y": 502.0}, {"i": 9, "x": 2926.0, "y": 1100.0}, {"i": 10, "x": 2998.0, "y": 5046.0}, {"i": 11, "x": 3642.0, "y": 4012.0}, {"i": 12, "x": 3958.0, "y": 6160.0}, {"i": 13, "x": 3994.0, "y": 4558.0}, {"i": 14, "x": 4036.0, "y": 4508.0}, {"i": 15, "x": 4098.0, "y": 208.0}, {"i": 16, "x": 4714.0, "y": 4630.0}, {"i": 17, "x": 4722.0, "y": 5022.0}, {"i": 18, "x": 4802.0, "y": 2734.0}, {"i": 19, "x": 4814.0, "y": 3094.0}, {"i": 20, "x": 4838.0, "y": 5042.0}, {"i": 21, "x": 4976.0, "y": 2240.0}, {"i": 22, "x": 5124.0, "y": 3232.0}, {"i": 23, "x": 5284.0, "y": 2754.0}, {"i": 24, "x": 5324.0, "y": 238.0}, {"i": 25, "x": 5638.0, "y": 4376.0}, {"i": 26, "x": 5652.0, "y": 4264.0}, {"i": 27, "x": 5802.0, "y": 2930.0}, {"i": 28, "x": 6182.0, "y": 2170.0}, {"i": 29, "x": 6210.0, "y": 7172.0}, {"i": 30, "x": 6462.0, "y": 3010.0}, {"i": 31, "x": 6544.0, "y": 2784.0}, {"i": 32, "x": 6560.0, "y": 4980.0}, {"i": 33, "x": 6676.0, "y": 6544.0}, {"i": 34, "x": 6716.0, "y": 1758.0}, {"i": 35, "x": 6998.0, "y": 1718.0}, {"i": 36, "x": 7008.0, "y": 2968.0}, {"i": 37, "x": 7024.0, "y": 6346.0}, {"i": 38, "x": 7252.0, "y": 1914.0}, {"i": 39, "x": 7616.0, "y": 6254.0}, {"i": 40, "x": 7946.0, "y": 3640.0}, {"i": 41, "x": 8092.0, "y": 4964.0}, {"i": 42, "x": 8176.0, "y": 1326.0}, {"i": 43, "x": 8482.0, "y": 5148.0}, {"i": 44, "x": 8574.0, "y": 5150.0}, {"i": 45, "x": 8584.0, "y": 4268.0}, {"i": 46, "x": 8654.0, "y": 4248.0}, {"i": 47, "x": 8818.0, "y": 1152.0}, {"i": 48, "x": 8908.0, "y": 2630.0}, {"i": 49, "x": 8982.0, "y": 4148.0}, {"i": 50, "x": 9078.0, "y": 2648.0}, {"i": 51, "x": 9268.0, "y": 4916.0}, {"i": 52, "x": 9276.0, "y": 922.0}, {"i": 53, "x": 9370.0, "y": 3788.0}, {"i": 54, "x": 10444.0, "y": 1834.0}, {"i": 55, "x": 10492.0, "y": 2650.0}, {"i": 56, "x": 10818.0, "y": 1410.0}, {"i": 57, "x": 10914.0, "y": 1218.0}, {"i": 58, "x": 11752.0, "y": 5140.0}, {"i": 59, "x": 11866.0, "y": 1426.0}], "type": "Instance", "name": "euro-night-0000060", "meta": {"comment": "HIP even point set instance (60 points) sampled from image ", "faces_in_delaunay": 108}}