{"points": [{"i": 0, "x": 396.0, "y": 1444.0}, {"i": 1, "x": 622.0, "y": 1312.0}, {"i": 2, "x": 626.0, "y": 836.0}, {"i": 3, "x": 778.0, "y": 1514.0}, {"i": 4, "x": 806.0, "y": 5186.0}, {"i": 5, "x": 1060.0, "y": 806.0}, {"i": 6, "x": 1078.0, "y": 5206.0}, {"i": 7, "x": 1162.0, "y": 5136.0}, {"i": 8, "x": 1234.0, "y": 1892.0}, {"i": 9, "x": 1630.0, "y": 5172.0}, {"i": 10, "x": 1822.0, "y": 1160.0}, {"i": 11, "x": 1862.0, "y": 1426.0}, {"i": 12, "x": 1948.0, "y": 2240.0}, {"i": 13, "x": 1994.0, "y": 3528.0}, {"i": 14, "x": 2076.0, "y": 1572.0}, {"i": 15, "x": 2090.0, "y": 5146.0}, {"i": 16, "x": 2186.0, "y": 4544.0}, {"i": 17, "x": 2224.0, "y": 228.0}, {"i": 18, "x": 2256.0, "y": 4716.0}, {"i": 19, "x": 2264.0, "y": 1938.0}, {"i": 20, "x": 2264.0, "y": 2132.0}, {"i": 21, "x": 2276.0, "y": 4652.0}, {"i": 22, "x": 2332.0, "y": 5208.0}, {"i": 23, "x": 2336.0, "y": 5208.0}, {"i": 24, "x": 2354.0, "y": 4816.0}, {"i": 25, "x": 2354.0, "y": 4912.0}, {"i": 26, "x": 2380.0, "y": 1202.0}, {"i": 27, "x": 2386.0, "y": 3754.0}, {"i": 28, "x": 2508.0, "y": 5820.0}, {"i": 29, "x": 2596.0, "y": 554.0}, {"i": 30, "x": 2606.0, "y": 4738.0}, {"i": 31, "x": 2620.0, "y": 5198.0}, {"i": 32, "x": 2650.0, "y": 5074.0}, {"i": 33, "x": 2850.0, "y": 5322.0}, {"i": 34, "x": 2954.0, "y": 4656.0}, {"i": 35, "x": 3072.0, "y": 3350.0}, {"i": 36, "x": 3088.0, "y": 4626.0}, {"i": 37, "x": 3104.0, "y": 1622.0}, {"i": 38, "x": 3312.0, "y": 3826.0}, {"i": 39, "x": 3312.0, "y": 4760.0}, {"i": 40, "x": 3348.0, "y": 1530.0}, {"i": 41, "x": 3386.0, "y": 2964.0}, {"i": 42, "x": 3430.0, "y": 5058.0}, {"i": 43, "x": 3592.0, "y": 4082.0}, {"i": 44, "x": 3644.0, "y": 3812.0}, {"i": 45, "x": 3660.0, "y": 3994.0}, {"i": 46, "x": 3668.0, "y": 1690.0}, {"i": 47, "x": 3722.0, "y": 3812.0}, {"i": 48, "x": 3732.0, "y": 3324.0}, {"i": 49, "x": 3786.0, "y": 4438.0}, {"i": 50, "x": 3840.0, "y": 4332.0}, {"i": 51, "x": 3850.0, "y": 3052.0}, {"i": 52, "x": 3870.0, "y": 4228.0}, {"i": 53, "x": 3926.0, "y": 4308.0}, {"i": 54, "x": 3932.0, "y": 3306.0}, {"i": 55, "x": 4028.0, "y": 160.0}, {"i": 56, "x": 4120.0, "y": 4548.0}, {"i": 57, "x": 4222.0, "y": 2292.0}, {"i": 58, "x": 4224.0, "y": 3924.0}, {"i": 59, "x": 4296.0, "y": 4790.0}, {"i": 60, "x": 4342.0, "y": 112.0}, {"i": 61, "x": 4430.0, "y": 2348.0}, {"i": 62, "x": 4446.0, "y": 4804.0}, {"i": 63, "x": 4458.0, "y": 4126.0}, {"i": 64, "x": 4484.0, "y": 4756.0}, {"i": 65, "x": 4590.0, "y": 3190.0}, {"i": 66, "x": 4646.0, "y": 3222.0}, {"i": 67, "x": 4660.0, "y": 4956.0}, {"i": 68, "x": 4664.0, "y": 4172.0}, {"i": 69, "x": 4674.0, "y": 4674.0}, {"i": 70, "x": 4758.0, "y": 3650.0}, {"i": 71, "x": 4852.0, "y": 3864.0}, {"i": 72, "x": 4982.0, "y": 4632.0}, {"i": 73, "x": 4984.0, "y": 2318.0}, {"i": 74, "x": 5026.0, "y": 4512.0}, {"i": 75, "x": 5046.0, "y": 3496.0}, {"i": 76, "x": 5132.0, "y": 4004.0}, {"i": 77, "x": 5186.0, "y": 3584.0}, {"i": 78, "x": 5214.0, "y": 4838.0}, {"i": 79, "x": 5258.0, "y": 3488.0}, {"i": 80, "x": 5308.0, "y": 4040.0}, {"i": 81, "x": 5332.0, "y": 2596.0}, {"i": 82, "x": 5538.0, "y": 3978.0}, {"i": 83, "x": 5568.0, "y": 2934.0}, {"i": 84, "x": 5604.0, "y": 1832.0}, {"i": 85, "x": 5740.0, "y": 2844.0}, {"i": 86, "x": 5742.0, "y": 4538.0}, {"i": 87, "x": 5778.0, "y": 1666.0}, {"i": 88, "x": 5822.0, "y": 2850.0}, {"i": 89, "x": 5824.0, "y": 2836.0}, {"i": 90, "x": 5874.0, "y": 6972.0}, {"i": 91, "x": 5876.0, "y": 5492.0}, {"i": 92, "x": 5880.0, "y": 6952.0}, {"i": 93, "x": 5928.0, "y": 4578.0}, {"i": 94, "x": 5934.0, "y": 2894.0}, {"i": 95, "x": 5954.0, "y": 6286.0}, {"i": 96, "x": 6012.0, "y": 5492.0}, {"i": 97, "x": 6034.0, "y": 3632.0}, {"i": 98, "x": 6048.0, "y": 5290.0}, {"i": 99, "x": 6062.0, "y": 4918.0}, {"i": 100, "x": 6080.0, "y": 2678.0}, {"i": 101, "x": 6104.0, "y": 2624.0}, {"i": 102, "x": 6106.0, "y": 4256.0}, {"i": 103, "x": 6118.0, "y": 24.0}, {"i": 104, "x": 6144.0, "y": 2388.0}, {"i": 105, "x": 6176.0, "y": 2264.0}, {"i": 106, "x": 6210.0, "y": 2360.0}, {"i": 107, "x": 6248.0, "y": 3662.0}, {"i": 108, "x": 6342.0, "y": 2754.0}, {"i": 109, "x": 6364.0, "y": 5224.0}, {"i": 110, "x": 6390.0, "y": 2622.0}, {"i": 111, "x": 6408.0, "y": 3708.0}, {"i": 112, "x": 6420.0, "y": 2168.0}, {"i": 113, "x": 6472.0, "y": 4484.0}, {"i": 114, "x": 6480.0, "y": 4186.0}, {"i": 115, "x": 6566.0, "y": 2718.0}, {"i": 116, "x": 6580.0, "y": 2796.0}, {"i": 117, "x": 6682.0, "y": 4668.0}, {"i": 118, "x": 6704.0, "y": 1754.0}, {"i": 119, "x": 6920.0, "y": 1796.0}, {"i": 120, "x": 6938.0, "y": 4960.0}, {"i": 121, "x": 6938.0, "y": 7144.0}, {"i": 122, "x": 6956.0, "y": 2228.0}, {"i": 123, "x": 7010.0, "y": 1828.0}, {"i": 124, "x": 7038.0, "y": 7000.0}, {"i": 125, "x": 7150.0, "y": 6566.0}, {"i": 126, "x": 7240.0, "y": 5012.0}, {"i": 127, "x": 7288.0, "y": 1484.0}, {"i": 128, "x": 7540.0, "y": 206.0}, {"i": 129, "x": 7546.0, "y": 3662.0}, {"i": 130, "x": 7634.0, "y": 3324.0}, {"i": 131, "x": 7646.0, "y": 2372.0}, {"i": 132, "x": 7670.0, "y": 1302.0}, {"i": 133, "x": 7690.0, "y": 6716.0}, {"i": 134, "x": 7704.0, "y": 2842.0}, {"i": 135, "x": 7804.0, "y": 690.0}, {"i": 136, "x": 7842.0, "y": 3528.0}, {"i": 137, "x": 7852.0, "y": 2882.0}, {"i": 138, "x": 7864.0, "y": 2874.0}, {"i": 139, "x": 7924.0, "y": 3546.0}, {"i": 140, "x": 7984.0, "y": 7084.0}, {"i": 141, "x": 8012.0, "y": 5310.0}, {"i": 142, "x": 8080.0, "y": 1478.0}, {"i": 143, "x": 8104.0, "y": 3728.0}, {"i": 144, "x": 8226.0, "y": 2944.0}, {"i": 145, "x": 8336.0, "y": 4760.0}, {"i": 146, "x": 8344.0, "y": 4700.0}, {"i": 147, "x": 8402.0, "y": 7038.0}, {"i": 148, "x": 8482.0, "y": 3780.0}, {"i": 149, "x": 8862.0, "y": 3562.0}, {"i": 150, "x": 8920.0, "y": 4132.0}, {"i": 151, "x": 8966.0, "y": 4606.0}, {"i": 152, "x": 8982.0, "y": 3398.0}, {"i": 153, "x": 9026.0, "y": 4224.0}, {"i": 154, "x": 9084.0, "y": 5276.0}, {"i": 155, "x": 9118.0, "y": 5298.0}, {"i": 156, "x": 9186.0, "y": 2338.0}, {"i": 157, "x": 9224.0, "y": 3674.0}, {"i": 158, "x": 9296.0, "y": 2580.0}, {"i": 159, "x": 9306.0, "y": 2714.0}, {"i": 160, "x": 9336.0, "y": 2850.0}, {"i": 161, "x": 9432.0, "y": 3030.0}, {"i": 162, "x": 9474.0, "y": 5132.0}, {"i": 163, "x": 9602.0, "y": 3560.0}, {"i": 164, "x": 9762.0, "y": 632.0}, {"i": 165, "x": 9818.0, "y": 1028.0}, {"i": 166, "x": 10118.0, "y": 3622.0}, {"i": 167, "x": 10192.0, "y": 6308.0}, {"i": 168, "x": 10266.0, "y": 1500.0}, {"i": 169, "x": 10470.0, "y": 2228.0}, {"i": 170, "x": 10520.0, "y": 2414.0}, {"i": 171, "x": 10598.0, "y": 7002.0}, {"i": 172, "x": 10644.0, "y": 1932.0}, {"i": 173, "x": 10686.0, "y": 3576.0}, {"i": 174, "x": 10792.0, "y": 2678.0}, {"i": 175, "x": 10812.0, "y": 1812.0}, {"i": 176, "x": 10850.0, "y": 1156.0}, {"i": 177, "x": 10896.0, "y": 3660.0}, {"i": 178, "x": 11144.0, "y": 2428.0}, {"i": 179, "x": 11206.0, "y": 2470.0}, {"i": 180, "x": 11218.0, "y": 1934.0}, {"i": 181, "x": 11242.0, "y": 3012.0}, {"i": 182, "x": 11298.0, "y": 338.0}, {"i": 183, "x": 11360.0, "y": 2088.0}, {"i": 184, "x": 11428.0, "y": 1302.0}, {"i": 185, "x": 11482.0, "y": 568.0}, {"i": 186, "x": 11734.0, "y": 1488.0}, {"i": 187, "x": 11788.0, "y": 4836.0}, {"i": 188, "x": 11982.0, "y": 1424.0}, {"i": 189, "x": 12120.0, "y": 4352.0}, {"i": 190, "x": 12148.0, "y": 3100.0}, {"i": 191, "x": 12148.0, "y": 4302.0}, {"i": 192, "x": 12160.0, "y": 524.0}, {"i": 193, "x": 12162.0, "y": 150.0}, {"i": 194, "x": 12186.0, "y": 254.0}, {"i": 195, "x": 12234.0, "y": 7068.0}, {"i": 196, "x": 12432.0, "y": 1582.0}, {"i": 197, "x": 12688.0, "y": 3242.0}, {"i": 198, "x": 12706.0, "y": 1116.0}, {"i": 199, "x": 12712.0, "y": 1720.0}], "type": "Instance", "name": "euro-night-0000200", "meta": {"comment": "HIP even point set instance (200 points) sampled from image ", "faces_in_delaunay": 384}}