{"points": [{"i": 0, "x": 194.0, "y": 960.0}, {"i": 1, "x": 230.0, "y": 5270.0}, {"i": 2, "x": 298.0, "y": 5320.0}, {"i": 3, "x": 356.0, "y": 746.0}, {"i": 4, "x": 382.0, "y": 1846.0}, {"i": 5, "x": 396.0, "y": 1868.0}, {"i": 6, "x": 400.0, "y": 2020.0}, {"i": 7, "x": 416.0, "y": 354.0}, {"i": 8, "x": 432.0, "y": 1534.0}, {"i": 9, "x": 450.0, "y": 1940.0}, {"i": 10, "x": 462.0, "y": 1904.0}, {"i": 11, "x": 472.0, "y": 1382.0}, {"i": 12, "x": 472.0, "y": 1756.0}, {"i": 13, "x": 482.0, "y": 2032.0}, {"i": 14, "x": 486.0, "y": 2074.0}, {"i": 15, "x": 504.0, "y": 5370.0}, {"i": 16, "x": 506.0, "y": 2244.0}, {"i": 17, "x": 528.0, "y": 348.0}, {"i": 18, "x": 546.0, "y": 882.0}, {"i": 19, "x": 550.0, "y": 2000.0}, {"i": 20, "x": 608.0, "y": 1384.0}, {"i": 21, "x": 610.0, "y": 1618.0}, {"i": 22, "x": 622.0, "y": 1932.0}, {"i": 23, "x": 646.0, "y": 5758.0}, {"i": 24, "x": 694.0, "y": 4908.0}, {"i": 25, "x": 700.0, "y": 4904.0}, {"i": 26, "x": 718.0, "y": 2124.0}, {"i": 27, "x": 738.0, "y": 5642.0}, {"i": 28, "x": 750.0, "y": 1578.0}, {"i": 29, "x": 782.0, "y": 1392.0}, {"i": 30, "x": 816.0, "y": 364.0}, {"i": 31, "x": 820.0, "y": 2262.0}, {"i": 32, "x": 954.0, "y": 1524.0}, {"i": 33, "x": 958.0, "y": 5372.0}, {"i": 34, "x": 960.0, "y": 454.0}, {"i": 35, "x": 974.0, "y": 5486.0}, {"i": 36, "x": 980.0, "y": 5392.0}, {"i": 37, "x": 1038.0, "y": 328.0}, {"i": 38, "x": 1110.0, "y": 194.0}, {"i": 39, "x": 1114.0, "y": 5310.0}, {"i": 40, "x": 1118.0, "y": 1438.0}, {"i": 41, "x": 1126.0, "y": 5652.0}, {"i": 42, "x": 1166.0, "y": 418.0}, {"i": 43, "x": 1166.0, "y": 5228.0}, {"i": 44, "x": 1220.0, "y": 1474.0}, {"i": 45, "x": 1232.0, "y": 364.0}, {"i": 46, "x": 1254.0, "y": 2214.0}, {"i": 47, "x": 1262.0, "y": 2262.0}, {"i": 48, "x": 1274.0, "y": 5498.0}, {"i": 49, "x": 1418.0, "y": 4230.0}, {"i": 50, "x": 1438.0, "y": 1170.0}, {"i": 51, "x": 1488.0, "y": 4274.0}, {"i": 52, "x": 1574.0, "y": 1372.0}, {"i": 53, "x": 1580.0, "y": 1388.0}, {"i": 54, "x": 1636.0, "y": 1754.0}, {"i": 55, "x": 1648.0, "y": 1828.0}, {"i": 56, "x": 1654.0, "y": 1630.0}, {"i": 57, "x": 1658.0, "y": 2092.0}, {"i": 58, "x": 1702.0, "y": 1622.0}, {"i": 59, "x": 1736.0, "y": 2198.0}, {"i": 60, "x": 1738.0, "y": 6070.0}, {"i": 61, "x": 1806.0, "y": 530.0}, {"i": 62, "x": 1818.0, "y": 1226.0}, {"i": 63, "x": 1822.0, "y": 6042.0}, {"i": 64, "x": 1828.0, "y": 1284.0}, {"i": 65, "x": 1836.0, "y": 2184.0}, {"i": 66, "x": 1884.0, "y": 6084.0}, {"i": 67, "x": 1912.0, "y": 5978.0}, {"i": 68, "x": 1918.0, "y": 926.0}, {"i": 69, "x": 1922.0, "y": 5724.0}, {"i": 70, "x": 1932.0, "y": 1332.0}, {"i": 71, "x": 1936.0, "y": 5546.0}, {"i": 72, "x": 1938.0, "y": 268.0}, {"i": 73, "x": 1960.0, "y": 2174.0}, {"i": 74, "x": 1962.0, "y": 2214.0}, {"i": 75, "x": 1988.0, "y": 554.0}, {"i": 76, "x": 2004.0, "y": 6014.0}, {"i": 77, "x": 2026.0, "y": 878.0}, {"i": 78, "x": 2036.0, "y": 1924.0}, {"i": 79, "x": 2064.0, "y": 5964.0}, {"i": 80, "x": 2074.0, "y": 5458.0}, {"i": 81, "x": 2098.0, "y": 2148.0}, {"i": 82, "x": 2136.0, "y": 5224.0}, {"i": 83, "x": 2136.0, "y": 6140.0}, {"i": 84, "x": 2140.0, "y": 6136.0}, {"i": 85, "x": 2164.0, "y": 5248.0}, {"i": 86, "x": 2170.0, "y": 5206.0}, {"i": 87, "x": 2186.0, "y": 2218.0}, {"i": 88, "x": 2204.0, "y": 2090.0}, {"i": 89, "x": 2246.0, "y": 4708.0}, {"i": 90, "x": 2274.0, "y": 4962.0}, {"i": 91, "x": 2288.0, "y": 4702.0}, {"i": 92, "x": 2306.0, "y": 4770.0}, {"i": 93, "x": 2324.0, "y": 258.0}, {"i": 94, "x": 2346.0, "y": 4558.0}, {"i": 95, "x": 2348.0, "y": 5090.0}, {"i": 96, "x": 2362.0, "y": 4794.0}, {"i": 97, "x": 2376.0, "y": 5074.0}, {"i": 98, "x": 2382.0, "y": 5052.0}, {"i": 99, "x": 2416.0, "y": 5288.0}, {"i": 100, "x": 2418.0, "y": 4894.0}, {"i": 101, "x": 2436.0, "y": 5286.0}, {"i": 102, "x": 2438.0, "y": 2202.0}, {"i": 103, "x": 2438.0, "y": 5302.0}, {"i": 104, "x": 2452.0, "y": 5284.0}, {"i": 105, "x": 2458.0, "y": 2190.0}, {"i": 106, "x": 2468.0, "y": 3636.0}, {"i": 107, "x": 2472.0, "y": 742.0}, {"i": 108, "x": 2486.0, "y": 3350.0}, {"i": 109, "x": 2498.0, "y": 3578.0}, {"i": 110, "x": 2502.0, "y": 404.0}, {"i": 111, "x": 2556.0, "y": 5166.0}, {"i": 112, "x": 2574.0, "y": 3336.0}, {"i": 113, "x": 2580.0, "y": 4902.0}, {"i": 114, "x": 2584.0, "y": 3010.0}, {"i": 115, "x": 2590.0, "y": 2992.0}, {"i": 116, "x": 2602.0, "y": 5214.0}, {"i": 117, "x": 2612.0, "y": 4930.0}, {"i": 118, "x": 2614.0, "y": 5084.0}, {"i": 119, "x": 2616.0, "y": 5654.0}, {"i": 120, "x": 2620.0, "y": 4940.0}, {"i": 121, "x": 2622.0, "y": 644.0}, {"i": 122, "x": 2630.0, "y": 1598.0}, {"i": 123, "x": 2700.0, "y": 2886.0}, {"i": 124, "x": 2718.0, "y": 2632.0}, {"i": 125, "x": 2720.0, "y": 1266.0}, {"i": 126, "x": 2728.0, "y": 616.0}, {"i": 127, "x": 2730.0, "y": 784.0}, {"i": 128, "x": 2732.0, "y": 4874.0}, {"i": 129, "x": 2738.0, "y": 496.0}, {"i": 130, "x": 2738.0, "y": 3234.0}, {"i": 131, "x": 2762.0, "y": 4732.0}, {"i": 132, "x": 2764.0, "y": 4792.0}, {"i": 133, "x": 2766.0, "y": 626.0}, {"i": 134, "x": 2782.0, "y": 5282.0}, {"i": 135, "x": 2784.0, "y": 5446.0}, {"i": 136, "x": 2792.0, "y": 652.0}, {"i": 137, "x": 2794.0, "y": 770.0}, {"i": 138, "x": 2800.0, "y": 2230.0}, {"i": 139, "x": 2844.0, "y": 726.0}, {"i": 140, "x": 2852.0, "y": 2678.0}, {"i": 141, "x": 2860.0, "y": 2182.0}, {"i": 142, "x": 2864.0, "y": 4800.0}, {"i": 143, "x": 2872.0, "y": 4592.0}, {"i": 144, "x": 2874.0, "y": 5314.0}, {"i": 145, "x": 2892.0, "y": 4754.0}, {"i": 146, "x": 2892.0, "y": 4762.0}, {"i": 147, "x": 2896.0, "y": 4878.0}, {"i": 148, "x": 2900.0, "y": 4802.0}, {"i": 149, "x": 2906.0, "y": 4980.0}, {"i": 150, "x": 2916.0, "y": 4952.0}, {"i": 151, "x": 2918.0, "y": 2616.0}, {"i": 152, "x": 2928.0, "y": 4984.0}, {"i": 153, "x": 2940.0, "y": 1118.0}, {"i": 154, "x": 2946.0, "y": 5040.0}, {"i": 155, "x": 2948.0, "y": 4692.0}, {"i": 156, "x": 2954.0, "y": 5268.0}, {"i": 157, "x": 2976.0, "y": 1190.0}, {"i": 158, "x": 2980.0, "y": 3372.0}, {"i": 159, "x": 2990.0, "y": 5096.0}, {"i": 160, "x": 2994.0, "y": 4982.0}, {"i": 161, "x": 3000.0, "y": 4574.0}, {"i": 162, "x": 3008.0, "y": 842.0}, {"i": 163, "x": 3010.0, "y": 4608.0}, {"i": 164, "x": 3014.0, "y": 790.0}, {"i": 165, "x": 3024.0, "y": 4966.0}, {"i": 166, "x": 3030.0, "y": 2656.0}, {"i": 167, "x": 3038.0, "y": 2818.0}, {"i": 168, "x": 3046.0, "y": 4872.0}, {"i": 169, "x": 3064.0, "y": 4040.0}, {"i": 170, "x": 3072.0, "y": 4642.0}, {"i": 171, "x": 3090.0, "y": 4040.0}, {"i": 172, "x": 3106.0, "y": 4646.0}, {"i": 173, "x": 3124.0, "y": 4680.0}, {"i": 174, "x": 3126.0, "y": 4682.0}, {"i": 175, "x": 3164.0, "y": 6434.0}, {"i": 176, "x": 3168.0, "y": 1672.0}, {"i": 177, "x": 3172.0, "y": 1690.0}, {"i": 178, "x": 3194.0, "y": 5062.0}, {"i": 179, "x": 3218.0, "y": 1686.0}, {"i": 180, "x": 3288.0, "y": 2430.0}, {"i": 181, "x": 3296.0, "y": 3992.0}, {"i": 182, "x": 3302.0, "y": 1536.0}, {"i": 183, "x": 3306.0, "y": 1638.0}, {"i": 184, "x": 3310.0, "y": 3980.0}, {"i": 185, "x": 3338.0, "y": 4032.0}, {"i": 186, "x": 3358.0, "y": 2310.0}, {"i": 187, "x": 3370.0, "y": 3904.0}, {"i": 188, "x": 3372.0, "y": 150.0}, {"i": 189, "x": 3372.0, "y": 2318.0}, {"i": 190, "x": 3372.0, "y": 4774.0}, {"i": 191, "x": 3374.0, "y": 1574.0}, {"i": 192, "x": 3378.0, "y": 890.0}, {"i": 193, "x": 3390.0, "y": 896.0}, {"i": 194, "x": 3396.0, "y": 2408.0}, {"i": 195, "x": 3408.0, "y": 2618.0}, {"i": 196, "x": 3450.0, "y": 2980.0}, {"i": 197, "x": 3456.0, "y": 1568.0}, {"i": 198, "x": 3496.0, "y": 3874.0}, {"i": 199, "x": 3500.0, "y": 2176.0}, {"i": 200, "x": 3558.0, "y": 2656.0}, {"i": 201, "x": 3578.0, "y": 3806.0}, {"i": 202, "x": 3582.0, "y": 3578.0}, {"i": 203, "x": 3582.0, "y": 3812.0}, {"i": 204, "x": 3586.0, "y": 3542.0}, {"i": 205, "x": 3590.0, "y": 2372.0}, {"i": 206, "x": 3610.0, "y": 7086.0}, {"i": 207, "x": 3622.0, "y": 58.0}, {"i": 208, "x": 3630.0, "y": 1726.0}, {"i": 209, "x": 3630.0, "y": 4480.0}, {"i": 210, "x": 3658.0, "y": 1700.0}, {"i": 211, "x": 3692.0, "y": 2466.0}, {"i": 212, "x": 3720.0, "y": 46.0}, {"i": 213, "x": 3724.0, "y": 2250.0}, {"i": 214, "x": 3736.0, "y": 4376.0}, {"i": 215, "x": 3756.0, "y": 3896.0}, {"i": 216, "x": 3776.0, "y": 4112.0}, {"i": 217, "x": 3786.0, "y": 4314.0}, {"i": 218, "x": 3808.0, "y": 3738.0}, {"i": 219, "x": 3824.0, "y": 3904.0}, {"i": 220, "x": 3842.0, "y": 1712.0}, {"i": 221, "x": 3844.0, "y": 4454.0}, {"i": 222, "x": 3848.0, "y": 4358.0}, {"i": 223, "x": 3866.0, "y": 136.0}, {"i": 224, "x": 3866.0, "y": 4134.0}, {"i": 225, "x": 3866.0, "y": 4294.0}, {"i": 226, "x": 3868.0, "y": 210.0}, {"i": 227, "x": 3876.0, "y": 1828.0}, {"i": 228, "x": 3876.0, "y": 3706.0}, {"i": 229, "x": 3888.0, "y": 3304.0}, {"i": 230, "x": 3894.0, "y": 4448.0}, {"i": 231, "x": 3906.0, "y": 200.0}, {"i": 232, "x": 3920.0, "y": 164.0}, {"i": 233, "x": 3970.0, "y": 2834.0}, {"i": 234, "x": 3976.0, "y": 2866.0}, {"i": 235, "x": 3978.0, "y": 94.0}, {"i": 236, "x": 3984.0, "y": 4318.0}, {"i": 237, "x": 4018.0, "y": 1808.0}, {"i": 238, "x": 4024.0, "y": 4304.0}, {"i": 239, "x": 4030.0, "y": 4458.0}, {"i": 240, "x": 4044.0, "y": 4448.0}, {"i": 241, "x": 4068.0, "y": 170.0}, {"i": 242, "x": 4078.0, "y": 4202.0}, {"i": 243, "x": 4084.0, "y": 4066.0}, {"i": 244, "x": 4102.0, "y": 3600.0}, {"i": 245, "x": 4138.0, "y": 128.0}, {"i": 246, "x": 4152.0, "y": 2618.0}, {"i": 247, "x": 4162.0, "y": 4564.0}, {"i": 248, "x": 4166.0, "y": 4390.0}, {"i": 249, "x": 4170.0, "y": 216.0}, {"i": 250, "x": 4178.0, "y": 224.0}, {"i": 251, "x": 4198.0, "y": 3964.0}, {"i": 252, "x": 4220.0, "y": 3012.0}, {"i": 253, "x": 4226.0, "y": 198.0}, {"i": 254, "x": 4226.0, "y": 2410.0}, {"i": 255, "x": 4272.0, "y": 4662.0}, {"i": 256, "x": 4282.0, "y": 1144.0}, {"i": 257, "x": 4308.0, "y": 4862.0}, {"i": 258, "x": 4312.0, "y": 4610.0}, {"i": 259, "x": 4328.0, "y": 4484.0}, {"i": 260, "x": 4346.0, "y": 4226.0}, {"i": 261, "x": 4348.0, "y": 4232.0}, {"i": 262, "x": 4372.0, "y": 4552.0}, {"i": 263, "x": 4376.0, "y": 4872.0}, {"i": 264, "x": 4380.0, "y": 166.0}, {"i": 265, "x": 4384.0, "y": 4322.0}, {"i": 266, "x": 4398.0, "y": 4914.0}, {"i": 267, "x": 4432.0, "y": 4296.0}, {"i": 268, "x": 4436.0, "y": 4452.0}, {"i": 269, "x": 4436.0, "y": 4846.0}, {"i": 270, "x": 4440.0, "y": 2398.0}, {"i": 271, "x": 4444.0, "y": 2650.0}, {"i": 272, "x": 4452.0, "y": 4440.0}, {"i": 273, "x": 4456.0, "y": 2930.0}, {"i": 274, "x": 4458.0, "y": 2390.0}, {"i": 275, "x": 4464.0, "y": 2936.0}, {"i": 276, "x": 4472.0, "y": 6144.0}, {"i": 277, "x": 4474.0, "y": 2288.0}, {"i": 278, "x": 4482.0, "y": 4938.0}, {"i": 279, "x": 4484.0, "y": 4816.0}, {"i": 280, "x": 4492.0, "y": 4668.0}, {"i": 281, "x": 4504.0, "y": 4914.0}, {"i": 282, "x": 4506.0, "y": 4822.0}, {"i": 283, "x": 4512.0, "y": 4466.0}, {"i": 284, "x": 4538.0, "y": 4292.0}, {"i": 285, "x": 4558.0, "y": 2606.0}, {"i": 286, "x": 4562.0, "y": 6980.0}, {"i": 287, "x": 4568.0, "y": 2266.0}, {"i": 288, "x": 4570.0, "y": 7024.0}, {"i": 289, "x": 4572.0, "y": 4436.0}, {"i": 290, "x": 4594.0, "y": 4632.0}, {"i": 291, "x": 4602.0, "y": 7120.0}, {"i": 292, "x": 4608.0, "y": 2178.0}, {"i": 293, "x": 4608.0, "y": 2214.0}, {"i": 294, "x": 4632.0, "y": 4844.0}, {"i": 295, "x": 4638.0, "y": 2182.0}, {"i": 296, "x": 4642.0, "y": 2810.0}, {"i": 297, "x": 4646.0, "y": 4352.0}, {"i": 298, "x": 4648.0, "y": 4060.0}, {"i": 299, "x": 4674.0, "y": 4438.0}, {"i": 300, "x": 4678.0, "y": 6802.0}, {"i": 301, "x": 4680.0, "y": 22.0}, {"i": 302, "x": 4682.0, "y": 6792.0}, {"i": 303, "x": 4712.0, "y": 2704.0}, {"i": 304, "x": 4716.0, "y": 134.0}, {"i": 305, "x": 4720.0, "y": 2738.0}, {"i": 306, "x": 4720.0, "y": 6858.0}, {"i": 307, "x": 4722.0, "y": 4622.0}, {"i": 308, "x": 4726.0, "y": 3274.0}, {"i": 309, "x": 4732.0, "y": 4132.0}, {"i": 310, "x": 4742.0, "y": 4394.0}, {"i": 311, "x": 4772.0, "y": 2304.0}, {"i": 312, "x": 4786.0, "y": 2444.0}, {"i": 313, "x": 4792.0, "y": 6730.0}, {"i": 314, "x": 4798.0, "y": 4542.0}, {"i": 315, "x": 4798.0, "y": 4796.0}, {"i": 316, "x": 4828.0, "y": 3862.0}, {"i": 317, "x": 4844.0, "y": 3990.0}, {"i": 318, "x": 4846.0, "y": 4056.0}, {"i": 319, "x": 4848.0, "y": 3968.0}, {"i": 320, "x": 4872.0, "y": 3892.0}, {"i": 321, "x": 4874.0, "y": 4762.0}, {"i": 322, "x": 4894.0, "y": 3812.0}, {"i": 323, "x": 4924.0, "y": 4466.0}, {"i": 324, "x": 4940.0, "y": 3532.0}, {"i": 325, "x": 4940.0, "y": 3900.0}, {"i": 326, "x": 4942.0, "y": 4040.0}, {"i": 327, "x": 4942.0, "y": 4472.0}, {"i": 328, "x": 4950.0, "y": 4370.0}, {"i": 329, "x": 4970.0, "y": 2160.0}, {"i": 330, "x": 4974.0, "y": 2974.0}, {"i": 331, "x": 4974.0, "y": 4462.0}, {"i": 332, "x": 4974.0, "y": 5106.0}, {"i": 333, "x": 4994.0, "y": 14.0}, {"i": 334, "x": 4998.0, "y": 3166.0}, {"i": 335, "x": 5000.0, "y": 3164.0}, {"i": 336, "x": 5006.0, "y": 4122.0}, {"i": 337, "x": 5014.0, "y": 3356.0}, {"i": 338, "x": 5040.0, "y": 4624.0}, {"i": 339, "x": 5046.0, "y": 5024.0}, {"i": 340, "x": 5056.0, "y": 5194.0}, {"i": 341, "x": 5064.0, "y": 5052.0}, {"i": 342, "x": 5070.0, "y": 3624.0}, {"i": 343, "x": 5074.0, "y": 4486.0}, {"i": 344, "x": 5086.0, "y": 4672.0}, {"i": 345, "x": 5108.0, "y": 4418.0}, {"i": 346, "x": 5138.0, "y": 54.0}, {"i": 347, "x": 5146.0, "y": 4664.0}, {"i": 348, "x": 5156.0, "y": 2350.0}, {"i": 349, "x": 5164.0, "y": 4456.0}, {"i": 350, "x": 5166.0, "y": 4650.0}, {"i": 351, "x": 5178.0, "y": 3064.0}, {"i": 352, "x": 5178.0, "y": 4686.0}, {"i": 353, "x": 5186.0, "y": 3138.0}, {"i": 354, "x": 5186.0, "y": 3922.0}, {"i": 355, "x": 5192.0, "y": 6624.0}, {"i": 356, "x": 5200.0, "y": 3566.0}, {"i": 357, "x": 5206.0, "y": 4558.0}, {"i": 358, "x": 5216.0, "y": 4410.0}, {"i": 359, "x": 5220.0, "y": 3516.0}, {"i": 360, "x": 5220.0, "y": 4314.0}, {"i": 361, "x": 5256.0, "y": 2550.0}, {"i": 362, "x": 5274.0, "y": 4534.0}, {"i": 363, "x": 5276.0, "y": 190.0}, {"i": 364, "x": 5276.0, "y": 3066.0}, {"i": 365, "x": 5332.0, "y": 266.0}, {"i": 366, "x": 5334.0, "y": 4036.0}, {"i": 367, "x": 5338.0, "y": 2844.0}, {"i": 368, "x": 5340.0, "y": 3640.0}, {"i": 369, "x": 5350.0, "y": 2686.0}, {"i": 370, "x": 5362.0, "y": 2832.0}, {"i": 371, "x": 5400.0, "y": 3840.0}, {"i": 372, "x": 5408.0, "y": 2764.0}, {"i": 373, "x": 5426.0, "y": 2838.0}, {"i": 374, "x": 5460.0, "y": 2508.0}, {"i": 375, "x": 5474.0, "y": 4090.0}, {"i": 376, "x": 5478.0, "y": 4234.0}, {"i": 377, "x": 5504.0, "y": 2896.0}, {"i": 378, "x": 5504.0, "y": 4238.0}, {"i": 379, "x": 5516.0, "y": 4476.0}, {"i": 380, "x": 5526.0, "y": 982.0}, {"i": 381, "x": 5526.0, "y": 2836.0}, {"i": 382, "x": 5526.0, "y": 3990.0}, {"i": 383, "x": 5528.0, "y": 2712.0}, {"i": 384, "x": 5532.0, "y": 4078.0}, {"i": 385, "x": 5540.0, "y": 2754.0}, {"i": 386, "x": 5544.0, "y": 4248.0}, {"i": 387, "x": 5548.0, "y": 3926.0}, {"i": 388, "x": 5558.0, "y": 4174.0}, {"i": 389, "x": 5558.0, "y": 4218.0}, {"i": 390, "x": 5562.0, "y": 5252.0}, {"i": 391, "x": 5582.0, "y": 2602.0}, {"i": 392, "x": 5604.0, "y": 2874.0}, {"i": 393, "x": 5604.0, "y": 5358.0}, {"i": 394, "x": 5606.0, "y": 4026.0}, {"i": 395, "x": 5614.0, "y": 4814.0}, {"i": 396, "x": 5624.0, "y": 2890.0}, {"i": 397, "x": 5642.0, "y": 7120.0}, {"i": 398, "x": 5644.0, "y": 3540.0}, {"i": 399, "x": 5666.0, "y": 3884.0}, {"i": 400, "x": 5668.0, "y": 2972.0}, {"i": 401, "x": 5690.0, "y": 1382.0}, {"i": 402, "x": 5690.0, "y": 2990.0}, {"i": 403, "x": 5698.0, "y": 3630.0}, {"i": 404, "x": 5702.0, "y": 1000.0}, {"i": 405, "x": 5708.0, "y": 1004.0}, {"i": 406, "x": 5730.0, "y": 2530.0}, {"i": 407, "x": 5738.0, "y": 2718.0}, {"i": 408, "x": 5756.0, "y": 2924.0}, {"i": 409, "x": 5762.0, "y": 2844.0}, {"i": 410, "x": 5762.0, "y": 3932.0}, {"i": 411, "x": 5798.0, "y": 3792.0}, {"i": 412, "x": 5806.0, "y": 4828.0}, {"i": 413, "x": 5842.0, "y": 2768.0}, {"i": 414, "x": 5860.0, "y": 3292.0}, {"i": 415, "x": 5862.0, "y": 3440.0}, {"i": 416, "x": 5886.0, "y": 6960.0}, {"i": 417, "x": 5890.0, "y": 2842.0}, {"i": 418, "x": 5902.0, "y": 5862.0}, {"i": 419, "x": 5910.0, "y": 1370.0}, {"i": 420, "x": 5916.0, "y": 2960.0}, {"i": 421, "x": 5922.0, "y": 4836.0}, {"i": 422, "x": 5930.0, "y": 4856.0}, {"i": 423, "x": 5958.0, "y": 2588.0}, {"i": 424, "x": 5962.0, "y": 372.0}, {"i": 425, "x": 5962.0, "y": 382.0}, {"i": 426, "x": 5966.0, "y": 2694.0}, {"i": 427, "x": 5966.0, "y": 4762.0}, {"i": 428, "x": 5996.0, "y": 3764.0}, {"i": 429, "x": 5996.0, "y": 4130.0}, {"i": 430, "x": 5996.0, "y": 5228.0}, {"i": 431, "x": 5998.0, "y": 2408.0}, {"i": 432, "x": 6006.0, "y": 6430.0}, {"i": 433, "x": 6020.0, "y": 2894.0}, {"i": 434, "x": 6050.0, "y": 182.0}, {"i": 435, "x": 6054.0, "y": 270.0}, {"i": 436, "x": 6080.0, "y": 2850.0}, {"i": 437, "x": 6084.0, "y": 192.0}, {"i": 438, "x": 6090.0, "y": 2354.0}, {"i": 439, "x": 6094.0, "y": 2042.0}, {"i": 440, "x": 6094.0, "y": 2876.0}, {"i": 441, "x": 6100.0, "y": 2372.0}, {"i": 442, "x": 6116.0, "y": 4412.0}, {"i": 443, "x": 6122.0, "y": 4192.0}, {"i": 444, "x": 6138.0, "y": 2420.0}, {"i": 445, "x": 6140.0, "y": 2854.0}, {"i": 446, "x": 6140.0, "y": 7098.0}, {"i": 447, "x": 6152.0, "y": 4884.0}, {"i": 448, "x": 6158.0, "y": 206.0}, {"i": 449, "x": 6158.0, "y": 2296.0}, {"i": 450, "x": 6170.0, "y": 2366.0}, {"i": 451, "x": 6170.0, "y": 4936.0}, {"i": 452, "x": 6174.0, "y": 124.0}, {"i": 453, "x": 6188.0, "y": 2636.0}, {"i": 454, "x": 6208.0, "y": 4018.0}, {"i": 455, "x": 6248.0, "y": 2528.0}, {"i": 456, "x": 6284.0, "y": 2578.0}, {"i": 457, "x": 6302.0, "y": 3054.0}, {"i": 458, "x": 6304.0, "y": 2662.0}, {"i": 459, "x": 6312.0, "y": 2870.0}, {"i": 460, "x": 6316.0, "y": 2630.0}, {"i": 461, "x": 6324.0, "y": 2876.0}, {"i": 462, "x": 6326.0, "y": 4114.0}, {"i": 463, "x": 6330.0, "y": 2312.0}, {"i": 464, "x": 6350.0, "y": 3014.0}, {"i": 465, "x": 6358.0, "y": 2762.0}, {"i": 466, "x": 6362.0, "y": 7190.0}, {"i": 467, "x": 6384.0, "y": 4814.0}, {"i": 468, "x": 6386.0, "y": 4644.0}, {"i": 469, "x": 6396.0, "y": 2546.0}, {"i": 470, "x": 6408.0, "y": 2918.0}, {"i": 471, "x": 6420.0, "y": 2802.0}, {"i": 472, "x": 6426.0, "y": 3712.0}, {"i": 473, "x": 6432.0, "y": 3676.0}, {"i": 474, "x": 6438.0, "y": 2066.0}, {"i": 475, "x": 6466.0, "y": 2888.0}, {"i": 476, "x": 6468.0, "y": 4506.0}, {"i": 477, "x": 6468.0, "y": 7164.0}, {"i": 478, "x": 6474.0, "y": 5776.0}, {"i": 479, "x": 6486.0, "y": 3768.0}, {"i": 480, "x": 6502.0, "y": 3842.0}, {"i": 481, "x": 6506.0, "y": 4836.0}, {"i": 482, "x": 6526.0, "y": 2714.0}, {"i": 483, "x": 6552.0, "y": 5686.0}, {"i": 484, "x": 6560.0, "y": 2638.0}, {"i": 485, "x": 6570.0, "y": 2628.0}, {"i": 486, "x": 6576.0, "y": 4664.0}, {"i": 487, "x": 6590.0, "y": 3114.0}, {"i": 488, "x": 6598.0, "y": 6524.0}, {"i": 489, "x": 6614.0, "y": 2840.0}, {"i": 490, "x": 6616.0, "y": 1806.0}, {"i": 491, "x": 6620.0, "y": 2736.0}, {"i": 492, "x": 6622.0, "y": 2960.0}, {"i": 493, "x": 6624.0, "y": 2498.0}, {"i": 494, "x": 6632.0, "y": 3536.0}, {"i": 495, "x": 6636.0, "y": 4660.0}, {"i": 496, "x": 6646.0, "y": 4320.0}, {"i": 497, "x": 6652.0, "y": 2212.0}, {"i": 498, "x": 6656.0, "y": 1778.0}, {"i": 499, "x": 6656.0, "y": 4218.0}, {"i": 500, "x": 6658.0, "y": 2456.0}, {"i": 501, "x": 6670.0, "y": 1872.0}, {"i": 502, "x": 6672.0, "y": 1970.0}, {"i": 503, "x": 6678.0, "y": 2836.0}, {"i": 504, "x": 6682.0, "y": 1984.0}, {"i": 505, "x": 6682.0, "y": 2968.0}, {"i": 506, "x": 6694.0, "y": 2874.0}, {"i": 507, "x": 6708.0, "y": 2118.0}, {"i": 508, "x": 6716.0, "y": 1828.0}, {"i": 509, "x": 6722.0, "y": 2160.0}, {"i": 510, "x": 6724.0, "y": 5246.0}, {"i": 511, "x": 6728.0, "y": 1772.0}, {"i": 512, "x": 6740.0, "y": 1748.0}, {"i": 513, "x": 6752.0, "y": 1720.0}, {"i": 514, "x": 6772.0, "y": 2392.0}, {"i": 515, "x": 6782.0, "y": 4374.0}, {"i": 516, "x": 6786.0, "y": 1796.0}, {"i": 517, "x": 6794.0, "y": 472.0}, {"i": 518, "x": 6798.0, "y": 2408.0}, {"i": 519, "x": 6812.0, "y": 1698.0}, {"i": 520, "x": 6812.0, "y": 2072.0}, {"i": 521, "x": 6822.0, "y": 3652.0}, {"i": 522, "x": 6824.0, "y": 1824.0}, {"i": 523, "x": 6840.0, "y": 6102.0}, {"i": 524, "x": 6862.0, "y": 6524.0}, {"i": 525, "x": 6874.0, "y": 6038.0}, {"i": 526, "x": 6914.0, "y": 5434.0}, {"i": 527, "x": 6924.0, "y": 3036.0}, {"i": 528, "x": 6928.0, "y": 2202.0}, {"i": 529, "x": 6938.0, "y": 5822.0}, {"i": 530, "x": 6944.0, "y": 4532.0}, {"i": 531, "x": 6950.0, "y": 6756.0}, {"i": 532, "x": 6958.0, "y": 4914.0}, {"i": 533, "x": 6958.0, "y": 5898.0}, {"i": 534, "x": 6972.0, "y": 7020.0}, {"i": 535, "x": 7038.0, "y": 5026.0}, {"i": 536, "x": 7038.0, "y": 5888.0}, {"i": 537, "x": 7048.0, "y": 2940.0}, {"i": 538, "x": 7050.0, "y": 1926.0}, {"i": 539, "x": 7066.0, "y": 6444.0}, {"i": 540, "x": 7068.0, "y": 4948.0}, {"i": 541, "x": 7090.0, "y": 1862.0}, {"i": 542, "x": 7094.0, "y": 4376.0}, {"i": 543, "x": 7110.0, "y": 4936.0}, {"i": 544, "x": 7114.0, "y": 420.0}, {"i": 545, "x": 7124.0, "y": 4368.0}, {"i": 546, "x": 7136.0, "y": 2168.0}, {"i": 547, "x": 7136.0, "y": 3916.0}, {"i": 548, "x": 7166.0, "y": 2674.0}, {"i": 549, "x": 7168.0, "y": 476.0}, {"i": 550, "x": 7174.0, "y": 6082.0}, {"i": 551, "x": 7186.0, "y": 1868.0}, {"i": 552, "x": 7200.0, "y": 416.0}, {"i": 553, "x": 7204.0, "y": 1936.0}, {"i": 554, "x": 7212.0, "y": 1640.0}, {"i": 555, "x": 7216.0, "y": 4270.0}, {"i": 556, "x": 7228.0, "y": 6996.0}, {"i": 557, "x": 7242.0, "y": 1452.0}, {"i": 558, "x": 7244.0, "y": 1558.0}, {"i": 559, "x": 7246.0, "y": 6530.0}, {"i": 560, "x": 7258.0, "y": 1672.0}, {"i": 561, "x": 7290.0, "y": 5126.0}, {"i": 562, "x": 7304.0, "y": 2938.0}, {"i": 563, "x": 7316.0, "y": 4216.0}, {"i": 564, "x": 7338.0, "y": 1670.0}, {"i": 565, "x": 7350.0, "y": 4736.0}, {"i": 566, "x": 7356.0, "y": 292.0}, {"i": 567, "x": 7362.0, "y": 364.0}, {"i": 568, "x": 7364.0, "y": 1490.0}, {"i": 569, "x": 7364.0, "y": 2776.0}, {"i": 570, "x": 7380.0, "y": 3076.0}, {"i": 571, "x": 7390.0, "y": 4190.0}, {"i": 572, "x": 7408.0, "y": 1832.0}, {"i": 573, "x": 7420.0, "y": 3828.0}, {"i": 574, "x": 7442.0, "y": 276.0}, {"i": 575, "x": 7476.0, "y": 6596.0}, {"i": 576, "x": 7486.0, "y": 1752.0}, {"i": 577, "x": 7508.0, "y": 3416.0}, {"i": 578, "x": 7514.0, "y": 520.0}, {"i": 579, "x": 7564.0, "y": 1516.0}, {"i": 580, "x": 7564.0, "y": 2766.0}, {"i": 581, "x": 7564.0, "y": 3868.0}, {"i": 582, "x": 7574.0, "y": 1548.0}, {"i": 583, "x": 7576.0, "y": 3212.0}, {"i": 584, "x": 7580.0, "y": 6970.0}, {"i": 585, "x": 7586.0, "y": 3340.0}, {"i": 586, "x": 7588.0, "y": 556.0}, {"i": 587, "x": 7598.0, "y": 3666.0}, {"i": 588, "x": 7600.0, "y": 3068.0}, {"i": 589, "x": 7610.0, "y": 4102.0}, {"i": 590, "x": 7650.0, "y": 2832.0}, {"i": 591, "x": 7656.0, "y": 6188.0}, {"i": 592, "x": 7676.0, "y": 2744.0}, {"i": 593, "x": 7718.0, "y": 2936.0}, {"i": 594, "x": 7722.0, "y": 3484.0}, {"i": 595, "x": 7746.0, "y": 1102.0}, {"i": 596, "x": 7750.0, "y": 2934.0}, {"i": 597, "x": 7758.0, "y": 3032.0}, {"i": 598, "x": 7830.0, "y": 2252.0}, {"i": 599, "x": 7838.0, "y": 2982.0}, {"i": 600, "x": 7850.0, "y": 5434.0}, {"i": 601, "x": 7902.0, "y": 3630.0}, {"i": 602, "x": 7904.0, "y": 3086.0}, {"i": 603, "x": 7924.0, "y": 3700.0}, {"i": 604, "x": 7940.0, "y": 858.0}, {"i": 605, "x": 7944.0, "y": 2262.0}, {"i": 606, "x": 7946.0, "y": 2896.0}, {"i": 607, "x": 7952.0, "y": 872.0}, {"i": 608, "x": 7974.0, "y": 2864.0}, {"i": 609, "x": 7980.0, "y": 5356.0}, {"i": 610, "x": 7994.0, "y": 4770.0}, {"i": 611, "x": 7994.0, "y": 4822.0}, {"i": 612, "x": 8004.0, "y": 6522.0}, {"i": 613, "x": 8016.0, "y": 1286.0}, {"i": 614, "x": 8020.0, "y": 3580.0}, {"i": 615, "x": 8046.0, "y": 928.0}, {"i": 616, "x": 8082.0, "y": 4542.0}, {"i": 617, "x": 8084.0, "y": 4678.0}, {"i": 618, "x": 8146.0, "y": 4564.0}, {"i": 619, "x": 8162.0, "y": 3230.0}, {"i": 620, "x": 8166.0, "y": 3608.0}, {"i": 621, "x": 8170.0, "y": 3624.0}, {"i": 622, "x": 8230.0, "y": 3918.0}, {"i": 623, "x": 8234.0, "y": 4072.0}, {"i": 624, "x": 8238.0, "y": 3396.0}, {"i": 625, "x": 8254.0, "y": 7184.0}, {"i": 626, "x": 8260.0, "y": 5146.0}, {"i": 627, "x": 8266.0, "y": 2216.0}, {"i": 628, "x": 8294.0, "y": 4294.0}, {"i": 629, "x": 8306.0, "y": 2202.0}, {"i": 630, "x": 8310.0, "y": 4240.0}, {"i": 631, "x": 8324.0, "y": 2190.0}, {"i": 632, "x": 8332.0, "y": 6954.0}, {"i": 633, "x": 8340.0, "y": 5292.0}, {"i": 634, "x": 8358.0, "y": 4162.0}, {"i": 635, "x": 8426.0, "y": 4732.0}, {"i": 636, "x": 8460.0, "y": 7006.0}, {"i": 637, "x": 8472.0, "y": 6968.0}, {"i": 638, "x": 8476.0, "y": 6978.0}, {"i": 639, "x": 8482.0, "y": 4254.0}, {"i": 640, "x": 8492.0, "y": 4260.0}, {"i": 641, "x": 8500.0, "y": 3326.0}, {"i": 642, "x": 8530.0, "y": 5198.0}, {"i": 643, "x": 8542.0, "y": 5226.0}, {"i": 644, "x": 8542.0, "y": 5376.0}, {"i": 645, "x": 8550.0, "y": 1936.0}, {"i": 646, "x": 8560.0, "y": 3450.0}, {"i": 647, "x": 8568.0, "y": 4136.0}, {"i": 648, "x": 8588.0, "y": 2920.0}, {"i": 649, "x": 8614.0, "y": 4088.0}, {"i": 650, "x": 8632.0, "y": 5414.0}, {"i": 651, "x": 8650.0, "y": 2784.0}, {"i": 652, "x": 8676.0, "y": 4280.0}, {"i": 653, "x": 8680.0, "y": 4426.0}, {"i": 654, "x": 8710.0, "y": 3440.0}, {"i": 655, "x": 8712.0, "y": 3440.0}, {"i": 656, "x": 8720.0, "y": 4988.0}, {"i": 657, "x": 8722.0, "y": 4334.0}, {"i": 658, "x": 8746.0, "y": 4454.0}, {"i": 659, "x": 8750.0, "y": 4136.0}, {"i": 660, "x": 8760.0, "y": 2712.0}, {"i": 661, "x": 8776.0, "y": 2932.0}, {"i": 662, "x": 8806.0, "y": 3550.0}, {"i": 663, "x": 8814.0, "y": 2606.0}, {"i": 664, "x": 8856.0, "y": 2880.0}, {"i": 665, "x": 8882.0, "y": 1524.0}, {"i": 666, "x": 8884.0, "y": 4058.0}, {"i": 667, "x": 8890.0, "y": 1458.0}, {"i": 668, "x": 8942.0, "y": 4958.0}, {"i": 669, "x": 8974.0, "y": 2398.0}, {"i": 670, "x": 8982.0, "y": 4832.0}, {"i": 671, "x": 8994.0, "y": 5662.0}, {"i": 672, "x": 9028.0, "y": 2646.0}, {"i": 673, "x": 9058.0, "y": 3346.0}, {"i": 674, "x": 9080.0, "y": 3186.0}, {"i": 675, "x": 9112.0, "y": 4186.0}, {"i": 676, "x": 9126.0, "y": 5334.0}, {"i": 677, "x": 9166.0, "y": 5594.0}, {"i": 678, "x": 9168.0, "y": 964.0}, {"i": 679, "x": 9174.0, "y": 5632.0}, {"i": 680, "x": 9182.0, "y": 5600.0}, {"i": 681, "x": 9212.0, "y": 4028.0}, {"i": 682, "x": 9214.0, "y": 4028.0}, {"i": 683, "x": 9218.0, "y": 4534.0}, {"i": 684, "x": 9228.0, "y": 4862.0}, {"i": 685, "x": 9234.0, "y": 1112.0}, {"i": 686, "x": 9240.0, "y": 4738.0}, {"i": 687, "x": 9278.0, "y": 4226.0}, {"i": 688, "x": 9278.0, "y": 4900.0}, {"i": 689, "x": 9292.0, "y": 952.0}, {"i": 690, "x": 9318.0, "y": 2756.0}, {"i": 691, "x": 9336.0, "y": 5904.0}, {"i": 692, "x": 9362.0, "y": 4226.0}, {"i": 693, "x": 9412.0, "y": 3088.0}, {"i": 694, "x": 9420.0, "y": 4208.0}, {"i": 695, "x": 9434.0, "y": 2322.0}, {"i": 696, "x": 9446.0, "y": 4790.0}, {"i": 697, "x": 9452.0, "y": 4230.0}, {"i": 698, "x": 9468.0, "y": 6414.0}, {"i": 699, "x": 9474.0, "y": 622.0}, {"i": 700, "x": 9510.0, "y": 1924.0}, {"i": 701, "x": 9530.0, "y": 870.0}, {"i": 702, "x": 9532.0, "y": 3356.0}, {"i": 703, "x": 9578.0, "y": 3300.0}, {"i": 704, "x": 9606.0, "y": 2192.0}, {"i": 705, "x": 9620.0, "y": 5144.0}, {"i": 706, "x": 9632.0, "y": 870.0}, {"i": 707, "x": 9682.0, "y": 4820.0}, {"i": 708, "x": 9698.0, "y": 3584.0}, {"i": 709, "x": 9710.0, "y": 2646.0}, {"i": 710, "x": 9712.0, "y": 986.0}, {"i": 711, "x": 9724.0, "y": 4404.0}, {"i": 712, "x": 9768.0, "y": 1520.0}, {"i": 713, "x": 9776.0, "y": 1198.0}, {"i": 714, "x": 9792.0, "y": 4202.0}, {"i": 715, "x": 9800.0, "y": 1188.0}, {"i": 716, "x": 9816.0, "y": 1386.0}, {"i": 717, "x": 9868.0, "y": 6138.0}, {"i": 718, "x": 9880.0, "y": 998.0}, {"i": 719, "x": 9950.0, "y": 2464.0}, {"i": 720, "x": 9960.0, "y": 2228.0}, {"i": 721, "x": 9966.0, "y": 7162.0}, {"i": 722, "x": 10120.0, "y": 4862.0}, {"i": 723, "x": 10182.0, "y": 4132.0}, {"i": 724, "x": 10188.0, "y": 542.0}, {"i": 725, "x": 10206.0, "y": 5666.0}, {"i": 726, "x": 10242.0, "y": 4134.0}, {"i": 727, "x": 10256.0, "y": 3898.0}, {"i": 728, "x": 10266.0, "y": 2560.0}, {"i": 729, "x": 10292.0, "y": 2326.0}, {"i": 730, "x": 10316.0, "y": 6276.0}, {"i": 731, "x": 10322.0, "y": 1844.0}, {"i": 732, "x": 10322.0, "y": 6384.0}, {"i": 733, "x": 10506.0, "y": 7048.0}, {"i": 734, "x": 10510.0, "y": 5592.0}, {"i": 735, "x": 10562.0, "y": 1978.0}, {"i": 736, "x": 10620.0, "y": 6842.0}, {"i": 737, "x": 10654.0, "y": 2594.0}, {"i": 738, "x": 10662.0, "y": 1784.0}, {"i": 739, "x": 10676.0, "y": 1948.0}, {"i": 740, "x": 10708.0, "y": 2532.0}, {"i": 741, "x": 10720.0, "y": 2120.0}, {"i": 742, "x": 10732.0, "y": 2406.0}, {"i": 743, "x": 10782.0, "y": 754.0}, {"i": 744, "x": 10800.0, "y": 1838.0}, {"i": 745, "x": 10820.0, "y": 2510.0}, {"i": 746, "x": 10914.0, "y": 4382.0}, {"i": 747, "x": 10952.0, "y": 1654.0}, {"i": 748, "x": 11034.0, "y": 1536.0}, {"i": 749, "x": 11056.0, "y": 3068.0}, {"i": 750, "x": 11112.0, "y": 2972.0}, {"i": 751, "x": 11148.0, "y": 1572.0}, {"i": 752, "x": 11172.0, "y": 5408.0}, {"i": 753, "x": 11198.0, "y": 808.0}, {"i": 754, "x": 11210.0, "y": 5344.0}, {"i": 755, "x": 11212.0, "y": 924.0}, {"i": 756, "x": 11242.0, "y": 5326.0}, {"i": 757, "x": 11274.0, "y": 2526.0}, {"i": 758, "x": 11322.0, "y": 5414.0}, {"i": 759, "x": 11328.0, "y": 5398.0}, {"i": 760, "x": 11372.0, "y": 2810.0}, {"i": 761, "x": 11470.0, "y": 1236.0}, {"i": 762, "x": 11496.0, "y": 2578.0}, {"i": 763, "x": 11498.0, "y": 2402.0}, {"i": 764, "x": 11504.0, "y": 5428.0}, {"i": 765, "x": 11558.0, "y": 5472.0}, {"i": 766, "x": 11576.0, "y": 2344.0}, {"i": 767, "x": 11592.0, "y": 2398.0}, {"i": 768, "x": 11628.0, "y": 4282.0}, {"i": 769, "x": 11632.0, "y": 274.0}, {"i": 770, "x": 11728.0, "y": 7152.0}, {"i": 771, "x": 11764.0, "y": 1482.0}, {"i": 772, "x": 11766.0, "y": 4812.0}, {"i": 773, "x": 11790.0, "y": 3342.0}, {"i": 774, "x": 11800.0, "y": 1384.0}, {"i": 775, "x": 11834.0, "y": 3234.0}, {"i": 776, "x": 11900.0, "y": 1460.0}, {"i": 777, "x": 11974.0, "y": 4220.0}, {"i": 778, "x": 12012.0, "y": 7052.0}, {"i": 779, "x": 12076.0, "y": 524.0}, {"i": 780, "x": 12128.0, "y": 1480.0}, {"i": 781, "x": 12132.0, "y": 4352.0}, {"i": 782, "x": 12134.0, "y": 1404.0}, {"i": 783, "x": 12134.0, "y": 1442.0}, {"i": 784, "x": 12144.0, "y": 7180.0}, {"i": 785, "x": 12162.0, "y": 7064.0}, {"i": 786, "x": 12166.0, "y": 1078.0}, {"i": 787, "x": 12168.0, "y": 438.0}, {"i": 788, "x": 12182.0, "y": 4326.0}, {"i": 789, "x": 12192.0, "y": 7106.0}, {"i": 790, "x": 12196.0, "y": 3100.0}, {"i": 791, "x": 12200.0, "y": 4326.0}, {"i": 792, "x": 12252.0, "y": 280.0}, {"i": 793, "x": 12288.0, "y": 320.0}, {"i": 794, "x": 12566.0, "y": 1262.0}, {"i": 795, "x": 12570.0, "y": 4962.0}, {"i": 796, "x": 12574.0, "y": 5640.0}, {"i": 797, "x": 12630.0, "y": 1070.0}, {"i": 798, "x": 12640.0, "y": 842.0}, {"i": 799, "x": 12726.0, "y": 568.0}], "type": "Instance", "name": "euro-night-0000800", "meta": {"comment": "HIP even point set instance (800 points) sampled from image ", "faces_in_delaunay": 1584}}