{"points": [{"i": 0, "x": 348.0, "y": 1882.0}, {"i": 1, "x": 806.0, "y": 5710.0}, {"i": 2, "x": 904.0, "y": 370.0}, {"i": 3, "x": 1066.0, "y": 5390.0}, {"i": 4, "x": 1958.0, "y": 3522.0}, {"i": 5, "x": 2106.0, "y": 6462.0}, {"i": 6, "x": 2140.0, "y": 1218.0}, {"i": 7, "x": 2150.0, "y": 2206.0}, {"i": 8, "x": 2346.0, "y": 6372.0}, {"i": 9, "x": 2460.0, "y": 392.0}, {"i": 10, "x": 2470.0, "y": 4522.0}, {"i": 11, "x": 2678.0, "y": 1674.0}, {"i": 12, "x": 3092.0, "y": 4648.0}, {"i": 13, "x": 3448.0, "y": 1930.0}, {"i": 14, "x": 3448.0, "y": 3394.0}, {"i": 15, "x": 3688.0, "y": 1800.0}, {"i": 16, "x": 3724.0, "y": 3054.0}, {"i": 17, "x": 3848.0, "y": 2154.0}, {"i": 18, "x": 4170.0, "y": 4414.0}, {"i": 19, "x": 4354.0, "y": 4628.0}, {"i": 20, "x": 4442.0, "y": 3308.0}, {"i": 21, "x": 4536.0, "y": 4728.0}, {"i": 22, "x": 4972.0, "y": 4342.0}, {"i": 23, "x": 4990.0, "y": 2964.0}, {"i": 24, "x": 5032.0, "y": 4546.0}, {"i": 25, "x": 5070.0, "y": 2256.0}, {"i": 26, "x": 5100.0, "y": 4874.0}, {"i": 27, "x": 5264.0, "y": 2564.0}, {"i": 28, "x": 5546.0, "y": 1230.0}, {"i": 29, "x": 5670.0, "y": 2554.0}, {"i": 30, "x": 6014.0, "y": 2792.0}, {"i": 31, "x": 6084.0, "y": 6996.0}, {"i": 32, "x": 6092.0, "y": 3948.0}, {"i": 33, "x": 6352.0, "y": 2362.0}, {"i": 34, "x": 6652.0, "y": 4596.0}, {"i": 35, "x": 6892.0, "y": 1658.0}, {"i": 36, "x": 7346.0, "y": 5202.0}, {"i": 37, "x": 7568.0, "y": 4568.0}, {"i": 38, "x": 7626.0, "y": 670.0}, {"i": 39, "x": 8034.0, "y": 3258.0}, {"i": 40, "x": 8370.0, "y": 1372.0}, {"i": 41, "x": 8404.0, "y": 6968.0}, {"i": 42, "x": 8562.0, "y": 5482.0}, {"i": 43, "x": 8678.0, "y": 3454.0}, {"i": 44, "x": 9154.0, "y": 4786.0}, {"i": 45, "x": 9342.0, "y": 2006.0}, {"i": 46, "x": 9546.0, "y": 722.0}, {"i": 47, "x": 10002.0, "y": 602.0}, {"i": 48, "x": 12234.0, "y": 3188.0}, {"i": 49, "x": 12788.0, "y": 1548.0}], "type": "Instance", "name": "euro-night-0000050", "meta": {"comment": "HIP even point set instance (50 points) sampled from image ", "faces_in_delaunay": 88}}