{"points": [{"i": 0, "x": 262.0, "y": 1020.0}, {"i": 1, "x": 426.0, "y": 950.0}, {"i": 2, "x": 1198.0, "y": 5584.0}, {"i": 3, "x": 1504.0, "y": 4732.0}, {"i": 4, "x": 1510.0, "y": 4704.0}, {"i": 5, "x": 1552.0, "y": 1710.0}, {"i": 6, "x": 1650.0, "y": 5848.0}, {"i": 7, "x": 2180.0, "y": 5268.0}, {"i": 8, "x": 2256.0, "y": 4982.0}, {"i": 9, "x": 2582.0, "y": 5182.0}, {"i": 10, "x": 2746.0, "y": 2640.0}, {"i": 11, "x": 2842.0, "y": 3432.0}, {"i": 12, "x": 3042.0, "y": 4708.0}, {"i": 13, "x": 3610.0, "y": 4012.0}, {"i": 14, "x": 3686.0, "y": 3872.0}, {"i": 15, "x": 3786.0, "y": 4008.0}, {"i": 16, "x": 4082.0, "y": 4392.0}, {"i": 17, "x": 4374.0, "y": 4854.0}, {"i": 18, "x": 4422.0, "y": 4844.0}, {"i": 19, "x": 4428.0, "y": 4866.0}, {"i": 20, "x": 4550.0, "y": 4692.0}, {"i": 21, "x": 4560.0, "y": 2880.0}, {"i": 22, "x": 4758.0, "y": 3360.0}, {"i": 23, "x": 5024.0, "y": 5006.0}, {"i": 24, "x": 5056.0, "y": 3250.0}, {"i": 25, "x": 5182.0, "y": 3534.0}, {"i": 26, "x": 5268.0, "y": 3968.0}, {"i": 27, "x": 5448.0, "y": 2402.0}, {"i": 28, "x": 5566.0, "y": 4818.0}, {"i": 29, "x": 5648.0, "y": 3774.0}, {"i": 30, "x": 5674.0, "y": 2732.0}, {"i": 31, "x": 5860.0, "y": 5550.0}, {"i": 32, "x": 5872.0, "y": 5936.0}, {"i": 33, "x": 5964.0, "y": 6302.0}, {"i": 34, "x": 6038.0, "y": 3030.0}, {"i": 35, "x": 6420.0, "y": 2612.0}, {"i": 36, "x": 6466.0, "y": 3780.0}, {"i": 37, "x": 6734.0, "y": 4486.0}, {"i": 38, "x": 6750.0, "y": 2978.0}, {"i": 39, "x": 6932.0, "y": 2232.0}, {"i": 40, "x": 7216.0, "y": 2958.0}, {"i": 41, "x": 7304.0, "y": 1498.0}, {"i": 42, "x": 7332.0, "y": 3610.0}, {"i": 43, "x": 7386.0, "y": 2852.0}, {"i": 44, "x": 7404.0, "y": 400.0}, {"i": 45, "x": 7440.0, "y": 646.0}, {"i": 46, "x": 7782.0, "y": 3568.0}, {"i": 47, "x": 7936.0, "y": 2958.0}, {"i": 48, "x": 8268.0, "y": 6872.0}, {"i": 49, "x": 8292.0, "y": 1348.0}, {"i": 50, "x": 8314.0, "y": 1336.0}, {"i": 51, "x": 8560.0, "y": 6984.0}, {"i": 52, "x": 8676.0, "y": 3464.0}, {"i": 53, "x": 8706.0, "y": 5372.0}, {"i": 54, "x": 8868.0, "y": 4328.0}, {"i": 55, "x": 8890.0, "y": 4068.0}, {"i": 56, "x": 9202.0, "y": 4822.0}, {"i": 57, "x": 9222.0, "y": 5392.0}, {"i": 58, "x": 9336.0, "y": 4592.0}, {"i": 59, "x": 9408.0, "y": 1582.0}, {"i": 60, "x": 9408.0, "y": 4332.0}, {"i": 61, "x": 9562.0, "y": 2906.0}, {"i": 62, "x": 9692.0, "y": 3636.0}, {"i": 63, "x": 10060.0, "y": 2974.0}, {"i": 64, "x": 10118.0, "y": 4814.0}, {"i": 65, "x": 10134.0, "y": 2500.0}, {"i": 66, "x": 10206.0, "y": 2234.0}, {"i": 67, "x": 11400.0, "y": 1120.0}, {"i": 68, "x": 11624.0, "y": 1546.0}, {"i": 69, "x": 12048.0, "y": 728.0}], "type": "Instance", "name": "euro-night-0000070", "meta": {"comment": "HIP even point set instance (70 points) sampled from image ", "faces_in_delaunay": 130}}