{"points": [{"i": 0, "x": 450.0, "y": 16108.0}, {"i": 1, "x": 1228.0, "y": 4676.0}, {"i": 2, "x": 1556.0, "y": 17518.0}, {"i": 3, "x": 2062.0, "y": 13122.0}, {"i": 4, "x": 2252.0, "y": 16622.0}, {"i": 5, "x": 2292.0, "y": 6074.0}, {"i": 6, "x": 2336.0, "y": 21554.0}, {"i": 7, "x": 2774.0, "y": 9004.0}, {"i": 8, "x": 2830.0, "y": 1610.0}, {"i": 9, "x": 2904.0, "y": 9784.0}, {"i": 10, "x": 3166.0, "y": 13340.0}, {"i": 11, "x": 3588.0, "y": 5680.0}, {"i": 12, "x": 3720.0, "y": 4178.0}, {"i": 13, "x": 3804.0, "y": 11096.0}, {"i": 14, "x": 4044.0, "y": 4658.0}, {"i": 15, "x": 4208.0, "y": 4406.0}, {"i": 16, "x": 4312.0, "y": 13370.0}, {"i": 17, "x": 4426.0, "y": 7920.0}, {"i": 18, "x": 4458.0, "y": 5742.0}, {"i": 19, "x": 4674.0, "y": 4702.0}, {"i": 20, "x": 5248.0, "y": 12246.0}, {"i": 21, "x": 5590.0, "y": 9164.0}, {"i": 22, "x": 5700.0, "y": 9414.0}, {"i": 23, "x": 6042.0, "y": 8024.0}, {"i": 24, "x": 6300.0, "y": 15682.0}, {"i": 25, "x": 6392.0, "y": 12446.0}, {"i": 26, "x": 6430.0, "y": 11266.0}, {"i": 27, "x": 6904.0, "y": 7444.0}, {"i": 28, "x": 6978.0, "y": 9360.0}, {"i": 29, "x": 7170.0, "y": 18372.0}, {"i": 30, "x": 7794.0, "y": 12524.0}, {"i": 31, "x": 7862.0, "y": 11500.0}, {"i": 32, "x": 7876.0, "y": 18130.0}, {"i": 33, "x": 7930.0, "y": 6530.0}, {"i": 34, "x": 8110.0, "y": 6496.0}, {"i": 35, "x": 8150.0, "y": 17152.0}, {"i": 36, "x": 8176.0, "y": 5840.0}, {"i": 37, "x": 8320.0, "y": 9920.0}, {"i": 38, "x": 8368.0, "y": 5024.0}, {"i": 39, "x": 8416.0, "y": 12802.0}, {"i": 40, "x": 8442.0, "y": 17060.0}, {"i": 41, "x": 9038.0, "y": 10092.0}, {"i": 42, "x": 9278.0, "y": 11082.0}, {"i": 43, "x": 9498.0, "y": 10330.0}, {"i": 44, "x": 9622.0, "y": 7762.0}, {"i": 45, "x": 9914.0, "y": 17690.0}, {"i": 46, "x": 10098.0, "y": 7892.0}, {"i": 47, "x": 10124.0, "y": 1136.0}, {"i": 48, "x": 10186.0, "y": 4920.0}, {"i": 49, "x": 10186.0, "y": 7492.0}, {"i": 50, "x": 10376.0, "y": 11164.0}, {"i": 51, "x": 10502.0, "y": 11408.0}, {"i": 52, "x": 10550.0, "y": 8086.0}, {"i": 53, "x": 10608.0, "y": 2288.0}, {"i": 54, "x": 10914.0, "y": 11848.0}, {"i": 55, "x": 10950.0, "y": 9964.0}, {"i": 56, "x": 11028.0, "y": 7242.0}, {"i": 57, "x": 11264.0, "y": 4644.0}, {"i": 58, "x": 11264.0, "y": 11720.0}, {"i": 59, "x": 11288.0, "y": 14136.0}, {"i": 60, "x": 11506.0, "y": 9574.0}, {"i": 61, "x": 11560.0, "y": 11412.0}, {"i": 62, "x": 11664.0, "y": 10474.0}, {"i": 63, "x": 12018.0, "y": 9632.0}, {"i": 64, "x": 12088.0, "y": 10622.0}, {"i": 65, "x": 12158.0, "y": 4138.0}, {"i": 66, "x": 12366.0, "y": 10980.0}, {"i": 67, "x": 12496.0, "y": 13798.0}, {"i": 68, "x": 12974.0, "y": 14566.0}, {"i": 69, "x": 13120.0, "y": 9594.0}, {"i": 70, "x": 13134.0, "y": 10394.0}, {"i": 71, "x": 13146.0, "y": 11064.0}, {"i": 72, "x": 13308.0, "y": 7098.0}, {"i": 73, "x": 13360.0, "y": 17602.0}, {"i": 74, "x": 13518.0, "y": 4364.0}, {"i": 75, "x": 14286.0, "y": 5924.0}, {"i": 76, "x": 14336.0, "y": 6454.0}, {"i": 77, "x": 14694.0, "y": 9968.0}, {"i": 78, "x": 14930.0, "y": 11526.0}, {"i": 79, "x": 15062.0, "y": 7348.0}, {"i": 80, "x": 15326.0, "y": 8328.0}, {"i": 81, "x": 15778.0, "y": 17968.0}, {"i": 82, "x": 16174.0, "y": 13480.0}, {"i": 83, "x": 16514.0, "y": 11910.0}, {"i": 84, "x": 16596.0, "y": 4662.0}, {"i": 85, "x": 17124.0, "y": 15188.0}, {"i": 86, "x": 17452.0, "y": 2250.0}, {"i": 87, "x": 17458.0, "y": 9124.0}, {"i": 88, "x": 17732.0, "y": 9468.0}, {"i": 89, "x": 17984.0, "y": 5228.0}, {"i": 90, "x": 18834.0, "y": 2818.0}, {"i": 91, "x": 18856.0, "y": 5622.0}, {"i": 92, "x": 18916.0, "y": 19816.0}, {"i": 93, "x": 20306.0, "y": 7444.0}, {"i": 94, "x": 20390.0, "y": 10288.0}, {"i": 95, "x": 20434.0, "y": 13998.0}, {"i": 96, "x": 21368.0, "y": 16908.0}, {"i": 97, "x": 21416.0, "y": 3862.0}, {"i": 98, "x": 21692.0, "y": 16862.0}, {"i": 99, "x": 21762.0, "y": 4802.0}], "type": "Instance", "name": "london-0000100", "meta": {"comment": "HIP even point set instance (100 points) sampled from image ", "faces_in_delaunay": 188}}