{"points": [{"i": 0, "x": 1030.0, "y": 4366.0}, {"i": 1, "x": 1860.0, "y": 11290.0}, {"i": 2, "x": 2878.0, "y": 11404.0}, {"i": 3, "x": 3494.0, "y": 4510.0}, {"i": 4, "x": 4174.0, "y": 6888.0}, {"i": 5, "x": 4832.0, "y": 13868.0}, {"i": 6, "x": 8708.0, "y": 8490.0}, {"i": 7, "x": 9916.0, "y": 10990.0}, {"i": 8, "x": 11084.0, "y": 590.0}, {"i": 9, "x": 11138.0, "y": 11176.0}, {"i": 10, "x": 11820.0, "y": 8570.0}, {"i": 11, "x": 12358.0, "y": 8356.0}, {"i": 12, "x": 13186.0, "y": 13186.0}, {"i": 13, "x": 13720.0, "y": 8652.0}, {"i": 14, "x": 14868.0, "y": 10608.0}, {"i": 15, "x": 16770.0, "y": 4398.0}, {"i": 16, "x": 17740.0, "y": 14124.0}, {"i": 17, "x": 17930.0, "y": 16084.0}, {"i": 18, "x": 18522.0, "y": 9218.0}, {"i": 19, "x": 22160.0, "y": 6634.0}], "type": "Instance", "name": "london-0000020", "meta": {"comment": "HIP even point set instance (20 points) sampled from image ", "faces_in_delaunay": 32}}