{"points": [{"i": 0, "x": 1520.0, "y": 7662.0}, {"i": 1, "x": 1528.0, "y": 15656.0}, {"i": 2, "x": 1772.0, "y": 12016.0}, {"i": 3, "x": 2842.0, "y": 15390.0}, {"i": 4, "x": 3164.0, "y": 4120.0}, {"i": 5, "x": 3830.0, "y": 6202.0}, {"i": 6, "x": 3878.0, "y": 4112.0}, {"i": 7, "x": 4126.0, "y": 10772.0}, {"i": 8, "x": 4628.0, "y": 8910.0}, {"i": 9, "x": 4652.0, "y": 8816.0}, {"i": 10, "x": 4672.0, "y": 4686.0}, {"i": 11, "x": 4972.0, "y": 10316.0}, {"i": 12, "x": 5816.0, "y": 16368.0}, {"i": 13, "x": 5992.0, "y": 5756.0}, {"i": 14, "x": 6120.0, "y": 190.0}, {"i": 15, "x": 6520.0, "y": 17208.0}, {"i": 16, "x": 6862.0, "y": 13694.0}, {"i": 17, "x": 6892.0, "y": 6690.0}, {"i": 18, "x": 7116.0, "y": 7934.0}, {"i": 19, "x": 7286.0, "y": 16516.0}, {"i": 20, "x": 7314.0, "y": 4114.0}, {"i": 21, "x": 7580.0, "y": 20750.0}, {"i": 22, "x": 7750.0, "y": 17100.0}, {"i": 23, "x": 8020.0, "y": 18802.0}, {"i": 24, "x": 8042.0, "y": 12868.0}, {"i": 25, "x": 8286.0, "y": 11872.0}, {"i": 26, "x": 8526.0, "y": 9612.0}, {"i": 27, "x": 8586.0, "y": 5154.0}, {"i": 28, "x": 8600.0, "y": 12920.0}, {"i": 29, "x": 8752.0, "y": 1556.0}, {"i": 30, "x": 8778.0, "y": 7956.0}, {"i": 31, "x": 9430.0, "y": 13914.0}, {"i": 32, "x": 9724.0, "y": 12906.0}, {"i": 33, "x": 9822.0, "y": 15394.0}, {"i": 34, "x": 10200.0, "y": 13658.0}, {"i": 35, "x": 10286.0, "y": 78.0}, {"i": 36, "x": 10318.0, "y": 9532.0}, {"i": 37, "x": 10448.0, "y": 4946.0}, {"i": 38, "x": 10698.0, "y": 11966.0}, {"i": 39, "x": 10826.0, "y": 13172.0}, {"i": 40, "x": 10872.0, "y": 18392.0}, {"i": 41, "x": 10942.0, "y": 14118.0}, {"i": 42, "x": 10948.0, "y": 9792.0}, {"i": 43, "x": 10948.0, "y": 10742.0}, {"i": 44, "x": 11144.0, "y": 11856.0}, {"i": 45, "x": 11152.0, "y": 6970.0}, {"i": 46, "x": 11300.0, "y": 11168.0}, {"i": 47, "x": 11424.0, "y": 13204.0}, {"i": 48, "x": 11444.0, "y": 198.0}, {"i": 49, "x": 11504.0, "y": 12338.0}, {"i": 50, "x": 11510.0, "y": 14986.0}, {"i": 51, "x": 11622.0, "y": 6854.0}, {"i": 52, "x": 11628.0, "y": 6376.0}, {"i": 53, "x": 11708.0, "y": 10848.0}, {"i": 54, "x": 11752.0, "y": 12342.0}, {"i": 55, "x": 11800.0, "y": 6760.0}, {"i": 56, "x": 11930.0, "y": 6754.0}, {"i": 57, "x": 11980.0, "y": 7386.0}, {"i": 58, "x": 12004.0, "y": 7284.0}, {"i": 59, "x": 12156.0, "y": 12174.0}, {"i": 60, "x": 12454.0, "y": 16404.0}, {"i": 61, "x": 12548.0, "y": 8934.0}, {"i": 62, "x": 12562.0, "y": 14068.0}, {"i": 63, "x": 13050.0, "y": 8760.0}, {"i": 64, "x": 13158.0, "y": 11230.0}, {"i": 65, "x": 13528.0, "y": 10940.0}, {"i": 66, "x": 13574.0, "y": 18000.0}, {"i": 67, "x": 13582.0, "y": 17468.0}, {"i": 68, "x": 13650.0, "y": 3640.0}, {"i": 69, "x": 14334.0, "y": 12628.0}, {"i": 70, "x": 14870.0, "y": 12614.0}, {"i": 71, "x": 15176.0, "y": 20834.0}, {"i": 72, "x": 15774.0, "y": 11642.0}, {"i": 73, "x": 15972.0, "y": 11864.0}, {"i": 74, "x": 16182.0, "y": 10582.0}, {"i": 75, "x": 16920.0, "y": 4194.0}, {"i": 76, "x": 17516.0, "y": 9326.0}, {"i": 77, "x": 17772.0, "y": 20408.0}, {"i": 78, "x": 17876.0, "y": 10210.0}, {"i": 79, "x": 17900.0, "y": 9244.0}, {"i": 80, "x": 18120.0, "y": 9286.0}, {"i": 81, "x": 18316.0, "y": 10172.0}, {"i": 82, "x": 20322.0, "y": 15196.0}, {"i": 83, "x": 20452.0, "y": 10848.0}, {"i": 84, "x": 20670.0, "y": 12966.0}, {"i": 85, "x": 21792.0, "y": 6336.0}, {"i": 86, "x": 21814.0, "y": 8208.0}, {"i": 87, "x": 22054.0, "y": 12652.0}, {"i": 88, "x": 23136.0, "y": 4934.0}, {"i": 89, "x": 23308.0, "y": 19736.0}], "type": "Instance", "name": "london-0000090", "meta": {"comment": "HIP even point set instance (90 points) sampled from image ", "faces_in_delaunay": 168}}