{"points": [{"i": 0, "x": 1550.0, "y": 8844.0}, {"i": 1, "x": 6040.0, "y": 2388.0}, {"i": 2, "x": 8080.0, "y": 9436.0}, {"i": 3, "x": 8712.0, "y": 12254.0}, {"i": 4, "x": 11124.0, "y": 13530.0}, {"i": 5, "x": 11774.0, "y": 11824.0}, {"i": 6, "x": 12630.0, "y": 12366.0}, {"i": 7, "x": 13646.0, "y": 17072.0}, {"i": 8, "x": 14678.0, "y": 10942.0}, {"i": 9, "x": 19236.0, "y": 20328.0}], "type": "Instance", "name": "london-0000010", "meta": {"comment": "HIP even point set instance (10 points) sampled from image ", "faces_in_delaunay": 13}}