{"points": [{"i": 0, "x": 364.0, "y": 8424.0}, {"i": 1, "x": 4158.0, "y": 4524.0}, {"i": 2, "x": 4356.0, "y": 5908.0}, {"i": 3, "x": 4534.0, "y": 4826.0}, {"i": 4, "x": 5616.0, "y": 11566.0}, {"i": 5, "x": 6540.0, "y": 8198.0}, {"i": 6, "x": 6866.0, "y": 10412.0}, {"i": 7, "x": 7366.0, "y": 6418.0}, {"i": 8, "x": 7956.0, "y": 9250.0}, {"i": 9, "x": 8084.0, "y": 11606.0}, {"i": 10, "x": 8170.0, "y": 11728.0}, {"i": 11, "x": 8224.0, "y": 17240.0}, {"i": 12, "x": 10478.0, "y": 9326.0}, {"i": 13, "x": 10684.0, "y": 10968.0}, {"i": 14, "x": 10704.0, "y": 2174.0}, {"i": 15, "x": 11098.0, "y": 2244.0}, {"i": 16, "x": 11912.0, "y": 11750.0}, {"i": 17, "x": 12094.0, "y": 8838.0}, {"i": 18, "x": 13386.0, "y": 17372.0}, {"i": 19, "x": 13536.0, "y": 8912.0}, {"i": 20, "x": 14634.0, "y": 4048.0}, {"i": 21, "x": 14960.0, "y": 11316.0}, {"i": 22, "x": 18716.0, "y": 6232.0}, {"i": 23, "x": 20234.0, "y": 702.0}, {"i": 24, "x": 20784.0, "y": 15646.0}], "type": "Instance", "name": "london-0000025", "meta": {"comment": "HIP even point set instance (25 points) sampled from image ", "faces_in_delaunay": 41}}