{"points": [{"i": 0, "x": 976.0, "y": 6526.0}, {"i": 1, "x": 1236.0, "y": 11250.0}, {"i": 2, "x": 2040.0, "y": 13562.0}, {"i": 3, "x": 3686.0, "y": 11190.0}, {"i": 4, "x": 3946.0, "y": 10298.0}, {"i": 5, "x": 4216.0, "y": 11736.0}, {"i": 6, "x": 4504.0, "y": 5742.0}, {"i": 7, "x": 6400.0, "y": 17446.0}, {"i": 8, "x": 6486.0, "y": 8052.0}, {"i": 9, "x": 6678.0, "y": 11958.0}, {"i": 10, "x": 7930.0, "y": 12662.0}, {"i": 11, "x": 8350.0, "y": 10328.0}, {"i": 12, "x": 8854.0, "y": 8422.0}, {"i": 13, "x": 9554.0, "y": 12614.0}, {"i": 14, "x": 9556.0, "y": 12796.0}, {"i": 15, "x": 9612.0, "y": 10758.0}, {"i": 16, "x": 9854.0, "y": 4768.0}, {"i": 17, "x": 10042.0, "y": 8182.0}, {"i": 18, "x": 10202.0, "y": 13516.0}, {"i": 19, "x": 10370.0, "y": 1226.0}, {"i": 20, "x": 10378.0, "y": 11692.0}, {"i": 21, "x": 10968.0, "y": 4302.0}, {"i": 22, "x": 11112.0, "y": 7114.0}, {"i": 23, "x": 11766.0, "y": 11640.0}, {"i": 24, "x": 11836.0, "y": 10716.0}, {"i": 25, "x": 11970.0, "y": 14656.0}, {"i": 26, "x": 12286.0, "y": 17204.0}, {"i": 27, "x": 13000.0, "y": 9552.0}, {"i": 28, "x": 13024.0, "y": 11552.0}, {"i": 29, "x": 13312.0, "y": 15084.0}, {"i": 30, "x": 13348.0, "y": 10270.0}, {"i": 31, "x": 13394.0, "y": 7024.0}, {"i": 32, "x": 13490.0, "y": 22188.0}, {"i": 33, "x": 13638.0, "y": 3498.0}, {"i": 34, "x": 14446.0, "y": 14690.0}, {"i": 35, "x": 15134.0, "y": 17580.0}, {"i": 36, "x": 15486.0, "y": 11600.0}, {"i": 37, "x": 15506.0, "y": 8734.0}, {"i": 38, "x": 16234.0, "y": 7756.0}, {"i": 39, "x": 16322.0, "y": 16276.0}, {"i": 40, "x": 17000.0, "y": 5826.0}, {"i": 41, "x": 17846.0, "y": 9062.0}, {"i": 42, "x": 18088.0, "y": 9092.0}, {"i": 43, "x": 19238.0, "y": 14524.0}, {"i": 44, "x": 23786.0, "y": 4126.0}], "type": "Instance", "name": "london-0000045", "meta": {"comment": "HIP even point set instance (45 points) sampled from image ", "faces_in_delaunay": 80}}