{"points": [{"i": 0, "x": 1150.0, "y": 11598.0}, {"i": 1, "x": 3786.0, "y": 16044.0}, {"i": 2, "x": 8642.0, "y": 11756.0}, {"i": 3, "x": 8672.0, "y": 3072.0}, {"i": 4, "x": 9696.0, "y": 10234.0}, {"i": 5, "x": 9840.0, "y": 11342.0}, {"i": 6, "x": 10426.0, "y": 10496.0}, {"i": 7, "x": 11228.0, "y": 12312.0}, {"i": 8, "x": 11312.0, "y": 7742.0}, {"i": 9, "x": 11978.0, "y": 9662.0}, {"i": 10, "x": 12234.0, "y": 7498.0}, {"i": 11, "x": 13914.0, "y": 13366.0}, {"i": 12, "x": 15100.0, "y": 14710.0}, {"i": 13, "x": 17942.0, "y": 9996.0}, {"i": 14, "x": 18262.0, "y": 13606.0}], "type": "Instance", "name": "london-0000015", "meta": {"comment": "HIP even point set instance (15 points) sampled from image ", "faces_in_delaunay": 22}}