{"points": [{"i": 0, "x": 666.0, "y": 15570.0}, {"i": 1, "x": 1966.0, "y": 6380.0}, {"i": 2, "x": 2090.0, "y": 15832.0}, {"i": 3, "x": 3558.0, "y": 5782.0}, {"i": 4, "x": 3828.0, "y": 5078.0}, {"i": 5, "x": 4152.0, "y": 4216.0}, {"i": 6, "x": 4364.0, "y": 6324.0}, {"i": 7, "x": 4600.0, "y": 11790.0}, {"i": 8, "x": 4758.0, "y": 4092.0}, {"i": 9, "x": 4912.0, "y": 7308.0}, {"i": 10, "x": 4948.0, "y": 4854.0}, {"i": 11, "x": 5342.0, "y": 10024.0}, {"i": 12, "x": 5816.0, "y": 14634.0}, {"i": 13, "x": 5914.0, "y": 5486.0}, {"i": 14, "x": 5944.0, "y": 6626.0}, {"i": 15, "x": 6170.0, "y": 20480.0}, {"i": 16, "x": 7014.0, "y": 9288.0}, {"i": 17, "x": 7106.0, "y": 11460.0}, {"i": 18, "x": 7108.0, "y": 9294.0}, {"i": 19, "x": 8100.0, "y": 7636.0}, {"i": 20, "x": 8210.0, "y": 10280.0}, {"i": 21, "x": 8514.0, "y": 4616.0}, {"i": 22, "x": 8702.0, "y": 13738.0}, {"i": 23, "x": 9242.0, "y": 11568.0}, {"i": 24, "x": 9404.0, "y": 13146.0}, {"i": 25, "x": 9422.0, "y": 6382.0}, {"i": 26, "x": 9940.0, "y": 13724.0}, {"i": 27, "x": 10362.0, "y": 6000.0}, {"i": 28, "x": 10400.0, "y": 12950.0}, {"i": 29, "x": 10758.0, "y": 2108.0}, {"i": 30, "x": 10768.0, "y": 8936.0}, {"i": 31, "x": 11354.0, "y": 13074.0}, {"i": 32, "x": 11390.0, "y": 13696.0}, {"i": 33, "x": 11678.0, "y": 12098.0}, {"i": 34, "x": 12104.0, "y": 7148.0}, {"i": 35, "x": 12158.0, "y": 18932.0}, {"i": 36, "x": 12222.0, "y": 5924.0}, {"i": 37, "x": 12272.0, "y": 11260.0}, {"i": 38, "x": 12342.0, "y": 1184.0}, {"i": 39, "x": 12410.0, "y": 9480.0}, {"i": 40, "x": 12476.0, "y": 6272.0}, {"i": 41, "x": 12480.0, "y": 9064.0}, {"i": 42, "x": 12658.0, "y": 10346.0}, {"i": 43, "x": 12668.0, "y": 14652.0}, {"i": 44, "x": 12696.0, "y": 13676.0}, {"i": 45, "x": 12772.0, "y": 16044.0}, {"i": 46, "x": 13198.0, "y": 10996.0}, {"i": 47, "x": 13300.0, "y": 11516.0}, {"i": 48, "x": 13474.0, "y": 13680.0}, {"i": 49, "x": 13518.0, "y": 10870.0}, {"i": 50, "x": 13850.0, "y": 18786.0}, {"i": 51, "x": 13936.0, "y": 10830.0}, {"i": 52, "x": 13946.0, "y": 11706.0}, {"i": 53, "x": 14036.0, "y": 10810.0}, {"i": 54, "x": 14250.0, "y": 13440.0}, {"i": 55, "x": 14318.0, "y": 12712.0}, {"i": 56, "x": 14482.0, "y": 10982.0}, {"i": 57, "x": 15434.0, "y": 7398.0}, {"i": 58, "x": 15674.0, "y": 15356.0}, {"i": 59, "x": 16486.0, "y": 2282.0}, {"i": 60, "x": 16632.0, "y": 2934.0}, {"i": 61, "x": 17326.0, "y": 9362.0}, {"i": 62, "x": 19136.0, "y": 12628.0}, {"i": 63, "x": 19820.0, "y": 3540.0}, {"i": 64, "x": 20260.0, "y": 13360.0}, {"i": 65, "x": 20546.0, "y": 11356.0}, {"i": 66, "x": 21054.0, "y": 8852.0}, {"i": 67, "x": 21220.0, "y": 12504.0}, {"i": 68, "x": 21362.0, "y": 7576.0}, {"i": 69, "x": 22040.0, "y": 14586.0}], "type": "Instance", "name": "london-0000070", "meta": {"comment": "HIP even point set instance (70 points) sampled from image ", "faces_in_delaunay": 128}}