{"points": [{"i": 0, "x": 1982.0, "y": 12222.0}, {"i": 1, "x": 2962.0, "y": 11628.0}, {"i": 2, "x": 3418.0, "y": 4936.0}, {"i": 3, "x": 5634.0, "y": 12676.0}, {"i": 4, "x": 5904.0, "y": 11528.0}, {"i": 5, "x": 6740.0, "y": 9350.0}, {"i": 6, "x": 6792.0, "y": 6472.0}, {"i": 7, "x": 7170.0, "y": 6674.0}, {"i": 8, "x": 8232.0, "y": 17022.0}, {"i": 9, "x": 9512.0, "y": 11176.0}, {"i": 10, "x": 10306.0, "y": 12334.0}, {"i": 11, "x": 10460.0, "y": 9772.0}, {"i": 12, "x": 10776.0, "y": 14634.0}, {"i": 13, "x": 11000.0, "y": 10962.0}, {"i": 14, "x": 12040.0, "y": 13332.0}, {"i": 15, "x": 12560.0, "y": 11224.0}, {"i": 16, "x": 13218.0, "y": 9922.0}, {"i": 17, "x": 13468.0, "y": 13828.0}, {"i": 18, "x": 14012.0, "y": 10248.0}, {"i": 19, "x": 14298.0, "y": 11634.0}, {"i": 20, "x": 14340.0, "y": 14108.0}, {"i": 21, "x": 16800.0, "y": 9610.0}, {"i": 22, "x": 17508.0, "y": 9456.0}, {"i": 23, "x": 17964.0, "y": 10288.0}, {"i": 24, "x": 18468.0, "y": 9930.0}, {"i": 25, "x": 18852.0, "y": 10256.0}, {"i": 26, "x": 19324.0, "y": 10200.0}, {"i": 27, "x": 20036.0, "y": 7954.0}, {"i": 28, "x": 20560.0, "y": 12392.0}, {"i": 29, "x": 20900.0, "y": 6256.0}], "type": "Instance", "name": "london-0000030", "meta": {"comment": "HIP even point set instance (30 points) sampled from image ", "faces_in_delaunay": 53}}