{"points": [{"i": 0, "x": 786.0, "y": 3734.0}, {"i": 1, "x": 2572.0, "y": 5116.0}, {"i": 2, "x": 3444.0, "y": 11060.0}, {"i": 3, "x": 4172.0, "y": 18886.0}, {"i": 4, "x": 4222.0, "y": 8366.0}, {"i": 5, "x": 5644.0, "y": 5494.0}, {"i": 6, "x": 5714.0, "y": 7322.0}, {"i": 7, "x": 6798.0, "y": 18894.0}, {"i": 8, "x": 6812.0, "y": 18690.0}, {"i": 9, "x": 6946.0, "y": 6022.0}, {"i": 10, "x": 7006.0, "y": 18220.0}, {"i": 11, "x": 7198.0, "y": 9516.0}, {"i": 12, "x": 8022.0, "y": 14650.0}, {"i": 13, "x": 8080.0, "y": 11348.0}, {"i": 14, "x": 8386.0, "y": 17850.0}, {"i": 15, "x": 8644.0, "y": 5958.0}, {"i": 16, "x": 9466.0, "y": 13794.0}, {"i": 17, "x": 9512.0, "y": 12952.0}, {"i": 18, "x": 9962.0, "y": 17830.0}, {"i": 19, "x": 10014.0, "y": 18576.0}, {"i": 20, "x": 10224.0, "y": 20710.0}, {"i": 21, "x": 10738.0, "y": 10674.0}, {"i": 22, "x": 11300.0, "y": 9670.0}, {"i": 23, "x": 11706.0, "y": 4792.0}, {"i": 24, "x": 11732.0, "y": 9980.0}, {"i": 25, "x": 12406.0, "y": 12730.0}, {"i": 26, "x": 12524.0, "y": 19072.0}, {"i": 27, "x": 12984.0, "y": 10400.0}, {"i": 28, "x": 13172.0, "y": 17570.0}, {"i": 29, "x": 13634.0, "y": 11032.0}, {"i": 30, "x": 13740.0, "y": 13204.0}, {"i": 31, "x": 13784.0, "y": 15390.0}, {"i": 32, "x": 15398.0, "y": 11914.0}, {"i": 33, "x": 16618.0, "y": 5038.0}, {"i": 34, "x": 16764.0, "y": 6080.0}, {"i": 35, "x": 17816.0, "y": 9108.0}, {"i": 36, "x": 19030.0, "y": 9650.0}, {"i": 37, "x": 19496.0, "y": 10728.0}, {"i": 38, "x": 20828.0, "y": 12098.0}, {"i": 39, "x": 21804.0, "y": 9044.0}], "type": "Instance", "name": "london-0000040", "meta": {"comment": "HIP even point set instance (40 points) sampled from image ", "faces_in_delaunay": 71}}