{"points": [{"i": 0, "x": 1460.0, "y": 3556.0}, {"i": 1, "x": 1830.0, "y": 16620.0}, {"i": 2, "x": 3584.0, "y": 10882.0}, {"i": 3, "x": 3636.0, "y": 4284.0}, {"i": 4, "x": 3996.0, "y": 13292.0}, {"i": 5, "x": 4282.0, "y": 9390.0}, {"i": 6, "x": 4982.0, "y": 8462.0}, {"i": 7, "x": 5002.0, "y": 11276.0}, {"i": 8, "x": 5496.0, "y": 19096.0}, {"i": 9, "x": 5606.0, "y": 10164.0}, {"i": 10, "x": 5654.0, "y": 2524.0}, {"i": 11, "x": 6148.0, "y": 7214.0}, {"i": 12, "x": 6188.0, "y": 17640.0}, {"i": 13, "x": 6902.0, "y": 10282.0}, {"i": 14, "x": 6970.0, "y": 9180.0}, {"i": 15, "x": 7518.0, "y": 12066.0}, {"i": 16, "x": 7620.0, "y": 12264.0}, {"i": 17, "x": 7682.0, "y": 2008.0}, {"i": 18, "x": 8646.0, "y": 9546.0}, {"i": 19, "x": 9080.0, "y": 4682.0}, {"i": 20, "x": 9128.0, "y": 13198.0}, {"i": 21, "x": 9842.0, "y": 10506.0}, {"i": 22, "x": 10064.0, "y": 6190.0}, {"i": 23, "x": 10476.0, "y": 11504.0}, {"i": 24, "x": 10612.0, "y": 11252.0}, {"i": 25, "x": 10690.0, "y": 14298.0}, {"i": 26, "x": 10734.0, "y": 9736.0}, {"i": 27, "x": 10840.0, "y": 4786.0}, {"i": 28, "x": 10972.0, "y": 8276.0}, {"i": 29, "x": 11030.0, "y": 9246.0}, {"i": 30, "x": 11282.0, "y": 13842.0}, {"i": 31, "x": 11320.0, "y": 6470.0}, {"i": 32, "x": 11434.0, "y": 12798.0}, {"i": 33, "x": 11446.0, "y": 5676.0}, {"i": 34, "x": 11910.0, "y": 10718.0}, {"i": 35, "x": 12678.0, "y": 9772.0}, {"i": 36, "x": 13040.0, "y": 13602.0}, {"i": 37, "x": 13110.0, "y": 11590.0}, {"i": 38, "x": 13162.0, "y": 14932.0}, {"i": 39, "x": 13272.0, "y": 11850.0}, {"i": 40, "x": 13450.0, "y": 11002.0}, {"i": 41, "x": 13972.0, "y": 15418.0}, {"i": 42, "x": 14252.0, "y": 11518.0}, {"i": 43, "x": 14544.0, "y": 10540.0}, {"i": 44, "x": 15084.0, "y": 20844.0}, {"i": 45, "x": 15434.0, "y": 13768.0}, {"i": 46, "x": 15564.0, "y": 9800.0}, {"i": 47, "x": 15596.0, "y": 10684.0}, {"i": 48, "x": 15606.0, "y": 10986.0}, {"i": 49, "x": 15808.0, "y": 18024.0}, {"i": 50, "x": 16604.0, "y": 11422.0}, {"i": 51, "x": 16628.0, "y": 10182.0}, {"i": 52, "x": 17204.0, "y": 13096.0}, {"i": 53, "x": 17396.0, "y": 1780.0}, {"i": 54, "x": 18336.0, "y": 9346.0}, {"i": 55, "x": 18910.0, "y": 14252.0}, {"i": 56, "x": 19688.0, "y": 6146.0}, {"i": 57, "x": 20910.0, "y": 964.0}, {"i": 58, "x": 21112.0, "y": 11124.0}, {"i": 59, "x": 21600.0, "y": 8820.0}], "type": "Instance", "name": "london-0000060", "meta": {"comment": "HIP even point set instance (60 points) sampled from image ", "faces_in_delaunay": 110}}