{"points": [{"i": 0, "x": 1322.0, "y": 14006.0}, {"i": 1, "x": 1406.0, "y": 5874.0}, {"i": 2, "x": 2464.0, "y": 5558.0}, {"i": 3, "x": 2806.0, "y": 9880.0}, {"i": 4, "x": 3116.0, "y": 2258.0}, {"i": 5, "x": 3678.0, "y": 6732.0}, {"i": 6, "x": 4436.0, "y": 6286.0}, {"i": 7, "x": 4466.0, "y": 3560.0}, {"i": 8, "x": 5612.0, "y": 8806.0}, {"i": 9, "x": 6230.0, "y": 4256.0}, {"i": 10, "x": 6266.0, "y": 6036.0}, {"i": 11, "x": 6612.0, "y": 8816.0}, {"i": 12, "x": 7438.0, "y": 10300.0}, {"i": 13, "x": 7844.0, "y": 9076.0}, {"i": 14, "x": 7928.0, "y": 17138.0}, {"i": 15, "x": 8616.0, "y": 9192.0}, {"i": 16, "x": 8706.0, "y": 10360.0}, {"i": 17, "x": 9028.0, "y": 11890.0}, {"i": 18, "x": 9366.0, "y": 9134.0}, {"i": 19, "x": 9734.0, "y": 17202.0}, {"i": 20, "x": 10028.0, "y": 11160.0}, {"i": 21, "x": 10374.0, "y": 734.0}, {"i": 22, "x": 10454.0, "y": 7882.0}, {"i": 23, "x": 10814.0, "y": 17844.0}, {"i": 24, "x": 10896.0, "y": 8474.0}, {"i": 25, "x": 11120.0, "y": 4738.0}, {"i": 26, "x": 11168.0, "y": 9482.0}, {"i": 27, "x": 11286.0, "y": 9620.0}, {"i": 28, "x": 11332.0, "y": 9882.0}, {"i": 29, "x": 11560.0, "y": 7742.0}, {"i": 30, "x": 11864.0, "y": 10518.0}, {"i": 31, "x": 12560.0, "y": 17468.0}, {"i": 32, "x": 12778.0, "y": 12012.0}, {"i": 33, "x": 12916.0, "y": 14522.0}, {"i": 34, "x": 13670.0, "y": 4588.0}, {"i": 35, "x": 13688.0, "y": 2566.0}, {"i": 36, "x": 13778.0, "y": 8784.0}, {"i": 37, "x": 13986.0, "y": 5914.0}, {"i": 38, "x": 14032.0, "y": 4510.0}, {"i": 39, "x": 14038.0, "y": 10992.0}, {"i": 40, "x": 14314.0, "y": 12708.0}, {"i": 41, "x": 15276.0, "y": 11790.0}, {"i": 42, "x": 15588.0, "y": 7946.0}, {"i": 43, "x": 15692.0, "y": 13206.0}, {"i": 44, "x": 15766.0, "y": 11622.0}, {"i": 45, "x": 16644.0, "y": 8494.0}, {"i": 46, "x": 16768.0, "y": 8808.0}, {"i": 47, "x": 18734.0, "y": 10960.0}, {"i": 48, "x": 20098.0, "y": 11972.0}, {"i": 49, "x": 20490.0, "y": 4950.0}], "type": "Instance", "name": "london-0000050", "meta": {"comment": "HIP even point set instance (50 points) sampled from image ", "faces_in_delaunay": 89}}