{"points": [{"i": 0, "x": 1664.0, "y": 11220.0}, {"i": 1, "x": 2440.0, "y": 6210.0}, {"i": 2, "x": 3558.0, "y": 10050.0}, {"i": 3, "x": 3560.0, "y": 18482.0}, {"i": 4, "x": 5432.0, "y": 8356.0}, {"i": 5, "x": 5526.0, "y": 10600.0}, {"i": 6, "x": 5868.0, "y": 11422.0}, {"i": 7, "x": 6092.0, "y": 6790.0}, {"i": 8, "x": 6578.0, "y": 6884.0}, {"i": 9, "x": 6680.0, "y": 11438.0}, {"i": 10, "x": 6726.0, "y": 9002.0}, {"i": 11, "x": 6798.0, "y": 4422.0}, {"i": 12, "x": 7922.0, "y": 18752.0}, {"i": 13, "x": 8398.0, "y": 18146.0}, {"i": 14, "x": 9036.0, "y": 5374.0}, {"i": 15, "x": 9792.0, "y": 11726.0}, {"i": 16, "x": 10116.0, "y": 7710.0}, {"i": 17, "x": 10624.0, "y": 21410.0}, {"i": 18, "x": 10662.0, "y": 3854.0}, {"i": 19, "x": 10748.0, "y": 13124.0}, {"i": 20, "x": 10820.0, "y": 11418.0}, {"i": 21, "x": 10838.0, "y": 12392.0}, {"i": 22, "x": 11000.0, "y": 9824.0}, {"i": 23, "x": 11004.0, "y": 10312.0}, {"i": 24, "x": 11910.0, "y": 7736.0}, {"i": 25, "x": 12442.0, "y": 6160.0}, {"i": 26, "x": 12706.0, "y": 7734.0}, {"i": 27, "x": 13326.0, "y": 9104.0}, {"i": 28, "x": 13742.0, "y": 10604.0}, {"i": 29, "x": 14694.0, "y": 8622.0}, {"i": 30, "x": 14720.0, "y": 11562.0}, {"i": 31, "x": 15678.0, "y": 10766.0}, {"i": 32, "x": 17766.0, "y": 7048.0}, {"i": 33, "x": 18614.0, "y": 11236.0}, {"i": 34, "x": 23108.0, "y": 5598.0}], "type": "Instance", "name": "london-0000035", "meta": {"comment": "HIP even point set instance (35 points) sampled from image ", "faces_in_delaunay": 61}}