{"points": [{"i": 0, "x": 894.0, "y": 17010.0}, {"i": 1, "x": 1084.0, "y": 8676.0}, {"i": 2, "x": 2018.0, "y": 5298.0}, {"i": 3, "x": 2272.0, "y": 11516.0}, {"i": 4, "x": 2436.0, "y": 1104.0}, {"i": 5, "x": 2806.0, "y": 15042.0}, {"i": 6, "x": 3390.0, "y": 13216.0}, {"i": 7, "x": 3502.0, "y": 4428.0}, {"i": 8, "x": 4450.0, "y": 3820.0}, {"i": 9, "x": 4776.0, "y": 4270.0}, {"i": 10, "x": 5008.0, "y": 12050.0}, {"i": 11, "x": 6140.0, "y": 9766.0}, {"i": 12, "x": 6332.0, "y": 17666.0}, {"i": 13, "x": 6586.0, "y": 17574.0}, {"i": 14, "x": 6606.0, "y": 10580.0}, {"i": 15, "x": 7150.0, "y": 8586.0}, {"i": 16, "x": 7216.0, "y": 9884.0}, {"i": 17, "x": 7858.0, "y": 8992.0}, {"i": 18, "x": 8496.0, "y": 10006.0}, {"i": 19, "x": 8520.0, "y": 12680.0}, {"i": 20, "x": 8700.0, "y": 13432.0}, {"i": 21, "x": 8724.0, "y": 8544.0}, {"i": 22, "x": 8880.0, "y": 10234.0}, {"i": 23, "x": 8916.0, "y": 3166.0}, {"i": 24, "x": 9152.0, "y": 6566.0}, {"i": 25, "x": 9216.0, "y": 7278.0}, {"i": 26, "x": 9498.0, "y": 260.0}, {"i": 27, "x": 10056.0, "y": 9880.0}, {"i": 28, "x": 10190.0, "y": 10466.0}, {"i": 29, "x": 10376.0, "y": 12992.0}, {"i": 30, "x": 10536.0, "y": 11986.0}, {"i": 31, "x": 10588.0, "y": 21448.0}, {"i": 32, "x": 10718.0, "y": 9030.0}, {"i": 33, "x": 10930.0, "y": 10766.0}, {"i": 34, "x": 11044.0, "y": 10784.0}, {"i": 35, "x": 11136.0, "y": 2310.0}, {"i": 36, "x": 11144.0, "y": 1812.0}, {"i": 37, "x": 11508.0, "y": 13202.0}, {"i": 38, "x": 11534.0, "y": 5030.0}, {"i": 39, "x": 11556.0, "y": 5820.0}, {"i": 40, "x": 11560.0, "y": 19052.0}, {"i": 41, "x": 11724.0, "y": 1544.0}, {"i": 42, "x": 11912.0, "y": 12426.0}, {"i": 43, "x": 11960.0, "y": 13080.0}, {"i": 44, "x": 11966.0, "y": 12634.0}, {"i": 45, "x": 12120.0, "y": 21574.0}, {"i": 46, "x": 12164.0, "y": 12852.0}, {"i": 47, "x": 12882.0, "y": 13554.0}, {"i": 48, "x": 12970.0, "y": 15532.0}, {"i": 49, "x": 13022.0, "y": 14846.0}, {"i": 50, "x": 13222.0, "y": 11334.0}, {"i": 51, "x": 13308.0, "y": 17202.0}, {"i": 52, "x": 13520.0, "y": 11050.0}, {"i": 53, "x": 13522.0, "y": 15322.0}, {"i": 54, "x": 13748.0, "y": 15602.0}, {"i": 55, "x": 13832.0, "y": 8336.0}, {"i": 56, "x": 13890.0, "y": 5008.0}, {"i": 57, "x": 13994.0, "y": 14538.0}, {"i": 58, "x": 14166.0, "y": 50.0}, {"i": 59, "x": 14540.0, "y": 12098.0}, {"i": 60, "x": 14754.0, "y": 14638.0}, {"i": 61, "x": 15848.0, "y": 18730.0}, {"i": 62, "x": 16270.0, "y": 11412.0}, {"i": 63, "x": 16336.0, "y": 12046.0}, {"i": 64, "x": 16470.0, "y": 12282.0}, {"i": 65, "x": 16582.0, "y": 14090.0}, {"i": 66, "x": 17010.0, "y": 5712.0}, {"i": 67, "x": 17928.0, "y": 10906.0}, {"i": 68, "x": 17990.0, "y": 10530.0}, {"i": 69, "x": 18068.0, "y": 14010.0}, {"i": 70, "x": 18254.0, "y": 2590.0}, {"i": 71, "x": 18774.0, "y": 22412.0}, {"i": 72, "x": 18930.0, "y": 16324.0}, {"i": 73, "x": 19046.0, "y": 6654.0}, {"i": 74, "x": 19604.0, "y": 14334.0}, {"i": 75, "x": 21386.0, "y": 11046.0}, {"i": 76, "x": 21838.0, "y": 6764.0}, {"i": 77, "x": 22936.0, "y": 6078.0}, {"i": 78, "x": 23482.0, "y": 17842.0}, {"i": 79, "x": 23630.0, "y": 7142.0}], "type": "Instance", "name": "london-0000080", "meta": {"comment": "HIP even point set instance (80 points) sampled from image ", "faces_in_delaunay": 147}}