{"points": [{"i": 0, "x": 0.0, "y": 6856.0}, {"i": 1, "x": 4.0, "y": 2938.0}, {"i": 2, "x": 30.0, "y": 8132.0}, {"i": 3, "x": 50.0, "y": 6786.0}, {"i": 4, "x": 68.0, "y": 5548.0}, {"i": 5, "x": 76.0, "y": 5206.0}, {"i": 6, "x": 86.0, "y": 1892.0}, {"i": 7, "x": 102.0, "y": 2758.0}, {"i": 8, "x": 120.0, "y": 6504.0}, {"i": 9, "x": 124.0, "y": 970.0}, {"i": 10, "x": 124.0, "y": 2012.0}, {"i": 11, "x": 132.0, "y": 4618.0}, {"i": 12, "x": 140.0, "y": 3192.0}, {"i": 13, "x": 142.0, "y": 2142.0}, {"i": 14, "x": 174.0, "y": 6832.0}, {"i": 15, "x": 216.0, "y": 128.0}, {"i": 16, "x": 236.0, "y": 6522.0}, {"i": 17, "x": 246.0, "y": 5028.0}, {"i": 18, "x": 250.0, "y": 4938.0}, {"i": 19, "x": 258.0, "y": 7748.0}, {"i": 20, "x": 286.0, "y": 6932.0}, {"i": 21, "x": 300.0, "y": 5486.0}, {"i": 22, "x": 300.0, "y": 6442.0}, {"i": 23, "x": 304.0, "y": 2280.0}, {"i": 24, "x": 310.0, "y": 6284.0}, {"i": 25, "x": 324.0, "y": 1944.0}, {"i": 26, "x": 326.0, "y": 7736.0}, {"i": 27, "x": 330.0, "y": 5314.0}, {"i": 28, "x": 342.0, "y": 4634.0}, {"i": 29, "x": 360.0, "y": 6596.0}, {"i": 30, "x": 366.0, "y": 5590.0}, {"i": 31, "x": 368.0, "y": 7548.0}, {"i": 32, "x": 370.0, "y": 5510.0}, {"i": 33, "x": 390.0, "y": 1988.0}, {"i": 34, "x": 448.0, "y": 270.0}, {"i": 35, "x": 490.0, "y": 1524.0}, {"i": 36, "x": 506.0, "y": 7668.0}, {"i": 37, "x": 542.0, "y": 240.0}, {"i": 38, "x": 544.0, "y": 2470.0}, {"i": 39, "x": 554.0, "y": 2658.0}, {"i": 40, "x": 566.0, "y": 3466.0}, {"i": 41, "x": 576.0, "y": 5144.0}, {"i": 42, "x": 590.0, "y": 8510.0}, {"i": 43, "x": 626.0, "y": 2912.0}, {"i": 44, "x": 626.0, "y": 5428.0}, {"i": 45, "x": 642.0, "y": 7024.0}, {"i": 46, "x": 646.0, "y": 8598.0}, {"i": 47, "x": 652.0, "y": 3320.0}, {"i": 48, "x": 660.0, "y": 4992.0}, {"i": 49, "x": 680.0, "y": 1638.0}, {"i": 50, "x": 682.0, "y": 2790.0}, {"i": 51, "x": 710.0, "y": 8680.0}, {"i": 52, "x": 720.0, "y": 2208.0}, {"i": 53, "x": 750.0, "y": 1794.0}, {"i": 54, "x": 752.0, "y": 4610.0}, {"i": 55, "x": 792.0, "y": 7532.0}, {"i": 56, "x": 802.0, "y": 6594.0}, {"i": 57, "x": 810.0, "y": 8744.0}, {"i": 58, "x": 826.0, "y": 1538.0}, {"i": 59, "x": 838.0, "y": 6348.0}, {"i": 60, "x": 844.0, "y": 2292.0}, {"i": 61, "x": 908.0, "y": 6562.0}, {"i": 62, "x": 916.0, "y": 1342.0}, {"i": 63, "x": 920.0, "y": 5640.0}, {"i": 64, "x": 924.0, "y": 6882.0}, {"i": 65, "x": 944.0, "y": 4888.0}, {"i": 66, "x": 946.0, "y": 1774.0}, {"i": 67, "x": 950.0, "y": 1182.0}, {"i": 68, "x": 952.0, "y": 2218.0}, {"i": 69, "x": 974.0, "y": 8878.0}, {"i": 70, "x": 1002.0, "y": 6556.0}, {"i": 71, "x": 1012.0, "y": 38.0}, {"i": 72, "x": 1016.0, "y": 510.0}, {"i": 73, "x": 1044.0, "y": 5432.0}, {"i": 74, "x": 1066.0, "y": 7738.0}, {"i": 75, "x": 1072.0, "y": 3354.0}, {"i": 76, "x": 1092.0, "y": 4904.0}, {"i": 77, "x": 1098.0, "y": 4916.0}, {"i": 78, "x": 1148.0, "y": 3504.0}, {"i": 79, "x": 1150.0, "y": 5124.0}, {"i": 80, "x": 1158.0, "y": 7792.0}, {"i": 81, "x": 1162.0, "y": 686.0}, {"i": 82, "x": 1186.0, "y": 4546.0}, {"i": 83, "x": 1196.0, "y": 5532.0}, {"i": 84, "x": 1212.0, "y": 7784.0}, {"i": 85, "x": 1236.0, "y": 136.0}, {"i": 86, "x": 1250.0, "y": 6866.0}, {"i": 87, "x": 1252.0, "y": 5558.0}, {"i": 88, "x": 1258.0, "y": 2616.0}, {"i": 89, "x": 1270.0, "y": 4962.0}, {"i": 90, "x": 1314.0, "y": 4770.0}, {"i": 91, "x": 1326.0, "y": 6446.0}, {"i": 92, "x": 1338.0, "y": 5448.0}, {"i": 93, "x": 1342.0, "y": 2900.0}, {"i": 94, "x": 1370.0, "y": 2036.0}, {"i": 95, "x": 1432.0, "y": 448.0}, {"i": 96, "x": 1444.0, "y": 5924.0}, {"i": 97, "x": 1468.0, "y": 5886.0}, {"i": 98, "x": 1482.0, "y": 5548.0}, {"i": 99, "x": 1506.0, "y": 250.0}, {"i": 100, "x": 1506.0, "y": 7176.0}, {"i": 101, "x": 1512.0, "y": 7630.0}, {"i": 102, "x": 1520.0, "y": 558.0}, {"i": 103, "x": 1524.0, "y": 7678.0}, {"i": 104, "x": 1540.0, "y": 76.0}, {"i": 105, "x": 1564.0, "y": 6162.0}, {"i": 106, "x": 1570.0, "y": 5278.0}, {"i": 107, "x": 1574.0, "y": 1304.0}, {"i": 108, "x": 1582.0, "y": 848.0}, {"i": 109, "x": 1596.0, "y": 5890.0}, {"i": 110, "x": 1618.0, "y": 2134.0}, {"i": 111, "x": 1632.0, "y": 736.0}, {"i": 112, "x": 1634.0, "y": 506.0}, {"i": 113, "x": 1652.0, "y": 7172.0}, {"i": 114, "x": 1680.0, "y": 7312.0}, {"i": 115, "x": 1714.0, "y": 8836.0}, {"i": 116, "x": 1722.0, "y": 7430.0}, {"i": 117, "x": 1768.0, "y": 2360.0}, {"i": 118, "x": 1768.0, "y": 2552.0}, {"i": 119, "x": 1770.0, "y": 7962.0}, {"i": 120, "x": 1782.0, "y": 4564.0}, {"i": 121, "x": 1790.0, "y": 7876.0}, {"i": 122, "x": 1836.0, "y": 7834.0}, {"i": 123, "x": 1864.0, "y": 4820.0}, {"i": 124, "x": 1872.0, "y": 5942.0}, {"i": 125, "x": 1888.0, "y": 4604.0}, {"i": 126, "x": 1894.0, "y": 4874.0}, {"i": 127, "x": 1900.0, "y": 284.0}, {"i": 128, "x": 1902.0, "y": 5534.0}, {"i": 129, "x": 1946.0, "y": 6278.0}, {"i": 130, "x": 1958.0, "y": 4302.0}, {"i": 131, "x": 1966.0, "y": 4758.0}, {"i": 132, "x": 2004.0, "y": 5866.0}, {"i": 133, "x": 2036.0, "y": 4620.0}, {"i": 134, "x": 2044.0, "y": 5196.0}, {"i": 135, "x": 2062.0, "y": 5808.0}, {"i": 136, "x": 2070.0, "y": 2124.0}, {"i": 137, "x": 2070.0, "y": 9074.0}, {"i": 138, "x": 2076.0, "y": 9368.0}, {"i": 139, "x": 2088.0, "y": 4622.0}, {"i": 140, "x": 2112.0, "y": 7878.0}, {"i": 141, "x": 2132.0, "y": 2398.0}, {"i": 142, "x": 2144.0, "y": 4832.0}, {"i": 143, "x": 2158.0, "y": 532.0}, {"i": 144, "x": 2186.0, "y": 146.0}, {"i": 145, "x": 2216.0, "y": 5144.0}, {"i": 146, "x": 2268.0, "y": 7068.0}, {"i": 147, "x": 2272.0, "y": 2290.0}, {"i": 148, "x": 2286.0, "y": 5652.0}, {"i": 149, "x": 2288.0, "y": 4442.0}, {"i": 150, "x": 2290.0, "y": 1960.0}, {"i": 151, "x": 2296.0, "y": 6666.0}, {"i": 152, "x": 2300.0, "y": 7580.0}, {"i": 153, "x": 2318.0, "y": 7082.0}, {"i": 154, "x": 2326.0, "y": 5736.0}, {"i": 155, "x": 2328.0, "y": 5780.0}, {"i": 156, "x": 2338.0, "y": 6716.0}, {"i": 157, "x": 2342.0, "y": 5670.0}, {"i": 158, "x": 2348.0, "y": 6676.0}, {"i": 159, "x": 2358.0, "y": 6582.0}, {"i": 160, "x": 2366.0, "y": 4590.0}, {"i": 161, "x": 2384.0, "y": 5386.0}, {"i": 162, "x": 2408.0, "y": 6100.0}, {"i": 163, "x": 2410.0, "y": 2240.0}, {"i": 164, "x": 2414.0, "y": 6644.0}, {"i": 165, "x": 2434.0, "y": 414.0}, {"i": 166, "x": 2436.0, "y": 1648.0}, {"i": 167, "x": 2442.0, "y": 6536.0}, {"i": 168, "x": 2470.0, "y": 8184.0}, {"i": 169, "x": 2472.0, "y": 7472.0}, {"i": 170, "x": 2474.0, "y": 5742.0}, {"i": 171, "x": 2488.0, "y": 6464.0}, {"i": 172, "x": 2488.0, "y": 7254.0}, {"i": 173, "x": 2490.0, "y": 5886.0}, {"i": 174, "x": 2494.0, "y": 10090.0}, {"i": 175, "x": 2498.0, "y": 8054.0}, {"i": 176, "x": 2504.0, "y": 6546.0}, {"i": 177, "x": 2536.0, "y": 104.0}, {"i": 178, "x": 2540.0, "y": 5954.0}, {"i": 179, "x": 2594.0, "y": 6646.0}, {"i": 180, "x": 2642.0, "y": 4232.0}, {"i": 181, "x": 2644.0, "y": 5760.0}, {"i": 182, "x": 2646.0, "y": 6720.0}, {"i": 183, "x": 2652.0, "y": 7154.0}, {"i": 184, "x": 2670.0, "y": 4554.0}, {"i": 185, "x": 2684.0, "y": 5672.0}, {"i": 186, "x": 2722.0, "y": 5818.0}, {"i": 187, "x": 2724.0, "y": 4126.0}, {"i": 188, "x": 2726.0, "y": 3812.0}, {"i": 189, "x": 2732.0, "y": 4082.0}, {"i": 190, "x": 2748.0, "y": 6250.0}, {"i": 191, "x": 2764.0, "y": 9878.0}, {"i": 192, "x": 2776.0, "y": 1948.0}, {"i": 193, "x": 2802.0, "y": 602.0}, {"i": 194, "x": 2810.0, "y": 7742.0}, {"i": 195, "x": 2818.0, "y": 3794.0}, {"i": 196, "x": 2838.0, "y": 5958.0}, {"i": 197, "x": 2894.0, "y": 6464.0}, {"i": 198, "x": 2902.0, "y": 7890.0}, {"i": 199, "x": 2910.0, "y": 7762.0}, {"i": 200, "x": 2914.0, "y": 4544.0}, {"i": 201, "x": 2926.0, "y": 4480.0}, {"i": 202, "x": 2932.0, "y": 650.0}, {"i": 203, "x": 2938.0, "y": 6854.0}, {"i": 204, "x": 2972.0, "y": 10130.0}, {"i": 205, "x": 2992.0, "y": 4440.0}, {"i": 206, "x": 3014.0, "y": 7718.0}, {"i": 207, "x": 3082.0, "y": 6738.0}, {"i": 208, "x": 3100.0, "y": 8026.0}, {"i": 209, "x": 3102.0, "y": 6316.0}, {"i": 210, "x": 3104.0, "y": 7008.0}, {"i": 211, "x": 3124.0, "y": 5620.0}, {"i": 212, "x": 3126.0, "y": 8210.0}, {"i": 213, "x": 3128.0, "y": 5878.0}, {"i": 214, "x": 3142.0, "y": 472.0}, {"i": 215, "x": 3142.0, "y": 4280.0}, {"i": 216, "x": 3150.0, "y": 4580.0}, {"i": 217, "x": 3154.0, "y": 1618.0}, {"i": 218, "x": 3164.0, "y": 8126.0}, {"i": 219, "x": 3192.0, "y": 6294.0}, {"i": 220, "x": 3210.0, "y": 5282.0}, {"i": 221, "x": 3226.0, "y": 450.0}, {"i": 222, "x": 3242.0, "y": 5064.0}, {"i": 223, "x": 3266.0, "y": 4600.0}, {"i": 224, "x": 3266.0, "y": 7722.0}, {"i": 225, "x": 3272.0, "y": 6868.0}, {"i": 226, "x": 3304.0, "y": 8656.0}, {"i": 227, "x": 3314.0, "y": 7672.0}, {"i": 228, "x": 3320.0, "y": 1548.0}, {"i": 229, "x": 3342.0, "y": 7118.0}, {"i": 230, "x": 3344.0, "y": 710.0}, {"i": 231, "x": 3368.0, "y": 5230.0}, {"i": 232, "x": 3390.0, "y": 7152.0}, {"i": 233, "x": 3414.0, "y": 9928.0}, {"i": 234, "x": 3430.0, "y": 5236.0}, {"i": 235, "x": 3430.0, "y": 6714.0}, {"i": 236, "x": 3448.0, "y": 7214.0}, {"i": 237, "x": 3454.0, "y": 1524.0}, {"i": 238, "x": 3462.0, "y": 6722.0}, {"i": 239, "x": 3468.0, "y": 8790.0}, {"i": 240, "x": 3472.0, "y": 8754.0}, {"i": 241, "x": 3488.0, "y": 7464.0}, {"i": 242, "x": 3494.0, "y": 8716.0}, {"i": 243, "x": 3506.0, "y": 7154.0}, {"i": 244, "x": 3514.0, "y": 7216.0}, {"i": 245, "x": 3516.0, "y": 7212.0}, {"i": 246, "x": 3522.0, "y": 7014.0}, {"i": 247, "x": 3538.0, "y": 7550.0}, {"i": 248, "x": 3576.0, "y": 4676.0}, {"i": 249, "x": 3584.0, "y": 7170.0}, {"i": 250, "x": 3594.0, "y": 7280.0}, {"i": 251, "x": 3600.0, "y": 8408.0}, {"i": 252, "x": 3602.0, "y": 8534.0}, {"i": 253, "x": 3606.0, "y": 9860.0}, {"i": 254, "x": 3624.0, "y": 7974.0}, {"i": 255, "x": 3628.0, "y": 11558.0}, {"i": 256, "x": 3672.0, "y": 2652.0}, {"i": 257, "x": 3678.0, "y": 2674.0}, {"i": 258, "x": 3684.0, "y": 7868.0}, {"i": 259, "x": 3686.0, "y": 230.0}, {"i": 260, "x": 3758.0, "y": 7344.0}, {"i": 261, "x": 3778.0, "y": 9824.0}, {"i": 262, "x": 3782.0, "y": 7646.0}, {"i": 263, "x": 3784.0, "y": 4278.0}, {"i": 264, "x": 3812.0, "y": 7648.0}, {"i": 265, "x": 3846.0, "y": 3382.0}, {"i": 266, "x": 3862.0, "y": 5562.0}, {"i": 267, "x": 3866.0, "y": 6720.0}, {"i": 268, "x": 3894.0, "y": 7084.0}, {"i": 269, "x": 3910.0, "y": 6128.0}, {"i": 270, "x": 3910.0, "y": 7670.0}, {"i": 271, "x": 3926.0, "y": 1724.0}, {"i": 272, "x": 3932.0, "y": 9122.0}, {"i": 273, "x": 3934.0, "y": 2380.0}, {"i": 274, "x": 3936.0, "y": 4740.0}, {"i": 275, "x": 3956.0, "y": 3788.0}, {"i": 276, "x": 3962.0, "y": 5426.0}, {"i": 277, "x": 3968.0, "y": 5890.0}, {"i": 278, "x": 3968.0, "y": 6576.0}, {"i": 279, "x": 3980.0, "y": 7176.0}, {"i": 280, "x": 4004.0, "y": 7676.0}, {"i": 281, "x": 4016.0, "y": 4730.0}, {"i": 282, "x": 4024.0, "y": 2716.0}, {"i": 283, "x": 4028.0, "y": 5662.0}, {"i": 284, "x": 4034.0, "y": 48.0}, {"i": 285, "x": 4034.0, "y": 508.0}, {"i": 286, "x": 4062.0, "y": 154.0}, {"i": 287, "x": 4068.0, "y": 6730.0}, {"i": 288, "x": 4088.0, "y": 2722.0}, {"i": 289, "x": 4088.0, "y": 7618.0}, {"i": 290, "x": 4102.0, "y": 3426.0}, {"i": 291, "x": 4104.0, "y": 5888.0}, {"i": 292, "x": 4112.0, "y": 8014.0}, {"i": 293, "x": 4124.0, "y": 2492.0}, {"i": 294, "x": 4124.0, "y": 4850.0}, {"i": 295, "x": 4140.0, "y": 3010.0}, {"i": 296, "x": 4148.0, "y": 508.0}, {"i": 297, "x": 4148.0, "y": 2952.0}, {"i": 298, "x": 4150.0, "y": 8058.0}, {"i": 299, "x": 4154.0, "y": 11912.0}, {"i": 300, "x": 4160.0, "y": 3440.0}, {"i": 301, "x": 4178.0, "y": 232.0}, {"i": 302, "x": 4182.0, "y": 546.0}, {"i": 303, "x": 4214.0, "y": 4988.0}, {"i": 304, "x": 4234.0, "y": 4054.0}, {"i": 305, "x": 4270.0, "y": 5276.0}, {"i": 306, "x": 4282.0, "y": 8674.0}, {"i": 307, "x": 4308.0, "y": 5106.0}, {"i": 308, "x": 4330.0, "y": 5670.0}, {"i": 309, "x": 4336.0, "y": 816.0}, {"i": 310, "x": 4346.0, "y": 6516.0}, {"i": 311, "x": 4358.0, "y": 7558.0}, {"i": 312, "x": 4370.0, "y": 760.0}, {"i": 313, "x": 4384.0, "y": 6850.0}, {"i": 314, "x": 4388.0, "y": 5728.0}, {"i": 315, "x": 4392.0, "y": 4638.0}, {"i": 316, "x": 4428.0, "y": 768.0}, {"i": 317, "x": 4472.0, "y": 7002.0}, {"i": 318, "x": 4482.0, "y": 6498.0}, {"i": 319, "x": 4540.0, "y": 3860.0}, {"i": 320, "x": 4558.0, "y": 3618.0}, {"i": 321, "x": 4570.0, "y": 6540.0}, {"i": 322, "x": 4576.0, "y": 872.0}, {"i": 323, "x": 4592.0, "y": 1090.0}, {"i": 324, "x": 4630.0, "y": 7262.0}, {"i": 325, "x": 4672.0, "y": 7122.0}, {"i": 326, "x": 4676.0, "y": 1376.0}, {"i": 327, "x": 4694.0, "y": 1142.0}, {"i": 328, "x": 4698.0, "y": 5516.0}, {"i": 329, "x": 4698.0, "y": 6494.0}, {"i": 330, "x": 4714.0, "y": 1012.0}, {"i": 331, "x": 4714.0, "y": 7172.0}, {"i": 332, "x": 4720.0, "y": 7130.0}, {"i": 333, "x": 4754.0, "y": 4450.0}, {"i": 334, "x": 4766.0, "y": 1544.0}, {"i": 335, "x": 4766.0, "y": 6620.0}, {"i": 336, "x": 4814.0, "y": 4292.0}, {"i": 337, "x": 4824.0, "y": 4836.0}, {"i": 338, "x": 4850.0, "y": 1580.0}, {"i": 339, "x": 4850.0, "y": 4364.0}, {"i": 340, "x": 4856.0, "y": 3882.0}, {"i": 341, "x": 4866.0, "y": 4036.0}, {"i": 342, "x": 4882.0, "y": 4366.0}, {"i": 343, "x": 4894.0, "y": 3882.0}, {"i": 344, "x": 4904.0, "y": 5708.0}, {"i": 345, "x": 4934.0, "y": 9892.0}, {"i": 346, "x": 4940.0, "y": 8670.0}, {"i": 347, "x": 4944.0, "y": 1596.0}, {"i": 348, "x": 4946.0, "y": 1600.0}, {"i": 349, "x": 4968.0, "y": 5152.0}, {"i": 350, "x": 4984.0, "y": 1562.0}, {"i": 351, "x": 5004.0, "y": 8046.0}, {"i": 352, "x": 5020.0, "y": 3846.0}, {"i": 353, "x": 5028.0, "y": 6090.0}, {"i": 354, "x": 5058.0, "y": 5162.0}, {"i": 355, "x": 5062.0, "y": 6624.0}, {"i": 356, "x": 5064.0, "y": 4060.0}, {"i": 357, "x": 5082.0, "y": 7502.0}, {"i": 358, "x": 5086.0, "y": 5100.0}, {"i": 359, "x": 5086.0, "y": 6168.0}, {"i": 360, "x": 5200.0, "y": 6516.0}, {"i": 361, "x": 5232.0, "y": 8156.0}, {"i": 362, "x": 5244.0, "y": 7068.0}, {"i": 363, "x": 5248.0, "y": 5624.0}, {"i": 364, "x": 5260.0, "y": 5666.0}, {"i": 365, "x": 5272.0, "y": 7930.0}, {"i": 366, "x": 5288.0, "y": 7254.0}, {"i": 367, "x": 5326.0, "y": 2682.0}, {"i": 368, "x": 5336.0, "y": 6868.0}, {"i": 369, "x": 5342.0, "y": 7910.0}, {"i": 370, "x": 5350.0, "y": 7974.0}, {"i": 371, "x": 5360.0, "y": 5564.0}, {"i": 372, "x": 5368.0, "y": 6598.0}, {"i": 373, "x": 5376.0, "y": 5684.0}, {"i": 374, "x": 5398.0, "y": 4774.0}, {"i": 375, "x": 5460.0, "y": 5908.0}, {"i": 376, "x": 5462.0, "y": 7252.0}, {"i": 377, "x": 5476.0, "y": 6512.0}, {"i": 378, "x": 5504.0, "y": 7892.0}, {"i": 379, "x": 5506.0, "y": 7600.0}, {"i": 380, "x": 5524.0, "y": 7624.0}, {"i": 381, "x": 5558.0, "y": 11570.0}, {"i": 382, "x": 5598.0, "y": 11082.0}, {"i": 383, "x": 5600.0, "y": 8194.0}, {"i": 384, "x": 5626.0, "y": 2988.0}, {"i": 385, "x": 5636.0, "y": 1026.0}, {"i": 386, "x": 5650.0, "y": 6264.0}, {"i": 387, "x": 5664.0, "y": 374.0}, {"i": 388, "x": 5668.0, "y": 7536.0}, {"i": 389, "x": 5676.0, "y": 6238.0}, {"i": 390, "x": 5684.0, "y": 794.0}, {"i": 391, "x": 5686.0, "y": 6940.0}, {"i": 392, "x": 5724.0, "y": 880.0}, {"i": 393, "x": 5728.0, "y": 10562.0}, {"i": 394, "x": 5736.0, "y": 5244.0}, {"i": 395, "x": 5770.0, "y": 10914.0}, {"i": 396, "x": 5776.0, "y": 876.0}, {"i": 397, "x": 5784.0, "y": 6046.0}, {"i": 398, "x": 5812.0, "y": 7654.0}, {"i": 399, "x": 5820.0, "y": 5352.0}, {"i": 400, "x": 5820.0, "y": 5878.0}, {"i": 401, "x": 5826.0, "y": 2694.0}, {"i": 402, "x": 5846.0, "y": 2828.0}, {"i": 403, "x": 5846.0, "y": 2926.0}, {"i": 404, "x": 5848.0, "y": 7088.0}, {"i": 405, "x": 5850.0, "y": 6118.0}, {"i": 406, "x": 5930.0, "y": 10724.0}, {"i": 407, "x": 5932.0, "y": 6518.0}, {"i": 408, "x": 5936.0, "y": 6150.0}, {"i": 409, "x": 5938.0, "y": 6850.0}, {"i": 410, "x": 5942.0, "y": 11274.0}, {"i": 411, "x": 5950.0, "y": 7708.0}, {"i": 412, "x": 5954.0, "y": 4920.0}, {"i": 413, "x": 5954.0, "y": 5742.0}, {"i": 414, "x": 5992.0, "y": 3730.0}, {"i": 415, "x": 6014.0, "y": 7550.0}, {"i": 416, "x": 6040.0, "y": 6120.0}, {"i": 417, "x": 6042.0, "y": 6012.0}, {"i": 418, "x": 6090.0, "y": 6584.0}, {"i": 419, "x": 6142.0, "y": 6774.0}, {"i": 420, "x": 6146.0, "y": 5508.0}, {"i": 421, "x": 6150.0, "y": 5506.0}, {"i": 422, "x": 6156.0, "y": 3492.0}, {"i": 423, "x": 6176.0, "y": 10646.0}, {"i": 424, "x": 6178.0, "y": 738.0}, {"i": 425, "x": 6196.0, "y": 8134.0}, {"i": 426, "x": 6218.0, "y": 5780.0}, {"i": 427, "x": 6246.0, "y": 8042.0}, {"i": 428, "x": 6248.0, "y": 8300.0}, {"i": 429, "x": 6264.0, "y": 836.0}, {"i": 430, "x": 6274.0, "y": 8032.0}, {"i": 431, "x": 6312.0, "y": 8208.0}, {"i": 432, "x": 6324.0, "y": 1154.0}, {"i": 433, "x": 6332.0, "y": 4108.0}, {"i": 434, "x": 6356.0, "y": 4074.0}, {"i": 435, "x": 6394.0, "y": 6276.0}, {"i": 436, "x": 6398.0, "y": 1796.0}, {"i": 437, "x": 6424.0, "y": 7818.0}, {"i": 438, "x": 6432.0, "y": 9810.0}, {"i": 439, "x": 6440.0, "y": 8504.0}, {"i": 440, "x": 6440.0, "y": 8840.0}, {"i": 441, "x": 6442.0, "y": 9784.0}, {"i": 442, "x": 6444.0, "y": 3834.0}, {"i": 443, "x": 6446.0, "y": 9792.0}, {"i": 444, "x": 6456.0, "y": 3180.0}, {"i": 445, "x": 6464.0, "y": 8318.0}, {"i": 446, "x": 6482.0, "y": 1142.0}, {"i": 447, "x": 6490.0, "y": 1032.0}, {"i": 448, "x": 6494.0, "y": 3718.0}, {"i": 449, "x": 6512.0, "y": 8740.0}, {"i": 450, "x": 6518.0, "y": 8786.0}, {"i": 451, "x": 6536.0, "y": 9430.0}, {"i": 452, "x": 6554.0, "y": 9168.0}, {"i": 453, "x": 6558.0, "y": 8946.0}, {"i": 454, "x": 6594.0, "y": 1014.0}, {"i": 455, "x": 6594.0, "y": 3912.0}, {"i": 456, "x": 6594.0, "y": 8510.0}, {"i": 457, "x": 6602.0, "y": 8308.0}, {"i": 458, "x": 6608.0, "y": 9194.0}, {"i": 459, "x": 6634.0, "y": 2072.0}, {"i": 460, "x": 6638.0, "y": 9720.0}, {"i": 461, "x": 6642.0, "y": 6888.0}, {"i": 462, "x": 6652.0, "y": 2088.0}, {"i": 463, "x": 6668.0, "y": 9468.0}, {"i": 464, "x": 6684.0, "y": 4536.0}, {"i": 465, "x": 6692.0, "y": 10318.0}, {"i": 466, "x": 6696.0, "y": 9638.0}, {"i": 467, "x": 6706.0, "y": 2232.0}, {"i": 468, "x": 6708.0, "y": 7694.0}, {"i": 469, "x": 6712.0, "y": 9432.0}, {"i": 470, "x": 6732.0, "y": 944.0}, {"i": 471, "x": 6748.0, "y": 8540.0}, {"i": 472, "x": 6754.0, "y": 8886.0}, {"i": 473, "x": 6762.0, "y": 972.0}, {"i": 474, "x": 6790.0, "y": 4146.0}, {"i": 475, "x": 6796.0, "y": 8308.0}, {"i": 476, "x": 6806.0, "y": 11362.0}, {"i": 477, "x": 6810.0, "y": 11222.0}, {"i": 478, "x": 6838.0, "y": 1232.0}, {"i": 479, "x": 6856.0, "y": 176.0}, {"i": 480, "x": 6888.0, "y": 8540.0}, {"i": 481, "x": 6890.0, "y": 1620.0}, {"i": 482, "x": 6906.0, "y": 62.0}, {"i": 483, "x": 6918.0, "y": 2176.0}, {"i": 484, "x": 6922.0, "y": 9096.0}, {"i": 485, "x": 6924.0, "y": 1022.0}, {"i": 486, "x": 6940.0, "y": 7898.0}, {"i": 487, "x": 6950.0, "y": 1470.0}, {"i": 488, "x": 6954.0, "y": 7788.0}, {"i": 489, "x": 7018.0, "y": 2210.0}, {"i": 490, "x": 7020.0, "y": 10998.0}, {"i": 491, "x": 7038.0, "y": 9198.0}, {"i": 492, "x": 7046.0, "y": 12204.0}, {"i": 493, "x": 7066.0, "y": 7380.0}, {"i": 494, "x": 7100.0, "y": 4822.0}, {"i": 495, "x": 7116.0, "y": 9158.0}, {"i": 496, "x": 7172.0, "y": 2726.0}, {"i": 497, "x": 7174.0, "y": 2648.0}, {"i": 498, "x": 7182.0, "y": 7654.0}, {"i": 499, "x": 7202.0, "y": 11160.0}, {"i": 500, "x": 7214.0, "y": 5950.0}, {"i": 501, "x": 7240.0, "y": 6094.0}, {"i": 502, "x": 7242.0, "y": 4790.0}, {"i": 503, "x": 7244.0, "y": 1984.0}, {"i": 504, "x": 7252.0, "y": 5836.0}, {"i": 505, "x": 7256.0, "y": 6144.0}, {"i": 506, "x": 7264.0, "y": 10734.0}, {"i": 507, "x": 7278.0, "y": 6882.0}, {"i": 508, "x": 7294.0, "y": 7300.0}, {"i": 509, "x": 7320.0, "y": 6372.0}, {"i": 510, "x": 7378.0, "y": 3346.0}, {"i": 511, "x": 7378.0, "y": 5826.0}, {"i": 512, "x": 7408.0, "y": 7482.0}, {"i": 513, "x": 7434.0, "y": 1556.0}, {"i": 514, "x": 7434.0, "y": 10786.0}, {"i": 515, "x": 7444.0, "y": 2950.0}, {"i": 516, "x": 7446.0, "y": 2908.0}, {"i": 517, "x": 7520.0, "y": 8054.0}, {"i": 518, "x": 7564.0, "y": 9438.0}, {"i": 519, "x": 7634.0, "y": 9632.0}, {"i": 520, "x": 7646.0, "y": 3088.0}, {"i": 521, "x": 7660.0, "y": 202.0}, {"i": 522, "x": 7680.0, "y": 6850.0}, {"i": 523, "x": 7700.0, "y": 8600.0}, {"i": 524, "x": 7712.0, "y": 4118.0}, {"i": 525, "x": 7722.0, "y": 7452.0}, {"i": 526, "x": 7752.0, "y": 6428.0}, {"i": 527, "x": 7772.0, "y": 7694.0}, {"i": 528, "x": 7774.0, "y": 3470.0}, {"i": 529, "x": 7774.0, "y": 4180.0}, {"i": 530, "x": 7774.0, "y": 9842.0}, {"i": 531, "x": 7778.0, "y": 6788.0}, {"i": 532, "x": 7802.0, "y": 2832.0}, {"i": 533, "x": 7818.0, "y": 8600.0}, {"i": 534, "x": 7820.0, "y": 3454.0}, {"i": 535, "x": 7826.0, "y": 10012.0}, {"i": 536, "x": 7846.0, "y": 9812.0}, {"i": 537, "x": 7850.0, "y": 8546.0}, {"i": 538, "x": 7864.0, "y": 9520.0}, {"i": 539, "x": 7912.0, "y": 10022.0}, {"i": 540, "x": 7928.0, "y": 2596.0}, {"i": 541, "x": 7956.0, "y": 7408.0}, {"i": 542, "x": 7976.0, "y": 2530.0}, {"i": 543, "x": 7980.0, "y": 6880.0}, {"i": 544, "x": 7990.0, "y": 4106.0}, {"i": 545, "x": 7990.0, "y": 11122.0}, {"i": 546, "x": 8000.0, "y": 4448.0}, {"i": 547, "x": 8006.0, "y": 4268.0}, {"i": 548, "x": 8008.0, "y": 9706.0}, {"i": 549, "x": 8022.0, "y": 4230.0}, {"i": 550, "x": 8024.0, "y": 884.0}, {"i": 551, "x": 8044.0, "y": 3654.0}, {"i": 552, "x": 8044.0, "y": 10756.0}, {"i": 553, "x": 8056.0, "y": 4994.0}, {"i": 554, "x": 8064.0, "y": 94.0}, {"i": 555, "x": 8068.0, "y": 6270.0}, {"i": 556, "x": 8072.0, "y": 4000.0}, {"i": 557, "x": 8080.0, "y": 1490.0}, {"i": 558, "x": 8144.0, "y": 1666.0}, {"i": 559, "x": 8160.0, "y": 9142.0}, {"i": 560, "x": 8160.0, "y": 9282.0}, {"i": 561, "x": 8172.0, "y": 1994.0}, {"i": 562, "x": 8172.0, "y": 5736.0}, {"i": 563, "x": 8176.0, "y": 6548.0}, {"i": 564, "x": 8196.0, "y": 4702.0}, {"i": 565, "x": 8210.0, "y": 9326.0}, {"i": 566, "x": 8214.0, "y": 9782.0}, {"i": 567, "x": 8216.0, "y": 386.0}, {"i": 568, "x": 8226.0, "y": 6834.0}, {"i": 569, "x": 8262.0, "y": 502.0}, {"i": 570, "x": 8266.0, "y": 4092.0}, {"i": 571, "x": 8268.0, "y": 9874.0}, {"i": 572, "x": 8268.0, "y": 11858.0}, {"i": 573, "x": 8272.0, "y": 4738.0}, {"i": 574, "x": 8296.0, "y": 6822.0}, {"i": 575, "x": 8306.0, "y": 596.0}, {"i": 576, "x": 8320.0, "y": 826.0}, {"i": 577, "x": 8340.0, "y": 4772.0}, {"i": 578, "x": 8344.0, "y": 8418.0}, {"i": 579, "x": 8352.0, "y": 8844.0}, {"i": 580, "x": 8376.0, "y": 5794.0}, {"i": 581, "x": 8404.0, "y": 12072.0}, {"i": 582, "x": 8416.0, "y": 11026.0}, {"i": 583, "x": 8440.0, "y": 10460.0}, {"i": 584, "x": 8466.0, "y": 714.0}, {"i": 585, "x": 8476.0, "y": 2282.0}, {"i": 586, "x": 8494.0, "y": 5060.0}, {"i": 587, "x": 8498.0, "y": 1372.0}, {"i": 588, "x": 8502.0, "y": 4738.0}, {"i": 589, "x": 8518.0, "y": 1926.0}, {"i": 590, "x": 8522.0, "y": 1454.0}, {"i": 591, "x": 8544.0, "y": 11624.0}, {"i": 592, "x": 8570.0, "y": 10378.0}, {"i": 593, "x": 8572.0, "y": 5892.0}, {"i": 594, "x": 8620.0, "y": 11892.0}, {"i": 595, "x": 8622.0, "y": 11670.0}, {"i": 596, "x": 8628.0, "y": 4440.0}, {"i": 597, "x": 8636.0, "y": 8014.0}, {"i": 598, "x": 8666.0, "y": 7472.0}, {"i": 599, "x": 8668.0, "y": 9716.0}, {"i": 600, "x": 8668.0, "y": 10666.0}, {"i": 601, "x": 8682.0, "y": 6102.0}, {"i": 602, "x": 8686.0, "y": 1568.0}, {"i": 603, "x": 8712.0, "y": 534.0}, {"i": 604, "x": 8722.0, "y": 1578.0}, {"i": 605, "x": 8724.0, "y": 6190.0}, {"i": 606, "x": 8768.0, "y": 2768.0}, {"i": 607, "x": 8784.0, "y": 6380.0}, {"i": 608, "x": 8788.0, "y": 6668.0}, {"i": 609, "x": 8802.0, "y": 2652.0}, {"i": 610, "x": 8814.0, "y": 5308.0}, {"i": 611, "x": 8828.0, "y": 5738.0}, {"i": 612, "x": 8834.0, "y": 1298.0}, {"i": 613, "x": 8848.0, "y": 4248.0}, {"i": 614, "x": 8852.0, "y": 5868.0}, {"i": 615, "x": 8894.0, "y": 11824.0}, {"i": 616, "x": 8898.0, "y": 7702.0}, {"i": 617, "x": 8904.0, "y": 5966.0}, {"i": 618, "x": 8910.0, "y": 5256.0}, {"i": 619, "x": 8922.0, "y": 5282.0}, {"i": 620, "x": 8948.0, "y": 8764.0}, {"i": 621, "x": 8976.0, "y": 4320.0}, {"i": 622, "x": 8986.0, "y": 2040.0}, {"i": 623, "x": 8986.0, "y": 2170.0}, {"i": 624, "x": 9036.0, "y": 872.0}, {"i": 625, "x": 9036.0, "y": 1582.0}, {"i": 626, "x": 9062.0, "y": 4336.0}, {"i": 627, "x": 9066.0, "y": 982.0}, {"i": 628, "x": 9070.0, "y": 6294.0}, {"i": 629, "x": 9082.0, "y": 8440.0}, {"i": 630, "x": 9106.0, "y": 3914.0}, {"i": 631, "x": 9110.0, "y": 6198.0}, {"i": 632, "x": 9114.0, "y": 4634.0}, {"i": 633, "x": 9116.0, "y": 3582.0}, {"i": 634, "x": 9116.0, "y": 3592.0}, {"i": 635, "x": 9140.0, "y": 1586.0}, {"i": 636, "x": 9144.0, "y": 5432.0}, {"i": 637, "x": 9164.0, "y": 894.0}, {"i": 638, "x": 9174.0, "y": 890.0}, {"i": 639, "x": 9174.0, "y": 5128.0}, {"i": 640, "x": 9178.0, "y": 2240.0}, {"i": 641, "x": 9180.0, "y": 870.0}, {"i": 642, "x": 9180.0, "y": 11884.0}, {"i": 643, "x": 9196.0, "y": 11726.0}, {"i": 644, "x": 9202.0, "y": 11556.0}, {"i": 645, "x": 9204.0, "y": 1070.0}, {"i": 646, "x": 9220.0, "y": 5164.0}, {"i": 647, "x": 9248.0, "y": 880.0}, {"i": 648, "x": 9288.0, "y": 2148.0}, {"i": 649, "x": 9294.0, "y": 3866.0}, {"i": 650, "x": 9306.0, "y": 2116.0}, {"i": 651, "x": 9320.0, "y": 2582.0}, {"i": 652, "x": 9358.0, "y": 2948.0}, {"i": 653, "x": 9360.0, "y": 4290.0}, {"i": 654, "x": 9392.0, "y": 5618.0}, {"i": 655, "x": 9398.0, "y": 102.0}, {"i": 656, "x": 9400.0, "y": 5122.0}, {"i": 657, "x": 9406.0, "y": 4014.0}, {"i": 658, "x": 9414.0, "y": 9692.0}, {"i": 659, "x": 9422.0, "y": 1288.0}, {"i": 660, "x": 9440.0, "y": 3900.0}, {"i": 661, "x": 9454.0, "y": 9852.0}, {"i": 662, "x": 9456.0, "y": 712.0}, {"i": 663, "x": 9460.0, "y": 1278.0}, {"i": 664, "x": 9460.0, "y": 11448.0}, {"i": 665, "x": 9496.0, "y": 9780.0}, {"i": 666, "x": 9520.0, "y": 1406.0}, {"i": 667, "x": 9524.0, "y": 2762.0}, {"i": 668, "x": 9528.0, "y": 10836.0}, {"i": 669, "x": 9544.0, "y": 10760.0}, {"i": 670, "x": 9554.0, "y": 3926.0}, {"i": 671, "x": 9564.0, "y": 1428.0}, {"i": 672, "x": 9580.0, "y": 9762.0}, {"i": 673, "x": 9588.0, "y": 3526.0}, {"i": 674, "x": 9590.0, "y": 7548.0}, {"i": 675, "x": 9598.0, "y": 882.0}, {"i": 676, "x": 9598.0, "y": 2294.0}, {"i": 677, "x": 9642.0, "y": 3546.0}, {"i": 678, "x": 9648.0, "y": 3166.0}, {"i": 679, "x": 9654.0, "y": 2804.0}, {"i": 680, "x": 9688.0, "y": 4092.0}, {"i": 681, "x": 9694.0, "y": 196.0}, {"i": 682, "x": 9698.0, "y": 4106.0}, {"i": 683, "x": 9714.0, "y": 1848.0}, {"i": 684, "x": 9720.0, "y": 2844.0}, {"i": 685, "x": 9754.0, "y": 5060.0}, {"i": 686, "x": 9756.0, "y": 9798.0}, {"i": 687, "x": 9762.0, "y": 2724.0}, {"i": 688, "x": 9772.0, "y": 8762.0}, {"i": 689, "x": 9776.0, "y": 9648.0}, {"i": 690, "x": 9780.0, "y": 4360.0}, {"i": 691, "x": 9786.0, "y": 8768.0}, {"i": 692, "x": 9818.0, "y": 9668.0}, {"i": 693, "x": 9834.0, "y": 2242.0}, {"i": 694, "x": 9856.0, "y": 1836.0}, {"i": 695, "x": 9874.0, "y": 1952.0}, {"i": 696, "x": 9876.0, "y": 2158.0}, {"i": 697, "x": 9876.0, "y": 5800.0}, {"i": 698, "x": 9892.0, "y": 5792.0}, {"i": 699, "x": 9898.0, "y": 7096.0}, {"i": 700, "x": 9902.0, "y": 1972.0}, {"i": 701, "x": 9922.0, "y": 4092.0}, {"i": 702, "x": 9934.0, "y": 574.0}, {"i": 703, "x": 9938.0, "y": 2870.0}, {"i": 704, "x": 9940.0, "y": 5906.0}, {"i": 705, "x": 9944.0, "y": 7594.0}, {"i": 706, "x": 9970.0, "y": 1168.0}, {"i": 707, "x": 9978.0, "y": 9846.0}, {"i": 708, "x": 9998.0, "y": 6558.0}, {"i": 709, "x": 10012.0, "y": 1674.0}, {"i": 710, "x": 10018.0, "y": 1198.0}, {"i": 711, "x": 10022.0, "y": 8398.0}, {"i": 712, "x": 10024.0, "y": 2664.0}, {"i": 713, "x": 10048.0, "y": 4292.0}, {"i": 714, "x": 10048.0, "y": 5138.0}, {"i": 715, "x": 10056.0, "y": 5734.0}, {"i": 716, "x": 10058.0, "y": 5666.0}, {"i": 717, "x": 10064.0, "y": 2830.0}, {"i": 718, "x": 10122.0, "y": 2166.0}, {"i": 719, "x": 10126.0, "y": 586.0}, {"i": 720, "x": 10126.0, "y": 7292.0}, {"i": 721, "x": 10128.0, "y": 2920.0}, {"i": 722, "x": 10128.0, "y": 7758.0}, {"i": 723, "x": 10132.0, "y": 2774.0}, {"i": 724, "x": 10152.0, "y": 5792.0}, {"i": 725, "x": 10174.0, "y": 4490.0}, {"i": 726, "x": 10184.0, "y": 6892.0}, {"i": 727, "x": 10228.0, "y": 1496.0}, {"i": 728, "x": 10230.0, "y": 4138.0}, {"i": 729, "x": 10234.0, "y": 4012.0}, {"i": 730, "x": 10244.0, "y": 5856.0}, {"i": 731, "x": 10266.0, "y": 2938.0}, {"i": 732, "x": 10266.0, "y": 4576.0}, {"i": 733, "x": 10278.0, "y": 5902.0}, {"i": 734, "x": 10280.0, "y": 8158.0}, {"i": 735, "x": 10282.0, "y": 5294.0}, {"i": 736, "x": 10282.0, "y": 7720.0}, {"i": 737, "x": 10300.0, "y": 2244.0}, {"i": 738, "x": 10306.0, "y": 108.0}, {"i": 739, "x": 10310.0, "y": 10808.0}, {"i": 740, "x": 10312.0, "y": 5176.0}, {"i": 741, "x": 10322.0, "y": 6384.0}, {"i": 742, "x": 10342.0, "y": 1878.0}, {"i": 743, "x": 10356.0, "y": 6994.0}, {"i": 744, "x": 10360.0, "y": 2120.0}, {"i": 745, "x": 10364.0, "y": 1994.0}, {"i": 746, "x": 10384.0, "y": 9792.0}, {"i": 747, "x": 10390.0, "y": 280.0}, {"i": 748, "x": 10396.0, "y": 6242.0}, {"i": 749, "x": 10418.0, "y": 4790.0}, {"i": 750, "x": 10422.0, "y": 1918.0}, {"i": 751, "x": 10450.0, "y": 1912.0}, {"i": 752, "x": 10458.0, "y": 1336.0}, {"i": 753, "x": 10462.0, "y": 4654.0}, {"i": 754, "x": 10466.0, "y": 2856.0}, {"i": 755, "x": 10478.0, "y": 5170.0}, {"i": 756, "x": 10482.0, "y": 1386.0}, {"i": 757, "x": 10484.0, "y": 5812.0}, {"i": 758, "x": 10512.0, "y": 342.0}, {"i": 759, "x": 10528.0, "y": 3560.0}, {"i": 760, "x": 10532.0, "y": 4384.0}, {"i": 761, "x": 10536.0, "y": 5164.0}, {"i": 762, "x": 10538.0, "y": 1542.0}, {"i": 763, "x": 10546.0, "y": 4832.0}, {"i": 764, "x": 10564.0, "y": 3694.0}, {"i": 765, "x": 10566.0, "y": 4508.0}, {"i": 766, "x": 10584.0, "y": 10054.0}, {"i": 767, "x": 10592.0, "y": 1620.0}, {"i": 768, "x": 10602.0, "y": 2590.0}, {"i": 769, "x": 10602.0, "y": 4266.0}, {"i": 770, "x": 10604.0, "y": 2512.0}, {"i": 771, "x": 10616.0, "y": 1686.0}, {"i": 772, "x": 10616.0, "y": 8082.0}, {"i": 773, "x": 10616.0, "y": 9888.0}, {"i": 774, "x": 10628.0, "y": 4226.0}, {"i": 775, "x": 10634.0, "y": 1736.0}, {"i": 776, "x": 10636.0, "y": 6546.0}, {"i": 777, "x": 10638.0, "y": 5628.0}, {"i": 778, "x": 10640.0, "y": 1774.0}, {"i": 779, "x": 10652.0, "y": 1858.0}, {"i": 780, "x": 10654.0, "y": 1844.0}, {"i": 781, "x": 10654.0, "y": 2456.0}, {"i": 782, "x": 10658.0, "y": 2026.0}, {"i": 783, "x": 10662.0, "y": 3414.0}, {"i": 784, "x": 10662.0, "y": 5690.0}, {"i": 785, "x": 10670.0, "y": 3896.0}, {"i": 786, "x": 10674.0, "y": 3710.0}, {"i": 787, "x": 10676.0, "y": 3096.0}, {"i": 788, "x": 10688.0, "y": 8124.0}, {"i": 789, "x": 10706.0, "y": 2954.0}, {"i": 790, "x": 10706.0, "y": 9996.0}, {"i": 791, "x": 10710.0, "y": 9996.0}, {"i": 792, "x": 10722.0, "y": 4226.0}, {"i": 793, "x": 10722.0, "y": 5800.0}, {"i": 794, "x": 10730.0, "y": 2078.0}, {"i": 795, "x": 10742.0, "y": 2170.0}, {"i": 796, "x": 10748.0, "y": 2238.0}, {"i": 797, "x": 10750.0, "y": 2384.0}, {"i": 798, "x": 10754.0, "y": 2230.0}, {"i": 799, "x": 10762.0, "y": 10720.0}, {"i": 800, "x": 10774.0, "y": 1320.0}, {"i": 801, "x": 10776.0, "y": 1382.0}, {"i": 802, "x": 10846.0, "y": 1784.0}, {"i": 803, "x": 10872.0, "y": 2888.0}, {"i": 804, "x": 10878.0, "y": 5778.0}, {"i": 805, "x": 10880.0, "y": 2782.0}, {"i": 806, "x": 10888.0, "y": 5658.0}, {"i": 807, "x": 10902.0, "y": 9910.0}, {"i": 808, "x": 10904.0, "y": 10264.0}, {"i": 809, "x": 10908.0, "y": 4564.0}, {"i": 810, "x": 10928.0, "y": 1262.0}, {"i": 811, "x": 10934.0, "y": 464.0}, {"i": 812, "x": 10946.0, "y": 4618.0}, {"i": 813, "x": 10960.0, "y": 4904.0}, {"i": 814, "x": 10970.0, "y": 6516.0}, {"i": 815, "x": 10972.0, "y": 6658.0}, {"i": 816, "x": 10990.0, "y": 3442.0}, {"i": 817, "x": 10990.0, "y": 5398.0}, {"i": 818, "x": 11042.0, "y": 6848.0}, {"i": 819, "x": 11048.0, "y": 7910.0}, {"i": 820, "x": 11054.0, "y": 4420.0}, {"i": 821, "x": 11054.0, "y": 7424.0}, {"i": 822, "x": 11078.0, "y": 7434.0}, {"i": 823, "x": 11090.0, "y": 616.0}, {"i": 824, "x": 11090.0, "y": 1758.0}, {"i": 825, "x": 11094.0, "y": 7804.0}, {"i": 826, "x": 11096.0, "y": 3668.0}, {"i": 827, "x": 11106.0, "y": 7764.0}, {"i": 828, "x": 11176.0, "y": 850.0}, {"i": 829, "x": 11212.0, "y": 1514.0}, {"i": 830, "x": 11218.0, "y": 1848.0}, {"i": 831, "x": 11224.0, "y": 4940.0}, {"i": 832, "x": 11232.0, "y": 938.0}, {"i": 833, "x": 11262.0, "y": 4346.0}, {"i": 834, "x": 11270.0, "y": 2194.0}, {"i": 835, "x": 11272.0, "y": 7544.0}, {"i": 836, "x": 11274.0, "y": 658.0}, {"i": 837, "x": 11276.0, "y": 2076.0}, {"i": 838, "x": 11280.0, "y": 8782.0}, {"i": 839, "x": 11294.0, "y": 1988.0}, {"i": 840, "x": 11296.0, "y": 4896.0}, {"i": 841, "x": 11302.0, "y": 3776.0}, {"i": 842, "x": 11308.0, "y": 4070.0}, {"i": 843, "x": 11330.0, "y": 10366.0}, {"i": 844, "x": 11338.0, "y": 1580.0}, {"i": 845, "x": 11350.0, "y": 4974.0}, {"i": 846, "x": 11370.0, "y": 808.0}, {"i": 847, "x": 11388.0, "y": 4736.0}, {"i": 848, "x": 11394.0, "y": 4388.0}, {"i": 849, "x": 11408.0, "y": 2670.0}, {"i": 850, "x": 11412.0, "y": 2512.0}, {"i": 851, "x": 11426.0, "y": 2784.0}, {"i": 852, "x": 11432.0, "y": 4044.0}, {"i": 853, "x": 11436.0, "y": 1042.0}, {"i": 854, "x": 11462.0, "y": 5132.0}, {"i": 855, "x": 11474.0, "y": 3062.0}, {"i": 856, "x": 11490.0, "y": 5774.0}, {"i": 857, "x": 11496.0, "y": 4234.0}, {"i": 858, "x": 11520.0, "y": 1878.0}, {"i": 859, "x": 11522.0, "y": 4592.0}, {"i": 860, "x": 11532.0, "y": 5412.0}, {"i": 861, "x": 11548.0, "y": 8790.0}, {"i": 862, "x": 11562.0, "y": 4550.0}, {"i": 863, "x": 11562.0, "y": 4772.0}, {"i": 864, "x": 11566.0, "y": 1928.0}, {"i": 865, "x": 11580.0, "y": 800.0}, {"i": 866, "x": 11580.0, "y": 8220.0}, {"i": 867, "x": 11606.0, "y": 4896.0}, {"i": 868, "x": 11608.0, "y": 5208.0}, {"i": 869, "x": 11622.0, "y": 334.0}, {"i": 870, "x": 11630.0, "y": 4244.0}, {"i": 871, "x": 11630.0, "y": 5118.0}, {"i": 872, "x": 11638.0, "y": 8782.0}, {"i": 873, "x": 11656.0, "y": 4090.0}, {"i": 874, "x": 11658.0, "y": 6394.0}, {"i": 875, "x": 11668.0, "y": 2464.0}, {"i": 876, "x": 11670.0, "y": 1524.0}, {"i": 877, "x": 11682.0, "y": 5828.0}, {"i": 878, "x": 11696.0, "y": 2062.0}, {"i": 879, "x": 11700.0, "y": 338.0}, {"i": 880, "x": 11740.0, "y": 2570.0}, {"i": 881, "x": 11756.0, "y": 1204.0}, {"i": 882, "x": 11760.0, "y": 4104.0}, {"i": 883, "x": 11762.0, "y": 2920.0}, {"i": 884, "x": 11762.0, "y": 6114.0}, {"i": 885, "x": 11768.0, "y": 7548.0}, {"i": 886, "x": 11780.0, "y": 6014.0}, {"i": 887, "x": 11798.0, "y": 3860.0}, {"i": 888, "x": 11798.0, "y": 4334.0}, {"i": 889, "x": 11806.0, "y": 1678.0}, {"i": 890, "x": 11814.0, "y": 3870.0}, {"i": 891, "x": 11818.0, "y": 3530.0}, {"i": 892, "x": 11818.0, "y": 3570.0}, {"i": 893, "x": 11834.0, "y": 1680.0}, {"i": 894, "x": 11842.0, "y": 3652.0}, {"i": 895, "x": 11846.0, "y": 1244.0}, {"i": 896, "x": 11872.0, "y": 2126.0}, {"i": 897, "x": 11878.0, "y": 5584.0}, {"i": 898, "x": 11912.0, "y": 5508.0}, {"i": 899, "x": 11914.0, "y": 3042.0}, {"i": 900, "x": 11926.0, "y": 3298.0}, {"i": 901, "x": 11936.0, "y": 2570.0}, {"i": 902, "x": 11938.0, "y": 932.0}, {"i": 903, "x": 11968.0, "y": 3836.0}, {"i": 904, "x": 11988.0, "y": 2488.0}, {"i": 905, "x": 11990.0, "y": 5582.0}, {"i": 906, "x": 11990.0, "y": 6140.0}, {"i": 907, "x": 11996.0, "y": 5208.0}, {"i": 908, "x": 12002.0, "y": 2100.0}, {"i": 909, "x": 12006.0, "y": 852.0}, {"i": 910, "x": 12010.0, "y": 3826.0}, {"i": 911, "x": 12020.0, "y": 3044.0}, {"i": 912, "x": 12026.0, "y": 5350.0}, {"i": 913, "x": 12032.0, "y": 906.0}, {"i": 914, "x": 12034.0, "y": 974.0}, {"i": 915, "x": 12048.0, "y": 4110.0}, {"i": 916, "x": 12052.0, "y": 3354.0}, {"i": 917, "x": 12060.0, "y": 4570.0}, {"i": 918, "x": 12104.0, "y": 4788.0}, {"i": 919, "x": 12112.0, "y": 1156.0}, {"i": 920, "x": 12122.0, "y": 2538.0}, {"i": 921, "x": 12126.0, "y": 462.0}, {"i": 922, "x": 12146.0, "y": 4248.0}, {"i": 923, "x": 12146.0, "y": 10128.0}, {"i": 924, "x": 12150.0, "y": 9728.0}, {"i": 925, "x": 12154.0, "y": 9798.0}, {"i": 926, "x": 12154.0, "y": 10002.0}, {"i": 927, "x": 12162.0, "y": 3000.0}, {"i": 928, "x": 12176.0, "y": 316.0}, {"i": 929, "x": 12206.0, "y": 2306.0}, {"i": 930, "x": 12224.0, "y": 3864.0}, {"i": 931, "x": 12230.0, "y": 8192.0}, {"i": 932, "x": 12232.0, "y": 3596.0}, {"i": 933, "x": 12232.0, "y": 3656.0}, {"i": 934, "x": 12236.0, "y": 2862.0}, {"i": 935, "x": 12240.0, "y": 2362.0}, {"i": 936, "x": 12260.0, "y": 1424.0}, {"i": 937, "x": 12264.0, "y": 654.0}, {"i": 938, "x": 12266.0, "y": 3936.0}, {"i": 939, "x": 12270.0, "y": 1258.0}, {"i": 940, "x": 12274.0, "y": 1088.0}, {"i": 941, "x": 12278.0, "y": 5034.0}, {"i": 942, "x": 12298.0, "y": 634.0}, {"i": 943, "x": 12306.0, "y": 2098.0}, {"i": 944, "x": 12314.0, "y": 392.0}, {"i": 945, "x": 12336.0, "y": 3826.0}, {"i": 946, "x": 12354.0, "y": 7222.0}, {"i": 947, "x": 12362.0, "y": 8076.0}, {"i": 948, "x": 12362.0, "y": 8408.0}, {"i": 949, "x": 12370.0, "y": 8196.0}, {"i": 950, "x": 12380.0, "y": 7880.0}, {"i": 951, "x": 12384.0, "y": 4700.0}, {"i": 952, "x": 12384.0, "y": 10804.0}, {"i": 953, "x": 12388.0, "y": 7564.0}, {"i": 954, "x": 12402.0, "y": 1312.0}, {"i": 955, "x": 12404.0, "y": 4904.0}, {"i": 956, "x": 12420.0, "y": 3908.0}, {"i": 957, "x": 12430.0, "y": 7842.0}, {"i": 958, "x": 12430.0, "y": 7996.0}, {"i": 959, "x": 12438.0, "y": 10756.0}, {"i": 960, "x": 12452.0, "y": 6966.0}, {"i": 961, "x": 12472.0, "y": 7144.0}, {"i": 962, "x": 12482.0, "y": 1638.0}, {"i": 963, "x": 12482.0, "y": 4964.0}, {"i": 964, "x": 12484.0, "y": 2952.0}, {"i": 965, "x": 12488.0, "y": 3570.0}, {"i": 966, "x": 12516.0, "y": 2766.0}, {"i": 967, "x": 12520.0, "y": 7452.0}, {"i": 968, "x": 12530.0, "y": 3666.0}, {"i": 969, "x": 12544.0, "y": 2002.0}, {"i": 970, "x": 12576.0, "y": 5394.0}, {"i": 971, "x": 12592.0, "y": 7544.0}, {"i": 972, "x": 12600.0, "y": 2814.0}, {"i": 973, "x": 12602.0, "y": 7122.0}, {"i": 974, "x": 12606.0, "y": 5080.0}, {"i": 975, "x": 12608.0, "y": 10598.0}, {"i": 976, "x": 12616.0, "y": 4428.0}, {"i": 977, "x": 12626.0, "y": 8448.0}, {"i": 978, "x": 12628.0, "y": 1838.0}, {"i": 979, "x": 12634.0, "y": 1580.0}, {"i": 980, "x": 12636.0, "y": 4286.0}, {"i": 981, "x": 12638.0, "y": 8584.0}, {"i": 982, "x": 12642.0, "y": 830.0}, {"i": 983, "x": 12646.0, "y": 5588.0}, {"i": 984, "x": 12658.0, "y": 5186.0}, {"i": 985, "x": 12670.0, "y": 5254.0}, {"i": 986, "x": 12690.0, "y": 10564.0}, {"i": 987, "x": 12694.0, "y": 7810.0}, {"i": 988, "x": 12710.0, "y": 4602.0}, {"i": 989, "x": 12728.0, "y": 5614.0}, {"i": 990, "x": 12734.0, "y": 4588.0}, {"i": 991, "x": 12736.0, "y": 1598.0}, {"i": 992, "x": 12740.0, "y": 8914.0}, {"i": 993, "x": 12742.0, "y": 1832.0}, {"i": 994, "x": 12748.0, "y": 3266.0}, {"i": 995, "x": 12748.0, "y": 4866.0}, {"i": 996, "x": 12766.0, "y": 2180.0}, {"i": 997, "x": 12772.0, "y": 7328.0}, {"i": 998, "x": 12802.0, "y": 3270.0}, {"i": 999, "x": 12810.0, "y": 3312.0}, {"i": 1000, "x": 12818.0, "y": 5012.0}, {"i": 1001, "x": 12820.0, "y": 2892.0}, {"i": 1002, "x": 12828.0, "y": 3086.0}, {"i": 1003, "x": 12860.0, "y": 1670.0}, {"i": 1004, "x": 12866.0, "y": 844.0}, {"i": 1005, "x": 12898.0, "y": 2530.0}, {"i": 1006, "x": 12898.0, "y": 10550.0}, {"i": 1007, "x": 12904.0, "y": 3562.0}, {"i": 1008, "x": 12904.0, "y": 6036.0}, {"i": 1009, "x": 12908.0, "y": 9488.0}, {"i": 1010, "x": 12910.0, "y": 4160.0}, {"i": 1011, "x": 12922.0, "y": 10382.0}, {"i": 1012, "x": 12926.0, "y": 4076.0}, {"i": 1013, "x": 12928.0, "y": 2622.0}, {"i": 1014, "x": 12938.0, "y": 406.0}, {"i": 1015, "x": 12942.0, "y": 3708.0}, {"i": 1016, "x": 12954.0, "y": 1814.0}, {"i": 1017, "x": 12956.0, "y": 5276.0}, {"i": 1018, "x": 12956.0, "y": 5448.0}, {"i": 1019, "x": 12964.0, "y": 3500.0}, {"i": 1020, "x": 12964.0, "y": 3506.0}, {"i": 1021, "x": 12964.0, "y": 6192.0}, {"i": 1022, "x": 12974.0, "y": 3820.0}, {"i": 1023, "x": 12976.0, "y": 2464.0}, {"i": 1024, "x": 12982.0, "y": 1512.0}, {"i": 1025, "x": 13000.0, "y": 3984.0}, {"i": 1026, "x": 13010.0, "y": 1644.0}, {"i": 1027, "x": 13018.0, "y": 5182.0}, {"i": 1028, "x": 13030.0, "y": 9198.0}, {"i": 1029, "x": 13040.0, "y": 9766.0}, {"i": 1030, "x": 13042.0, "y": 12178.0}, {"i": 1031, "x": 13052.0, "y": 7328.0}, {"i": 1032, "x": 13052.0, "y": 9734.0}, {"i": 1033, "x": 13054.0, "y": 10368.0}, {"i": 1034, "x": 13054.0, "y": 11646.0}, {"i": 1035, "x": 13070.0, "y": 6012.0}, {"i": 1036, "x": 13084.0, "y": 7320.0}, {"i": 1037, "x": 13088.0, "y": 7966.0}, {"i": 1038, "x": 13114.0, "y": 2868.0}, {"i": 1039, "x": 13122.0, "y": 5706.0}, {"i": 1040, "x": 13128.0, "y": 422.0}, {"i": 1041, "x": 13130.0, "y": 1838.0}, {"i": 1042, "x": 13134.0, "y": 3022.0}, {"i": 1043, "x": 13142.0, "y": 8296.0}, {"i": 1044, "x": 13144.0, "y": 8076.0}, {"i": 1045, "x": 13152.0, "y": 2772.0}, {"i": 1046, "x": 13154.0, "y": 8682.0}, {"i": 1047, "x": 13166.0, "y": 4054.0}, {"i": 1048, "x": 13168.0, "y": 2864.0}, {"i": 1049, "x": 13176.0, "y": 7702.0}, {"i": 1050, "x": 13178.0, "y": 870.0}, {"i": 1051, "x": 13184.0, "y": 1876.0}, {"i": 1052, "x": 13186.0, "y": 198.0}, {"i": 1053, "x": 13200.0, "y": 6600.0}, {"i": 1054, "x": 13206.0, "y": 8584.0}, {"i": 1055, "x": 13214.0, "y": 408.0}, {"i": 1056, "x": 13216.0, "y": 8592.0}, {"i": 1057, "x": 13218.0, "y": 6530.0}, {"i": 1058, "x": 13224.0, "y": 4242.0}, {"i": 1059, "x": 13242.0, "y": 3988.0}, {"i": 1060, "x": 13248.0, "y": 4112.0}, {"i": 1061, "x": 13258.0, "y": 274.0}, {"i": 1062, "x": 13290.0, "y": 7634.0}, {"i": 1063, "x": 13292.0, "y": 8156.0}, {"i": 1064, "x": 13316.0, "y": 1228.0}, {"i": 1065, "x": 13318.0, "y": 1220.0}, {"i": 1066, "x": 13320.0, "y": 5968.0}, {"i": 1067, "x": 13322.0, "y": 560.0}, {"i": 1068, "x": 13322.0, "y": 740.0}, {"i": 1069, "x": 13344.0, "y": 2592.0}, {"i": 1070, "x": 13356.0, "y": 5400.0}, {"i": 1071, "x": 13364.0, "y": 3692.0}, {"i": 1072, "x": 13370.0, "y": 448.0}, {"i": 1073, "x": 13376.0, "y": 4736.0}, {"i": 1074, "x": 13398.0, "y": 4086.0}, {"i": 1075, "x": 13406.0, "y": 174.0}, {"i": 1076, "x": 13408.0, "y": 6216.0}, {"i": 1077, "x": 13412.0, "y": 3658.0}, {"i": 1078, "x": 13420.0, "y": 2946.0}, {"i": 1079, "x": 13424.0, "y": 5172.0}, {"i": 1080, "x": 13424.0, "y": 5416.0}, {"i": 1081, "x": 13430.0, "y": 592.0}, {"i": 1082, "x": 13432.0, "y": 4826.0}, {"i": 1083, "x": 13434.0, "y": 6898.0}, {"i": 1084, "x": 13448.0, "y": 6226.0}, {"i": 1085, "x": 13470.0, "y": 2234.0}, {"i": 1086, "x": 13472.0, "y": 8664.0}, {"i": 1087, "x": 13478.0, "y": 8988.0}, {"i": 1088, "x": 13484.0, "y": 550.0}, {"i": 1089, "x": 13484.0, "y": 1292.0}, {"i": 1090, "x": 13520.0, "y": 5560.0}, {"i": 1091, "x": 13526.0, "y": 12088.0}, {"i": 1092, "x": 13532.0, "y": 2170.0}, {"i": 1093, "x": 13534.0, "y": 3382.0}, {"i": 1094, "x": 13536.0, "y": 4822.0}, {"i": 1095, "x": 13538.0, "y": 7894.0}, {"i": 1096, "x": 13542.0, "y": 162.0}, {"i": 1097, "x": 13550.0, "y": 7382.0}, {"i": 1098, "x": 13552.0, "y": 2922.0}, {"i": 1099, "x": 13552.0, "y": 6358.0}, {"i": 1100, "x": 13584.0, "y": 6650.0}, {"i": 1101, "x": 13598.0, "y": 5706.0}, {"i": 1102, "x": 13598.0, "y": 7494.0}, {"i": 1103, "x": 13620.0, "y": 42.0}, {"i": 1104, "x": 13622.0, "y": 798.0}, {"i": 1105, "x": 13632.0, "y": 3034.0}, {"i": 1106, "x": 13666.0, "y": 4824.0}, {"i": 1107, "x": 13714.0, "y": 7550.0}, {"i": 1108, "x": 13716.0, "y": 6794.0}, {"i": 1109, "x": 13724.0, "y": 2280.0}, {"i": 1110, "x": 13744.0, "y": 402.0}, {"i": 1111, "x": 13752.0, "y": 2702.0}, {"i": 1112, "x": 13778.0, "y": 4834.0}, {"i": 1113, "x": 13780.0, "y": 2970.0}, {"i": 1114, "x": 13790.0, "y": 2198.0}, {"i": 1115, "x": 13792.0, "y": 62.0}, {"i": 1116, "x": 13796.0, "y": 6400.0}, {"i": 1117, "x": 13808.0, "y": 502.0}, {"i": 1118, "x": 13808.0, "y": 7648.0}, {"i": 1119, "x": 13812.0, "y": 768.0}, {"i": 1120, "x": 13814.0, "y": 1258.0}, {"i": 1121, "x": 13824.0, "y": 6422.0}, {"i": 1122, "x": 13826.0, "y": 4786.0}, {"i": 1123, "x": 13840.0, "y": 108.0}, {"i": 1124, "x": 13846.0, "y": 276.0}, {"i": 1125, "x": 13852.0, "y": 3018.0}, {"i": 1126, "x": 13854.0, "y": 3782.0}, {"i": 1127, "x": 13860.0, "y": 2480.0}, {"i": 1128, "x": 13870.0, "y": 440.0}, {"i": 1129, "x": 13880.0, "y": 998.0}, {"i": 1130, "x": 13882.0, "y": 12154.0}, {"i": 1131, "x": 13920.0, "y": 2974.0}, {"i": 1132, "x": 13934.0, "y": 6246.0}, {"i": 1133, "x": 13942.0, "y": 3290.0}, {"i": 1134, "x": 13956.0, "y": 4942.0}, {"i": 1135, "x": 13958.0, "y": 1670.0}, {"i": 1136, "x": 13964.0, "y": 7648.0}, {"i": 1137, "x": 13966.0, "y": 4240.0}, {"i": 1138, "x": 13966.0, "y": 6046.0}, {"i": 1139, "x": 13980.0, "y": 1936.0}, {"i": 1140, "x": 13980.0, "y": 8036.0}, {"i": 1141, "x": 13986.0, "y": 5890.0}, {"i": 1142, "x": 13988.0, "y": 6162.0}, {"i": 1143, "x": 13994.0, "y": 5998.0}, {"i": 1144, "x": 13998.0, "y": 2882.0}, {"i": 1145, "x": 14012.0, "y": 5674.0}, {"i": 1146, "x": 14014.0, "y": 3916.0}, {"i": 1147, "x": 14024.0, "y": 7324.0}, {"i": 1148, "x": 14040.0, "y": 1288.0}, {"i": 1149, "x": 14040.0, "y": 6512.0}, {"i": 1150, "x": 14056.0, "y": 7358.0}, {"i": 1151, "x": 14080.0, "y": 6654.0}, {"i": 1152, "x": 14100.0, "y": 6462.0}, {"i": 1153, "x": 14140.0, "y": 3806.0}, {"i": 1154, "x": 14142.0, "y": 6110.0}, {"i": 1155, "x": 14176.0, "y": 5722.0}, {"i": 1156, "x": 14178.0, "y": 904.0}, {"i": 1157, "x": 14182.0, "y": 8076.0}, {"i": 1158, "x": 14196.0, "y": 6876.0}, {"i": 1159, "x": 14210.0, "y": 4072.0}, {"i": 1160, "x": 14212.0, "y": 4534.0}, {"i": 1161, "x": 14214.0, "y": 10264.0}, {"i": 1162, "x": 14218.0, "y": 3436.0}, {"i": 1163, "x": 14224.0, "y": 1186.0}, {"i": 1164, "x": 14254.0, "y": 3712.0}, {"i": 1165, "x": 14256.0, "y": 6530.0}, {"i": 1166, "x": 14284.0, "y": 844.0}, {"i": 1167, "x": 14298.0, "y": 5076.0}, {"i": 1168, "x": 14304.0, "y": 4312.0}, {"i": 1169, "x": 14312.0, "y": 3076.0}, {"i": 1170, "x": 14332.0, "y": 2958.0}, {"i": 1171, "x": 14332.0, "y": 6924.0}, {"i": 1172, "x": 14354.0, "y": 12342.0}, {"i": 1173, "x": 14356.0, "y": 4284.0}, {"i": 1174, "x": 14372.0, "y": 3052.0}, {"i": 1175, "x": 14372.0, "y": 6466.0}, {"i": 1176, "x": 14400.0, "y": 6136.0}, {"i": 1177, "x": 14402.0, "y": 1994.0}, {"i": 1178, "x": 14402.0, "y": 4524.0}, {"i": 1179, "x": 14414.0, "y": 7174.0}, {"i": 1180, "x": 14442.0, "y": 7052.0}, {"i": 1181, "x": 14450.0, "y": 1766.0}, {"i": 1182, "x": 14464.0, "y": 4262.0}, {"i": 1183, "x": 14464.0, "y": 4760.0}, {"i": 1184, "x": 14464.0, "y": 12148.0}, {"i": 1185, "x": 14476.0, "y": 558.0}, {"i": 1186, "x": 14476.0, "y": 12126.0}, {"i": 1187, "x": 14512.0, "y": 6946.0}, {"i": 1188, "x": 14524.0, "y": 7558.0}, {"i": 1189, "x": 14526.0, "y": 11388.0}, {"i": 1190, "x": 14528.0, "y": 6742.0}, {"i": 1191, "x": 14598.0, "y": 2912.0}, {"i": 1192, "x": 14610.0, "y": 3956.0}, {"i": 1193, "x": 14660.0, "y": 2518.0}, {"i": 1194, "x": 14660.0, "y": 3654.0}, {"i": 1195, "x": 14664.0, "y": 13290.0}, {"i": 1196, "x": 14670.0, "y": 5866.0}, {"i": 1197, "x": 14688.0, "y": 358.0}, {"i": 1198, "x": 14690.0, "y": 12738.0}, {"i": 1199, "x": 14696.0, "y": 7222.0}, {"i": 1200, "x": 14696.0, "y": 12162.0}, {"i": 1201, "x": 14712.0, "y": 2738.0}, {"i": 1202, "x": 14742.0, "y": 90.0}, {"i": 1203, "x": 14760.0, "y": 7180.0}, {"i": 1204, "x": 14764.0, "y": 7634.0}, {"i": 1205, "x": 14772.0, "y": 6636.0}, {"i": 1206, "x": 14784.0, "y": 1818.0}, {"i": 1207, "x": 14786.0, "y": 7582.0}, {"i": 1208, "x": 14794.0, "y": 586.0}, {"i": 1209, "x": 14796.0, "y": 6434.0}, {"i": 1210, "x": 14810.0, "y": 1260.0}, {"i": 1211, "x": 14826.0, "y": 3410.0}, {"i": 1212, "x": 14826.0, "y": 12828.0}, {"i": 1213, "x": 14832.0, "y": 2354.0}, {"i": 1214, "x": 14846.0, "y": 3506.0}, {"i": 1215, "x": 14850.0, "y": 108.0}, {"i": 1216, "x": 14850.0, "y": 144.0}, {"i": 1217, "x": 14854.0, "y": 2406.0}, {"i": 1218, "x": 14856.0, "y": 3432.0}, {"i": 1219, "x": 14864.0, "y": 4182.0}, {"i": 1220, "x": 14872.0, "y": 12894.0}, {"i": 1221, "x": 14876.0, "y": 4234.0}, {"i": 1222, "x": 14908.0, "y": 332.0}, {"i": 1223, "x": 14908.0, "y": 13028.0}, {"i": 1224, "x": 14910.0, "y": 7562.0}, {"i": 1225, "x": 14914.0, "y": 4700.0}, {"i": 1226, "x": 14924.0, "y": 188.0}, {"i": 1227, "x": 14926.0, "y": 3974.0}, {"i": 1228, "x": 14930.0, "y": 8220.0}, {"i": 1229, "x": 14934.0, "y": 4044.0}, {"i": 1230, "x": 14934.0, "y": 13118.0}, {"i": 1231, "x": 14936.0, "y": 2756.0}, {"i": 1232, "x": 14938.0, "y": 5962.0}, {"i": 1233, "x": 14952.0, "y": 7786.0}, {"i": 1234, "x": 14962.0, "y": 1658.0}, {"i": 1235, "x": 14964.0, "y": 4702.0}, {"i": 1236, "x": 14968.0, "y": 4562.0}, {"i": 1237, "x": 14970.0, "y": 456.0}, {"i": 1238, "x": 14972.0, "y": 2048.0}, {"i": 1239, "x": 14974.0, "y": 592.0}, {"i": 1240, "x": 14980.0, "y": 13400.0}, {"i": 1241, "x": 14984.0, "y": 3900.0}, {"i": 1242, "x": 15030.0, "y": 2122.0}, {"i": 1243, "x": 15030.0, "y": 11268.0}, {"i": 1244, "x": 15036.0, "y": 2126.0}, {"i": 1245, "x": 15036.0, "y": 11216.0}, {"i": 1246, "x": 15050.0, "y": 12926.0}, {"i": 1247, "x": 15084.0, "y": 6764.0}, {"i": 1248, "x": 15086.0, "y": 1388.0}, {"i": 1249, "x": 15092.0, "y": 7930.0}, {"i": 1250, "x": 15094.0, "y": 4752.0}, {"i": 1251, "x": 15102.0, "y": 2016.0}, {"i": 1252, "x": 15106.0, "y": 4244.0}, {"i": 1253, "x": 15112.0, "y": 4922.0}, {"i": 1254, "x": 15120.0, "y": 5172.0}, {"i": 1255, "x": 15142.0, "y": 6360.0}, {"i": 1256, "x": 15150.0, "y": 3792.0}, {"i": 1257, "x": 15152.0, "y": 9102.0}, {"i": 1258, "x": 15162.0, "y": 9202.0}, {"i": 1259, "x": 15172.0, "y": 2144.0}, {"i": 1260, "x": 15186.0, "y": 626.0}, {"i": 1261, "x": 15186.0, "y": 5624.0}, {"i": 1262, "x": 15190.0, "y": 4788.0}, {"i": 1263, "x": 15194.0, "y": 1106.0}, {"i": 1264, "x": 15202.0, "y": 4142.0}, {"i": 1265, "x": 15212.0, "y": 5512.0}, {"i": 1266, "x": 15218.0, "y": 6742.0}, {"i": 1267, "x": 15224.0, "y": 7490.0}, {"i": 1268, "x": 15238.0, "y": 310.0}, {"i": 1269, "x": 15240.0, "y": 9916.0}, {"i": 1270, "x": 15244.0, "y": 6252.0}, {"i": 1271, "x": 15246.0, "y": 466.0}, {"i": 1272, "x": 15296.0, "y": 594.0}, {"i": 1273, "x": 15302.0, "y": 788.0}, {"i": 1274, "x": 15306.0, "y": 882.0}, {"i": 1275, "x": 15308.0, "y": 4518.0}, {"i": 1276, "x": 15318.0, "y": 866.0}, {"i": 1277, "x": 15336.0, "y": 632.0}, {"i": 1278, "x": 15360.0, "y": 320.0}, {"i": 1279, "x": 15362.0, "y": 10916.0}, {"i": 1280, "x": 15366.0, "y": 214.0}, {"i": 1281, "x": 15390.0, "y": 1454.0}, {"i": 1282, "x": 15392.0, "y": 7840.0}, {"i": 1283, "x": 15392.0, "y": 13818.0}, {"i": 1284, "x": 15402.0, "y": 812.0}, {"i": 1285, "x": 15404.0, "y": 868.0}, {"i": 1286, "x": 15416.0, "y": 11180.0}, {"i": 1287, "x": 15422.0, "y": 7588.0}, {"i": 1288, "x": 15426.0, "y": 2208.0}, {"i": 1289, "x": 15426.0, "y": 5140.0}, {"i": 1290, "x": 15432.0, "y": 1952.0}, {"i": 1291, "x": 15432.0, "y": 5230.0}, {"i": 1292, "x": 15438.0, "y": 1102.0}, {"i": 1293, "x": 15438.0, "y": 11302.0}, {"i": 1294, "x": 15440.0, "y": 5486.0}, {"i": 1295, "x": 15452.0, "y": 6976.0}, {"i": 1296, "x": 15456.0, "y": 3298.0}, {"i": 1297, "x": 15458.0, "y": 11500.0}, {"i": 1298, "x": 15468.0, "y": 5184.0}, {"i": 1299, "x": 15482.0, "y": 1012.0}, {"i": 1300, "x": 15490.0, "y": 5600.0}, {"i": 1301, "x": 15522.0, "y": 2762.0}, {"i": 1302, "x": 15556.0, "y": 12772.0}, {"i": 1303, "x": 15564.0, "y": 7758.0}, {"i": 1304, "x": 15618.0, "y": 12174.0}, {"i": 1305, "x": 15628.0, "y": 5586.0}, {"i": 1306, "x": 15652.0, "y": 4806.0}, {"i": 1307, "x": 15656.0, "y": 12390.0}, {"i": 1308, "x": 15664.0, "y": 6158.0}, {"i": 1309, "x": 15676.0, "y": 6970.0}, {"i": 1310, "x": 15680.0, "y": 7308.0}, {"i": 1311, "x": 15694.0, "y": 3356.0}, {"i": 1312, "x": 15698.0, "y": 4826.0}, {"i": 1313, "x": 15698.0, "y": 11636.0}, {"i": 1314, "x": 15728.0, "y": 2720.0}, {"i": 1315, "x": 15738.0, "y": 7824.0}, {"i": 1316, "x": 15754.0, "y": 6496.0}, {"i": 1317, "x": 15760.0, "y": 3156.0}, {"i": 1318, "x": 15770.0, "y": 12.0}, {"i": 1319, "x": 15770.0, "y": 11322.0}, {"i": 1320, "x": 15772.0, "y": 7146.0}, {"i": 1321, "x": 15778.0, "y": 4332.0}, {"i": 1322, "x": 15780.0, "y": 5932.0}, {"i": 1323, "x": 15782.0, "y": 5542.0}, {"i": 1324, "x": 15786.0, "y": 2292.0}, {"i": 1325, "x": 15798.0, "y": 11590.0}, {"i": 1326, "x": 15816.0, "y": 50.0}, {"i": 1327, "x": 15828.0, "y": 4434.0}, {"i": 1328, "x": 15834.0, "y": 11962.0}, {"i": 1329, "x": 15850.0, "y": 6672.0}, {"i": 1330, "x": 15860.0, "y": 6252.0}, {"i": 1331, "x": 15860.0, "y": 8306.0}, {"i": 1332, "x": 15860.0, "y": 8432.0}, {"i": 1333, "x": 15868.0, "y": 6952.0}, {"i": 1334, "x": 15878.0, "y": 6258.0}, {"i": 1335, "x": 15912.0, "y": 4966.0}, {"i": 1336, "x": 15916.0, "y": 2948.0}, {"i": 1337, "x": 15918.0, "y": 7772.0}, {"i": 1338, "x": 15920.0, "y": 11704.0}, {"i": 1339, "x": 15922.0, "y": 6952.0}, {"i": 1340, "x": 15928.0, "y": 7074.0}, {"i": 1341, "x": 15930.0, "y": 7170.0}, {"i": 1342, "x": 15938.0, "y": 11768.0}, {"i": 1343, "x": 15952.0, "y": 2860.0}, {"i": 1344, "x": 15984.0, "y": 5008.0}, {"i": 1345, "x": 16000.0, "y": 6214.0}, {"i": 1346, "x": 16002.0, "y": 6466.0}, {"i": 1347, "x": 16046.0, "y": 3670.0}, {"i": 1348, "x": 16052.0, "y": 6592.0}, {"i": 1349, "x": 16056.0, "y": 2218.0}, {"i": 1350, "x": 16064.0, "y": 9882.0}, {"i": 1351, "x": 16066.0, "y": 2914.0}, {"i": 1352, "x": 16072.0, "y": 5420.0}, {"i": 1353, "x": 16078.0, "y": 3564.0}, {"i": 1354, "x": 16086.0, "y": 4394.0}, {"i": 1355, "x": 16088.0, "y": 11706.0}, {"i": 1356, "x": 16090.0, "y": 9172.0}, {"i": 1357, "x": 16104.0, "y": 3804.0}, {"i": 1358, "x": 16112.0, "y": 7050.0}, {"i": 1359, "x": 16136.0, "y": 11702.0}, {"i": 1360, "x": 16138.0, "y": 3806.0}, {"i": 1361, "x": 16154.0, "y": 3464.0}, {"i": 1362, "x": 16166.0, "y": 1512.0}, {"i": 1363, "x": 16170.0, "y": 3978.0}, {"i": 1364, "x": 16172.0, "y": 3740.0}, {"i": 1365, "x": 16188.0, "y": 3362.0}, {"i": 1366, "x": 16192.0, "y": 7988.0}, {"i": 1367, "x": 16206.0, "y": 11986.0}, {"i": 1368, "x": 16224.0, "y": 7654.0}, {"i": 1369, "x": 16232.0, "y": 11622.0}, {"i": 1370, "x": 16268.0, "y": 10364.0}, {"i": 1371, "x": 16268.0, "y": 11936.0}, {"i": 1372, "x": 16282.0, "y": 11710.0}, {"i": 1373, "x": 16312.0, "y": 7152.0}, {"i": 1374, "x": 16314.0, "y": 6224.0}, {"i": 1375, "x": 16362.0, "y": 5624.0}, {"i": 1376, "x": 16374.0, "y": 5822.0}, {"i": 1377, "x": 16382.0, "y": 7664.0}, {"i": 1378, "x": 16386.0, "y": 670.0}, {"i": 1379, "x": 16396.0, "y": 10716.0}, {"i": 1380, "x": 16400.0, "y": 4572.0}, {"i": 1381, "x": 16400.0, "y": 6280.0}, {"i": 1382, "x": 16420.0, "y": 4618.0}, {"i": 1383, "x": 16422.0, "y": 9472.0}, {"i": 1384, "x": 16422.0, "y": 11496.0}, {"i": 1385, "x": 16434.0, "y": 4568.0}, {"i": 1386, "x": 16446.0, "y": 5792.0}, {"i": 1387, "x": 16488.0, "y": 6724.0}, {"i": 1388, "x": 16496.0, "y": 11738.0}, {"i": 1389, "x": 16572.0, "y": 6664.0}, {"i": 1390, "x": 16596.0, "y": 12236.0}, {"i": 1391, "x": 16622.0, "y": 10270.0}, {"i": 1392, "x": 16640.0, "y": 1728.0}, {"i": 1393, "x": 16640.0, "y": 4390.0}, {"i": 1394, "x": 16642.0, "y": 4298.0}, {"i": 1395, "x": 16652.0, "y": 1788.0}, {"i": 1396, "x": 16662.0, "y": 7576.0}, {"i": 1397, "x": 16706.0, "y": 12150.0}, {"i": 1398, "x": 16742.0, "y": 2826.0}, {"i": 1399, "x": 16746.0, "y": 3526.0}, {"i": 1400, "x": 16756.0, "y": 8396.0}, {"i": 1401, "x": 16774.0, "y": 9088.0}, {"i": 1402, "x": 16776.0, "y": 8464.0}, {"i": 1403, "x": 16778.0, "y": 4086.0}, {"i": 1404, "x": 16790.0, "y": 12040.0}, {"i": 1405, "x": 16798.0, "y": 2462.0}, {"i": 1406, "x": 16814.0, "y": 3538.0}, {"i": 1407, "x": 16842.0, "y": 11204.0}, {"i": 1408, "x": 16848.0, "y": 2974.0}, {"i": 1409, "x": 16870.0, "y": 4090.0}, {"i": 1410, "x": 16890.0, "y": 4448.0}, {"i": 1411, "x": 16910.0, "y": 2154.0}, {"i": 1412, "x": 16918.0, "y": 8664.0}, {"i": 1413, "x": 16972.0, "y": 7642.0}, {"i": 1414, "x": 16984.0, "y": 4096.0}, {"i": 1415, "x": 16998.0, "y": 3914.0}, {"i": 1416, "x": 16998.0, "y": 8026.0}, {"i": 1417, "x": 17000.0, "y": 5862.0}, {"i": 1418, "x": 17010.0, "y": 5052.0}, {"i": 1419, "x": 17030.0, "y": 9146.0}, {"i": 1420, "x": 17030.0, "y": 9800.0}, {"i": 1421, "x": 17034.0, "y": 11884.0}, {"i": 1422, "x": 17040.0, "y": 4240.0}, {"i": 1423, "x": 17040.0, "y": 4368.0}, {"i": 1424, "x": 17060.0, "y": 3806.0}, {"i": 1425, "x": 17064.0, "y": 10746.0}, {"i": 1426, "x": 17066.0, "y": 5532.0}, {"i": 1427, "x": 17070.0, "y": 9858.0}, {"i": 1428, "x": 17082.0, "y": 5758.0}, {"i": 1429, "x": 17084.0, "y": 8020.0}, {"i": 1430, "x": 17092.0, "y": 8178.0}, {"i": 1431, "x": 17092.0, "y": 10536.0}, {"i": 1432, "x": 17126.0, "y": 6446.0}, {"i": 1433, "x": 17138.0, "y": 9160.0}, {"i": 1434, "x": 17154.0, "y": 8032.0}, {"i": 1435, "x": 17216.0, "y": 9406.0}, {"i": 1436, "x": 17258.0, "y": 12322.0}, {"i": 1437, "x": 17260.0, "y": 10376.0}, {"i": 1438, "x": 17276.0, "y": 4718.0}, {"i": 1439, "x": 17300.0, "y": 9166.0}, {"i": 1440, "x": 17302.0, "y": 7084.0}, {"i": 1441, "x": 17316.0, "y": 12476.0}, {"i": 1442, "x": 17330.0, "y": 9218.0}, {"i": 1443, "x": 17334.0, "y": 664.0}, {"i": 1444, "x": 17356.0, "y": 844.0}, {"i": 1445, "x": 17360.0, "y": 9946.0}, {"i": 1446, "x": 17370.0, "y": 9530.0}, {"i": 1447, "x": 17384.0, "y": 3388.0}, {"i": 1448, "x": 17388.0, "y": 8128.0}, {"i": 1449, "x": 17394.0, "y": 8450.0}, {"i": 1450, "x": 17396.0, "y": 6700.0}, {"i": 1451, "x": 17404.0, "y": 6814.0}, {"i": 1452, "x": 17412.0, "y": 5548.0}, {"i": 1453, "x": 17414.0, "y": 4978.0}, {"i": 1454, "x": 17438.0, "y": 644.0}, {"i": 1455, "x": 17448.0, "y": 4246.0}, {"i": 1456, "x": 17450.0, "y": 4552.0}, {"i": 1457, "x": 17470.0, "y": 3142.0}, {"i": 1458, "x": 17472.0, "y": 1872.0}, {"i": 1459, "x": 17482.0, "y": 2998.0}, {"i": 1460, "x": 17496.0, "y": 4890.0}, {"i": 1461, "x": 17516.0, "y": 16.0}, {"i": 1462, "x": 17590.0, "y": 2682.0}, {"i": 1463, "x": 17594.0, "y": 3668.0}, {"i": 1464, "x": 17618.0, "y": 5522.0}, {"i": 1465, "x": 17624.0, "y": 2762.0}, {"i": 1466, "x": 17626.0, "y": 2140.0}, {"i": 1467, "x": 17626.0, "y": 3616.0}, {"i": 1468, "x": 17638.0, "y": 4744.0}, {"i": 1469, "x": 17640.0, "y": 5414.0}, {"i": 1470, "x": 17678.0, "y": 4184.0}, {"i": 1471, "x": 17684.0, "y": 8882.0}, {"i": 1472, "x": 17694.0, "y": 2188.0}, {"i": 1473, "x": 17694.0, "y": 9384.0}, {"i": 1474, "x": 17718.0, "y": 12018.0}, {"i": 1475, "x": 17728.0, "y": 4012.0}, {"i": 1476, "x": 17730.0, "y": 5130.0}, {"i": 1477, "x": 17734.0, "y": 5246.0}, {"i": 1478, "x": 17752.0, "y": 5318.0}, {"i": 1479, "x": 17768.0, "y": 2334.0}, {"i": 1480, "x": 17782.0, "y": 9654.0}, {"i": 1481, "x": 17784.0, "y": 6030.0}, {"i": 1482, "x": 17792.0, "y": 9626.0}, {"i": 1483, "x": 17820.0, "y": 7224.0}, {"i": 1484, "x": 17830.0, "y": 7070.0}, {"i": 1485, "x": 17858.0, "y": 6400.0}, {"i": 1486, "x": 17870.0, "y": 7706.0}, {"i": 1487, "x": 17878.0, "y": 2150.0}, {"i": 1488, "x": 17880.0, "y": 5178.0}, {"i": 1489, "x": 17886.0, "y": 3330.0}, {"i": 1490, "x": 17892.0, "y": 4192.0}, {"i": 1491, "x": 17900.0, "y": 2104.0}, {"i": 1492, "x": 17904.0, "y": 3684.0}, {"i": 1493, "x": 17914.0, "y": 3740.0}, {"i": 1494, "x": 17928.0, "y": 4992.0}, {"i": 1495, "x": 17936.0, "y": 4082.0}, {"i": 1496, "x": 17948.0, "y": 10850.0}, {"i": 1497, "x": 17972.0, "y": 9870.0}, {"i": 1498, "x": 17988.0, "y": 5918.0}, {"i": 1499, "x": 18022.0, "y": 2434.0}, {"i": 1500, "x": 18030.0, "y": 46.0}, {"i": 1501, "x": 18062.0, "y": 3382.0}, {"i": 1502, "x": 18074.0, "y": 3552.0}, {"i": 1503, "x": 18074.0, "y": 6766.0}, {"i": 1504, "x": 18082.0, "y": 2020.0}, {"i": 1505, "x": 18120.0, "y": 3660.0}, {"i": 1506, "x": 18136.0, "y": 11640.0}, {"i": 1507, "x": 18142.0, "y": 10124.0}, {"i": 1508, "x": 18154.0, "y": 9940.0}, {"i": 1509, "x": 18168.0, "y": 1920.0}, {"i": 1510, "x": 18180.0, "y": 5866.0}, {"i": 1511, "x": 18226.0, "y": 5672.0}, {"i": 1512, "x": 18232.0, "y": 2098.0}, {"i": 1513, "x": 18248.0, "y": 5670.0}, {"i": 1514, "x": 18248.0, "y": 5770.0}, {"i": 1515, "x": 18248.0, "y": 10146.0}, {"i": 1516, "x": 18258.0, "y": 11460.0}, {"i": 1517, "x": 18268.0, "y": 4392.0}, {"i": 1518, "x": 18280.0, "y": 3566.0}, {"i": 1519, "x": 18288.0, "y": 5228.0}, {"i": 1520, "x": 18312.0, "y": 9798.0}, {"i": 1521, "x": 18314.0, "y": 5662.0}, {"i": 1522, "x": 18316.0, "y": 6336.0}, {"i": 1523, "x": 18354.0, "y": 7164.0}, {"i": 1524, "x": 18378.0, "y": 9084.0}, {"i": 1525, "x": 18408.0, "y": 6528.0}, {"i": 1526, "x": 18432.0, "y": 12212.0}, {"i": 1527, "x": 18448.0, "y": 5220.0}, {"i": 1528, "x": 18448.0, "y": 9858.0}, {"i": 1529, "x": 18450.0, "y": 686.0}, {"i": 1530, "x": 18456.0, "y": 1590.0}, {"i": 1531, "x": 18480.0, "y": 8024.0}, {"i": 1532, "x": 18496.0, "y": 6954.0}, {"i": 1533, "x": 18496.0, "y": 11396.0}, {"i": 1534, "x": 18498.0, "y": 4222.0}, {"i": 1535, "x": 18504.0, "y": 10148.0}, {"i": 1536, "x": 18504.0, "y": 11288.0}, {"i": 1537, "x": 18510.0, "y": 11116.0}, {"i": 1538, "x": 18514.0, "y": 10034.0}, {"i": 1539, "x": 18516.0, "y": 10344.0}, {"i": 1540, "x": 18578.0, "y": 6014.0}, {"i": 1541, "x": 18588.0, "y": 3230.0}, {"i": 1542, "x": 18604.0, "y": 5160.0}, {"i": 1543, "x": 18610.0, "y": 6396.0}, {"i": 1544, "x": 18612.0, "y": 4664.0}, {"i": 1545, "x": 18618.0, "y": 6858.0}, {"i": 1546, "x": 18620.0, "y": 5568.0}, {"i": 1547, "x": 18620.0, "y": 8698.0}, {"i": 1548, "x": 18624.0, "y": 8008.0}, {"i": 1549, "x": 18638.0, "y": 4938.0}, {"i": 1550, "x": 18640.0, "y": 6770.0}, {"i": 1551, "x": 18668.0, "y": 3142.0}, {"i": 1552, "x": 18700.0, "y": 994.0}, {"i": 1553, "x": 18760.0, "y": 4740.0}, {"i": 1554, "x": 18766.0, "y": 450.0}, {"i": 1555, "x": 18770.0, "y": 4250.0}, {"i": 1556, "x": 18824.0, "y": 5288.0}, {"i": 1557, "x": 18830.0, "y": 7072.0}, {"i": 1558, "x": 18834.0, "y": 4932.0}, {"i": 1559, "x": 18850.0, "y": 6934.0}, {"i": 1560, "x": 18870.0, "y": 10662.0}, {"i": 1561, "x": 18902.0, "y": 6604.0}, {"i": 1562, "x": 18914.0, "y": 6012.0}, {"i": 1563, "x": 18920.0, "y": 2340.0}, {"i": 1564, "x": 18940.0, "y": 7646.0}, {"i": 1565, "x": 18942.0, "y": 2016.0}, {"i": 1566, "x": 18942.0, "y": 6918.0}, {"i": 1567, "x": 18946.0, "y": 2004.0}, {"i": 1568, "x": 18982.0, "y": 3100.0}, {"i": 1569, "x": 19002.0, "y": 3070.0}, {"i": 1570, "x": 19002.0, "y": 8400.0}, {"i": 1571, "x": 19036.0, "y": 6004.0}, {"i": 1572, "x": 19052.0, "y": 5358.0}, {"i": 1573, "x": 19058.0, "y": 4814.0}, {"i": 1574, "x": 19060.0, "y": 568.0}, {"i": 1575, "x": 19068.0, "y": 2280.0}, {"i": 1576, "x": 19080.0, "y": 4932.0}, {"i": 1577, "x": 19096.0, "y": 4444.0}, {"i": 1578, "x": 19102.0, "y": 2270.0}, {"i": 1579, "x": 19116.0, "y": 7922.0}, {"i": 1580, "x": 19138.0, "y": 4144.0}, {"i": 1581, "x": 19158.0, "y": 4384.0}, {"i": 1582, "x": 19168.0, "y": 1432.0}, {"i": 1583, "x": 19168.0, "y": 1798.0}, {"i": 1584, "x": 19190.0, "y": 8350.0}, {"i": 1585, "x": 19212.0, "y": 8920.0}, {"i": 1586, "x": 19228.0, "y": 3976.0}, {"i": 1587, "x": 19264.0, "y": 3896.0}, {"i": 1588, "x": 19264.0, "y": 8426.0}, {"i": 1589, "x": 19286.0, "y": 5346.0}, {"i": 1590, "x": 19294.0, "y": 5168.0}, {"i": 1591, "x": 19306.0, "y": 3736.0}, {"i": 1592, "x": 19320.0, "y": 3134.0}, {"i": 1593, "x": 19362.0, "y": 8156.0}, {"i": 1594, "x": 19440.0, "y": 7584.0}, {"i": 1595, "x": 19450.0, "y": 5348.0}, {"i": 1596, "x": 19470.0, "y": 2060.0}, {"i": 1597, "x": 19476.0, "y": 2858.0}, {"i": 1598, "x": 19492.0, "y": 8376.0}, {"i": 1599, "x": 19502.0, "y": 3144.0}, {"i": 1600, "x": 19504.0, "y": 6044.0}, {"i": 1601, "x": 19508.0, "y": 5166.0}, {"i": 1602, "x": 19512.0, "y": 2340.0}, {"i": 1603, "x": 19544.0, "y": 7712.0}, {"i": 1604, "x": 19550.0, "y": 1924.0}, {"i": 1605, "x": 19554.0, "y": 5292.0}, {"i": 1606, "x": 19560.0, "y": 4462.0}, {"i": 1607, "x": 19568.0, "y": 2970.0}, {"i": 1608, "x": 19574.0, "y": 3976.0}, {"i": 1609, "x": 19584.0, "y": 2102.0}, {"i": 1610, "x": 19588.0, "y": 7712.0}, {"i": 1611, "x": 19604.0, "y": 6056.0}, {"i": 1612, "x": 19614.0, "y": 7506.0}, {"i": 1613, "x": 19638.0, "y": 8268.0}, {"i": 1614, "x": 19660.0, "y": 6204.0}, {"i": 1615, "x": 19674.0, "y": 3012.0}, {"i": 1616, "x": 19686.0, "y": 7234.0}, {"i": 1617, "x": 19688.0, "y": 5538.0}, {"i": 1618, "x": 19702.0, "y": 4606.0}, {"i": 1619, "x": 19734.0, "y": 4044.0}, {"i": 1620, "x": 19770.0, "y": 6150.0}, {"i": 1621, "x": 19770.0, "y": 7424.0}, {"i": 1622, "x": 19784.0, "y": 3504.0}, {"i": 1623, "x": 19798.0, "y": 348.0}, {"i": 1624, "x": 19804.0, "y": 6314.0}, {"i": 1625, "x": 19816.0, "y": 12082.0}, {"i": 1626, "x": 19830.0, "y": 3124.0}, {"i": 1627, "x": 19852.0, "y": 3434.0}, {"i": 1628, "x": 19866.0, "y": 3338.0}, {"i": 1629, "x": 19882.0, "y": 1106.0}, {"i": 1630, "x": 19892.0, "y": 796.0}, {"i": 1631, "x": 19910.0, "y": 6014.0}, {"i": 1632, "x": 19924.0, "y": 2438.0}, {"i": 1633, "x": 19936.0, "y": 2190.0}, {"i": 1634, "x": 19938.0, "y": 4622.0}, {"i": 1635, "x": 19948.0, "y": 4686.0}, {"i": 1636, "x": 19966.0, "y": 5796.0}, {"i": 1637, "x": 19984.0, "y": 9478.0}, {"i": 1638, "x": 19986.0, "y": 9352.0}, {"i": 1639, "x": 19988.0, "y": 4164.0}, {"i": 1640, "x": 19990.0, "y": 2932.0}, {"i": 1641, "x": 19994.0, "y": 7778.0}, {"i": 1642, "x": 20000.0, "y": 5106.0}, {"i": 1643, "x": 20028.0, "y": 4824.0}, {"i": 1644, "x": 20086.0, "y": 10534.0}, {"i": 1645, "x": 20106.0, "y": 3374.0}, {"i": 1646, "x": 20106.0, "y": 6024.0}, {"i": 1647, "x": 20122.0, "y": 3646.0}, {"i": 1648, "x": 20126.0, "y": 1070.0}, {"i": 1649, "x": 20164.0, "y": 5792.0}, {"i": 1650, "x": 20180.0, "y": 5794.0}, {"i": 1651, "x": 20188.0, "y": 3934.0}, {"i": 1652, "x": 20194.0, "y": 5006.0}, {"i": 1653, "x": 20260.0, "y": 2798.0}, {"i": 1654, "x": 20280.0, "y": 4836.0}, {"i": 1655, "x": 20284.0, "y": 4828.0}, {"i": 1656, "x": 20314.0, "y": 2496.0}, {"i": 1657, "x": 20316.0, "y": 4940.0}, {"i": 1658, "x": 20348.0, "y": 6026.0}, {"i": 1659, "x": 20364.0, "y": 5084.0}, {"i": 1660, "x": 20376.0, "y": 5044.0}, {"i": 1661, "x": 20398.0, "y": 6086.0}, {"i": 1662, "x": 20458.0, "y": 3088.0}, {"i": 1663, "x": 20462.0, "y": 2794.0}, {"i": 1664, "x": 20470.0, "y": 762.0}, {"i": 1665, "x": 20470.0, "y": 1344.0}, {"i": 1666, "x": 20480.0, "y": 7856.0}, {"i": 1667, "x": 20500.0, "y": 5294.0}, {"i": 1668, "x": 20516.0, "y": 3746.0}, {"i": 1669, "x": 20516.0, "y": 4370.0}, {"i": 1670, "x": 20516.0, "y": 4392.0}, {"i": 1671, "x": 20572.0, "y": 5360.0}, {"i": 1672, "x": 20612.0, "y": 10516.0}, {"i": 1673, "x": 20622.0, "y": 2006.0}, {"i": 1674, "x": 20676.0, "y": 3218.0}, {"i": 1675, "x": 20682.0, "y": 6120.0}, {"i": 1676, "x": 20684.0, "y": 10512.0}, {"i": 1677, "x": 20694.0, "y": 3194.0}, {"i": 1678, "x": 20714.0, "y": 2426.0}, {"i": 1679, "x": 20728.0, "y": 10310.0}, {"i": 1680, "x": 20732.0, "y": 9050.0}, {"i": 1681, "x": 20738.0, "y": 1830.0}, {"i": 1682, "x": 20740.0, "y": 9192.0}, {"i": 1683, "x": 20758.0, "y": 9188.0}, {"i": 1684, "x": 20762.0, "y": 9598.0}, {"i": 1685, "x": 20778.0, "y": 5694.0}, {"i": 1686, "x": 20802.0, "y": 1042.0}, {"i": 1687, "x": 20818.0, "y": 2836.0}, {"i": 1688, "x": 20820.0, "y": 4892.0}, {"i": 1689, "x": 20826.0, "y": 736.0}, {"i": 1690, "x": 20832.0, "y": 726.0}, {"i": 1691, "x": 20840.0, "y": 6032.0}, {"i": 1692, "x": 20888.0, "y": 2616.0}, {"i": 1693, "x": 20982.0, "y": 11102.0}, {"i": 1694, "x": 21022.0, "y": 4144.0}, {"i": 1695, "x": 21038.0, "y": 11066.0}, {"i": 1696, "x": 21040.0, "y": 6026.0}, {"i": 1697, "x": 21068.0, "y": 4492.0}, {"i": 1698, "x": 21070.0, "y": 4424.0}, {"i": 1699, "x": 21086.0, "y": 2312.0}, {"i": 1700, "x": 21100.0, "y": 1680.0}, {"i": 1701, "x": 21136.0, "y": 7894.0}, {"i": 1702, "x": 21150.0, "y": 10006.0}, {"i": 1703, "x": 21158.0, "y": 5794.0}, {"i": 1704, "x": 21168.0, "y": 10010.0}, {"i": 1705, "x": 21190.0, "y": 3574.0}, {"i": 1706, "x": 21194.0, "y": 4816.0}, {"i": 1707, "x": 21198.0, "y": 6134.0}, {"i": 1708, "x": 21202.0, "y": 2586.0}, {"i": 1709, "x": 21210.0, "y": 2034.0}, {"i": 1710, "x": 21228.0, "y": 4958.0}, {"i": 1711, "x": 21236.0, "y": 3664.0}, {"i": 1712, "x": 21242.0, "y": 3282.0}, {"i": 1713, "x": 21260.0, "y": 10562.0}, {"i": 1714, "x": 21264.0, "y": 11038.0}, {"i": 1715, "x": 21266.0, "y": 10476.0}, {"i": 1716, "x": 21276.0, "y": 3014.0}, {"i": 1717, "x": 21318.0, "y": 3190.0}, {"i": 1718, "x": 21346.0, "y": 9570.0}, {"i": 1719, "x": 21348.0, "y": 9268.0}, {"i": 1720, "x": 21354.0, "y": 3282.0}, {"i": 1721, "x": 21358.0, "y": 9066.0}, {"i": 1722, "x": 21376.0, "y": 4044.0}, {"i": 1723, "x": 21386.0, "y": 9078.0}, {"i": 1724, "x": 21414.0, "y": 4166.0}, {"i": 1725, "x": 21422.0, "y": 4016.0}, {"i": 1726, "x": 21426.0, "y": 9072.0}, {"i": 1727, "x": 21432.0, "y": 3828.0}, {"i": 1728, "x": 21434.0, "y": 4138.0}, {"i": 1729, "x": 21462.0, "y": 8544.0}, {"i": 1730, "x": 21470.0, "y": 4290.0}, {"i": 1731, "x": 21474.0, "y": 1734.0}, {"i": 1732, "x": 21476.0, "y": 6210.0}, {"i": 1733, "x": 21500.0, "y": 4862.0}, {"i": 1734, "x": 21512.0, "y": 4860.0}, {"i": 1735, "x": 21516.0, "y": 2626.0}, {"i": 1736, "x": 21534.0, "y": 2628.0}, {"i": 1737, "x": 21538.0, "y": 6182.0}, {"i": 1738, "x": 21552.0, "y": 4936.0}, {"i": 1739, "x": 21584.0, "y": 1062.0}, {"i": 1740, "x": 21586.0, "y": 4204.0}, {"i": 1741, "x": 21588.0, "y": 5396.0}, {"i": 1742, "x": 21608.0, "y": 4878.0}, {"i": 1743, "x": 21618.0, "y": 4814.0}, {"i": 1744, "x": 21628.0, "y": 4406.0}, {"i": 1745, "x": 21676.0, "y": 6134.0}, {"i": 1746, "x": 21682.0, "y": 2596.0}, {"i": 1747, "x": 21752.0, "y": 9992.0}, {"i": 1748, "x": 21760.0, "y": 2428.0}, {"i": 1749, "x": 21816.0, "y": 10800.0}, {"i": 1750, "x": 21822.0, "y": 10576.0}, {"i": 1751, "x": 21846.0, "y": 4030.0}, {"i": 1752, "x": 21852.0, "y": 7576.0}, {"i": 1753, "x": 21874.0, "y": 914.0}, {"i": 1754, "x": 21876.0, "y": 12360.0}, {"i": 1755, "x": 21882.0, "y": 4268.0}, {"i": 1756, "x": 21908.0, "y": 11870.0}, {"i": 1757, "x": 21914.0, "y": 7958.0}, {"i": 1758, "x": 21934.0, "y": 246.0}, {"i": 1759, "x": 21950.0, "y": 11840.0}, {"i": 1760, "x": 21956.0, "y": 5862.0}, {"i": 1761, "x": 21962.0, "y": 1934.0}, {"i": 1762, "x": 22008.0, "y": 11850.0}, {"i": 1763, "x": 22018.0, "y": 2600.0}, {"i": 1764, "x": 22044.0, "y": 11852.0}, {"i": 1765, "x": 22082.0, "y": 3960.0}, {"i": 1766, "x": 22084.0, "y": 6718.0}, {"i": 1767, "x": 22098.0, "y": 7652.0}, {"i": 1768, "x": 22114.0, "y": 1794.0}, {"i": 1769, "x": 22116.0, "y": 3856.0}, {"i": 1770, "x": 22120.0, "y": 38.0}, {"i": 1771, "x": 22126.0, "y": 7506.0}, {"i": 1772, "x": 22140.0, "y": 1384.0}, {"i": 1773, "x": 22146.0, "y": 3690.0}, {"i": 1774, "x": 22170.0, "y": 5826.0}, {"i": 1775, "x": 22222.0, "y": 6104.0}, {"i": 1776, "x": 22264.0, "y": 2592.0}, {"i": 1777, "x": 22292.0, "y": 1298.0}, {"i": 1778, "x": 22324.0, "y": 1482.0}, {"i": 1779, "x": 22334.0, "y": 5534.0}, {"i": 1780, "x": 22340.0, "y": 2046.0}, {"i": 1781, "x": 22368.0, "y": 5386.0}, {"i": 1782, "x": 22372.0, "y": 732.0}, {"i": 1783, "x": 22380.0, "y": 5860.0}, {"i": 1784, "x": 22382.0, "y": 2602.0}, {"i": 1785, "x": 22398.0, "y": 9834.0}, {"i": 1786, "x": 22404.0, "y": 7544.0}, {"i": 1787, "x": 22486.0, "y": 9774.0}, {"i": 1788, "x": 22496.0, "y": 11856.0}, {"i": 1789, "x": 22510.0, "y": 5914.0}, {"i": 1790, "x": 22524.0, "y": 880.0}, {"i": 1791, "x": 22524.0, "y": 3690.0}, {"i": 1792, "x": 22526.0, "y": 7124.0}, {"i": 1793, "x": 22536.0, "y": 6152.0}, {"i": 1794, "x": 22536.0, "y": 6858.0}, {"i": 1795, "x": 22544.0, "y": 5056.0}, {"i": 1796, "x": 22552.0, "y": 804.0}, {"i": 1797, "x": 22580.0, "y": 3070.0}, {"i": 1798, "x": 22602.0, "y": 5542.0}, {"i": 1799, "x": 22630.0, "y": 2026.0}, {"i": 1800, "x": 22676.0, "y": 6704.0}, {"i": 1801, "x": 22726.0, "y": 744.0}, {"i": 1802, "x": 22734.0, "y": 5744.0}, {"i": 1803, "x": 22752.0, "y": 6208.0}, {"i": 1804, "x": 22780.0, "y": 5128.0}, {"i": 1805, "x": 22782.0, "y": 510.0}, {"i": 1806, "x": 22806.0, "y": 11962.0}, {"i": 1807, "x": 22818.0, "y": 2696.0}, {"i": 1808, "x": 22822.0, "y": 556.0}, {"i": 1809, "x": 22830.0, "y": 120.0}, {"i": 1810, "x": 22832.0, "y": 11928.0}, {"i": 1811, "x": 22854.0, "y": 3660.0}, {"i": 1812, "x": 22860.0, "y": 2770.0}, {"i": 1813, "x": 22868.0, "y": 5234.0}, {"i": 1814, "x": 22868.0, "y": 8198.0}, {"i": 1815, "x": 22894.0, "y": 3938.0}, {"i": 1816, "x": 22896.0, "y": 1388.0}, {"i": 1817, "x": 22920.0, "y": 828.0}, {"i": 1818, "x": 22922.0, "y": 1280.0}, {"i": 1819, "x": 22932.0, "y": 2610.0}, {"i": 1820, "x": 22974.0, "y": 5742.0}, {"i": 1821, "x": 23028.0, "y": 5990.0}, {"i": 1822, "x": 23046.0, "y": 2734.0}, {"i": 1823, "x": 23086.0, "y": 5326.0}, {"i": 1824, "x": 23118.0, "y": 2798.0}, {"i": 1825, "x": 23138.0, "y": 2454.0}, {"i": 1826, "x": 23152.0, "y": 3748.0}, {"i": 1827, "x": 23152.0, "y": 3754.0}, {"i": 1828, "x": 23154.0, "y": 6710.0}, {"i": 1829, "x": 23158.0, "y": 818.0}, {"i": 1830, "x": 23166.0, "y": 5618.0}, {"i": 1831, "x": 23192.0, "y": 2736.0}, {"i": 1832, "x": 23200.0, "y": 5602.0}, {"i": 1833, "x": 23204.0, "y": 5158.0}, {"i": 1834, "x": 23212.0, "y": 2076.0}, {"i": 1835, "x": 23218.0, "y": 804.0}, {"i": 1836, "x": 23258.0, "y": 3398.0}, {"i": 1837, "x": 23270.0, "y": 2402.0}, {"i": 1838, "x": 23284.0, "y": 7728.0}, {"i": 1839, "x": 23314.0, "y": 2142.0}, {"i": 1840, "x": 23318.0, "y": 5320.0}, {"i": 1841, "x": 23334.0, "y": 6750.0}, {"i": 1842, "x": 23342.0, "y": 8208.0}, {"i": 1843, "x": 23350.0, "y": 6142.0}, {"i": 1844, "x": 23412.0, "y": 8966.0}, {"i": 1845, "x": 23442.0, "y": 5142.0}, {"i": 1846, "x": 23444.0, "y": 1216.0}, {"i": 1847, "x": 23454.0, "y": 7464.0}, {"i": 1848, "x": 23458.0, "y": 2880.0}, {"i": 1849, "x": 23460.0, "y": 768.0}, {"i": 1850, "x": 23462.0, "y": 8360.0}, {"i": 1851, "x": 23482.0, "y": 7762.0}, {"i": 1852, "x": 23494.0, "y": 1760.0}, {"i": 1853, "x": 23506.0, "y": 7186.0}, {"i": 1854, "x": 23514.0, "y": 3656.0}, {"i": 1855, "x": 23558.0, "y": 1314.0}, {"i": 1856, "x": 23558.0, "y": 5212.0}, {"i": 1857, "x": 23570.0, "y": 6184.0}, {"i": 1858, "x": 23574.0, "y": 3928.0}, {"i": 1859, "x": 23622.0, "y": 5392.0}, {"i": 1860, "x": 23628.0, "y": 7314.0}, {"i": 1861, "x": 23630.0, "y": 6218.0}, {"i": 1862, "x": 23638.0, "y": 7810.0}, {"i": 1863, "x": 23660.0, "y": 2280.0}, {"i": 1864, "x": 23664.0, "y": 2422.0}, {"i": 1865, "x": 23674.0, "y": 2240.0}, {"i": 1866, "x": 23680.0, "y": 8334.0}, {"i": 1867, "x": 23708.0, "y": 1956.0}, {"i": 1868, "x": 23736.0, "y": 234.0}, {"i": 1869, "x": 23762.0, "y": 5138.0}, {"i": 1870, "x": 23766.0, "y": 488.0}, {"i": 1871, "x": 23780.0, "y": 5604.0}, {"i": 1872, "x": 23794.0, "y": 6722.0}, {"i": 1873, "x": 23814.0, "y": 5854.0}, {"i": 1874, "x": 23818.0, "y": 588.0}, {"i": 1875, "x": 23830.0, "y": 8566.0}, {"i": 1876, "x": 23876.0, "y": 7876.0}, {"i": 1877, "x": 23884.0, "y": 2316.0}, {"i": 1878, "x": 23920.0, "y": 714.0}, {"i": 1879, "x": 23924.0, "y": 1116.0}, {"i": 1880, "x": 23924.0, "y": 5670.0}, {"i": 1881, "x": 23956.0, "y": 674.0}, {"i": 1882, "x": 23970.0, "y": 980.0}, {"i": 1883, "x": 24006.0, "y": 6700.0}, {"i": 1884, "x": 24048.0, "y": 1964.0}, {"i": 1885, "x": 24052.0, "y": 48.0}, {"i": 1886, "x": 24076.0, "y": 2028.0}, {"i": 1887, "x": 24076.0, "y": 5840.0}, {"i": 1888, "x": 24088.0, "y": 2028.0}, {"i": 1889, "x": 24090.0, "y": 6702.0}, {"i": 1890, "x": 24092.0, "y": 2134.0}, {"i": 1891, "x": 24114.0, "y": 6534.0}, {"i": 1892, "x": 24116.0, "y": 4112.0}, {"i": 1893, "x": 24136.0, "y": 5804.0}, {"i": 1894, "x": 24154.0, "y": 2136.0}, {"i": 1895, "x": 24158.0, "y": 6328.0}, {"i": 1896, "x": 24178.0, "y": 6888.0}, {"i": 1897, "x": 24202.0, "y": 1016.0}, {"i": 1898, "x": 24202.0, "y": 1282.0}, {"i": 1899, "x": 24206.0, "y": 2060.0}, {"i": 1900, "x": 24256.0, "y": 1070.0}, {"i": 1901, "x": 24260.0, "y": 4828.0}, {"i": 1902, "x": 24282.0, "y": 5754.0}, {"i": 1903, "x": 24348.0, "y": 2624.0}, {"i": 1904, "x": 24356.0, "y": 5500.0}, {"i": 1905, "x": 24372.0, "y": 5742.0}, {"i": 1906, "x": 24396.0, "y": 634.0}, {"i": 1907, "x": 24432.0, "y": 2590.0}, {"i": 1908, "x": 24434.0, "y": 1612.0}, {"i": 1909, "x": 24438.0, "y": 6170.0}, {"i": 1910, "x": 24474.0, "y": 6160.0}, {"i": 1911, "x": 24532.0, "y": 7194.0}, {"i": 1912, "x": 24536.0, "y": 340.0}, {"i": 1913, "x": 24550.0, "y": 1418.0}, {"i": 1914, "x": 24570.0, "y": 2614.0}, {"i": 1915, "x": 24576.0, "y": 82.0}, {"i": 1916, "x": 24594.0, "y": 5982.0}, {"i": 1917, "x": 24596.0, "y": 1024.0}, {"i": 1918, "x": 24634.0, "y": 1706.0}, {"i": 1919, "x": 24644.0, "y": 5588.0}, {"i": 1920, "x": 24646.0, "y": 6206.0}, {"i": 1921, "x": 24668.0, "y": 7852.0}, {"i": 1922, "x": 24670.0, "y": 4814.0}, {"i": 1923, "x": 24674.0, "y": 2380.0}, {"i": 1924, "x": 24702.0, "y": 8090.0}, {"i": 1925, "x": 24708.0, "y": 8096.0}, {"i": 1926, "x": 24724.0, "y": 5680.0}, {"i": 1927, "x": 24726.0, "y": 1240.0}, {"i": 1928, "x": 24732.0, "y": 1856.0}, {"i": 1929, "x": 24746.0, "y": 7542.0}, {"i": 1930, "x": 24760.0, "y": 4066.0}, {"i": 1931, "x": 24762.0, "y": 7556.0}, {"i": 1932, "x": 24768.0, "y": 5626.0}, {"i": 1933, "x": 24790.0, "y": 384.0}, {"i": 1934, "x": 24792.0, "y": 7464.0}, {"i": 1935, "x": 24812.0, "y": 7468.0}, {"i": 1936, "x": 24842.0, "y": 1370.0}, {"i": 1937, "x": 24844.0, "y": 3424.0}, {"i": 1938, "x": 24850.0, "y": 6146.0}, {"i": 1939, "x": 24856.0, "y": 7592.0}, {"i": 1940, "x": 24858.0, "y": 1402.0}, {"i": 1941, "x": 24870.0, "y": 4114.0}, {"i": 1942, "x": 24872.0, "y": 436.0}, {"i": 1943, "x": 24876.0, "y": 4074.0}, {"i": 1944, "x": 24882.0, "y": 1592.0}, {"i": 1945, "x": 24900.0, "y": 2006.0}, {"i": 1946, "x": 24928.0, "y": 5690.0}, {"i": 1947, "x": 24932.0, "y": 1974.0}, {"i": 1948, "x": 24938.0, "y": 2600.0}, {"i": 1949, "x": 24946.0, "y": 4400.0}, {"i": 1950, "x": 24954.0, "y": 2016.0}, {"i": 1951, "x": 25008.0, "y": 6972.0}, {"i": 1952, "x": 25026.0, "y": 6062.0}, {"i": 1953, "x": 25060.0, "y": 6312.0}, {"i": 1954, "x": 25104.0, "y": 7118.0}, {"i": 1955, "x": 25104.0, "y": 8586.0}, {"i": 1956, "x": 25114.0, "y": 1136.0}, {"i": 1957, "x": 25138.0, "y": 1134.0}, {"i": 1958, "x": 25140.0, "y": 3694.0}, {"i": 1959, "x": 25148.0, "y": 3918.0}, {"i": 1960, "x": 25154.0, "y": 7690.0}, {"i": 1961, "x": 25182.0, "y": 7586.0}, {"i": 1962, "x": 25206.0, "y": 3268.0}, {"i": 1963, "x": 25212.0, "y": 2660.0}, {"i": 1964, "x": 25214.0, "y": 3318.0}, {"i": 1965, "x": 25214.0, "y": 3784.0}, {"i": 1966, "x": 25238.0, "y": 2536.0}, {"i": 1967, "x": 25240.0, "y": 2998.0}, {"i": 1968, "x": 25266.0, "y": 4408.0}, {"i": 1969, "x": 25272.0, "y": 2530.0}, {"i": 1970, "x": 25296.0, "y": 3122.0}, {"i": 1971, "x": 25304.0, "y": 6436.0}, {"i": 1972, "x": 25316.0, "y": 4600.0}, {"i": 1973, "x": 25322.0, "y": 3618.0}, {"i": 1974, "x": 25328.0, "y": 2264.0}, {"i": 1975, "x": 25334.0, "y": 5642.0}, {"i": 1976, "x": 25344.0, "y": 10.0}, {"i": 1977, "x": 25358.0, "y": 5780.0}, {"i": 1978, "x": 25362.0, "y": 7750.0}, {"i": 1979, "x": 25374.0, "y": 6398.0}, {"i": 1980, "x": 25388.0, "y": 1960.0}, {"i": 1981, "x": 25400.0, "y": 3846.0}, {"i": 1982, "x": 25444.0, "y": 8112.0}, {"i": 1983, "x": 25448.0, "y": 2708.0}, {"i": 1984, "x": 25460.0, "y": 8414.0}, {"i": 1985, "x": 25464.0, "y": 7768.0}, {"i": 1986, "x": 25474.0, "y": 7422.0}, {"i": 1987, "x": 25476.0, "y": 5214.0}, {"i": 1988, "x": 25484.0, "y": 7786.0}, {"i": 1989, "x": 25486.0, "y": 3678.0}, {"i": 1990, "x": 25496.0, "y": 6182.0}, {"i": 1991, "x": 25500.0, "y": 7340.0}, {"i": 1992, "x": 25504.0, "y": 1152.0}, {"i": 1993, "x": 25516.0, "y": 6324.0}, {"i": 1994, "x": 25524.0, "y": 2428.0}, {"i": 1995, "x": 25528.0, "y": 2538.0}, {"i": 1996, "x": 25544.0, "y": 3884.0}, {"i": 1997, "x": 25546.0, "y": 7446.0}, {"i": 1998, "x": 25558.0, "y": 7806.0}, {"i": 1999, "x": 25560.0, "y": 8442.0}], "type": "Instance", "name": "paris-0002000", "meta": {"comment": "HIP even point set instance (2000 points) sampled from image ", "faces_in_delaunay": 3980}}