{"points": [{"i": 0, "x": 30.0, "y": 76.0}, {"i": 1, "x": 114.0, "y": 1636.0}, {"i": 2, "x": 124.0, "y": 8614.0}, {"i": 3, "x": 130.0, "y": 4828.0}, {"i": 4, "x": 156.0, "y": 1992.0}, {"i": 5, "x": 264.0, "y": 190.0}, {"i": 6, "x": 272.0, "y": 4556.0}, {"i": 7, "x": 386.0, "y": 6538.0}, {"i": 8, "x": 498.0, "y": 6300.0}, {"i": 9, "x": 716.0, "y": 8482.0}, {"i": 10, "x": 780.0, "y": 3448.0}, {"i": 11, "x": 830.0, "y": 214.0}, {"i": 12, "x": 964.0, "y": 1716.0}, {"i": 13, "x": 966.0, "y": 2076.0}, {"i": 14, "x": 1088.0, "y": 1684.0}, {"i": 15, "x": 1128.0, "y": 6958.0}, {"i": 16, "x": 1174.0, "y": 8900.0}, {"i": 17, "x": 1196.0, "y": 1958.0}, {"i": 18, "x": 1198.0, "y": 1762.0}, {"i": 19, "x": 1250.0, "y": 1794.0}, {"i": 20, "x": 1268.0, "y": 4712.0}, {"i": 21, "x": 1350.0, "y": 8938.0}, {"i": 22, "x": 1384.0, "y": 760.0}, {"i": 23, "x": 1618.0, "y": 7292.0}, {"i": 24, "x": 1656.0, "y": 1628.0}, {"i": 25, "x": 1738.0, "y": 5692.0}, {"i": 26, "x": 1810.0, "y": 7890.0}, {"i": 27, "x": 1858.0, "y": 362.0}, {"i": 28, "x": 1882.0, "y": 3138.0}, {"i": 29, "x": 1886.0, "y": 3188.0}, {"i": 30, "x": 1886.0, "y": 4436.0}, {"i": 31, "x": 1956.0, "y": 4368.0}, {"i": 32, "x": 1960.0, "y": 4916.0}, {"i": 33, "x": 2064.0, "y": 456.0}, {"i": 34, "x": 2074.0, "y": 1418.0}, {"i": 35, "x": 2114.0, "y": 2848.0}, {"i": 36, "x": 2130.0, "y": 4918.0}, {"i": 37, "x": 2160.0, "y": 4482.0}, {"i": 38, "x": 2226.0, "y": 356.0}, {"i": 39, "x": 2322.0, "y": 5700.0}, {"i": 40, "x": 2336.0, "y": 2186.0}, {"i": 41, "x": 2414.0, "y": 7968.0}, {"i": 42, "x": 2432.0, "y": 8010.0}, {"i": 43, "x": 2464.0, "y": 7076.0}, {"i": 44, "x": 2478.0, "y": 5022.0}, {"i": 45, "x": 2610.0, "y": 4928.0}, {"i": 46, "x": 2686.0, "y": 7946.0}, {"i": 47, "x": 2708.0, "y": 4872.0}, {"i": 48, "x": 2850.0, "y": 7186.0}, {"i": 49, "x": 2928.0, "y": 4744.0}, {"i": 50, "x": 2954.0, "y": 7104.0}, {"i": 51, "x": 3072.0, "y": 5072.0}, {"i": 52, "x": 3202.0, "y": 2396.0}, {"i": 53, "x": 3244.0, "y": 536.0}, {"i": 54, "x": 3262.0, "y": 5784.0}, {"i": 55, "x": 3284.0, "y": 6426.0}, {"i": 56, "x": 3406.0, "y": 5294.0}, {"i": 57, "x": 3422.0, "y": 4190.0}, {"i": 58, "x": 3494.0, "y": 9902.0}, {"i": 59, "x": 3602.0, "y": 2586.0}, {"i": 60, "x": 3608.0, "y": 7280.0}, {"i": 61, "x": 3632.0, "y": 10982.0}, {"i": 62, "x": 3636.0, "y": 11120.0}, {"i": 63, "x": 3674.0, "y": 5854.0}, {"i": 64, "x": 3732.0, "y": 5950.0}, {"i": 65, "x": 3862.0, "y": 6608.0}, {"i": 66, "x": 3880.0, "y": 9724.0}, {"i": 67, "x": 3932.0, "y": 7456.0}, {"i": 68, "x": 3944.0, "y": 7094.0}, {"i": 69, "x": 4030.0, "y": 6580.0}, {"i": 70, "x": 4046.0, "y": 110.0}, {"i": 71, "x": 4168.0, "y": 3014.0}, {"i": 72, "x": 4196.0, "y": 8716.0}, {"i": 73, "x": 4230.0, "y": 4972.0}, {"i": 74, "x": 4494.0, "y": 6736.0}, {"i": 75, "x": 4564.0, "y": 6158.0}, {"i": 76, "x": 4626.0, "y": 6358.0}, {"i": 77, "x": 4636.0, "y": 826.0}, {"i": 78, "x": 4664.0, "y": 1134.0}, {"i": 79, "x": 4694.0, "y": 7166.0}, {"i": 80, "x": 4774.0, "y": 6654.0}, {"i": 81, "x": 4834.0, "y": 7456.0}, {"i": 82, "x": 4908.0, "y": 1436.0}, {"i": 83, "x": 5018.0, "y": 10564.0}, {"i": 84, "x": 5152.0, "y": 6676.0}, {"i": 85, "x": 5156.0, "y": 7894.0}, {"i": 86, "x": 5298.0, "y": 5284.0}, {"i": 87, "x": 5432.0, "y": 4606.0}, {"i": 88, "x": 5506.0, "y": 698.0}, {"i": 89, "x": 5510.0, "y": 7252.0}, {"i": 90, "x": 5512.0, "y": 3982.0}, {"i": 91, "x": 5518.0, "y": 11594.0}, {"i": 92, "x": 5604.0, "y": 5810.0}, {"i": 93, "x": 5668.0, "y": 4678.0}, {"i": 94, "x": 5750.0, "y": 10786.0}, {"i": 95, "x": 5766.0, "y": 2676.0}, {"i": 96, "x": 5770.0, "y": 8242.0}, {"i": 97, "x": 5790.0, "y": 11226.0}, {"i": 98, "x": 5844.0, "y": 8342.0}, {"i": 99, "x": 5872.0, "y": 2654.0}, {"i": 100, "x": 5980.0, "y": 8148.0}, {"i": 101, "x": 6020.0, "y": 6166.0}, {"i": 102, "x": 6164.0, "y": 632.0}, {"i": 103, "x": 6244.0, "y": 9304.0}, {"i": 104, "x": 6300.0, "y": 3994.0}, {"i": 105, "x": 6382.0, "y": 770.0}, {"i": 106, "x": 6494.0, "y": 8508.0}, {"i": 107, "x": 6698.0, "y": 10928.0}, {"i": 108, "x": 6742.0, "y": 8880.0}, {"i": 109, "x": 6770.0, "y": 822.0}, {"i": 110, "x": 6796.0, "y": 6928.0}, {"i": 111, "x": 6810.0, "y": 176.0}, {"i": 112, "x": 6810.0, "y": 10356.0}, {"i": 113, "x": 6834.0, "y": 10136.0}, {"i": 114, "x": 6882.0, "y": 980.0}, {"i": 115, "x": 6894.0, "y": 1622.0}, {"i": 116, "x": 6938.0, "y": 9330.0}, {"i": 117, "x": 7074.0, "y": 1592.0}, {"i": 118, "x": 7084.0, "y": 744.0}, {"i": 119, "x": 7120.0, "y": 2694.0}, {"i": 120, "x": 7206.0, "y": 10984.0}, {"i": 121, "x": 7302.0, "y": 1996.0}, {"i": 122, "x": 7316.0, "y": 6626.0}, {"i": 123, "x": 7414.0, "y": 6474.0}, {"i": 124, "x": 7596.0, "y": 292.0}, {"i": 125, "x": 7660.0, "y": 7282.0}, {"i": 126, "x": 7770.0, "y": 9470.0}, {"i": 127, "x": 7838.0, "y": 4476.0}, {"i": 128, "x": 7840.0, "y": 3230.0}, {"i": 129, "x": 7842.0, "y": 846.0}, {"i": 130, "x": 7998.0, "y": 1012.0}, {"i": 131, "x": 8024.0, "y": 9340.0}, {"i": 132, "x": 8034.0, "y": 10134.0}, {"i": 133, "x": 8044.0, "y": 10904.0}, {"i": 134, "x": 8076.0, "y": 7594.0}, {"i": 135, "x": 8280.0, "y": 6632.0}, {"i": 136, "x": 8286.0, "y": 6260.0}, {"i": 137, "x": 8484.0, "y": 9380.0}, {"i": 138, "x": 8546.0, "y": 1880.0}, {"i": 139, "x": 8570.0, "y": 9676.0}, {"i": 140, "x": 8644.0, "y": 11822.0}, {"i": 141, "x": 8654.0, "y": 1194.0}, {"i": 142, "x": 8780.0, "y": 11726.0}, {"i": 143, "x": 8786.0, "y": 6672.0}, {"i": 144, "x": 8804.0, "y": 6802.0}, {"i": 145, "x": 8814.0, "y": 9654.0}, {"i": 146, "x": 8842.0, "y": 5668.0}, {"i": 147, "x": 8848.0, "y": 3042.0}, {"i": 148, "x": 8948.0, "y": 11724.0}, {"i": 149, "x": 8966.0, "y": 6402.0}, {"i": 150, "x": 8968.0, "y": 9622.0}, {"i": 151, "x": 9046.0, "y": 4490.0}, {"i": 152, "x": 9124.0, "y": 2906.0}, {"i": 153, "x": 9306.0, "y": 2170.0}, {"i": 154, "x": 9312.0, "y": 5542.0}, {"i": 155, "x": 9404.0, "y": 3542.0}, {"i": 156, "x": 9454.0, "y": 2910.0}, {"i": 157, "x": 9496.0, "y": 560.0}, {"i": 158, "x": 9532.0, "y": 4294.0}, {"i": 159, "x": 9566.0, "y": 11522.0}, {"i": 160, "x": 9576.0, "y": 1870.0}, {"i": 161, "x": 9616.0, "y": 1416.0}, {"i": 162, "x": 9622.0, "y": 9734.0}, {"i": 163, "x": 9634.0, "y": 3098.0}, {"i": 164, "x": 9686.0, "y": 146.0}, {"i": 165, "x": 9712.0, "y": 4086.0}, {"i": 166, "x": 9774.0, "y": 2262.0}, {"i": 167, "x": 9784.0, "y": 1490.0}, {"i": 168, "x": 9874.0, "y": 440.0}, {"i": 169, "x": 9874.0, "y": 3184.0}, {"i": 170, "x": 9932.0, "y": 5326.0}, {"i": 171, "x": 9964.0, "y": 7818.0}, {"i": 172, "x": 9970.0, "y": 3650.0}, {"i": 173, "x": 9982.0, "y": 2126.0}, {"i": 174, "x": 9988.0, "y": 2134.0}, {"i": 175, "x": 10002.0, "y": 578.0}, {"i": 176, "x": 10010.0, "y": 1336.0}, {"i": 177, "x": 10106.0, "y": 2692.0}, {"i": 178, "x": 10144.0, "y": 1814.0}, {"i": 179, "x": 10152.0, "y": 3238.0}, {"i": 180, "x": 10178.0, "y": 2126.0}, {"i": 181, "x": 10192.0, "y": 5184.0}, {"i": 182, "x": 10198.0, "y": 5792.0}, {"i": 183, "x": 10262.0, "y": 2128.0}, {"i": 184, "x": 10270.0, "y": 6756.0}, {"i": 185, "x": 10284.0, "y": 3722.0}, {"i": 186, "x": 10336.0, "y": 7718.0}, {"i": 187, "x": 10352.0, "y": 1040.0}, {"i": 188, "x": 10366.0, "y": 5596.0}, {"i": 189, "x": 10392.0, "y": 5460.0}, {"i": 190, "x": 10400.0, "y": 5802.0}, {"i": 191, "x": 10626.0, "y": 270.0}, {"i": 192, "x": 10676.0, "y": 1886.0}, {"i": 193, "x": 10694.0, "y": 4946.0}, {"i": 194, "x": 10746.0, "y": 5792.0}, {"i": 195, "x": 10778.0, "y": 2942.0}, {"i": 196, "x": 10806.0, "y": 8028.0}, {"i": 197, "x": 10874.0, "y": 3108.0}, {"i": 198, "x": 10918.0, "y": 9932.0}, {"i": 199, "x": 10926.0, "y": 9984.0}, {"i": 200, "x": 10948.0, "y": 1772.0}, {"i": 201, "x": 10960.0, "y": 5782.0}, {"i": 202, "x": 10976.0, "y": 3266.0}, {"i": 203, "x": 10980.0, "y": 5658.0}, {"i": 204, "x": 10982.0, "y": 6646.0}, {"i": 205, "x": 10998.0, "y": 1566.0}, {"i": 206, "x": 11056.0, "y": 3394.0}, {"i": 207, "x": 11058.0, "y": 6382.0}, {"i": 208, "x": 11188.0, "y": 5042.0}, {"i": 209, "x": 11248.0, "y": 5304.0}, {"i": 210, "x": 11288.0, "y": 3260.0}, {"i": 211, "x": 11336.0, "y": 8180.0}, {"i": 212, "x": 11346.0, "y": 3966.0}, {"i": 213, "x": 11370.0, "y": 650.0}, {"i": 214, "x": 11372.0, "y": 3512.0}, {"i": 215, "x": 11378.0, "y": 958.0}, {"i": 216, "x": 11392.0, "y": 1964.0}, {"i": 217, "x": 11476.0, "y": 3226.0}, {"i": 218, "x": 11484.0, "y": 2950.0}, {"i": 219, "x": 11542.0, "y": 2466.0}, {"i": 220, "x": 11570.0, "y": 5264.0}, {"i": 221, "x": 11596.0, "y": 2730.0}, {"i": 222, "x": 11606.0, "y": 4888.0}, {"i": 223, "x": 11614.0, "y": 644.0}, {"i": 224, "x": 11644.0, "y": 2308.0}, {"i": 225, "x": 11742.0, "y": 1882.0}, {"i": 226, "x": 11886.0, "y": 2720.0}, {"i": 227, "x": 11894.0, "y": 560.0}, {"i": 228, "x": 11898.0, "y": 6190.0}, {"i": 229, "x": 11990.0, "y": 6150.0}, {"i": 230, "x": 12008.0, "y": 1416.0}, {"i": 231, "x": 12060.0, "y": 860.0}, {"i": 232, "x": 12212.0, "y": 602.0}, {"i": 233, "x": 12244.0, "y": 7868.0}, {"i": 234, "x": 12260.0, "y": 2834.0}, {"i": 235, "x": 12400.0, "y": 1314.0}, {"i": 236, "x": 12424.0, "y": 150.0}, {"i": 237, "x": 12426.0, "y": 7988.0}, {"i": 238, "x": 12462.0, "y": 4674.0}, {"i": 239, "x": 12528.0, "y": 7554.0}, {"i": 240, "x": 12550.0, "y": 4342.0}, {"i": 241, "x": 12566.0, "y": 7528.0}, {"i": 242, "x": 12582.0, "y": 1866.0}, {"i": 243, "x": 12614.0, "y": 10566.0}, {"i": 244, "x": 12618.0, "y": 2726.0}, {"i": 245, "x": 12622.0, "y": 10074.0}, {"i": 246, "x": 12676.0, "y": 4734.0}, {"i": 247, "x": 12688.0, "y": 8972.0}, {"i": 248, "x": 12692.0, "y": 7570.0}, {"i": 249, "x": 12732.0, "y": 7802.0}, {"i": 250, "x": 12784.0, "y": 38.0}, {"i": 251, "x": 12792.0, "y": 4874.0}, {"i": 252, "x": 12866.0, "y": 3096.0}, {"i": 253, "x": 12870.0, "y": 3980.0}, {"i": 254, "x": 12888.0, "y": 1238.0}, {"i": 255, "x": 12908.0, "y": 4612.0}, {"i": 256, "x": 12916.0, "y": 5258.0}, {"i": 257, "x": 12938.0, "y": 1852.0}, {"i": 258, "x": 12980.0, "y": 4096.0}, {"i": 259, "x": 13044.0, "y": 11612.0}, {"i": 260, "x": 13062.0, "y": 3184.0}, {"i": 261, "x": 13078.0, "y": 458.0}, {"i": 262, "x": 13116.0, "y": 2932.0}, {"i": 263, "x": 13118.0, "y": 8832.0}, {"i": 264, "x": 13164.0, "y": 8282.0}, {"i": 265, "x": 13170.0, "y": 1408.0}, {"i": 266, "x": 13190.0, "y": 1246.0}, {"i": 267, "x": 13190.0, "y": 7704.0}, {"i": 268, "x": 13338.0, "y": 7700.0}, {"i": 269, "x": 13342.0, "y": 6602.0}, {"i": 270, "x": 13368.0, "y": 4298.0}, {"i": 271, "x": 13376.0, "y": 2742.0}, {"i": 272, "x": 13494.0, "y": 5252.0}, {"i": 273, "x": 13504.0, "y": 6114.0}, {"i": 274, "x": 13602.0, "y": 6602.0}, {"i": 275, "x": 13612.0, "y": 1956.0}, {"i": 276, "x": 13614.0, "y": 418.0}, {"i": 277, "x": 13634.0, "y": 200.0}, {"i": 278, "x": 13674.0, "y": 3782.0}, {"i": 279, "x": 13690.0, "y": 3422.0}, {"i": 280, "x": 13692.0, "y": 6586.0}, {"i": 281, "x": 13694.0, "y": 3268.0}, {"i": 282, "x": 13710.0, "y": 5442.0}, {"i": 283, "x": 13726.0, "y": 7536.0}, {"i": 284, "x": 13752.0, "y": 2276.0}, {"i": 285, "x": 13766.0, "y": 4338.0}, {"i": 286, "x": 13824.0, "y": 992.0}, {"i": 287, "x": 13860.0, "y": 6256.0}, {"i": 288, "x": 13876.0, "y": 7384.0}, {"i": 289, "x": 13980.0, "y": 5002.0}, {"i": 290, "x": 14030.0, "y": 3826.0}, {"i": 291, "x": 14074.0, "y": 3344.0}, {"i": 292, "x": 14076.0, "y": 5026.0}, {"i": 293, "x": 14214.0, "y": 228.0}, {"i": 294, "x": 14220.0, "y": 7980.0}, {"i": 295, "x": 14232.0, "y": 18.0}, {"i": 296, "x": 14232.0, "y": 3104.0}, {"i": 297, "x": 14248.0, "y": 1312.0}, {"i": 298, "x": 14346.0, "y": 6598.0}, {"i": 299, "x": 14422.0, "y": 4948.0}, {"i": 300, "x": 14424.0, "y": 2658.0}, {"i": 301, "x": 14516.0, "y": 11138.0}, {"i": 302, "x": 14532.0, "y": 6608.0}, {"i": 303, "x": 14542.0, "y": 5058.0}, {"i": 304, "x": 14548.0, "y": 11382.0}, {"i": 305, "x": 14588.0, "y": 2770.0}, {"i": 306, "x": 14688.0, "y": 5028.0}, {"i": 307, "x": 14698.0, "y": 13156.0}, {"i": 308, "x": 14772.0, "y": 1014.0}, {"i": 309, "x": 14796.0, "y": 1594.0}, {"i": 310, "x": 14938.0, "y": 4552.0}, {"i": 311, "x": 14962.0, "y": 11412.0}, {"i": 312, "x": 15008.0, "y": 4246.0}, {"i": 313, "x": 15032.0, "y": 13430.0}, {"i": 314, "x": 15084.0, "y": 4828.0}, {"i": 315, "x": 15140.0, "y": 5176.0}, {"i": 316, "x": 15168.0, "y": 7900.0}, {"i": 317, "x": 15172.0, "y": 13222.0}, {"i": 318, "x": 15176.0, "y": 3260.0}, {"i": 319, "x": 15188.0, "y": 1338.0}, {"i": 320, "x": 15274.0, "y": 6166.0}, {"i": 321, "x": 15304.0, "y": 1818.0}, {"i": 322, "x": 15378.0, "y": 3414.0}, {"i": 323, "x": 15404.0, "y": 3764.0}, {"i": 324, "x": 15408.0, "y": 894.0}, {"i": 325, "x": 15430.0, "y": 11714.0}, {"i": 326, "x": 15438.0, "y": 4064.0}, {"i": 327, "x": 15480.0, "y": 4874.0}, {"i": 328, "x": 15530.0, "y": 5912.0}, {"i": 329, "x": 15560.0, "y": 5050.0}, {"i": 330, "x": 15562.0, "y": 4772.0}, {"i": 331, "x": 15592.0, "y": 7484.0}, {"i": 332, "x": 15594.0, "y": 1030.0}, {"i": 333, "x": 15618.0, "y": 7694.0}, {"i": 334, "x": 15660.0, "y": 7886.0}, {"i": 335, "x": 15674.0, "y": 5210.0}, {"i": 336, "x": 15730.0, "y": 11672.0}, {"i": 337, "x": 15744.0, "y": 11548.0}, {"i": 338, "x": 15750.0, "y": 2360.0}, {"i": 339, "x": 15784.0, "y": 3750.0}, {"i": 340, "x": 15824.0, "y": 11702.0}, {"i": 341, "x": 15874.0, "y": 5688.0}, {"i": 342, "x": 15936.0, "y": 8364.0}, {"i": 343, "x": 15966.0, "y": 508.0}, {"i": 344, "x": 16010.0, "y": 1662.0}, {"i": 345, "x": 16056.0, "y": 6200.0}, {"i": 346, "x": 16070.0, "y": 2276.0}, {"i": 347, "x": 16084.0, "y": 9356.0}, {"i": 348, "x": 16154.0, "y": 7336.0}, {"i": 349, "x": 16158.0, "y": 3496.0}, {"i": 350, "x": 16158.0, "y": 7310.0}, {"i": 351, "x": 16186.0, "y": 6300.0}, {"i": 352, "x": 16204.0, "y": 4358.0}, {"i": 353, "x": 16618.0, "y": 3844.0}, {"i": 354, "x": 16628.0, "y": 11564.0}, {"i": 355, "x": 16722.0, "y": 4176.0}, {"i": 356, "x": 16852.0, "y": 4444.0}, {"i": 357, "x": 16864.0, "y": 11146.0}, {"i": 358, "x": 16882.0, "y": 2854.0}, {"i": 359, "x": 16924.0, "y": 4040.0}, {"i": 360, "x": 17028.0, "y": 9380.0}, {"i": 361, "x": 17132.0, "y": 10068.0}, {"i": 362, "x": 17138.0, "y": 10814.0}, {"i": 363, "x": 17166.0, "y": 9624.0}, {"i": 364, "x": 17184.0, "y": 10764.0}, {"i": 365, "x": 17192.0, "y": 10760.0}, {"i": 366, "x": 17228.0, "y": 9322.0}, {"i": 367, "x": 17264.0, "y": 4970.0}, {"i": 368, "x": 17302.0, "y": 8020.0}, {"i": 369, "x": 17342.0, "y": 762.0}, {"i": 370, "x": 17380.0, "y": 3398.0}, {"i": 371, "x": 17382.0, "y": 8424.0}, {"i": 372, "x": 17438.0, "y": 562.0}, {"i": 373, "x": 17612.0, "y": 5798.0}, {"i": 374, "x": 17614.0, "y": 6036.0}, {"i": 375, "x": 17622.0, "y": 3724.0}, {"i": 376, "x": 17666.0, "y": 3578.0}, {"i": 377, "x": 17668.0, "y": 4096.0}, {"i": 378, "x": 17798.0, "y": 9650.0}, {"i": 379, "x": 17874.0, "y": 3764.0}, {"i": 380, "x": 17878.0, "y": 3606.0}, {"i": 381, "x": 17956.0, "y": 2752.0}, {"i": 382, "x": 17984.0, "y": 10156.0}, {"i": 383, "x": 18026.0, "y": 6580.0}, {"i": 384, "x": 18044.0, "y": 5474.0}, {"i": 385, "x": 18262.0, "y": 1592.0}, {"i": 386, "x": 18276.0, "y": 6866.0}, {"i": 387, "x": 18296.0, "y": 1944.0}, {"i": 388, "x": 18430.0, "y": 12082.0}, {"i": 389, "x": 18446.0, "y": 10160.0}, {"i": 390, "x": 18460.0, "y": 3112.0}, {"i": 391, "x": 18462.0, "y": 7540.0}, {"i": 392, "x": 18474.0, "y": 5624.0}, {"i": 393, "x": 18494.0, "y": 11496.0}, {"i": 394, "x": 18526.0, "y": 2398.0}, {"i": 395, "x": 18624.0, "y": 4926.0}, {"i": 396, "x": 18642.0, "y": 5552.0}, {"i": 397, "x": 18684.0, "y": 5422.0}, {"i": 398, "x": 18724.0, "y": 774.0}, {"i": 399, "x": 18786.0, "y": 5434.0}, {"i": 400, "x": 18824.0, "y": 6872.0}, {"i": 401, "x": 18938.0, "y": 6544.0}, {"i": 402, "x": 18996.0, "y": 12652.0}, {"i": 403, "x": 19068.0, "y": 5176.0}, {"i": 404, "x": 19124.0, "y": 5850.0}, {"i": 405, "x": 19188.0, "y": 2906.0}, {"i": 406, "x": 19212.0, "y": 3972.0}, {"i": 407, "x": 19236.0, "y": 3776.0}, {"i": 408, "x": 19270.0, "y": 3568.0}, {"i": 409, "x": 19272.0, "y": 5736.0}, {"i": 410, "x": 19282.0, "y": 1806.0}, {"i": 411, "x": 19322.0, "y": 5708.0}, {"i": 412, "x": 19352.0, "y": 3134.0}, {"i": 413, "x": 19532.0, "y": 6764.0}, {"i": 414, "x": 19656.0, "y": 546.0}, {"i": 415, "x": 19750.0, "y": 2232.0}, {"i": 416, "x": 19938.0, "y": 6212.0}, {"i": 417, "x": 19994.0, "y": 9688.0}, {"i": 418, "x": 20004.0, "y": 5786.0}, {"i": 419, "x": 20104.0, "y": 11406.0}, {"i": 420, "x": 20144.0, "y": 5898.0}, {"i": 421, "x": 20220.0, "y": 3492.0}, {"i": 422, "x": 20466.0, "y": 4870.0}, {"i": 423, "x": 20522.0, "y": 5768.0}, {"i": 424, "x": 20570.0, "y": 5504.0}, {"i": 425, "x": 20638.0, "y": 5054.0}, {"i": 426, "x": 20708.0, "y": 9182.0}, {"i": 427, "x": 20714.0, "y": 9302.0}, {"i": 428, "x": 20862.0, "y": 4076.0}, {"i": 429, "x": 20882.0, "y": 3928.0}, {"i": 430, "x": 20888.0, "y": 4024.0}, {"i": 431, "x": 21096.0, "y": 6330.0}, {"i": 432, "x": 21108.0, "y": 2208.0}, {"i": 433, "x": 21264.0, "y": 1998.0}, {"i": 434, "x": 21298.0, "y": 9704.0}, {"i": 435, "x": 21436.0, "y": 7576.0}, {"i": 436, "x": 21708.0, "y": 2644.0}, {"i": 437, "x": 21896.0, "y": 820.0}, {"i": 438, "x": 21942.0, "y": 1994.0}, {"i": 439, "x": 22012.0, "y": 5224.0}, {"i": 440, "x": 22078.0, "y": 2066.0}, {"i": 441, "x": 22178.0, "y": 7848.0}, {"i": 442, "x": 22238.0, "y": 7842.0}, {"i": 443, "x": 22306.0, "y": 2430.0}, {"i": 444, "x": 22392.0, "y": 8416.0}, {"i": 445, "x": 22496.0, "y": 5886.0}, {"i": 446, "x": 22572.0, "y": 7008.0}, {"i": 447, "x": 22616.0, "y": 11982.0}, {"i": 448, "x": 22682.0, "y": 632.0}, {"i": 449, "x": 22682.0, "y": 2114.0}, {"i": 450, "x": 22772.0, "y": 2764.0}, {"i": 451, "x": 22832.0, "y": 7692.0}, {"i": 452, "x": 22936.0, "y": 64.0}, {"i": 453, "x": 22958.0, "y": 5774.0}, {"i": 454, "x": 22970.0, "y": 7636.0}, {"i": 455, "x": 23320.0, "y": 6726.0}, {"i": 456, "x": 23336.0, "y": 1784.0}, {"i": 457, "x": 23378.0, "y": 2874.0}, {"i": 458, "x": 23530.0, "y": 2842.0}, {"i": 459, "x": 23558.0, "y": 610.0}, {"i": 460, "x": 23562.0, "y": 6052.0}, {"i": 461, "x": 23590.0, "y": 5380.0}, {"i": 462, "x": 23592.0, "y": 7738.0}, {"i": 463, "x": 23670.0, "y": 2718.0}, {"i": 464, "x": 23672.0, "y": 2678.0}, {"i": 465, "x": 23674.0, "y": 8280.0}, {"i": 466, "x": 23738.0, "y": 266.0}, {"i": 467, "x": 23740.0, "y": 3908.0}, {"i": 468, "x": 23756.0, "y": 8336.0}, {"i": 469, "x": 23760.0, "y": 2856.0}, {"i": 470, "x": 23768.0, "y": 5078.0}, {"i": 471, "x": 23794.0, "y": 1052.0}, {"i": 472, "x": 23796.0, "y": 2958.0}, {"i": 473, "x": 23812.0, "y": 552.0}, {"i": 474, "x": 23836.0, "y": 1280.0}, {"i": 475, "x": 23884.0, "y": 310.0}, {"i": 476, "x": 23940.0, "y": 5570.0}, {"i": 477, "x": 23952.0, "y": 300.0}, {"i": 478, "x": 24028.0, "y": 312.0}, {"i": 479, "x": 24064.0, "y": 6198.0}, {"i": 480, "x": 24166.0, "y": 5058.0}, {"i": 481, "x": 24184.0, "y": 2530.0}, {"i": 482, "x": 24190.0, "y": 2790.0}, {"i": 483, "x": 24194.0, "y": 4758.0}, {"i": 484, "x": 24244.0, "y": 2360.0}, {"i": 485, "x": 24430.0, "y": 4650.0}, {"i": 486, "x": 24458.0, "y": 192.0}, {"i": 487, "x": 24566.0, "y": 8684.0}, {"i": 488, "x": 24636.0, "y": 7626.0}, {"i": 489, "x": 24642.0, "y": 5208.0}, {"i": 490, "x": 24840.0, "y": 1460.0}, {"i": 491, "x": 24880.0, "y": 1620.0}, {"i": 492, "x": 24900.0, "y": 6212.0}, {"i": 493, "x": 24902.0, "y": 2068.0}, {"i": 494, "x": 24998.0, "y": 7740.0}, {"i": 495, "x": 25174.0, "y": 7644.0}, {"i": 496, "x": 25212.0, "y": 2686.0}, {"i": 497, "x": 25310.0, "y": 3940.0}, {"i": 498, "x": 25546.0, "y": 7772.0}, {"i": 499, "x": 25564.0, "y": 3542.0}], "type": "Instance", "name": "paris-0000500", "meta": {"comment": "HIP even point set instance (500 points) sampled from image ", "faces_in_delaunay": 987}}