{"points": [{"i": 0, "x": 38.0, "y": 1858.0}, {"i": 1, "x": 38.0, "y": 6600.0}, {"i": 2, "x": 86.0, "y": 6918.0}, {"i": 3, "x": 128.0, "y": 1754.0}, {"i": 4, "x": 166.0, "y": 1650.0}, {"i": 5, "x": 170.0, "y": 178.0}, {"i": 6, "x": 210.0, "y": 6620.0}, {"i": 7, "x": 384.0, "y": 6318.0}, {"i": 8, "x": 468.0, "y": 5638.0}, {"i": 9, "x": 478.0, "y": 6928.0}, {"i": 10, "x": 520.0, "y": 3370.0}, {"i": 11, "x": 530.0, "y": 6356.0}, {"i": 12, "x": 546.0, "y": 2654.0}, {"i": 13, "x": 606.0, "y": 4758.0}, {"i": 14, "x": 626.0, "y": 2292.0}, {"i": 15, "x": 640.0, "y": 6890.0}, {"i": 16, "x": 726.0, "y": 4324.0}, {"i": 17, "x": 742.0, "y": 4592.0}, {"i": 18, "x": 744.0, "y": 6388.0}, {"i": 19, "x": 756.0, "y": 7006.0}, {"i": 20, "x": 790.0, "y": 4650.0}, {"i": 21, "x": 828.0, "y": 5616.0}, {"i": 22, "x": 860.0, "y": 1594.0}, {"i": 23, "x": 940.0, "y": 1770.0}, {"i": 24, "x": 950.0, "y": 2020.0}, {"i": 25, "x": 962.0, "y": 2070.0}, {"i": 26, "x": 972.0, "y": 5714.0}, {"i": 27, "x": 988.0, "y": 2684.0}, {"i": 28, "x": 1142.0, "y": 3314.0}, {"i": 29, "x": 1144.0, "y": 726.0}, {"i": 30, "x": 1200.0, "y": 4706.0}, {"i": 31, "x": 1326.0, "y": 1890.0}, {"i": 32, "x": 1388.0, "y": 702.0}, {"i": 33, "x": 1398.0, "y": 2460.0}, {"i": 34, "x": 1420.0, "y": 2042.0}, {"i": 35, "x": 1474.0, "y": 4376.0}, {"i": 36, "x": 1482.0, "y": 7868.0}, {"i": 37, "x": 1536.0, "y": 4330.0}, {"i": 38, "x": 1536.0, "y": 6408.0}, {"i": 39, "x": 1570.0, "y": 7366.0}, {"i": 40, "x": 1574.0, "y": 5248.0}, {"i": 41, "x": 1592.0, "y": 2214.0}, {"i": 42, "x": 1612.0, "y": 412.0}, {"i": 43, "x": 1654.0, "y": 5138.0}, {"i": 44, "x": 1658.0, "y": 5104.0}, {"i": 45, "x": 1696.0, "y": 522.0}, {"i": 46, "x": 1704.0, "y": 6540.0}, {"i": 47, "x": 1732.0, "y": 5398.0}, {"i": 48, "x": 1816.0, "y": 5496.0}, {"i": 49, "x": 1824.0, "y": 2956.0}, {"i": 50, "x": 1880.0, "y": 3500.0}, {"i": 51, "x": 1894.0, "y": 6042.0}, {"i": 52, "x": 1898.0, "y": 8016.0}, {"i": 53, "x": 1916.0, "y": 4800.0}, {"i": 54, "x": 1928.0, "y": 3180.0}, {"i": 55, "x": 1930.0, "y": 6320.0}, {"i": 56, "x": 1942.0, "y": 6328.0}, {"i": 57, "x": 2022.0, "y": 3518.0}, {"i": 58, "x": 2036.0, "y": 2388.0}, {"i": 59, "x": 2050.0, "y": 136.0}, {"i": 60, "x": 2074.0, "y": 5648.0}, {"i": 61, "x": 2098.0, "y": 3354.0}, {"i": 62, "x": 2098.0, "y": 4688.0}, {"i": 63, "x": 2108.0, "y": 38.0}, {"i": 64, "x": 2108.0, "y": 3544.0}, {"i": 65, "x": 2150.0, "y": 7842.0}, {"i": 66, "x": 2160.0, "y": 7346.0}, {"i": 67, "x": 2172.0, "y": 4560.0}, {"i": 68, "x": 2176.0, "y": 452.0}, {"i": 69, "x": 2182.0, "y": 5012.0}, {"i": 70, "x": 2194.0, "y": 6728.0}, {"i": 71, "x": 2258.0, "y": 356.0}, {"i": 72, "x": 2300.0, "y": 548.0}, {"i": 73, "x": 2318.0, "y": 5800.0}, {"i": 74, "x": 2324.0, "y": 4860.0}, {"i": 75, "x": 2342.0, "y": 10028.0}, {"i": 76, "x": 2436.0, "y": 4750.0}, {"i": 77, "x": 2604.0, "y": 5990.0}, {"i": 78, "x": 2618.0, "y": 5398.0}, {"i": 79, "x": 2668.0, "y": 5714.0}, {"i": 80, "x": 2758.0, "y": 4700.0}, {"i": 81, "x": 2778.0, "y": 1764.0}, {"i": 82, "x": 2800.0, "y": 7194.0}, {"i": 83, "x": 2828.0, "y": 4490.0}, {"i": 84, "x": 2832.0, "y": 1108.0}, {"i": 85, "x": 2844.0, "y": 7782.0}, {"i": 86, "x": 2886.0, "y": 924.0}, {"i": 87, "x": 2952.0, "y": 6434.0}, {"i": 88, "x": 3040.0, "y": 1546.0}, {"i": 89, "x": 3042.0, "y": 6730.0}, {"i": 90, "x": 3118.0, "y": 544.0}, {"i": 91, "x": 3140.0, "y": 2780.0}, {"i": 92, "x": 3238.0, "y": 4932.0}, {"i": 93, "x": 3366.0, "y": 6270.0}, {"i": 94, "x": 3392.0, "y": 1418.0}, {"i": 95, "x": 3412.0, "y": 8340.0}, {"i": 96, "x": 3448.0, "y": 6514.0}, {"i": 97, "x": 3610.0, "y": 8420.0}, {"i": 98, "x": 3616.0, "y": 8440.0}, {"i": 99, "x": 3636.0, "y": 10960.0}, {"i": 100, "x": 3670.0, "y": 5838.0}, {"i": 101, "x": 3672.0, "y": 6130.0}, {"i": 102, "x": 3696.0, "y": 3544.0}, {"i": 103, "x": 3766.0, "y": 3016.0}, {"i": 104, "x": 3772.0, "y": 2988.0}, {"i": 105, "x": 3800.0, "y": 7996.0}, {"i": 106, "x": 3880.0, "y": 7008.0}, {"i": 107, "x": 3882.0, "y": 7826.0}, {"i": 108, "x": 4048.0, "y": 11984.0}, {"i": 109, "x": 4092.0, "y": 2294.0}, {"i": 110, "x": 4098.0, "y": 4514.0}, {"i": 111, "x": 4132.0, "y": 5682.0}, {"i": 112, "x": 4144.0, "y": 3446.0}, {"i": 113, "x": 4156.0, "y": 5778.0}, {"i": 114, "x": 4204.0, "y": 3574.0}, {"i": 115, "x": 4232.0, "y": 5446.0}, {"i": 116, "x": 4258.0, "y": 5260.0}, {"i": 117, "x": 4312.0, "y": 3636.0}, {"i": 118, "x": 4316.0, "y": 828.0}, {"i": 119, "x": 4424.0, "y": 6318.0}, {"i": 120, "x": 4474.0, "y": 5262.0}, {"i": 121, "x": 4556.0, "y": 4652.0}, {"i": 122, "x": 4558.0, "y": 11112.0}, {"i": 123, "x": 4560.0, "y": 3702.0}, {"i": 124, "x": 4616.0, "y": 856.0}, {"i": 125, "x": 4642.0, "y": 11072.0}, {"i": 126, "x": 4662.0, "y": 10984.0}, {"i": 127, "x": 4686.0, "y": 5326.0}, {"i": 128, "x": 4702.0, "y": 4628.0}, {"i": 129, "x": 4776.0, "y": 11246.0}, {"i": 130, "x": 4814.0, "y": 6746.0}, {"i": 131, "x": 4832.0, "y": 578.0}, {"i": 132, "x": 4838.0, "y": 6148.0}, {"i": 133, "x": 4838.0, "y": 7642.0}, {"i": 134, "x": 4888.0, "y": 4492.0}, {"i": 135, "x": 4896.0, "y": 4774.0}, {"i": 136, "x": 4900.0, "y": 11836.0}, {"i": 137, "x": 5004.0, "y": 6948.0}, {"i": 138, "x": 5044.0, "y": 716.0}, {"i": 139, "x": 5154.0, "y": 6210.0}, {"i": 140, "x": 5166.0, "y": 4810.0}, {"i": 141, "x": 5196.0, "y": 5054.0}, {"i": 142, "x": 5212.0, "y": 8258.0}, {"i": 143, "x": 5244.0, "y": 7898.0}, {"i": 144, "x": 5300.0, "y": 4870.0}, {"i": 145, "x": 5324.0, "y": 5148.0}, {"i": 146, "x": 5360.0, "y": 5008.0}, {"i": 147, "x": 5372.0, "y": 472.0}, {"i": 148, "x": 5384.0, "y": 7852.0}, {"i": 149, "x": 5396.0, "y": 5908.0}, {"i": 150, "x": 5436.0, "y": 878.0}, {"i": 151, "x": 5580.0, "y": 844.0}, {"i": 152, "x": 5598.0, "y": 2124.0}, {"i": 153, "x": 5616.0, "y": 6906.0}, {"i": 154, "x": 5626.0, "y": 8242.0}, {"i": 155, "x": 5628.0, "y": 572.0}, {"i": 156, "x": 5632.0, "y": 11526.0}, {"i": 157, "x": 5656.0, "y": 5272.0}, {"i": 158, "x": 5660.0, "y": 2846.0}, {"i": 159, "x": 5762.0, "y": 7872.0}, {"i": 160, "x": 5772.0, "y": 5820.0}, {"i": 161, "x": 5786.0, "y": 6116.0}, {"i": 162, "x": 5818.0, "y": 2808.0}, {"i": 163, "x": 5824.0, "y": 8200.0}, {"i": 164, "x": 5840.0, "y": 2824.0}, {"i": 165, "x": 5880.0, "y": 864.0}, {"i": 166, "x": 5892.0, "y": 6014.0}, {"i": 167, "x": 5960.0, "y": 6964.0}, {"i": 168, "x": 6132.0, "y": 6856.0}, {"i": 169, "x": 6164.0, "y": 460.0}, {"i": 170, "x": 6264.0, "y": 742.0}, {"i": 171, "x": 6358.0, "y": 6706.0}, {"i": 172, "x": 6380.0, "y": 1754.0}, {"i": 173, "x": 6404.0, "y": 1576.0}, {"i": 174, "x": 6442.0, "y": 6816.0}, {"i": 175, "x": 6448.0, "y": 8946.0}, {"i": 176, "x": 6462.0, "y": 2022.0}, {"i": 177, "x": 6474.0, "y": 8440.0}, {"i": 178, "x": 6488.0, "y": 8312.0}, {"i": 179, "x": 6526.0, "y": 8690.0}, {"i": 180, "x": 6538.0, "y": 1306.0}, {"i": 181, "x": 6548.0, "y": 7592.0}, {"i": 182, "x": 6596.0, "y": 3966.0}, {"i": 183, "x": 6618.0, "y": 9372.0}, {"i": 184, "x": 6628.0, "y": 8264.0}, {"i": 185, "x": 6668.0, "y": 9082.0}, {"i": 186, "x": 6680.0, "y": 440.0}, {"i": 187, "x": 6686.0, "y": 10728.0}, {"i": 188, "x": 6698.0, "y": 1132.0}, {"i": 189, "x": 6764.0, "y": 572.0}, {"i": 190, "x": 6776.0, "y": 4660.0}, {"i": 191, "x": 6784.0, "y": 8558.0}, {"i": 192, "x": 6836.0, "y": 9760.0}, {"i": 193, "x": 6848.0, "y": 1560.0}, {"i": 194, "x": 6878.0, "y": 6552.0}, {"i": 195, "x": 6882.0, "y": 6712.0}, {"i": 196, "x": 6886.0, "y": 7762.0}, {"i": 197, "x": 6898.0, "y": 9224.0}, {"i": 198, "x": 6924.0, "y": 6778.0}, {"i": 199, "x": 7010.0, "y": 11314.0}, {"i": 200, "x": 7014.0, "y": 7282.0}, {"i": 201, "x": 7018.0, "y": 9666.0}, {"i": 202, "x": 7054.0, "y": 7354.0}, {"i": 203, "x": 7080.0, "y": 4580.0}, {"i": 204, "x": 7086.0, "y": 2018.0}, {"i": 205, "x": 7104.0, "y": 7104.0}, {"i": 206, "x": 7118.0, "y": 5362.0}, {"i": 207, "x": 7146.0, "y": 6938.0}, {"i": 208, "x": 7250.0, "y": 10794.0}, {"i": 209, "x": 7258.0, "y": 7252.0}, {"i": 210, "x": 7264.0, "y": 2084.0}, {"i": 211, "x": 7304.0, "y": 6018.0}, {"i": 212, "x": 7306.0, "y": 6426.0}, {"i": 213, "x": 7336.0, "y": 2654.0}, {"i": 214, "x": 7386.0, "y": 3370.0}, {"i": 215, "x": 7406.0, "y": 5400.0}, {"i": 216, "x": 7430.0, "y": 5614.0}, {"i": 217, "x": 7448.0, "y": 2930.0}, {"i": 218, "x": 7478.0, "y": 2162.0}, {"i": 219, "x": 7478.0, "y": 3834.0}, {"i": 220, "x": 7492.0, "y": 8040.0}, {"i": 221, "x": 7502.0, "y": 7194.0}, {"i": 222, "x": 7546.0, "y": 4130.0}, {"i": 223, "x": 7598.0, "y": 7220.0}, {"i": 224, "x": 7612.0, "y": 7764.0}, {"i": 225, "x": 7616.0, "y": 3194.0}, {"i": 226, "x": 7636.0, "y": 9322.0}, {"i": 227, "x": 7724.0, "y": 8138.0}, {"i": 228, "x": 7768.0, "y": 3944.0}, {"i": 229, "x": 7778.0, "y": 4120.0}, {"i": 230, "x": 7812.0, "y": 3616.0}, {"i": 231, "x": 7872.0, "y": 9362.0}, {"i": 232, "x": 7884.0, "y": 918.0}, {"i": 233, "x": 7908.0, "y": 6396.0}, {"i": 234, "x": 7994.0, "y": 5278.0}, {"i": 235, "x": 8008.0, "y": 11838.0}, {"i": 236, "x": 8026.0, "y": 8792.0}, {"i": 237, "x": 8028.0, "y": 7464.0}, {"i": 238, "x": 8040.0, "y": 12118.0}, {"i": 239, "x": 8046.0, "y": 1512.0}, {"i": 240, "x": 8060.0, "y": 840.0}, {"i": 241, "x": 8110.0, "y": 6874.0}, {"i": 242, "x": 8124.0, "y": 1726.0}, {"i": 243, "x": 8170.0, "y": 9262.0}, {"i": 244, "x": 8192.0, "y": 4594.0}, {"i": 245, "x": 8224.0, "y": 7270.0}, {"i": 246, "x": 8252.0, "y": 9622.0}, {"i": 247, "x": 8318.0, "y": 11666.0}, {"i": 248, "x": 8324.0, "y": 820.0}, {"i": 249, "x": 8488.0, "y": 2614.0}, {"i": 250, "x": 8488.0, "y": 12042.0}, {"i": 251, "x": 8500.0, "y": 3690.0}, {"i": 252, "x": 8502.0, "y": 11074.0}, {"i": 253, "x": 8508.0, "y": 10532.0}, {"i": 254, "x": 8522.0, "y": 226.0}, {"i": 255, "x": 8528.0, "y": 5714.0}, {"i": 256, "x": 8536.0, "y": 5636.0}, {"i": 257, "x": 8616.0, "y": 5452.0}, {"i": 258, "x": 8660.0, "y": 1364.0}, {"i": 259, "x": 8672.0, "y": 5824.0}, {"i": 260, "x": 8716.0, "y": 8768.0}, {"i": 261, "x": 8794.0, "y": 5688.0}, {"i": 262, "x": 8806.0, "y": 2916.0}, {"i": 263, "x": 8806.0, "y": 11544.0}, {"i": 264, "x": 8806.0, "y": 11614.0}, {"i": 265, "x": 8842.0, "y": 7334.0}, {"i": 266, "x": 8910.0, "y": 1428.0}, {"i": 267, "x": 8924.0, "y": 11412.0}, {"i": 268, "x": 8928.0, "y": 6178.0}, {"i": 269, "x": 8946.0, "y": 3012.0}, {"i": 270, "x": 8968.0, "y": 7558.0}, {"i": 271, "x": 8992.0, "y": 628.0}, {"i": 272, "x": 9028.0, "y": 4300.0}, {"i": 273, "x": 9040.0, "y": 1144.0}, {"i": 274, "x": 9064.0, "y": 3228.0}, {"i": 275, "x": 9078.0, "y": 778.0}, {"i": 276, "x": 9152.0, "y": 5290.0}, {"i": 277, "x": 9162.0, "y": 6132.0}, {"i": 278, "x": 9200.0, "y": 9738.0}, {"i": 279, "x": 9218.0, "y": 11886.0}, {"i": 280, "x": 9230.0, "y": 5548.0}, {"i": 281, "x": 9232.0, "y": 1268.0}, {"i": 282, "x": 9296.0, "y": 2144.0}, {"i": 283, "x": 9322.0, "y": 2218.0}, {"i": 284, "x": 9326.0, "y": 622.0}, {"i": 285, "x": 9396.0, "y": 228.0}, {"i": 286, "x": 9402.0, "y": 11520.0}, {"i": 287, "x": 9426.0, "y": 598.0}, {"i": 288, "x": 9426.0, "y": 3044.0}, {"i": 289, "x": 9438.0, "y": 4984.0}, {"i": 290, "x": 9450.0, "y": 2906.0}, {"i": 291, "x": 9456.0, "y": 1384.0}, {"i": 292, "x": 9458.0, "y": 5526.0}, {"i": 293, "x": 9492.0, "y": 528.0}, {"i": 294, "x": 9494.0, "y": 144.0}, {"i": 295, "x": 9524.0, "y": 7732.0}, {"i": 296, "x": 9550.0, "y": 11316.0}, {"i": 297, "x": 9572.0, "y": 11338.0}, {"i": 298, "x": 9576.0, "y": 1364.0}, {"i": 299, "x": 9606.0, "y": 10032.0}, {"i": 300, "x": 9616.0, "y": 5602.0}, {"i": 301, "x": 9654.0, "y": 9844.0}, {"i": 302, "x": 9692.0, "y": 1200.0}, {"i": 303, "x": 9698.0, "y": 5254.0}, {"i": 304, "x": 9842.0, "y": 5240.0}, {"i": 305, "x": 9864.0, "y": 9844.0}, {"i": 306, "x": 9894.0, "y": 1080.0}, {"i": 307, "x": 9900.0, "y": 3540.0}, {"i": 308, "x": 9918.0, "y": 8776.0}, {"i": 309, "x": 9940.0, "y": 6496.0}, {"i": 310, "x": 9940.0, "y": 7186.0}, {"i": 311, "x": 9974.0, "y": 2398.0}, {"i": 312, "x": 9976.0, "y": 9784.0}, {"i": 313, "x": 9990.0, "y": 3616.0}, {"i": 314, "x": 10010.0, "y": 1120.0}, {"i": 315, "x": 10092.0, "y": 746.0}, {"i": 316, "x": 10108.0, "y": 5052.0}, {"i": 317, "x": 10148.0, "y": 590.0}, {"i": 318, "x": 10152.0, "y": 5470.0}, {"i": 319, "x": 10152.0, "y": 7328.0}, {"i": 320, "x": 10172.0, "y": 3480.0}, {"i": 321, "x": 10184.0, "y": 1222.0}, {"i": 322, "x": 10200.0, "y": 1754.0}, {"i": 323, "x": 10210.0, "y": 3050.0}, {"i": 324, "x": 10216.0, "y": 5310.0}, {"i": 325, "x": 10220.0, "y": 412.0}, {"i": 326, "x": 10230.0, "y": 3636.0}, {"i": 327, "x": 10250.0, "y": 4134.0}, {"i": 328, "x": 10262.0, "y": 2560.0}, {"i": 329, "x": 10276.0, "y": 5652.0}, {"i": 330, "x": 10278.0, "y": 3998.0}, {"i": 331, "x": 10312.0, "y": 10998.0}, {"i": 332, "x": 10348.0, "y": 10848.0}, {"i": 333, "x": 10364.0, "y": 5762.0}, {"i": 334, "x": 10388.0, "y": 1982.0}, {"i": 335, "x": 10388.0, "y": 3890.0}, {"i": 336, "x": 10398.0, "y": 6578.0}, {"i": 337, "x": 10404.0, "y": 5178.0}, {"i": 338, "x": 10430.0, "y": 2688.0}, {"i": 339, "x": 10436.0, "y": 1676.0}, {"i": 340, "x": 10450.0, "y": 2246.0}, {"i": 341, "x": 10456.0, "y": 7560.0}, {"i": 342, "x": 10510.0, "y": 4844.0}, {"i": 343, "x": 10528.0, "y": 10232.0}, {"i": 344, "x": 10584.0, "y": 5906.0}, {"i": 345, "x": 10596.0, "y": 4984.0}, {"i": 346, "x": 10602.0, "y": 5654.0}, {"i": 347, "x": 10610.0, "y": 124.0}, {"i": 348, "x": 10642.0, "y": 3336.0}, {"i": 349, "x": 10644.0, "y": 2724.0}, {"i": 350, "x": 10650.0, "y": 2032.0}, {"i": 351, "x": 10656.0, "y": 5370.0}, {"i": 352, "x": 10676.0, "y": 3088.0}, {"i": 353, "x": 10714.0, "y": 1396.0}, {"i": 354, "x": 10718.0, "y": 6472.0}, {"i": 355, "x": 10722.0, "y": 2596.0}, {"i": 356, "x": 10796.0, "y": 3388.0}, {"i": 357, "x": 10802.0, "y": 2556.0}, {"i": 358, "x": 10832.0, "y": 10188.0}, {"i": 359, "x": 10836.0, "y": 9860.0}, {"i": 360, "x": 10840.0, "y": 6396.0}, {"i": 361, "x": 10842.0, "y": 4058.0}, {"i": 362, "x": 10852.0, "y": 5046.0}, {"i": 363, "x": 10866.0, "y": 8090.0}, {"i": 364, "x": 10890.0, "y": 10740.0}, {"i": 365, "x": 10928.0, "y": 3330.0}, {"i": 366, "x": 10936.0, "y": 970.0}, {"i": 367, "x": 10942.0, "y": 908.0}, {"i": 368, "x": 10984.0, "y": 7960.0}, {"i": 369, "x": 10986.0, "y": 496.0}, {"i": 370, "x": 11126.0, "y": 5342.0}, {"i": 371, "x": 11170.0, "y": 3812.0}, {"i": 372, "x": 11178.0, "y": 1704.0}, {"i": 373, "x": 11190.0, "y": 8122.0}, {"i": 374, "x": 11286.0, "y": 4878.0}, {"i": 375, "x": 11382.0, "y": 992.0}, {"i": 376, "x": 11416.0, "y": 8762.0}, {"i": 377, "x": 11432.0, "y": 3898.0}, {"i": 378, "x": 11452.0, "y": 2384.0}, {"i": 379, "x": 11476.0, "y": 282.0}, {"i": 380, "x": 11490.0, "y": 3286.0}, {"i": 381, "x": 11494.0, "y": 1482.0}, {"i": 382, "x": 11530.0, "y": 5498.0}, {"i": 383, "x": 11570.0, "y": 8220.0}, {"i": 384, "x": 11610.0, "y": 1594.0}, {"i": 385, "x": 11614.0, "y": 378.0}, {"i": 386, "x": 11654.0, "y": 6120.0}, {"i": 387, "x": 11674.0, "y": 4374.0}, {"i": 388, "x": 11714.0, "y": 2998.0}, {"i": 389, "x": 11732.0, "y": 4478.0}, {"i": 390, "x": 11766.0, "y": 4130.0}, {"i": 391, "x": 11776.0, "y": 972.0}, {"i": 392, "x": 11804.0, "y": 1128.0}, {"i": 393, "x": 11810.0, "y": 1592.0}, {"i": 394, "x": 11810.0, "y": 4044.0}, {"i": 395, "x": 11840.0, "y": 1684.0}, {"i": 396, "x": 11896.0, "y": 276.0}, {"i": 397, "x": 11910.0, "y": 2210.0}, {"i": 398, "x": 11922.0, "y": 6160.0}, {"i": 399, "x": 11958.0, "y": 2156.0}, {"i": 400, "x": 11986.0, "y": 4436.0}, {"i": 401, "x": 11994.0, "y": 5040.0}, {"i": 402, "x": 12020.0, "y": 5506.0}, {"i": 403, "x": 12050.0, "y": 3582.0}, {"i": 404, "x": 12062.0, "y": 6084.0}, {"i": 405, "x": 12062.0, "y": 7574.0}, {"i": 406, "x": 12086.0, "y": 1306.0}, {"i": 407, "x": 12086.0, "y": 5746.0}, {"i": 408, "x": 12112.0, "y": 2262.0}, {"i": 409, "x": 12128.0, "y": 4044.0}, {"i": 410, "x": 12148.0, "y": 8232.0}, {"i": 411, "x": 12180.0, "y": 1472.0}, {"i": 412, "x": 12232.0, "y": 5136.0}, {"i": 413, "x": 12260.0, "y": 598.0}, {"i": 414, "x": 12268.0, "y": 3166.0}, {"i": 415, "x": 12312.0, "y": 4782.0}, {"i": 416, "x": 12334.0, "y": 3384.0}, {"i": 417, "x": 12356.0, "y": 1540.0}, {"i": 418, "x": 12360.0, "y": 7652.0}, {"i": 419, "x": 12382.0, "y": 7562.0}, {"i": 420, "x": 12398.0, "y": 8602.0}, {"i": 421, "x": 12422.0, "y": 1624.0}, {"i": 422, "x": 12428.0, "y": 940.0}, {"i": 423, "x": 12438.0, "y": 1934.0}, {"i": 424, "x": 12486.0, "y": 5302.0}, {"i": 425, "x": 12508.0, "y": 8952.0}, {"i": 426, "x": 12512.0, "y": 4972.0}, {"i": 427, "x": 12534.0, "y": 3720.0}, {"i": 428, "x": 12592.0, "y": 1126.0}, {"i": 429, "x": 12604.0, "y": 2068.0}, {"i": 430, "x": 12608.0, "y": 9320.0}, {"i": 431, "x": 12630.0, "y": 4244.0}, {"i": 432, "x": 12634.0, "y": 5516.0}, {"i": 433, "x": 12638.0, "y": 4848.0}, {"i": 434, "x": 12646.0, "y": 5128.0}, {"i": 435, "x": 12672.0, "y": 6970.0}, {"i": 436, "x": 12710.0, "y": 2700.0}, {"i": 437, "x": 12722.0, "y": 30.0}, {"i": 438, "x": 12734.0, "y": 2508.0}, {"i": 439, "x": 12738.0, "y": 8922.0}, {"i": 440, "x": 12750.0, "y": 8598.0}, {"i": 441, "x": 12778.0, "y": 542.0}, {"i": 442, "x": 12780.0, "y": 3354.0}, {"i": 443, "x": 12806.0, "y": 4860.0}, {"i": 444, "x": 12888.0, "y": 3898.0}, {"i": 445, "x": 12906.0, "y": 3576.0}, {"i": 446, "x": 12920.0, "y": 1080.0}, {"i": 447, "x": 12984.0, "y": 9350.0}, {"i": 448, "x": 13024.0, "y": 9192.0}, {"i": 449, "x": 13044.0, "y": 9378.0}, {"i": 450, "x": 13052.0, "y": 880.0}, {"i": 451, "x": 13054.0, "y": 9426.0}, {"i": 452, "x": 13066.0, "y": 12324.0}, {"i": 453, "x": 13122.0, "y": 746.0}, {"i": 454, "x": 13156.0, "y": 892.0}, {"i": 455, "x": 13176.0, "y": 4260.0}, {"i": 456, "x": 13180.0, "y": 1566.0}, {"i": 457, "x": 13210.0, "y": 5964.0}, {"i": 458, "x": 13234.0, "y": 1808.0}, {"i": 459, "x": 13234.0, "y": 4908.0}, {"i": 460, "x": 13246.0, "y": 5242.0}, {"i": 461, "x": 13260.0, "y": 398.0}, {"i": 462, "x": 13266.0, "y": 4742.0}, {"i": 463, "x": 13318.0, "y": 2876.0}, {"i": 464, "x": 13336.0, "y": 7246.0}, {"i": 465, "x": 13364.0, "y": 9082.0}, {"i": 466, "x": 13376.0, "y": 6406.0}, {"i": 467, "x": 13378.0, "y": 3734.0}, {"i": 468, "x": 13386.0, "y": 3580.0}, {"i": 469, "x": 13390.0, "y": 1186.0}, {"i": 470, "x": 13398.0, "y": 1928.0}, {"i": 471, "x": 13424.0, "y": 2010.0}, {"i": 472, "x": 13452.0, "y": 5986.0}, {"i": 473, "x": 13474.0, "y": 6400.0}, {"i": 474, "x": 13484.0, "y": 6056.0}, {"i": 475, "x": 13498.0, "y": 4474.0}, {"i": 476, "x": 13506.0, "y": 5536.0}, {"i": 477, "x": 13510.0, "y": 3262.0}, {"i": 478, "x": 13516.0, "y": 2268.0}, {"i": 479, "x": 13552.0, "y": 2168.0}, {"i": 480, "x": 13554.0, "y": 1304.0}, {"i": 481, "x": 13568.0, "y": 5426.0}, {"i": 482, "x": 13606.0, "y": 5416.0}, {"i": 483, "x": 13614.0, "y": 5512.0}, {"i": 484, "x": 13656.0, "y": 7792.0}, {"i": 485, "x": 13706.0, "y": 1606.0}, {"i": 486, "x": 13720.0, "y": 1694.0}, {"i": 487, "x": 13768.0, "y": 6364.0}, {"i": 488, "x": 13780.0, "y": 1698.0}, {"i": 489, "x": 13782.0, "y": 12372.0}, {"i": 490, "x": 13812.0, "y": 52.0}, {"i": 491, "x": 13818.0, "y": 6864.0}, {"i": 492, "x": 13824.0, "y": 4698.0}, {"i": 493, "x": 13832.0, "y": 4788.0}, {"i": 494, "x": 13836.0, "y": 1050.0}, {"i": 495, "x": 13850.0, "y": 3682.0}, {"i": 496, "x": 13862.0, "y": 7686.0}, {"i": 497, "x": 13880.0, "y": 850.0}, {"i": 498, "x": 13896.0, "y": 2406.0}, {"i": 499, "x": 13906.0, "y": 2122.0}, {"i": 500, "x": 13912.0, "y": 1824.0}, {"i": 501, "x": 13934.0, "y": 7458.0}, {"i": 502, "x": 13962.0, "y": 7078.0}, {"i": 503, "x": 13970.0, "y": 3940.0}, {"i": 504, "x": 13970.0, "y": 5938.0}, {"i": 505, "x": 14034.0, "y": 5398.0}, {"i": 506, "x": 14050.0, "y": 4592.0}, {"i": 507, "x": 14052.0, "y": 4936.0}, {"i": 508, "x": 14070.0, "y": 7196.0}, {"i": 509, "x": 14076.0, "y": 4402.0}, {"i": 510, "x": 14086.0, "y": 7750.0}, {"i": 511, "x": 14100.0, "y": 5216.0}, {"i": 512, "x": 14182.0, "y": 7140.0}, {"i": 513, "x": 14204.0, "y": 4106.0}, {"i": 514, "x": 14210.0, "y": 10278.0}, {"i": 515, "x": 14238.0, "y": 2210.0}, {"i": 516, "x": 14252.0, "y": 6444.0}, {"i": 517, "x": 14270.0, "y": 7452.0}, {"i": 518, "x": 14280.0, "y": 7976.0}, {"i": 519, "x": 14304.0, "y": 6588.0}, {"i": 520, "x": 14320.0, "y": 6194.0}, {"i": 521, "x": 14332.0, "y": 228.0}, {"i": 522, "x": 14376.0, "y": 5604.0}, {"i": 523, "x": 14384.0, "y": 1208.0}, {"i": 524, "x": 14400.0, "y": 5822.0}, {"i": 525, "x": 14416.0, "y": 7142.0}, {"i": 526, "x": 14424.0, "y": 10900.0}, {"i": 527, "x": 14444.0, "y": 7034.0}, {"i": 528, "x": 14458.0, "y": 2568.0}, {"i": 529, "x": 14496.0, "y": 4270.0}, {"i": 530, "x": 14506.0, "y": 5206.0}, {"i": 531, "x": 14614.0, "y": 840.0}, {"i": 532, "x": 14614.0, "y": 5724.0}, {"i": 533, "x": 14662.0, "y": 6064.0}, {"i": 534, "x": 14680.0, "y": 13060.0}, {"i": 535, "x": 14684.0, "y": 364.0}, {"i": 536, "x": 14692.0, "y": 3324.0}, {"i": 537, "x": 14692.0, "y": 7348.0}, {"i": 538, "x": 14748.0, "y": 880.0}, {"i": 539, "x": 14758.0, "y": 602.0}, {"i": 540, "x": 14764.0, "y": 2470.0}, {"i": 541, "x": 14782.0, "y": 2324.0}, {"i": 542, "x": 14784.0, "y": 82.0}, {"i": 543, "x": 14790.0, "y": 1366.0}, {"i": 544, "x": 14792.0, "y": 11258.0}, {"i": 545, "x": 14904.0, "y": 352.0}, {"i": 546, "x": 14924.0, "y": 6684.0}, {"i": 547, "x": 14934.0, "y": 832.0}, {"i": 548, "x": 14940.0, "y": 2484.0}, {"i": 549, "x": 14962.0, "y": 7662.0}, {"i": 550, "x": 14980.0, "y": 1842.0}, {"i": 551, "x": 14992.0, "y": 4320.0}, {"i": 552, "x": 15014.0, "y": 6038.0}, {"i": 553, "x": 15092.0, "y": 12092.0}, {"i": 554, "x": 15100.0, "y": 13226.0}, {"i": 555, "x": 15106.0, "y": 13178.0}, {"i": 556, "x": 15112.0, "y": 7870.0}, {"i": 557, "x": 15136.0, "y": 7488.0}, {"i": 558, "x": 15188.0, "y": 3724.0}, {"i": 559, "x": 15244.0, "y": 6254.0}, {"i": 560, "x": 15250.0, "y": 768.0}, {"i": 561, "x": 15340.0, "y": 5742.0}, {"i": 562, "x": 15344.0, "y": 4860.0}, {"i": 563, "x": 15344.0, "y": 5506.0}, {"i": 564, "x": 15352.0, "y": 11512.0}, {"i": 565, "x": 15424.0, "y": 11398.0}, {"i": 566, "x": 15448.0, "y": 12274.0}, {"i": 567, "x": 15480.0, "y": 6164.0}, {"i": 568, "x": 15494.0, "y": 1434.0}, {"i": 569, "x": 15500.0, "y": 7980.0}, {"i": 570, "x": 15506.0, "y": 3258.0}, {"i": 571, "x": 15524.0, "y": 7670.0}, {"i": 572, "x": 15562.0, "y": 6184.0}, {"i": 573, "x": 15616.0, "y": 6642.0}, {"i": 574, "x": 15626.0, "y": 3808.0}, {"i": 575, "x": 15634.0, "y": 6840.0}, {"i": 576, "x": 15670.0, "y": 1696.0}, {"i": 577, "x": 15678.0, "y": 5502.0}, {"i": 578, "x": 15682.0, "y": 4026.0}, {"i": 579, "x": 15690.0, "y": 12040.0}, {"i": 580, "x": 15712.0, "y": 12020.0}, {"i": 581, "x": 15726.0, "y": 7894.0}, {"i": 582, "x": 15776.0, "y": 6494.0}, {"i": 583, "x": 15812.0, "y": 10258.0}, {"i": 584, "x": 15832.0, "y": 2418.0}, {"i": 585, "x": 15836.0, "y": 7908.0}, {"i": 586, "x": 15862.0, "y": 9164.0}, {"i": 587, "x": 15864.0, "y": 6664.0}, {"i": 588, "x": 15912.0, "y": 5508.0}, {"i": 589, "x": 15916.0, "y": 2940.0}, {"i": 590, "x": 15918.0, "y": 12274.0}, {"i": 591, "x": 15958.0, "y": 2616.0}, {"i": 592, "x": 15960.0, "y": 678.0}, {"i": 593, "x": 15992.0, "y": 9108.0}, {"i": 594, "x": 16006.0, "y": 5118.0}, {"i": 595, "x": 16024.0, "y": 2878.0}, {"i": 596, "x": 16026.0, "y": 4964.0}, {"i": 597, "x": 16076.0, "y": 176.0}, {"i": 598, "x": 16078.0, "y": 3672.0}, {"i": 599, "x": 16086.0, "y": 9982.0}, {"i": 600, "x": 16110.0, "y": 3806.0}, {"i": 601, "x": 16116.0, "y": 4116.0}, {"i": 602, "x": 16116.0, "y": 5350.0}, {"i": 603, "x": 16120.0, "y": 9570.0}, {"i": 604, "x": 16158.0, "y": 6686.0}, {"i": 605, "x": 16230.0, "y": 110.0}, {"i": 606, "x": 16232.0, "y": 1638.0}, {"i": 607, "x": 16244.0, "y": 3578.0}, {"i": 608, "x": 16328.0, "y": 12026.0}, {"i": 609, "x": 16360.0, "y": 6394.0}, {"i": 610, "x": 16402.0, "y": 4466.0}, {"i": 611, "x": 16406.0, "y": 10082.0}, {"i": 612, "x": 16406.0, "y": 10844.0}, {"i": 613, "x": 16412.0, "y": 4354.0}, {"i": 614, "x": 16448.0, "y": 11924.0}, {"i": 615, "x": 16740.0, "y": 4848.0}, {"i": 616, "x": 16788.0, "y": 4142.0}, {"i": 617, "x": 16816.0, "y": 9062.0}, {"i": 618, "x": 16844.0, "y": 3158.0}, {"i": 619, "x": 16934.0, "y": 6792.0}, {"i": 620, "x": 16952.0, "y": 5932.0}, {"i": 621, "x": 16978.0, "y": 7902.0}, {"i": 622, "x": 16996.0, "y": 5200.0}, {"i": 623, "x": 17008.0, "y": 3850.0}, {"i": 624, "x": 17044.0, "y": 10300.0}, {"i": 625, "x": 17054.0, "y": 4354.0}, {"i": 626, "x": 17094.0, "y": 6444.0}, {"i": 627, "x": 17136.0, "y": 6276.0}, {"i": 628, "x": 17222.0, "y": 18.0}, {"i": 629, "x": 17228.0, "y": 2828.0}, {"i": 630, "x": 17236.0, "y": 4968.0}, {"i": 631, "x": 17254.0, "y": 6162.0}, {"i": 632, "x": 17266.0, "y": 9454.0}, {"i": 633, "x": 17266.0, "y": 10000.0}, {"i": 634, "x": 17292.0, "y": 9322.0}, {"i": 635, "x": 17318.0, "y": 4454.0}, {"i": 636, "x": 17362.0, "y": 10160.0}, {"i": 637, "x": 17364.0, "y": 4252.0}, {"i": 638, "x": 17378.0, "y": 11064.0}, {"i": 639, "x": 17388.0, "y": 8026.0}, {"i": 640, "x": 17392.0, "y": 3924.0}, {"i": 641, "x": 17392.0, "y": 4220.0}, {"i": 642, "x": 17394.0, "y": 4128.0}, {"i": 643, "x": 17474.0, "y": 5134.0}, {"i": 644, "x": 17478.0, "y": 7136.0}, {"i": 645, "x": 17492.0, "y": 6286.0}, {"i": 646, "x": 17494.0, "y": 5768.0}, {"i": 647, "x": 17496.0, "y": 76.0}, {"i": 648, "x": 17548.0, "y": 3850.0}, {"i": 649, "x": 17568.0, "y": 2252.0}, {"i": 650, "x": 17692.0, "y": 8994.0}, {"i": 651, "x": 17732.0, "y": 710.0}, {"i": 652, "x": 17826.0, "y": 6412.0}, {"i": 653, "x": 17854.0, "y": 10060.0}, {"i": 654, "x": 17854.0, "y": 10074.0}, {"i": 655, "x": 17896.0, "y": 12072.0}, {"i": 656, "x": 17926.0, "y": 8900.0}, {"i": 657, "x": 17934.0, "y": 3820.0}, {"i": 658, "x": 17934.0, "y": 7226.0}, {"i": 659, "x": 17938.0, "y": 3568.0}, {"i": 660, "x": 17938.0, "y": 3674.0}, {"i": 661, "x": 17948.0, "y": 10012.0}, {"i": 662, "x": 17968.0, "y": 10506.0}, {"i": 663, "x": 18022.0, "y": 2226.0}, {"i": 664, "x": 18126.0, "y": 8822.0}, {"i": 665, "x": 18148.0, "y": 4650.0}, {"i": 666, "x": 18170.0, "y": 4682.0}, {"i": 667, "x": 18216.0, "y": 6832.0}, {"i": 668, "x": 18238.0, "y": 4386.0}, {"i": 669, "x": 18316.0, "y": 4522.0}, {"i": 670, "x": 18330.0, "y": 4316.0}, {"i": 671, "x": 18354.0, "y": 10218.0}, {"i": 672, "x": 18402.0, "y": 9080.0}, {"i": 673, "x": 18422.0, "y": 12474.0}, {"i": 674, "x": 18424.0, "y": 12588.0}, {"i": 675, "x": 18430.0, "y": 12142.0}, {"i": 676, "x": 18470.0, "y": 3734.0}, {"i": 677, "x": 18474.0, "y": 7224.0}, {"i": 678, "x": 18518.0, "y": 10498.0}, {"i": 679, "x": 18538.0, "y": 9654.0}, {"i": 680, "x": 18556.0, "y": 1964.0}, {"i": 681, "x": 18580.0, "y": 5402.0}, {"i": 682, "x": 18588.0, "y": 8682.0}, {"i": 683, "x": 18632.0, "y": 6962.0}, {"i": 684, "x": 18640.0, "y": 968.0}, {"i": 685, "x": 18684.0, "y": 8336.0}, {"i": 686, "x": 18788.0, "y": 6856.0}, {"i": 687, "x": 18800.0, "y": 4808.0}, {"i": 688, "x": 18800.0, "y": 12668.0}, {"i": 689, "x": 18802.0, "y": 7950.0}, {"i": 690, "x": 18824.0, "y": 2336.0}, {"i": 691, "x": 18856.0, "y": 2026.0}, {"i": 692, "x": 18926.0, "y": 1394.0}, {"i": 693, "x": 18932.0, "y": 6976.0}, {"i": 694, "x": 18934.0, "y": 2000.0}, {"i": 695, "x": 18938.0, "y": 6558.0}, {"i": 696, "x": 18946.0, "y": 3808.0}, {"i": 697, "x": 18952.0, "y": 1626.0}, {"i": 698, "x": 18960.0, "y": 4724.0}, {"i": 699, "x": 18978.0, "y": 12726.0}, {"i": 700, "x": 18990.0, "y": 5866.0}, {"i": 701, "x": 19190.0, "y": 7732.0}, {"i": 702, "x": 19214.0, "y": 6014.0}, {"i": 703, "x": 19220.0, "y": 4026.0}, {"i": 704, "x": 19240.0, "y": 120.0}, {"i": 705, "x": 19254.0, "y": 206.0}, {"i": 706, "x": 19340.0, "y": 4976.0}, {"i": 707, "x": 19372.0, "y": 2000.0}, {"i": 708, "x": 19410.0, "y": 1872.0}, {"i": 709, "x": 19420.0, "y": 2238.0}, {"i": 710, "x": 19460.0, "y": 5584.0}, {"i": 711, "x": 19464.0, "y": 2078.0}, {"i": 712, "x": 19546.0, "y": 4834.0}, {"i": 713, "x": 19606.0, "y": 3938.0}, {"i": 714, "x": 19610.0, "y": 4548.0}, {"i": 715, "x": 19632.0, "y": 7522.0}, {"i": 716, "x": 19694.0, "y": 8904.0}, {"i": 717, "x": 19768.0, "y": 6148.0}, {"i": 718, "x": 19772.0, "y": 7772.0}, {"i": 719, "x": 19796.0, "y": 4076.0}, {"i": 720, "x": 19798.0, "y": 7016.0}, {"i": 721, "x": 19828.0, "y": 3202.0}, {"i": 722, "x": 19872.0, "y": 7700.0}, {"i": 723, "x": 19942.0, "y": 1152.0}, {"i": 724, "x": 19956.0, "y": 5322.0}, {"i": 725, "x": 19958.0, "y": 4472.0}, {"i": 726, "x": 20022.0, "y": 11414.0}, {"i": 727, "x": 20052.0, "y": 5608.0}, {"i": 728, "x": 20144.0, "y": 4836.0}, {"i": 729, "x": 20172.0, "y": 10446.0}, {"i": 730, "x": 20246.0, "y": 10494.0}, {"i": 731, "x": 20252.0, "y": 5614.0}, {"i": 732, "x": 20324.0, "y": 762.0}, {"i": 733, "x": 20368.0, "y": 770.0}, {"i": 734, "x": 20402.0, "y": 3392.0}, {"i": 735, "x": 20448.0, "y": 1772.0}, {"i": 736, "x": 20562.0, "y": 4402.0}, {"i": 737, "x": 20666.0, "y": 1164.0}, {"i": 738, "x": 20694.0, "y": 5452.0}, {"i": 739, "x": 20700.0, "y": 9132.0}, {"i": 740, "x": 20750.0, "y": 740.0}, {"i": 741, "x": 20790.0, "y": 3156.0}, {"i": 742, "x": 20806.0, "y": 5424.0}, {"i": 743, "x": 20828.0, "y": 2666.0}, {"i": 744, "x": 20830.0, "y": 2732.0}, {"i": 745, "x": 20930.0, "y": 2540.0}, {"i": 746, "x": 20934.0, "y": 3248.0}, {"i": 747, "x": 20940.0, "y": 3568.0}, {"i": 748, "x": 20982.0, "y": 5730.0}, {"i": 749, "x": 20994.0, "y": 8580.0}, {"i": 750, "x": 21002.0, "y": 5542.0}, {"i": 751, "x": 21006.0, "y": 5048.0}, {"i": 752, "x": 21050.0, "y": 6122.0}, {"i": 753, "x": 21068.0, "y": 2534.0}, {"i": 754, "x": 21106.0, "y": 5776.0}, {"i": 755, "x": 21190.0, "y": 1646.0}, {"i": 756, "x": 21216.0, "y": 2438.0}, {"i": 757, "x": 21244.0, "y": 6156.0}, {"i": 758, "x": 21258.0, "y": 2762.0}, {"i": 759, "x": 21288.0, "y": 3214.0}, {"i": 760, "x": 21332.0, "y": 7634.0}, {"i": 761, "x": 21366.0, "y": 7544.0}, {"i": 762, "x": 21428.0, "y": 8560.0}, {"i": 763, "x": 21440.0, "y": 4434.0}, {"i": 764, "x": 21448.0, "y": 4206.0}, {"i": 765, "x": 21458.0, "y": 5034.0}, {"i": 766, "x": 21584.0, "y": 1774.0}, {"i": 767, "x": 21614.0, "y": 8346.0}, {"i": 768, "x": 21626.0, "y": 5416.0}, {"i": 769, "x": 21660.0, "y": 4862.0}, {"i": 770, "x": 21712.0, "y": 8822.0}, {"i": 771, "x": 21778.0, "y": 9950.0}, {"i": 772, "x": 21816.0, "y": 6110.0}, {"i": 773, "x": 21898.0, "y": 12102.0}, {"i": 774, "x": 21906.0, "y": 5930.0}, {"i": 775, "x": 21914.0, "y": 180.0}, {"i": 776, "x": 21932.0, "y": 5848.0}, {"i": 777, "x": 21934.0, "y": 1752.0}, {"i": 778, "x": 21938.0, "y": 6712.0}, {"i": 779, "x": 22006.0, "y": 5776.0}, {"i": 780, "x": 22044.0, "y": 110.0}, {"i": 781, "x": 22060.0, "y": 1638.0}, {"i": 782, "x": 22072.0, "y": 6700.0}, {"i": 783, "x": 22092.0, "y": 12324.0}, {"i": 784, "x": 22100.0, "y": 6130.0}, {"i": 785, "x": 22108.0, "y": 1610.0}, {"i": 786, "x": 22108.0, "y": 1920.0}, {"i": 787, "x": 22128.0, "y": 10094.0}, {"i": 788, "x": 22184.0, "y": 1936.0}, {"i": 789, "x": 22218.0, "y": 1932.0}, {"i": 790, "x": 22292.0, "y": 5130.0}, {"i": 791, "x": 22360.0, "y": 12006.0}, {"i": 792, "x": 22380.0, "y": 5426.0}, {"i": 793, "x": 22416.0, "y": 5932.0}, {"i": 794, "x": 22506.0, "y": 6700.0}, {"i": 795, "x": 22508.0, "y": 7078.0}, {"i": 796, "x": 22562.0, "y": 6694.0}, {"i": 797, "x": 22612.0, "y": 752.0}, {"i": 798, "x": 22626.0, "y": 2752.0}, {"i": 799, "x": 22640.0, "y": 2596.0}, {"i": 800, "x": 22644.0, "y": 158.0}, {"i": 801, "x": 22672.0, "y": 5618.0}, {"i": 802, "x": 22712.0, "y": 114.0}, {"i": 803, "x": 22712.0, "y": 4018.0}, {"i": 804, "x": 22764.0, "y": 1478.0}, {"i": 805, "x": 22816.0, "y": 524.0}, {"i": 806, "x": 22918.0, "y": 1722.0}, {"i": 807, "x": 22944.0, "y": 5596.0}, {"i": 808, "x": 22956.0, "y": 11546.0}, {"i": 809, "x": 22970.0, "y": 3758.0}, {"i": 810, "x": 22978.0, "y": 3780.0}, {"i": 811, "x": 22990.0, "y": 1686.0}, {"i": 812, "x": 22990.0, "y": 6722.0}, {"i": 813, "x": 23054.0, "y": 6424.0}, {"i": 814, "x": 23092.0, "y": 5914.0}, {"i": 815, "x": 23152.0, "y": 622.0}, {"i": 816, "x": 23162.0, "y": 5676.0}, {"i": 817, "x": 23162.0, "y": 6368.0}, {"i": 818, "x": 23200.0, "y": 2572.0}, {"i": 819, "x": 23200.0, "y": 3208.0}, {"i": 820, "x": 23240.0, "y": 3224.0}, {"i": 821, "x": 23266.0, "y": 3234.0}, {"i": 822, "x": 23368.0, "y": 7796.0}, {"i": 823, "x": 23388.0, "y": 5652.0}, {"i": 824, "x": 23388.0, "y": 9364.0}, {"i": 825, "x": 23390.0, "y": 7168.0}, {"i": 826, "x": 23410.0, "y": 5606.0}, {"i": 827, "x": 23418.0, "y": 9052.0}, {"i": 828, "x": 23450.0, "y": 5820.0}, {"i": 829, "x": 23530.0, "y": 2660.0}, {"i": 830, "x": 23546.0, "y": 1454.0}, {"i": 831, "x": 23600.0, "y": 2622.0}, {"i": 832, "x": 23616.0, "y": 5822.0}, {"i": 833, "x": 23640.0, "y": 6396.0}, {"i": 834, "x": 23658.0, "y": 1448.0}, {"i": 835, "x": 23680.0, "y": 6300.0}, {"i": 836, "x": 23680.0, "y": 8332.0}, {"i": 837, "x": 23686.0, "y": 2056.0}, {"i": 838, "x": 23688.0, "y": 8290.0}, {"i": 839, "x": 23692.0, "y": 6332.0}, {"i": 840, "x": 23760.0, "y": 650.0}, {"i": 841, "x": 23796.0, "y": 86.0}, {"i": 842, "x": 23796.0, "y": 1028.0}, {"i": 843, "x": 23884.0, "y": 132.0}, {"i": 844, "x": 23908.0, "y": 1282.0}, {"i": 845, "x": 23918.0, "y": 5578.0}, {"i": 846, "x": 23960.0, "y": 7848.0}, {"i": 847, "x": 24014.0, "y": 5716.0}, {"i": 848, "x": 24042.0, "y": 7826.0}, {"i": 849, "x": 24098.0, "y": 652.0}, {"i": 850, "x": 24116.0, "y": 1662.0}, {"i": 851, "x": 24116.0, "y": 2880.0}, {"i": 852, "x": 24158.0, "y": 5576.0}, {"i": 853, "x": 24166.0, "y": 5996.0}, {"i": 854, "x": 24172.0, "y": 7044.0}, {"i": 855, "x": 24212.0, "y": 1010.0}, {"i": 856, "x": 24252.0, "y": 684.0}, {"i": 857, "x": 24304.0, "y": 4892.0}, {"i": 858, "x": 24408.0, "y": 6836.0}, {"i": 859, "x": 24414.0, "y": 6794.0}, {"i": 860, "x": 24420.0, "y": 2574.0}, {"i": 861, "x": 24430.0, "y": 2394.0}, {"i": 862, "x": 24522.0, "y": 7530.0}, {"i": 863, "x": 24618.0, "y": 6330.0}, {"i": 864, "x": 24622.0, "y": 12.0}, {"i": 865, "x": 24638.0, "y": 6264.0}, {"i": 866, "x": 24700.0, "y": 2402.0}, {"i": 867, "x": 24706.0, "y": 840.0}, {"i": 868, "x": 24716.0, "y": 1076.0}, {"i": 869, "x": 24734.0, "y": 2714.0}, {"i": 870, "x": 24746.0, "y": 4352.0}, {"i": 871, "x": 24768.0, "y": 6342.0}, {"i": 872, "x": 24812.0, "y": 208.0}, {"i": 873, "x": 24818.0, "y": 3214.0}, {"i": 874, "x": 24826.0, "y": 1040.0}, {"i": 875, "x": 24860.0, "y": 5200.0}, {"i": 876, "x": 24868.0, "y": 5780.0}, {"i": 877, "x": 24894.0, "y": 6968.0}, {"i": 878, "x": 24916.0, "y": 3458.0}, {"i": 879, "x": 24926.0, "y": 854.0}, {"i": 880, "x": 24934.0, "y": 2258.0}, {"i": 881, "x": 24938.0, "y": 1672.0}, {"i": 882, "x": 24976.0, "y": 4966.0}, {"i": 883, "x": 25008.0, "y": 1460.0}, {"i": 884, "x": 25078.0, "y": 5676.0}, {"i": 885, "x": 25112.0, "y": 8594.0}, {"i": 886, "x": 25122.0, "y": 7436.0}, {"i": 887, "x": 25168.0, "y": 6456.0}, {"i": 888, "x": 25182.0, "y": 2880.0}, {"i": 889, "x": 25268.0, "y": 4408.0}, {"i": 890, "x": 25286.0, "y": 216.0}, {"i": 891, "x": 25298.0, "y": 3498.0}, {"i": 892, "x": 25310.0, "y": 3948.0}, {"i": 893, "x": 25314.0, "y": 4542.0}, {"i": 894, "x": 25322.0, "y": 310.0}, {"i": 895, "x": 25334.0, "y": 8474.0}, {"i": 896, "x": 25368.0, "y": 8456.0}, {"i": 897, "x": 25384.0, "y": 6172.0}, {"i": 898, "x": 25412.0, "y": 3872.0}, {"i": 899, "x": 25450.0, "y": 5212.0}], "type": "Instance", "name": "paris-0000900", "meta": {"comment": "HIP even point set instance (900 points) sampled from image ", "faces_in_delaunay": 1781}}