{"points": [{"i": 0, "x": 100.0, "y": 6176.0}, {"i": 1, "x": 126.0, "y": 878.0}, {"i": 2, "x": 188.0, "y": 6716.0}, {"i": 3, "x": 218.0, "y": 7608.0}, {"i": 4, "x": 238.0, "y": 6528.0}, {"i": 5, "x": 284.0, "y": 6690.0}, {"i": 6, "x": 368.0, "y": 358.0}, {"i": 7, "x": 416.0, "y": 5532.0}, {"i": 8, "x": 476.0, "y": 5422.0}, {"i": 9, "x": 566.0, "y": 7074.0}, {"i": 10, "x": 578.0, "y": 7658.0}, {"i": 11, "x": 586.0, "y": 6948.0}, {"i": 12, "x": 598.0, "y": 7672.0}, {"i": 13, "x": 670.0, "y": 1030.0}, {"i": 14, "x": 756.0, "y": 7800.0}, {"i": 15, "x": 856.0, "y": 4030.0}, {"i": 16, "x": 910.0, "y": 6980.0}, {"i": 17, "x": 942.0, "y": 1770.0}, {"i": 18, "x": 948.0, "y": 290.0}, {"i": 19, "x": 956.0, "y": 6562.0}, {"i": 20, "x": 982.0, "y": 7966.0}, {"i": 21, "x": 1032.0, "y": 6904.0}, {"i": 22, "x": 1070.0, "y": 6870.0}, {"i": 23, "x": 1104.0, "y": 2280.0}, {"i": 24, "x": 1130.0, "y": 2050.0}, {"i": 25, "x": 1174.0, "y": 1920.0}, {"i": 26, "x": 1206.0, "y": 296.0}, {"i": 27, "x": 1258.0, "y": 4690.0}, {"i": 28, "x": 1262.0, "y": 4390.0}, {"i": 29, "x": 1272.0, "y": 8894.0}, {"i": 30, "x": 1284.0, "y": 1906.0}, {"i": 31, "x": 1306.0, "y": 5360.0}, {"i": 32, "x": 1350.0, "y": 4328.0}, {"i": 33, "x": 1428.0, "y": 2314.0}, {"i": 34, "x": 1440.0, "y": 194.0}, {"i": 35, "x": 1466.0, "y": 2460.0}, {"i": 36, "x": 1524.0, "y": 752.0}, {"i": 37, "x": 1532.0, "y": 6164.0}, {"i": 38, "x": 1574.0, "y": 7074.0}, {"i": 39, "x": 1574.0, "y": 7372.0}, {"i": 40, "x": 1584.0, "y": 1528.0}, {"i": 41, "x": 1668.0, "y": 2126.0}, {"i": 42, "x": 1702.0, "y": 4502.0}, {"i": 43, "x": 1768.0, "y": 7052.0}, {"i": 44, "x": 1772.0, "y": 1590.0}, {"i": 45, "x": 1842.0, "y": 3254.0}, {"i": 46, "x": 1872.0, "y": 6504.0}, {"i": 47, "x": 1908.0, "y": 284.0}, {"i": 48, "x": 1914.0, "y": 5818.0}, {"i": 49, "x": 1928.0, "y": 4824.0}, {"i": 50, "x": 1954.0, "y": 688.0}, {"i": 51, "x": 1954.0, "y": 7326.0}, {"i": 52, "x": 2060.0, "y": 8974.0}, {"i": 53, "x": 2070.0, "y": 6108.0}, {"i": 54, "x": 2096.0, "y": 2320.0}, {"i": 55, "x": 2106.0, "y": 5420.0}, {"i": 56, "x": 2112.0, "y": 150.0}, {"i": 57, "x": 2252.0, "y": 6112.0}, {"i": 58, "x": 2260.0, "y": 1478.0}, {"i": 59, "x": 2292.0, "y": 1500.0}, {"i": 60, "x": 2298.0, "y": 6326.0}, {"i": 61, "x": 2306.0, "y": 5586.0}, {"i": 62, "x": 2312.0, "y": 7784.0}, {"i": 63, "x": 2322.0, "y": 10036.0}, {"i": 64, "x": 2348.0, "y": 7356.0}, {"i": 65, "x": 2406.0, "y": 6144.0}, {"i": 66, "x": 2428.0, "y": 5948.0}, {"i": 67, "x": 2452.0, "y": 8082.0}, {"i": 68, "x": 2470.0, "y": 5476.0}, {"i": 69, "x": 2484.0, "y": 8048.0}, {"i": 70, "x": 2498.0, "y": 6040.0}, {"i": 71, "x": 2522.0, "y": 356.0}, {"i": 72, "x": 2570.0, "y": 124.0}, {"i": 73, "x": 2574.0, "y": 6456.0}, {"i": 74, "x": 2580.0, "y": 6872.0}, {"i": 75, "x": 2586.0, "y": 4872.0}, {"i": 76, "x": 2596.0, "y": 6900.0}, {"i": 77, "x": 2634.0, "y": 2466.0}, {"i": 78, "x": 2672.0, "y": 7826.0}, {"i": 79, "x": 2742.0, "y": 2476.0}, {"i": 80, "x": 2744.0, "y": 6262.0}, {"i": 81, "x": 2754.0, "y": 6426.0}, {"i": 82, "x": 2780.0, "y": 4672.0}, {"i": 83, "x": 2802.0, "y": 6696.0}, {"i": 84, "x": 2844.0, "y": 6804.0}, {"i": 85, "x": 2852.0, "y": 4526.0}, {"i": 86, "x": 2878.0, "y": 5436.0}, {"i": 87, "x": 2904.0, "y": 7700.0}, {"i": 88, "x": 2964.0, "y": 4420.0}, {"i": 89, "x": 2964.0, "y": 6512.0}, {"i": 90, "x": 3126.0, "y": 4218.0}, {"i": 91, "x": 3164.0, "y": 4534.0}, {"i": 92, "x": 3264.0, "y": 6858.0}, {"i": 93, "x": 3274.0, "y": 5656.0}, {"i": 94, "x": 3276.0, "y": 5792.0}, {"i": 95, "x": 3352.0, "y": 7616.0}, {"i": 96, "x": 3404.0, "y": 8348.0}, {"i": 97, "x": 3440.0, "y": 6600.0}, {"i": 98, "x": 3444.0, "y": 1428.0}, {"i": 99, "x": 3502.0, "y": 7462.0}, {"i": 100, "x": 3566.0, "y": 7600.0}, {"i": 101, "x": 3614.0, "y": 8458.0}, {"i": 102, "x": 3624.0, "y": 5832.0}, {"i": 103, "x": 3626.0, "y": 9724.0}, {"i": 104, "x": 3628.0, "y": 10742.0}, {"i": 105, "x": 3634.0, "y": 2708.0}, {"i": 106, "x": 3636.0, "y": 11028.0}, {"i": 107, "x": 3708.0, "y": 2634.0}, {"i": 108, "x": 3792.0, "y": 110.0}, {"i": 109, "x": 3798.0, "y": 5754.0}, {"i": 110, "x": 3832.0, "y": 5766.0}, {"i": 111, "x": 3846.0, "y": 7894.0}, {"i": 112, "x": 3858.0, "y": 4066.0}, {"i": 113, "x": 3880.0, "y": 2242.0}, {"i": 114, "x": 3912.0, "y": 6604.0}, {"i": 115, "x": 3922.0, "y": 9696.0}, {"i": 116, "x": 4046.0, "y": 3700.0}, {"i": 117, "x": 4062.0, "y": 3748.0}, {"i": 118, "x": 4070.0, "y": 6154.0}, {"i": 119, "x": 4074.0, "y": 7312.0}, {"i": 120, "x": 4104.0, "y": 5798.0}, {"i": 121, "x": 4116.0, "y": 5610.0}, {"i": 122, "x": 4134.0, "y": 80.0}, {"i": 123, "x": 4146.0, "y": 8140.0}, {"i": 124, "x": 4208.0, "y": 3722.0}, {"i": 125, "x": 4224.0, "y": 5132.0}, {"i": 126, "x": 4230.0, "y": 6302.0}, {"i": 127, "x": 4234.0, "y": 660.0}, {"i": 128, "x": 4270.0, "y": 6502.0}, {"i": 129, "x": 4270.0, "y": 7378.0}, {"i": 130, "x": 4334.0, "y": 3072.0}, {"i": 131, "x": 4340.0, "y": 4112.0}, {"i": 132, "x": 4348.0, "y": 8758.0}, {"i": 133, "x": 4364.0, "y": 770.0}, {"i": 134, "x": 4380.0, "y": 3990.0}, {"i": 135, "x": 4384.0, "y": 4448.0}, {"i": 136, "x": 4396.0, "y": 3040.0}, {"i": 137, "x": 4404.0, "y": 7210.0}, {"i": 138, "x": 4502.0, "y": 6852.0}, {"i": 139, "x": 4516.0, "y": 7968.0}, {"i": 140, "x": 4528.0, "y": 4284.0}, {"i": 141, "x": 4534.0, "y": 5148.0}, {"i": 142, "x": 4558.0, "y": 876.0}, {"i": 143, "x": 4588.0, "y": 4576.0}, {"i": 144, "x": 4598.0, "y": 6430.0}, {"i": 145, "x": 4630.0, "y": 7116.0}, {"i": 146, "x": 4672.0, "y": 7384.0}, {"i": 147, "x": 4740.0, "y": 11460.0}, {"i": 148, "x": 4744.0, "y": 4550.0}, {"i": 149, "x": 4758.0, "y": 1452.0}, {"i": 150, "x": 4766.0, "y": 654.0}, {"i": 151, "x": 4790.0, "y": 906.0}, {"i": 152, "x": 4800.0, "y": 11564.0}, {"i": 153, "x": 4816.0, "y": 5146.0}, {"i": 154, "x": 4916.0, "y": 906.0}, {"i": 155, "x": 4918.0, "y": 960.0}, {"i": 156, "x": 4940.0, "y": 6748.0}, {"i": 157, "x": 4946.0, "y": 6276.0}, {"i": 158, "x": 4946.0, "y": 6520.0}, {"i": 159, "x": 5016.0, "y": 11800.0}, {"i": 160, "x": 5018.0, "y": 7864.0}, {"i": 161, "x": 5050.0, "y": 10608.0}, {"i": 162, "x": 5060.0, "y": 5116.0}, {"i": 163, "x": 5078.0, "y": 8000.0}, {"i": 164, "x": 5080.0, "y": 8650.0}, {"i": 165, "x": 5084.0, "y": 8620.0}, {"i": 166, "x": 5090.0, "y": 8518.0}, {"i": 167, "x": 5170.0, "y": 9894.0}, {"i": 168, "x": 5204.0, "y": 6864.0}, {"i": 169, "x": 5364.0, "y": 2648.0}, {"i": 170, "x": 5378.0, "y": 6762.0}, {"i": 171, "x": 5400.0, "y": 4412.0}, {"i": 172, "x": 5400.0, "y": 5882.0}, {"i": 173, "x": 5480.0, "y": 8268.0}, {"i": 174, "x": 5520.0, "y": 1068.0}, {"i": 175, "x": 5538.0, "y": 6912.0}, {"i": 176, "x": 5572.0, "y": 204.0}, {"i": 177, "x": 5596.0, "y": 996.0}, {"i": 178, "x": 5604.0, "y": 790.0}, {"i": 179, "x": 5606.0, "y": 2136.0}, {"i": 180, "x": 5780.0, "y": 2520.0}, {"i": 181, "x": 5788.0, "y": 10684.0}, {"i": 182, "x": 5790.0, "y": 5178.0}, {"i": 183, "x": 5794.0, "y": 11076.0}, {"i": 184, "x": 5798.0, "y": 5228.0}, {"i": 185, "x": 5798.0, "y": 10752.0}, {"i": 186, "x": 5830.0, "y": 7848.0}, {"i": 187, "x": 5854.0, "y": 6070.0}, {"i": 188, "x": 5866.0, "y": 6402.0}, {"i": 189, "x": 5974.0, "y": 7086.0}, {"i": 190, "x": 5982.0, "y": 6900.0}, {"i": 191, "x": 6004.0, "y": 6070.0}, {"i": 192, "x": 6008.0, "y": 462.0}, {"i": 193, "x": 6022.0, "y": 5854.0}, {"i": 194, "x": 6088.0, "y": 5118.0}, {"i": 195, "x": 6172.0, "y": 6406.0}, {"i": 196, "x": 6252.0, "y": 7834.0}, {"i": 197, "x": 6270.0, "y": 870.0}, {"i": 198, "x": 6276.0, "y": 11036.0}, {"i": 199, "x": 6294.0, "y": 8098.0}, {"i": 200, "x": 6378.0, "y": 1948.0}, {"i": 201, "x": 6428.0, "y": 8464.0}, {"i": 202, "x": 6450.0, "y": 3950.0}, {"i": 203, "x": 6464.0, "y": 9032.0}, {"i": 204, "x": 6514.0, "y": 9626.0}, {"i": 205, "x": 6578.0, "y": 8784.0}, {"i": 206, "x": 6596.0, "y": 8166.0}, {"i": 207, "x": 6606.0, "y": 3962.0}, {"i": 208, "x": 6610.0, "y": 9230.0}, {"i": 209, "x": 6656.0, "y": 9190.0}, {"i": 210, "x": 6656.0, "y": 10110.0}, {"i": 211, "x": 6674.0, "y": 9034.0}, {"i": 212, "x": 6686.0, "y": 11238.0}, {"i": 213, "x": 6690.0, "y": 11068.0}, {"i": 214, "x": 6708.0, "y": 8692.0}, {"i": 215, "x": 6714.0, "y": 7750.0}, {"i": 216, "x": 6724.0, "y": 1616.0}, {"i": 217, "x": 6746.0, "y": 10992.0}, {"i": 218, "x": 6762.0, "y": 4562.0}, {"i": 219, "x": 6770.0, "y": 8886.0}, {"i": 220, "x": 6800.0, "y": 10960.0}, {"i": 221, "x": 6806.0, "y": 162.0}, {"i": 222, "x": 6838.0, "y": 8782.0}, {"i": 223, "x": 6838.0, "y": 10164.0}, {"i": 224, "x": 6842.0, "y": 8950.0}, {"i": 225, "x": 6866.0, "y": 8170.0}, {"i": 226, "x": 6946.0, "y": 7490.0}, {"i": 227, "x": 6960.0, "y": 1564.0}, {"i": 228, "x": 7000.0, "y": 9292.0}, {"i": 229, "x": 7006.0, "y": 4546.0}, {"i": 230, "x": 7014.0, "y": 11426.0}, {"i": 231, "x": 7018.0, "y": 11150.0}, {"i": 232, "x": 7034.0, "y": 7422.0}, {"i": 233, "x": 7038.0, "y": 10904.0}, {"i": 234, "x": 7062.0, "y": 2222.0}, {"i": 235, "x": 7084.0, "y": 7554.0}, {"i": 236, "x": 7138.0, "y": 1226.0}, {"i": 237, "x": 7146.0, "y": 11178.0}, {"i": 238, "x": 7160.0, "y": 6376.0}, {"i": 239, "x": 7192.0, "y": 6898.0}, {"i": 240, "x": 7218.0, "y": 7080.0}, {"i": 241, "x": 7302.0, "y": 3178.0}, {"i": 242, "x": 7348.0, "y": 8058.0}, {"i": 243, "x": 7356.0, "y": 3548.0}, {"i": 244, "x": 7360.0, "y": 2848.0}, {"i": 245, "x": 7414.0, "y": 7110.0}, {"i": 246, "x": 7476.0, "y": 7102.0}, {"i": 247, "x": 7484.0, "y": 5516.0}, {"i": 248, "x": 7488.0, "y": 8050.0}, {"i": 249, "x": 7566.0, "y": 7304.0}, {"i": 250, "x": 7584.0, "y": 7046.0}, {"i": 251, "x": 7588.0, "y": 1738.0}, {"i": 252, "x": 7590.0, "y": 9844.0}, {"i": 253, "x": 7632.0, "y": 334.0}, {"i": 254, "x": 7658.0, "y": 4036.0}, {"i": 255, "x": 7668.0, "y": 3828.0}, {"i": 256, "x": 7680.0, "y": 9268.0}, {"i": 257, "x": 7696.0, "y": 6446.0}, {"i": 258, "x": 7728.0, "y": 6356.0}, {"i": 259, "x": 7766.0, "y": 9842.0}, {"i": 260, "x": 7774.0, "y": 4424.0}, {"i": 261, "x": 7780.0, "y": 4600.0}, {"i": 262, "x": 7788.0, "y": 4208.0}, {"i": 263, "x": 7790.0, "y": 2204.0}, {"i": 264, "x": 7874.0, "y": 4128.0}, {"i": 265, "x": 7882.0, "y": 9926.0}, {"i": 266, "x": 7914.0, "y": 7062.0}, {"i": 267, "x": 7918.0, "y": 4618.0}, {"i": 268, "x": 7920.0, "y": 8596.0}, {"i": 269, "x": 7994.0, "y": 4478.0}, {"i": 270, "x": 8034.0, "y": 1030.0}, {"i": 271, "x": 8060.0, "y": 3782.0}, {"i": 272, "x": 8112.0, "y": 9962.0}, {"i": 273, "x": 8114.0, "y": 5660.0}, {"i": 274, "x": 8126.0, "y": 5704.0}, {"i": 275, "x": 8132.0, "y": 10636.0}, {"i": 276, "x": 8150.0, "y": 7460.0}, {"i": 277, "x": 8210.0, "y": 1468.0}, {"i": 278, "x": 8218.0, "y": 4504.0}, {"i": 279, "x": 8232.0, "y": 9610.0}, {"i": 280, "x": 8328.0, "y": 830.0}, {"i": 281, "x": 8378.0, "y": 4114.0}, {"i": 282, "x": 8410.0, "y": 4664.0}, {"i": 283, "x": 8412.0, "y": 12064.0}, {"i": 284, "x": 8418.0, "y": 10282.0}, {"i": 285, "x": 8434.0, "y": 12042.0}, {"i": 286, "x": 8462.0, "y": 5238.0}, {"i": 287, "x": 8514.0, "y": 552.0}, {"i": 288, "x": 8526.0, "y": 1002.0}, {"i": 289, "x": 8526.0, "y": 1116.0}, {"i": 290, "x": 8540.0, "y": 2392.0}, {"i": 291, "x": 8574.0, "y": 1890.0}, {"i": 292, "x": 8590.0, "y": 1890.0}, {"i": 293, "x": 8604.0, "y": 4472.0}, {"i": 294, "x": 8704.0, "y": 5418.0}, {"i": 295, "x": 8782.0, "y": 2908.0}, {"i": 296, "x": 8798.0, "y": 11628.0}, {"i": 297, "x": 8822.0, "y": 2482.0}, {"i": 298, "x": 8872.0, "y": 3540.0}, {"i": 299, "x": 8894.0, "y": 5264.0}, {"i": 300, "x": 8904.0, "y": 6112.0}, {"i": 301, "x": 8982.0, "y": 2950.0}, {"i": 302, "x": 9040.0, "y": 2650.0}, {"i": 303, "x": 9040.0, "y": 8458.0}, {"i": 304, "x": 9084.0, "y": 4350.0}, {"i": 305, "x": 9138.0, "y": 2810.0}, {"i": 306, "x": 9172.0, "y": 3082.0}, {"i": 307, "x": 9194.0, "y": 1862.0}, {"i": 308, "x": 9208.0, "y": 9762.0}, {"i": 309, "x": 9276.0, "y": 616.0}, {"i": 310, "x": 9280.0, "y": 6306.0}, {"i": 311, "x": 9286.0, "y": 1048.0}, {"i": 312, "x": 9298.0, "y": 7558.0}, {"i": 313, "x": 9310.0, "y": 902.0}, {"i": 314, "x": 9338.0, "y": 848.0}, {"i": 315, "x": 9350.0, "y": 7558.0}, {"i": 316, "x": 9376.0, "y": 2632.0}, {"i": 317, "x": 9392.0, "y": 11518.0}, {"i": 318, "x": 9424.0, "y": 2912.0}, {"i": 319, "x": 9430.0, "y": 11570.0}, {"i": 320, "x": 9452.0, "y": 4288.0}, {"i": 321, "x": 9506.0, "y": 36.0}, {"i": 322, "x": 9506.0, "y": 11666.0}, {"i": 323, "x": 9512.0, "y": 3928.0}, {"i": 324, "x": 9512.0, "y": 10434.0}, {"i": 325, "x": 9514.0, "y": 1180.0}, {"i": 326, "x": 9514.0, "y": 10706.0}, {"i": 327, "x": 9548.0, "y": 9964.0}, {"i": 328, "x": 9556.0, "y": 7996.0}, {"i": 329, "x": 9560.0, "y": 5332.0}, {"i": 330, "x": 9620.0, "y": 2856.0}, {"i": 331, "x": 9632.0, "y": 4248.0}, {"i": 332, "x": 9644.0, "y": 2908.0}, {"i": 333, "x": 9670.0, "y": 7876.0}, {"i": 334, "x": 9678.0, "y": 4968.0}, {"i": 335, "x": 9700.0, "y": 3868.0}, {"i": 336, "x": 9714.0, "y": 132.0}, {"i": 337, "x": 9718.0, "y": 9828.0}, {"i": 338, "x": 9738.0, "y": 10236.0}, {"i": 339, "x": 9748.0, "y": 1038.0}, {"i": 340, "x": 9760.0, "y": 3688.0}, {"i": 341, "x": 9788.0, "y": 5404.0}, {"i": 342, "x": 9816.0, "y": 10064.0}, {"i": 343, "x": 9862.0, "y": 5748.0}, {"i": 344, "x": 9878.0, "y": 7560.0}, {"i": 345, "x": 9882.0, "y": 1208.0}, {"i": 346, "x": 9916.0, "y": 3902.0}, {"i": 347, "x": 9916.0, "y": 3992.0}, {"i": 348, "x": 9958.0, "y": 198.0}, {"i": 349, "x": 9960.0, "y": 7128.0}, {"i": 350, "x": 9964.0, "y": 106.0}, {"i": 351, "x": 10010.0, "y": 3110.0}, {"i": 352, "x": 10018.0, "y": 7816.0}, {"i": 353, "x": 10046.0, "y": 3406.0}, {"i": 354, "x": 10050.0, "y": 5400.0}, {"i": 355, "x": 10056.0, "y": 7678.0}, {"i": 356, "x": 10094.0, "y": 7914.0}, {"i": 357, "x": 10110.0, "y": 6656.0}, {"i": 358, "x": 10112.0, "y": 2564.0}, {"i": 359, "x": 10154.0, "y": 4964.0}, {"i": 360, "x": 10168.0, "y": 4314.0}, {"i": 361, "x": 10220.0, "y": 2926.0}, {"i": 362, "x": 10242.0, "y": 11102.0}, {"i": 363, "x": 10262.0, "y": 1790.0}, {"i": 364, "x": 10262.0, "y": 4512.0}, {"i": 365, "x": 10280.0, "y": 1132.0}, {"i": 366, "x": 10292.0, "y": 6564.0}, {"i": 367, "x": 10336.0, "y": 10708.0}, {"i": 368, "x": 10354.0, "y": 6416.0}, {"i": 369, "x": 10370.0, "y": 3098.0}, {"i": 370, "x": 10392.0, "y": 5106.0}, {"i": 371, "x": 10396.0, "y": 794.0}, {"i": 372, "x": 10444.0, "y": 5006.0}, {"i": 373, "x": 10446.0, "y": 1576.0}, {"i": 374, "x": 10448.0, "y": 4510.0}, {"i": 375, "x": 10486.0, "y": 3622.0}, {"i": 376, "x": 10496.0, "y": 3296.0}, {"i": 377, "x": 10496.0, "y": 6174.0}, {"i": 378, "x": 10514.0, "y": 126.0}, {"i": 379, "x": 10528.0, "y": 4442.0}, {"i": 380, "x": 10534.0, "y": 3226.0}, {"i": 381, "x": 10544.0, "y": 2854.0}, {"i": 382, "x": 10558.0, "y": 5110.0}, {"i": 383, "x": 10560.0, "y": 4830.0}, {"i": 384, "x": 10586.0, "y": 5304.0}, {"i": 385, "x": 10590.0, "y": 2906.0}, {"i": 386, "x": 10590.0, "y": 3466.0}, {"i": 387, "x": 10600.0, "y": 4380.0}, {"i": 388, "x": 10614.0, "y": 2148.0}, {"i": 389, "x": 10664.0, "y": 5686.0}, {"i": 390, "x": 10670.0, "y": 8776.0}, {"i": 391, "x": 10680.0, "y": 3736.0}, {"i": 392, "x": 10688.0, "y": 4646.0}, {"i": 393, "x": 10704.0, "y": 642.0}, {"i": 394, "x": 10714.0, "y": 6642.0}, {"i": 395, "x": 10776.0, "y": 1998.0}, {"i": 396, "x": 10784.0, "y": 2366.0}, {"i": 397, "x": 10784.0, "y": 3152.0}, {"i": 398, "x": 10814.0, "y": 4572.0}, {"i": 399, "x": 10868.0, "y": 3850.0}, {"i": 400, "x": 10886.0, "y": 4316.0}, {"i": 401, "x": 10928.0, "y": 1312.0}, {"i": 402, "x": 10968.0, "y": 6472.0}, {"i": 403, "x": 10970.0, "y": 3462.0}, {"i": 404, "x": 11018.0, "y": 1088.0}, {"i": 405, "x": 11048.0, "y": 5244.0}, {"i": 406, "x": 11090.0, "y": 1382.0}, {"i": 407, "x": 11152.0, "y": 3496.0}, {"i": 408, "x": 11162.0, "y": 1476.0}, {"i": 409, "x": 11216.0, "y": 3968.0}, {"i": 410, "x": 11272.0, "y": 2428.0}, {"i": 411, "x": 11332.0, "y": 1010.0}, {"i": 412, "x": 11354.0, "y": 2310.0}, {"i": 413, "x": 11386.0, "y": 2184.0}, {"i": 414, "x": 11392.0, "y": 3506.0}, {"i": 415, "x": 11400.0, "y": 3130.0}, {"i": 416, "x": 11420.0, "y": 2276.0}, {"i": 417, "x": 11460.0, "y": 9616.0}, {"i": 418, "x": 11464.0, "y": 3398.0}, {"i": 419, "x": 11482.0, "y": 4292.0}, {"i": 420, "x": 11510.0, "y": 3638.0}, {"i": 421, "x": 11518.0, "y": 4872.0}, {"i": 422, "x": 11544.0, "y": 370.0}, {"i": 423, "x": 11550.0, "y": 194.0}, {"i": 424, "x": 11558.0, "y": 2576.0}, {"i": 425, "x": 11564.0, "y": 1928.0}, {"i": 426, "x": 11570.0, "y": 986.0}, {"i": 427, "x": 11586.0, "y": 1494.0}, {"i": 428, "x": 11596.0, "y": 5920.0}, {"i": 429, "x": 11598.0, "y": 786.0}, {"i": 430, "x": 11616.0, "y": 1052.0}, {"i": 431, "x": 11616.0, "y": 1656.0}, {"i": 432, "x": 11648.0, "y": 5058.0}, {"i": 433, "x": 11660.0, "y": 2236.0}, {"i": 434, "x": 11670.0, "y": 3666.0}, {"i": 435, "x": 11696.0, "y": 5054.0}, {"i": 436, "x": 11698.0, "y": 5964.0}, {"i": 437, "x": 11716.0, "y": 872.0}, {"i": 438, "x": 11740.0, "y": 6444.0}, {"i": 439, "x": 11760.0, "y": 684.0}, {"i": 440, "x": 11764.0, "y": 8782.0}, {"i": 441, "x": 11792.0, "y": 4270.0}, {"i": 442, "x": 11806.0, "y": 2734.0}, {"i": 443, "x": 11814.0, "y": 3112.0}, {"i": 444, "x": 11824.0, "y": 1090.0}, {"i": 445, "x": 11830.0, "y": 6240.0}, {"i": 446, "x": 11840.0, "y": 1148.0}, {"i": 447, "x": 11846.0, "y": 5952.0}, {"i": 448, "x": 11876.0, "y": 4050.0}, {"i": 449, "x": 11882.0, "y": 1276.0}, {"i": 450, "x": 11910.0, "y": 5412.0}, {"i": 451, "x": 11916.0, "y": 4940.0}, {"i": 452, "x": 11920.0, "y": 5598.0}, {"i": 453, "x": 11924.0, "y": 3760.0}, {"i": 454, "x": 11928.0, "y": 842.0}, {"i": 455, "x": 11940.0, "y": 4336.0}, {"i": 456, "x": 12014.0, "y": 2844.0}, {"i": 457, "x": 12030.0, "y": 3484.0}, {"i": 458, "x": 12036.0, "y": 858.0}, {"i": 459, "x": 12116.0, "y": 4794.0}, {"i": 460, "x": 12130.0, "y": 10710.0}, {"i": 461, "x": 12142.0, "y": 9834.0}, {"i": 462, "x": 12148.0, "y": 1834.0}, {"i": 463, "x": 12212.0, "y": 842.0}, {"i": 464, "x": 12232.0, "y": 7928.0}, {"i": 465, "x": 12242.0, "y": 5192.0}, {"i": 466, "x": 12246.0, "y": 3100.0}, {"i": 467, "x": 12254.0, "y": 4676.0}, {"i": 468, "x": 12284.0, "y": 2298.0}, {"i": 469, "x": 12286.0, "y": 2060.0}, {"i": 470, "x": 12304.0, "y": 3840.0}, {"i": 471, "x": 12376.0, "y": 8116.0}, {"i": 472, "x": 12402.0, "y": 5188.0}, {"i": 473, "x": 12432.0, "y": 3048.0}, {"i": 474, "x": 12432.0, "y": 3500.0}, {"i": 475, "x": 12462.0, "y": 5570.0}, {"i": 476, "x": 12480.0, "y": 5142.0}, {"i": 477, "x": 12494.0, "y": 6906.0}, {"i": 478, "x": 12504.0, "y": 5160.0}, {"i": 479, "x": 12586.0, "y": 8850.0}, {"i": 480, "x": 12594.0, "y": 5656.0}, {"i": 481, "x": 12594.0, "y": 6794.0}, {"i": 482, "x": 12598.0, "y": 2032.0}, {"i": 483, "x": 12622.0, "y": 5522.0}, {"i": 484, "x": 12642.0, "y": 4928.0}, {"i": 485, "x": 12644.0, "y": 2202.0}, {"i": 486, "x": 12654.0, "y": 3106.0}, {"i": 487, "x": 12676.0, "y": 2834.0}, {"i": 488, "x": 12750.0, "y": 8664.0}, {"i": 489, "x": 12782.0, "y": 8528.0}, {"i": 490, "x": 12894.0, "y": 10574.0}, {"i": 491, "x": 12966.0, "y": 2346.0}, {"i": 492, "x": 12968.0, "y": 2192.0}, {"i": 493, "x": 13000.0, "y": 2356.0}, {"i": 494, "x": 13008.0, "y": 3958.0}, {"i": 495, "x": 13032.0, "y": 8438.0}, {"i": 496, "x": 13036.0, "y": 8334.0}, {"i": 497, "x": 13046.0, "y": 11442.0}, {"i": 498, "x": 13054.0, "y": 10648.0}, {"i": 499, "x": 13062.0, "y": 1468.0}, {"i": 500, "x": 13074.0, "y": 5956.0}, {"i": 501, "x": 13080.0, "y": 7002.0}, {"i": 502, "x": 13102.0, "y": 5456.0}, {"i": 503, "x": 13112.0, "y": 6238.0}, {"i": 504, "x": 13120.0, "y": 4368.0}, {"i": 505, "x": 13120.0, "y": 8286.0}, {"i": 506, "x": 13140.0, "y": 3722.0}, {"i": 507, "x": 13156.0, "y": 1260.0}, {"i": 508, "x": 13182.0, "y": 8544.0}, {"i": 509, "x": 13212.0, "y": 2612.0}, {"i": 510, "x": 13222.0, "y": 254.0}, {"i": 511, "x": 13250.0, "y": 7272.0}, {"i": 512, "x": 13274.0, "y": 4516.0}, {"i": 513, "x": 13276.0, "y": 4338.0}, {"i": 514, "x": 13284.0, "y": 8748.0}, {"i": 515, "x": 13306.0, "y": 5004.0}, {"i": 516, "x": 13328.0, "y": 3260.0}, {"i": 517, "x": 13338.0, "y": 7754.0}, {"i": 518, "x": 13352.0, "y": 7740.0}, {"i": 519, "x": 13358.0, "y": 4128.0}, {"i": 520, "x": 13380.0, "y": 5384.0}, {"i": 521, "x": 13384.0, "y": 3240.0}, {"i": 522, "x": 13402.0, "y": 2418.0}, {"i": 523, "x": 13406.0, "y": 5830.0}, {"i": 524, "x": 13446.0, "y": 5080.0}, {"i": 525, "x": 13472.0, "y": 2220.0}, {"i": 526, "x": 13474.0, "y": 8872.0}, {"i": 527, "x": 13504.0, "y": 890.0}, {"i": 528, "x": 13522.0, "y": 7474.0}, {"i": 529, "x": 13536.0, "y": 1514.0}, {"i": 530, "x": 13550.0, "y": 12380.0}, {"i": 531, "x": 13568.0, "y": 5162.0}, {"i": 532, "x": 13574.0, "y": 544.0}, {"i": 533, "x": 13608.0, "y": 6270.0}, {"i": 534, "x": 13622.0, "y": 3762.0}, {"i": 535, "x": 13634.0, "y": 3758.0}, {"i": 536, "x": 13652.0, "y": 12070.0}, {"i": 537, "x": 13672.0, "y": 5224.0}, {"i": 538, "x": 13708.0, "y": 12114.0}, {"i": 539, "x": 13712.0, "y": 6368.0}, {"i": 540, "x": 13722.0, "y": 6378.0}, {"i": 541, "x": 13778.0, "y": 5876.0}, {"i": 542, "x": 13806.0, "y": 6186.0}, {"i": 543, "x": 13814.0, "y": 1326.0}, {"i": 544, "x": 13816.0, "y": 5280.0}, {"i": 545, "x": 13830.0, "y": 626.0}, {"i": 546, "x": 13842.0, "y": 3002.0}, {"i": 547, "x": 13858.0, "y": 2338.0}, {"i": 548, "x": 13868.0, "y": 2378.0}, {"i": 549, "x": 13902.0, "y": 196.0}, {"i": 550, "x": 13914.0, "y": 5868.0}, {"i": 551, "x": 13918.0, "y": 5474.0}, {"i": 552, "x": 13930.0, "y": 2116.0}, {"i": 553, "x": 13934.0, "y": 2238.0}, {"i": 554, "x": 13944.0, "y": 2106.0}, {"i": 555, "x": 13950.0, "y": 5212.0}, {"i": 556, "x": 13964.0, "y": 4786.0}, {"i": 557, "x": 13988.0, "y": 4562.0}, {"i": 558, "x": 13998.0, "y": 1726.0}, {"i": 559, "x": 14002.0, "y": 2476.0}, {"i": 560, "x": 14084.0, "y": 5832.0}, {"i": 561, "x": 14094.0, "y": 5550.0}, {"i": 562, "x": 14100.0, "y": 4714.0}, {"i": 563, "x": 14102.0, "y": 1166.0}, {"i": 564, "x": 14144.0, "y": 6136.0}, {"i": 565, "x": 14154.0, "y": 390.0}, {"i": 566, "x": 14156.0, "y": 5050.0}, {"i": 567, "x": 14178.0, "y": 894.0}, {"i": 568, "x": 14178.0, "y": 6002.0}, {"i": 569, "x": 14206.0, "y": 4864.0}, {"i": 570, "x": 14226.0, "y": 2674.0}, {"i": 571, "x": 14284.0, "y": 5362.0}, {"i": 572, "x": 14290.0, "y": 6720.0}, {"i": 573, "x": 14306.0, "y": 3616.0}, {"i": 574, "x": 14320.0, "y": 2876.0}, {"i": 575, "x": 14364.0, "y": 10840.0}, {"i": 576, "x": 14372.0, "y": 4706.0}, {"i": 577, "x": 14376.0, "y": 3432.0}, {"i": 578, "x": 14388.0, "y": 7998.0}, {"i": 579, "x": 14392.0, "y": 4728.0}, {"i": 580, "x": 14422.0, "y": 1222.0}, {"i": 581, "x": 14444.0, "y": 3392.0}, {"i": 582, "x": 14452.0, "y": 3026.0}, {"i": 583, "x": 14454.0, "y": 3248.0}, {"i": 584, "x": 14502.0, "y": 11346.0}, {"i": 585, "x": 14506.0, "y": 2748.0}, {"i": 586, "x": 14510.0, "y": 4534.0}, {"i": 587, "x": 14528.0, "y": 7678.0}, {"i": 588, "x": 14538.0, "y": 2944.0}, {"i": 589, "x": 14706.0, "y": 7848.0}, {"i": 590, "x": 14726.0, "y": 2794.0}, {"i": 591, "x": 14730.0, "y": 1828.0}, {"i": 592, "x": 14734.0, "y": 11754.0}, {"i": 593, "x": 14754.0, "y": 6812.0}, {"i": 594, "x": 14760.0, "y": 5884.0}, {"i": 595, "x": 14824.0, "y": 174.0}, {"i": 596, "x": 14826.0, "y": 5010.0}, {"i": 597, "x": 14844.0, "y": 13196.0}, {"i": 598, "x": 14848.0, "y": 2770.0}, {"i": 599, "x": 14850.0, "y": 2092.0}, {"i": 600, "x": 14858.0, "y": 6458.0}, {"i": 601, "x": 14906.0, "y": 1506.0}, {"i": 602, "x": 14910.0, "y": 1878.0}, {"i": 603, "x": 14950.0, "y": 3554.0}, {"i": 604, "x": 14966.0, "y": 794.0}, {"i": 605, "x": 14972.0, "y": 8172.0}, {"i": 606, "x": 14976.0, "y": 432.0}, {"i": 607, "x": 14976.0, "y": 13146.0}, {"i": 608, "x": 14994.0, "y": 468.0}, {"i": 609, "x": 15026.0, "y": 1948.0}, {"i": 610, "x": 15038.0, "y": 3776.0}, {"i": 611, "x": 15050.0, "y": 4548.0}, {"i": 612, "x": 15056.0, "y": 2534.0}, {"i": 613, "x": 15082.0, "y": 1528.0}, {"i": 614, "x": 15120.0, "y": 8156.0}, {"i": 615, "x": 15136.0, "y": 7666.0}, {"i": 616, "x": 15148.0, "y": 2356.0}, {"i": 617, "x": 15172.0, "y": 12972.0}, {"i": 618, "x": 15190.0, "y": 9338.0}, {"i": 619, "x": 15202.0, "y": 2752.0}, {"i": 620, "x": 15204.0, "y": 3752.0}, {"i": 621, "x": 15208.0, "y": 4510.0}, {"i": 622, "x": 15210.0, "y": 7494.0}, {"i": 623, "x": 15218.0, "y": 9562.0}, {"i": 624, "x": 15234.0, "y": 12978.0}, {"i": 625, "x": 15240.0, "y": 4708.0}, {"i": 626, "x": 15244.0, "y": 7678.0}, {"i": 627, "x": 15258.0, "y": 1850.0}, {"i": 628, "x": 15288.0, "y": 3114.0}, {"i": 629, "x": 15316.0, "y": 7670.0}, {"i": 630, "x": 15330.0, "y": 5478.0}, {"i": 631, "x": 15352.0, "y": 1612.0}, {"i": 632, "x": 15360.0, "y": 3938.0}, {"i": 633, "x": 15412.0, "y": 4072.0}, {"i": 634, "x": 15416.0, "y": 13684.0}, {"i": 635, "x": 15426.0, "y": 1580.0}, {"i": 636, "x": 15432.0, "y": 1362.0}, {"i": 637, "x": 15492.0, "y": 2798.0}, {"i": 638, "x": 15506.0, "y": 2304.0}, {"i": 639, "x": 15520.0, "y": 5892.0}, {"i": 640, "x": 15532.0, "y": 64.0}, {"i": 641, "x": 15532.0, "y": 5780.0}, {"i": 642, "x": 15572.0, "y": 2574.0}, {"i": 643, "x": 15580.0, "y": 7652.0}, {"i": 644, "x": 15586.0, "y": 2182.0}, {"i": 645, "x": 15606.0, "y": 8010.0}, {"i": 646, "x": 15610.0, "y": 2836.0}, {"i": 647, "x": 15672.0, "y": 64.0}, {"i": 648, "x": 15676.0, "y": 142.0}, {"i": 649, "x": 15690.0, "y": 2540.0}, {"i": 650, "x": 15690.0, "y": 4998.0}, {"i": 651, "x": 15720.0, "y": 5136.0}, {"i": 652, "x": 15732.0, "y": 2822.0}, {"i": 653, "x": 15756.0, "y": 5816.0}, {"i": 654, "x": 15770.0, "y": 2772.0}, {"i": 655, "x": 15770.0, "y": 8150.0}, {"i": 656, "x": 15772.0, "y": 2760.0}, {"i": 657, "x": 15778.0, "y": 6254.0}, {"i": 658, "x": 15792.0, "y": 11696.0}, {"i": 659, "x": 15850.0, "y": 11542.0}, {"i": 660, "x": 15904.0, "y": 7516.0}, {"i": 661, "x": 15906.0, "y": 8958.0}, {"i": 662, "x": 15914.0, "y": 11798.0}, {"i": 663, "x": 15932.0, "y": 2598.0}, {"i": 664, "x": 15942.0, "y": 3240.0}, {"i": 665, "x": 15998.0, "y": 5006.0}, {"i": 666, "x": 16010.0, "y": 8676.0}, {"i": 667, "x": 16048.0, "y": 5666.0}, {"i": 668, "x": 16058.0, "y": 4998.0}, {"i": 669, "x": 16080.0, "y": 6254.0}, {"i": 670, "x": 16082.0, "y": 10054.0}, {"i": 671, "x": 16110.0, "y": 5576.0}, {"i": 672, "x": 16126.0, "y": 6154.0}, {"i": 673, "x": 16172.0, "y": 6544.0}, {"i": 674, "x": 16190.0, "y": 11718.0}, {"i": 675, "x": 16246.0, "y": 4410.0}, {"i": 676, "x": 16284.0, "y": 3494.0}, {"i": 677, "x": 16290.0, "y": 11622.0}, {"i": 678, "x": 16312.0, "y": 3994.0}, {"i": 679, "x": 16314.0, "y": 5842.0}, {"i": 680, "x": 16320.0, "y": 5460.0}, {"i": 681, "x": 16346.0, "y": 4298.0}, {"i": 682, "x": 16386.0, "y": 2816.0}, {"i": 683, "x": 16396.0, "y": 11884.0}, {"i": 684, "x": 16404.0, "y": 5136.0}, {"i": 685, "x": 16404.0, "y": 6332.0}, {"i": 686, "x": 16456.0, "y": 4866.0}, {"i": 687, "x": 16468.0, "y": 4334.0}, {"i": 688, "x": 16478.0, "y": 7220.0}, {"i": 689, "x": 16492.0, "y": 3938.0}, {"i": 690, "x": 16574.0, "y": 6402.0}, {"i": 691, "x": 16640.0, "y": 5642.0}, {"i": 692, "x": 16652.0, "y": 4450.0}, {"i": 693, "x": 16696.0, "y": 1018.0}, {"i": 694, "x": 16700.0, "y": 5236.0}, {"i": 695, "x": 16706.0, "y": 6174.0}, {"i": 696, "x": 16744.0, "y": 12586.0}, {"i": 697, "x": 16758.0, "y": 3772.0}, {"i": 698, "x": 16806.0, "y": 212.0}, {"i": 699, "x": 16834.0, "y": 3584.0}, {"i": 700, "x": 16898.0, "y": 7700.0}, {"i": 701, "x": 16990.0, "y": 2904.0}, {"i": 702, "x": 17002.0, "y": 5642.0}, {"i": 703, "x": 17014.0, "y": 2174.0}, {"i": 704, "x": 17026.0, "y": 3810.0}, {"i": 705, "x": 17112.0, "y": 9110.0}, {"i": 706, "x": 17176.0, "y": 3378.0}, {"i": 707, "x": 17198.0, "y": 11312.0}, {"i": 708, "x": 17202.0, "y": 9172.0}, {"i": 709, "x": 17204.0, "y": 11674.0}, {"i": 710, "x": 17220.0, "y": 1922.0}, {"i": 711, "x": 17228.0, "y": 6434.0}, {"i": 712, "x": 17244.0, "y": 12434.0}, {"i": 713, "x": 17256.0, "y": 9842.0}, {"i": 714, "x": 17268.0, "y": 6492.0}, {"i": 715, "x": 17354.0, "y": 938.0}, {"i": 716, "x": 17356.0, "y": 884.0}, {"i": 717, "x": 17362.0, "y": 10920.0}, {"i": 718, "x": 17364.0, "y": 208.0}, {"i": 719, "x": 17388.0, "y": 8262.0}, {"i": 720, "x": 17430.0, "y": 4816.0}, {"i": 721, "x": 17440.0, "y": 6972.0}, {"i": 722, "x": 17446.0, "y": 6834.0}, {"i": 723, "x": 17488.0, "y": 5746.0}, {"i": 724, "x": 17498.0, "y": 4724.0}, {"i": 725, "x": 17552.0, "y": 2692.0}, {"i": 726, "x": 17582.0, "y": 1988.0}, {"i": 727, "x": 17584.0, "y": 2010.0}, {"i": 728, "x": 17624.0, "y": 5732.0}, {"i": 729, "x": 17644.0, "y": 7682.0}, {"i": 730, "x": 17652.0, "y": 7096.0}, {"i": 731, "x": 17676.0, "y": 5530.0}, {"i": 732, "x": 17730.0, "y": 2162.0}, {"i": 733, "x": 17732.0, "y": 2240.0}, {"i": 734, "x": 17756.0, "y": 5782.0}, {"i": 735, "x": 17790.0, "y": 9362.0}, {"i": 736, "x": 17792.0, "y": 5126.0}, {"i": 737, "x": 17798.0, "y": 3730.0}, {"i": 738, "x": 17800.0, "y": 9648.0}, {"i": 739, "x": 17898.0, "y": 3248.0}, {"i": 740, "x": 17902.0, "y": 2240.0}, {"i": 741, "x": 17920.0, "y": 212.0}, {"i": 742, "x": 17920.0, "y": 782.0}, {"i": 743, "x": 17926.0, "y": 3578.0}, {"i": 744, "x": 17958.0, "y": 8756.0}, {"i": 745, "x": 17978.0, "y": 9654.0}, {"i": 746, "x": 17990.0, "y": 3922.0}, {"i": 747, "x": 18004.0, "y": 626.0}, {"i": 748, "x": 18014.0, "y": 5162.0}, {"i": 749, "x": 18048.0, "y": 9118.0}, {"i": 750, "x": 18076.0, "y": 8802.0}, {"i": 751, "x": 18112.0, "y": 2628.0}, {"i": 752, "x": 18112.0, "y": 7220.0}, {"i": 753, "x": 18148.0, "y": 8036.0}, {"i": 754, "x": 18216.0, "y": 8006.0}, {"i": 755, "x": 18286.0, "y": 6502.0}, {"i": 756, "x": 18328.0, "y": 4464.0}, {"i": 757, "x": 18432.0, "y": 12044.0}, {"i": 758, "x": 18446.0, "y": 6866.0}, {"i": 759, "x": 18446.0, "y": 7572.0}, {"i": 760, "x": 18448.0, "y": 3004.0}, {"i": 761, "x": 18468.0, "y": 5632.0}, {"i": 762, "x": 18486.0, "y": 7460.0}, {"i": 763, "x": 18500.0, "y": 10544.0}, {"i": 764, "x": 18506.0, "y": 2356.0}, {"i": 765, "x": 18512.0, "y": 9972.0}, {"i": 766, "x": 18524.0, "y": 3072.0}, {"i": 767, "x": 18544.0, "y": 6450.0}, {"i": 768, "x": 18574.0, "y": 6970.0}, {"i": 769, "x": 18608.0, "y": 1036.0}, {"i": 770, "x": 18608.0, "y": 6380.0}, {"i": 771, "x": 18612.0, "y": 9646.0}, {"i": 772, "x": 18624.0, "y": 4210.0}, {"i": 773, "x": 18644.0, "y": 1604.0}, {"i": 774, "x": 18656.0, "y": 686.0}, {"i": 775, "x": 18658.0, "y": 4416.0}, {"i": 776, "x": 18674.0, "y": 5680.0}, {"i": 777, "x": 18702.0, "y": 138.0}, {"i": 778, "x": 18768.0, "y": 6852.0}, {"i": 779, "x": 18806.0, "y": 8450.0}, {"i": 780, "x": 18822.0, "y": 5526.0}, {"i": 781, "x": 18846.0, "y": 6408.0}, {"i": 782, "x": 18856.0, "y": 8590.0}, {"i": 783, "x": 18878.0, "y": 9206.0}, {"i": 784, "x": 18914.0, "y": 1050.0}, {"i": 785, "x": 18916.0, "y": 5646.0}, {"i": 786, "x": 18940.0, "y": 8404.0}, {"i": 787, "x": 18958.0, "y": 7784.0}, {"i": 788, "x": 19006.0, "y": 4604.0}, {"i": 789, "x": 19038.0, "y": 3664.0}, {"i": 790, "x": 19066.0, "y": 3222.0}, {"i": 791, "x": 19076.0, "y": 3030.0}, {"i": 792, "x": 19088.0, "y": 5646.0}, {"i": 793, "x": 19138.0, "y": 5796.0}, {"i": 794, "x": 19168.0, "y": 3140.0}, {"i": 795, "x": 19190.0, "y": 3180.0}, {"i": 796, "x": 19228.0, "y": 5910.0}, {"i": 797, "x": 19244.0, "y": 3158.0}, {"i": 798, "x": 19252.0, "y": 240.0}, {"i": 799, "x": 19266.0, "y": 4450.0}, {"i": 800, "x": 19288.0, "y": 548.0}, {"i": 801, "x": 19290.0, "y": 228.0}, {"i": 802, "x": 19350.0, "y": 8418.0}, {"i": 803, "x": 19366.0, "y": 3132.0}, {"i": 804, "x": 19442.0, "y": 2376.0}, {"i": 805, "x": 19468.0, "y": 8176.0}, {"i": 806, "x": 19506.0, "y": 7526.0}, {"i": 807, "x": 19510.0, "y": 6140.0}, {"i": 808, "x": 19528.0, "y": 6076.0}, {"i": 809, "x": 19528.0, "y": 7300.0}, {"i": 810, "x": 19532.0, "y": 7316.0}, {"i": 811, "x": 19612.0, "y": 8258.0}, {"i": 812, "x": 19690.0, "y": 6044.0}, {"i": 813, "x": 19706.0, "y": 7142.0}, {"i": 814, "x": 19742.0, "y": 9804.0}, {"i": 815, "x": 19752.0, "y": 5312.0}, {"i": 816, "x": 19808.0, "y": 6234.0}, {"i": 817, "x": 19876.0, "y": 2074.0}, {"i": 818, "x": 19880.0, "y": 6396.0}, {"i": 819, "x": 19902.0, "y": 3850.0}, {"i": 820, "x": 19924.0, "y": 1130.0}, {"i": 821, "x": 19954.0, "y": 9812.0}, {"i": 822, "x": 19956.0, "y": 3220.0}, {"i": 823, "x": 19956.0, "y": 9658.0}, {"i": 824, "x": 19988.0, "y": 9354.0}, {"i": 825, "x": 20006.0, "y": 2842.0}, {"i": 826, "x": 20048.0, "y": 5908.0}, {"i": 827, "x": 20152.0, "y": 5628.0}, {"i": 828, "x": 20172.0, "y": 3916.0}, {"i": 829, "x": 20208.0, "y": 7826.0}, {"i": 830, "x": 20230.0, "y": 5730.0}, {"i": 831, "x": 20270.0, "y": 11504.0}, {"i": 832, "x": 20378.0, "y": 5928.0}, {"i": 833, "x": 20420.0, "y": 11056.0}, {"i": 834, "x": 20546.0, "y": 4788.0}, {"i": 835, "x": 20554.0, "y": 5180.0}, {"i": 836, "x": 20652.0, "y": 5086.0}, {"i": 837, "x": 20654.0, "y": 2514.0}, {"i": 838, "x": 20658.0, "y": 2412.0}, {"i": 839, "x": 20676.0, "y": 4810.0}, {"i": 840, "x": 20686.0, "y": 6094.0}, {"i": 841, "x": 20692.0, "y": 104.0}, {"i": 842, "x": 20694.0, "y": 11178.0}, {"i": 843, "x": 20700.0, "y": 3190.0}, {"i": 844, "x": 20724.0, "y": 5776.0}, {"i": 845, "x": 20734.0, "y": 1060.0}, {"i": 846, "x": 20764.0, "y": 11198.0}, {"i": 847, "x": 20874.0, "y": 4804.0}, {"i": 848, "x": 20894.0, "y": 1110.0}, {"i": 849, "x": 20894.0, "y": 1730.0}, {"i": 850, "x": 20920.0, "y": 6010.0}, {"i": 851, "x": 20930.0, "y": 9020.0}, {"i": 852, "x": 20968.0, "y": 5908.0}, {"i": 853, "x": 21018.0, "y": 5554.0}, {"i": 854, "x": 21058.0, "y": 2806.0}, {"i": 855, "x": 21084.0, "y": 2398.0}, {"i": 856, "x": 21112.0, "y": 5738.0}, {"i": 857, "x": 21240.0, "y": 5332.0}, {"i": 858, "x": 21244.0, "y": 2778.0}, {"i": 859, "x": 21248.0, "y": 3556.0}, {"i": 860, "x": 21250.0, "y": 2568.0}, {"i": 861, "x": 21268.0, "y": 5944.0}, {"i": 862, "x": 21308.0, "y": 6102.0}, {"i": 863, "x": 21312.0, "y": 7890.0}, {"i": 864, "x": 21314.0, "y": 5380.0}, {"i": 865, "x": 21338.0, "y": 5070.0}, {"i": 866, "x": 21342.0, "y": 3588.0}, {"i": 867, "x": 21344.0, "y": 3312.0}, {"i": 868, "x": 21360.0, "y": 7662.0}, {"i": 869, "x": 21378.0, "y": 6200.0}, {"i": 870, "x": 21426.0, "y": 6204.0}, {"i": 871, "x": 21430.0, "y": 7568.0}, {"i": 872, "x": 21438.0, "y": 4252.0}, {"i": 873, "x": 21460.0, "y": 1986.0}, {"i": 874, "x": 21484.0, "y": 8616.0}, {"i": 875, "x": 21492.0, "y": 6026.0}, {"i": 876, "x": 21500.0, "y": 9020.0}, {"i": 877, "x": 21550.0, "y": 2464.0}, {"i": 878, "x": 21598.0, "y": 4818.0}, {"i": 879, "x": 21602.0, "y": 5844.0}, {"i": 880, "x": 21656.0, "y": 8478.0}, {"i": 881, "x": 21710.0, "y": 2598.0}, {"i": 882, "x": 21730.0, "y": 5870.0}, {"i": 883, "x": 21760.0, "y": 5998.0}, {"i": 884, "x": 21856.0, "y": 12346.0}, {"i": 885, "x": 21962.0, "y": 5384.0}, {"i": 886, "x": 22028.0, "y": 4000.0}, {"i": 887, "x": 22038.0, "y": 24.0}, {"i": 888, "x": 22046.0, "y": 5256.0}, {"i": 889, "x": 22092.0, "y": 3942.0}, {"i": 890, "x": 22098.0, "y": 5300.0}, {"i": 891, "x": 22130.0, "y": 80.0}, {"i": 892, "x": 22138.0, "y": 4038.0}, {"i": 893, "x": 22158.0, "y": 6712.0}, {"i": 894, "x": 22162.0, "y": 6014.0}, {"i": 895, "x": 22190.0, "y": 3644.0}, {"i": 896, "x": 22192.0, "y": 8082.0}, {"i": 897, "x": 22218.0, "y": 1934.0}, {"i": 898, "x": 22268.0, "y": 7662.0}, {"i": 899, "x": 22286.0, "y": 1354.0}, {"i": 900, "x": 22300.0, "y": 5278.0}, {"i": 901, "x": 22420.0, "y": 3854.0}, {"i": 902, "x": 22426.0, "y": 7652.0}, {"i": 903, "x": 22436.0, "y": 1986.0}, {"i": 904, "x": 22564.0, "y": 5638.0}, {"i": 905, "x": 22592.0, "y": 3482.0}, {"i": 906, "x": 22596.0, "y": 3184.0}, {"i": 907, "x": 22612.0, "y": 2516.0}, {"i": 908, "x": 22624.0, "y": 11918.0}, {"i": 909, "x": 22630.0, "y": 444.0}, {"i": 910, "x": 22664.0, "y": 2536.0}, {"i": 911, "x": 22708.0, "y": 2726.0}, {"i": 912, "x": 22762.0, "y": 11824.0}, {"i": 913, "x": 22764.0, "y": 360.0}, {"i": 914, "x": 22776.0, "y": 2642.0}, {"i": 915, "x": 22822.0, "y": 2624.0}, {"i": 916, "x": 22862.0, "y": 608.0}, {"i": 917, "x": 22868.0, "y": 2818.0}, {"i": 918, "x": 22900.0, "y": 962.0}, {"i": 919, "x": 22922.0, "y": 538.0}, {"i": 920, "x": 22932.0, "y": 5786.0}, {"i": 921, "x": 22964.0, "y": 3798.0}, {"i": 922, "x": 22974.0, "y": 3240.0}, {"i": 923, "x": 22998.0, "y": 8240.0}, {"i": 924, "x": 23028.0, "y": 2726.0}, {"i": 925, "x": 23076.0, "y": 3578.0}, {"i": 926, "x": 23174.0, "y": 796.0}, {"i": 927, "x": 23192.0, "y": 8246.0}, {"i": 928, "x": 23218.0, "y": 6428.0}, {"i": 929, "x": 23232.0, "y": 2418.0}, {"i": 930, "x": 23250.0, "y": 3618.0}, {"i": 931, "x": 23258.0, "y": 5800.0}, {"i": 932, "x": 23298.0, "y": 2632.0}, {"i": 933, "x": 23344.0, "y": 3376.0}, {"i": 934, "x": 23360.0, "y": 7592.0}, {"i": 935, "x": 23370.0, "y": 9538.0}, {"i": 936, "x": 23376.0, "y": 3192.0}, {"i": 937, "x": 23426.0, "y": 1260.0}, {"i": 938, "x": 23430.0, "y": 682.0}, {"i": 939, "x": 23448.0, "y": 3332.0}, {"i": 940, "x": 23532.0, "y": 2048.0}, {"i": 941, "x": 23534.0, "y": 3646.0}, {"i": 942, "x": 23560.0, "y": 7374.0}, {"i": 943, "x": 23664.0, "y": 8380.0}, {"i": 944, "x": 23666.0, "y": 2476.0}, {"i": 945, "x": 23706.0, "y": 7762.0}, {"i": 946, "x": 23744.0, "y": 2620.0}, {"i": 947, "x": 23754.0, "y": 3772.0}, {"i": 948, "x": 23758.0, "y": 7716.0}, {"i": 949, "x": 23936.0, "y": 952.0}, {"i": 950, "x": 23958.0, "y": 7888.0}, {"i": 951, "x": 24028.0, "y": 1108.0}, {"i": 952, "x": 24056.0, "y": 60.0}, {"i": 953, "x": 24118.0, "y": 316.0}, {"i": 954, "x": 24154.0, "y": 6280.0}, {"i": 955, "x": 24164.0, "y": 1060.0}, {"i": 956, "x": 24260.0, "y": 1000.0}, {"i": 957, "x": 24266.0, "y": 8586.0}, {"i": 958, "x": 24288.0, "y": 1216.0}, {"i": 959, "x": 24354.0, "y": 1826.0}, {"i": 960, "x": 24364.0, "y": 1154.0}, {"i": 961, "x": 24370.0, "y": 2294.0}, {"i": 962, "x": 24410.0, "y": 998.0}, {"i": 963, "x": 24422.0, "y": 1044.0}, {"i": 964, "x": 24480.0, "y": 4344.0}, {"i": 965, "x": 24526.0, "y": 6300.0}, {"i": 966, "x": 24552.0, "y": 180.0}, {"i": 967, "x": 24564.0, "y": 7632.0}, {"i": 968, "x": 24604.0, "y": 1470.0}, {"i": 969, "x": 24610.0, "y": 456.0}, {"i": 970, "x": 24718.0, "y": 160.0}, {"i": 971, "x": 24762.0, "y": 7642.0}, {"i": 972, "x": 24774.0, "y": 830.0}, {"i": 973, "x": 24776.0, "y": 652.0}, {"i": 974, "x": 24802.0, "y": 5976.0}, {"i": 975, "x": 24824.0, "y": 2548.0}, {"i": 976, "x": 24828.0, "y": 2044.0}, {"i": 977, "x": 24836.0, "y": 834.0}, {"i": 978, "x": 24866.0, "y": 252.0}, {"i": 979, "x": 24868.0, "y": 934.0}, {"i": 980, "x": 24900.0, "y": 6900.0}, {"i": 981, "x": 24914.0, "y": 1624.0}, {"i": 982, "x": 24926.0, "y": 1624.0}, {"i": 983, "x": 24974.0, "y": 2990.0}, {"i": 984, "x": 25030.0, "y": 2430.0}, {"i": 985, "x": 25070.0, "y": 4812.0}, {"i": 986, "x": 25086.0, "y": 2684.0}, {"i": 987, "x": 25142.0, "y": 4550.0}, {"i": 988, "x": 25152.0, "y": 3916.0}, {"i": 989, "x": 25166.0, "y": 2994.0}, {"i": 990, "x": 25238.0, "y": 4264.0}, {"i": 991, "x": 25256.0, "y": 3276.0}, {"i": 992, "x": 25272.0, "y": 6782.0}, {"i": 993, "x": 25278.0, "y": 7042.0}, {"i": 994, "x": 25350.0, "y": 5866.0}, {"i": 995, "x": 25376.0, "y": 7390.0}, {"i": 996, "x": 25376.0, "y": 7726.0}, {"i": 997, "x": 25392.0, "y": 3656.0}, {"i": 998, "x": 25470.0, "y": 2586.0}, {"i": 999, "x": 25506.0, "y": 7230.0}], "type": "Instance", "name": "paris-0001000", "meta": {"comment": "HIP even point set instance (1000 points) sampled from image ", "faces_in_delaunay": 1974}}