{"points": [{"i": 0, "x": 246.0, "y": 4308.0}, {"i": 1, "x": 262.0, "y": 84.0}, {"i": 2, "x": 264.0, "y": 6530.0}, {"i": 3, "x": 306.0, "y": 1600.0}, {"i": 4, "x": 398.0, "y": 6562.0}, {"i": 5, "x": 426.0, "y": 1694.0}, {"i": 6, "x": 428.0, "y": 2656.0}, {"i": 7, "x": 504.0, "y": 152.0}, {"i": 8, "x": 514.0, "y": 4652.0}, {"i": 9, "x": 530.0, "y": 5178.0}, {"i": 10, "x": 568.0, "y": 7076.0}, {"i": 11, "x": 640.0, "y": 8506.0}, {"i": 12, "x": 764.0, "y": 7036.0}, {"i": 13, "x": 842.0, "y": 502.0}, {"i": 14, "x": 844.0, "y": 4024.0}, {"i": 15, "x": 872.0, "y": 4316.0}, {"i": 16, "x": 900.0, "y": 1718.0}, {"i": 17, "x": 904.0, "y": 6990.0}, {"i": 18, "x": 910.0, "y": 7054.0}, {"i": 19, "x": 920.0, "y": 4822.0}, {"i": 20, "x": 970.0, "y": 1962.0}, {"i": 21, "x": 978.0, "y": 3488.0}, {"i": 22, "x": 986.0, "y": 4664.0}, {"i": 23, "x": 1016.0, "y": 6766.0}, {"i": 24, "x": 1022.0, "y": 206.0}, {"i": 25, "x": 1068.0, "y": 7870.0}, {"i": 26, "x": 1074.0, "y": 8536.0}, {"i": 27, "x": 1084.0, "y": 1520.0}, {"i": 28, "x": 1090.0, "y": 3844.0}, {"i": 29, "x": 1138.0, "y": 948.0}, {"i": 30, "x": 1168.0, "y": 5616.0}, {"i": 31, "x": 1170.0, "y": 5000.0}, {"i": 32, "x": 1210.0, "y": 4642.0}, {"i": 33, "x": 1240.0, "y": 4564.0}, {"i": 34, "x": 1352.0, "y": 5618.0}, {"i": 35, "x": 1396.0, "y": 150.0}, {"i": 36, "x": 1452.0, "y": 1988.0}, {"i": 37, "x": 1486.0, "y": 7966.0}, {"i": 38, "x": 1518.0, "y": 2304.0}, {"i": 39, "x": 1610.0, "y": 2460.0}, {"i": 40, "x": 1612.0, "y": 7298.0}, {"i": 41, "x": 1774.0, "y": 6430.0}, {"i": 42, "x": 1800.0, "y": 2346.0}, {"i": 43, "x": 1954.0, "y": 730.0}, {"i": 44, "x": 1968.0, "y": 4726.0}, {"i": 45, "x": 2000.0, "y": 6386.0}, {"i": 46, "x": 2026.0, "y": 6078.0}, {"i": 47, "x": 2046.0, "y": 794.0}, {"i": 48, "x": 2050.0, "y": 5788.0}, {"i": 49, "x": 2058.0, "y": 8562.0}, {"i": 50, "x": 2070.0, "y": 1218.0}, {"i": 51, "x": 2088.0, "y": 3612.0}, {"i": 52, "x": 2122.0, "y": 7148.0}, {"i": 53, "x": 2164.0, "y": 3478.0}, {"i": 54, "x": 2186.0, "y": 7100.0}, {"i": 55, "x": 2288.0, "y": 4846.0}, {"i": 56, "x": 2486.0, "y": 10046.0}, {"i": 57, "x": 2526.0, "y": 2454.0}, {"i": 58, "x": 2634.0, "y": 2530.0}, {"i": 59, "x": 2644.0, "y": 6848.0}, {"i": 60, "x": 2650.0, "y": 6638.0}, {"i": 61, "x": 2658.0, "y": 6084.0}, {"i": 62, "x": 2722.0, "y": 7952.0}, {"i": 63, "x": 2742.0, "y": 5228.0}, {"i": 64, "x": 2828.0, "y": 1128.0}, {"i": 65, "x": 2864.0, "y": 594.0}, {"i": 66, "x": 2984.0, "y": 9860.0}, {"i": 67, "x": 3082.0, "y": 7772.0}, {"i": 68, "x": 3128.0, "y": 4416.0}, {"i": 69, "x": 3170.0, "y": 4390.0}, {"i": 70, "x": 3216.0, "y": 4578.0}, {"i": 71, "x": 3230.0, "y": 7454.0}, {"i": 72, "x": 3272.0, "y": 5634.0}, {"i": 73, "x": 3316.0, "y": 6382.0}, {"i": 74, "x": 3360.0, "y": 6604.0}, {"i": 75, "x": 3424.0, "y": 7008.0}, {"i": 76, "x": 3438.0, "y": 7302.0}, {"i": 77, "x": 3456.0, "y": 4184.0}, {"i": 78, "x": 3474.0, "y": 6864.0}, {"i": 79, "x": 3522.0, "y": 334.0}, {"i": 80, "x": 3540.0, "y": 12208.0}, {"i": 81, "x": 3586.0, "y": 5380.0}, {"i": 82, "x": 3620.0, "y": 5808.0}, {"i": 83, "x": 3638.0, "y": 4790.0}, {"i": 84, "x": 3638.0, "y": 10980.0}, {"i": 85, "x": 3660.0, "y": 5184.0}, {"i": 86, "x": 3756.0, "y": 7736.0}, {"i": 87, "x": 3778.0, "y": 5892.0}, {"i": 88, "x": 3808.0, "y": 5742.0}, {"i": 89, "x": 3814.0, "y": 7184.0}, {"i": 90, "x": 3816.0, "y": 6422.0}, {"i": 91, "x": 3854.0, "y": 4776.0}, {"i": 92, "x": 3862.0, "y": 3410.0}, {"i": 93, "x": 3944.0, "y": 6604.0}, {"i": 94, "x": 4004.0, "y": 5790.0}, {"i": 95, "x": 4022.0, "y": 7506.0}, {"i": 96, "x": 4038.0, "y": 6352.0}, {"i": 97, "x": 4054.0, "y": 216.0}, {"i": 98, "x": 4076.0, "y": 4990.0}, {"i": 99, "x": 4106.0, "y": 4526.0}, {"i": 100, "x": 4242.0, "y": 7890.0}, {"i": 101, "x": 4288.0, "y": 2970.0}, {"i": 102, "x": 4374.0, "y": 674.0}, {"i": 103, "x": 4406.0, "y": 4644.0}, {"i": 104, "x": 4434.0, "y": 4724.0}, {"i": 105, "x": 4474.0, "y": 6312.0}, {"i": 106, "x": 4532.0, "y": 7356.0}, {"i": 107, "x": 4572.0, "y": 1148.0}, {"i": 108, "x": 4680.0, "y": 6594.0}, {"i": 109, "x": 4686.0, "y": 1176.0}, {"i": 110, "x": 4694.0, "y": 7826.0}, {"i": 111, "x": 4704.0, "y": 4648.0}, {"i": 112, "x": 4704.0, "y": 7400.0}, {"i": 113, "x": 4718.0, "y": 11830.0}, {"i": 114, "x": 4782.0, "y": 8008.0}, {"i": 115, "x": 4814.0, "y": 11676.0}, {"i": 116, "x": 4904.0, "y": 522.0}, {"i": 117, "x": 4906.0, "y": 6810.0}, {"i": 118, "x": 4948.0, "y": 3958.0}, {"i": 119, "x": 4970.0, "y": 6678.0}, {"i": 120, "x": 4974.0, "y": 8674.0}, {"i": 121, "x": 5000.0, "y": 7644.0}, {"i": 122, "x": 5060.0, "y": 6536.0}, {"i": 123, "x": 5074.0, "y": 5246.0}, {"i": 124, "x": 5150.0, "y": 7394.0}, {"i": 125, "x": 5166.0, "y": 7898.0}, {"i": 126, "x": 5212.0, "y": 5056.0}, {"i": 127, "x": 5262.0, "y": 7922.0}, {"i": 128, "x": 5304.0, "y": 6530.0}, {"i": 129, "x": 5314.0, "y": 6028.0}, {"i": 130, "x": 5346.0, "y": 5152.0}, {"i": 131, "x": 5420.0, "y": 7908.0}, {"i": 132, "x": 5460.0, "y": 2520.0}, {"i": 133, "x": 5460.0, "y": 6144.0}, {"i": 134, "x": 5506.0, "y": 2538.0}, {"i": 135, "x": 5538.0, "y": 5740.0}, {"i": 136, "x": 5554.0, "y": 812.0}, {"i": 137, "x": 5638.0, "y": 864.0}, {"i": 138, "x": 5678.0, "y": 11104.0}, {"i": 139, "x": 5716.0, "y": 478.0}, {"i": 140, "x": 5764.0, "y": 10612.0}, {"i": 141, "x": 5814.0, "y": 8214.0}, {"i": 142, "x": 5888.0, "y": 5654.0}, {"i": 143, "x": 5920.0, "y": 6698.0}, {"i": 144, "x": 5990.0, "y": 656.0}, {"i": 145, "x": 5992.0, "y": 2646.0}, {"i": 146, "x": 6038.0, "y": 1054.0}, {"i": 147, "x": 6082.0, "y": 750.0}, {"i": 148, "x": 6116.0, "y": 10568.0}, {"i": 149, "x": 6118.0, "y": 466.0}, {"i": 150, "x": 6160.0, "y": 7174.0}, {"i": 151, "x": 6216.0, "y": 5862.0}, {"i": 152, "x": 6228.0, "y": 11726.0}, {"i": 153, "x": 6318.0, "y": 9484.0}, {"i": 154, "x": 6414.0, "y": 7594.0}, {"i": 155, "x": 6430.0, "y": 9816.0}, {"i": 156, "x": 6434.0, "y": 6866.0}, {"i": 157, "x": 6474.0, "y": 8160.0}, {"i": 158, "x": 6518.0, "y": 1854.0}, {"i": 159, "x": 6548.0, "y": 9734.0}, {"i": 160, "x": 6580.0, "y": 7498.0}, {"i": 161, "x": 6628.0, "y": 10114.0}, {"i": 162, "x": 6658.0, "y": 9632.0}, {"i": 163, "x": 6660.0, "y": 794.0}, {"i": 164, "x": 6694.0, "y": 10748.0}, {"i": 165, "x": 6708.0, "y": 9324.0}, {"i": 166, "x": 6744.0, "y": 106.0}, {"i": 167, "x": 6748.0, "y": 118.0}, {"i": 168, "x": 6758.0, "y": 9224.0}, {"i": 169, "x": 6818.0, "y": 558.0}, {"i": 170, "x": 6820.0, "y": 9056.0}, {"i": 171, "x": 6928.0, "y": 950.0}, {"i": 172, "x": 6988.0, "y": 444.0}, {"i": 173, "x": 7028.0, "y": 6052.0}, {"i": 174, "x": 7030.0, "y": 4714.0}, {"i": 175, "x": 7068.0, "y": 9436.0}, {"i": 176, "x": 7076.0, "y": 7714.0}, {"i": 177, "x": 7110.0, "y": 2012.0}, {"i": 178, "x": 7114.0, "y": 6984.0}, {"i": 179, "x": 7152.0, "y": 8690.0}, {"i": 180, "x": 7250.0, "y": 6246.0}, {"i": 181, "x": 7302.0, "y": 2258.0}, {"i": 182, "x": 7464.0, "y": 3640.0}, {"i": 183, "x": 7534.0, "y": 3772.0}, {"i": 184, "x": 7568.0, "y": 1784.0}, {"i": 185, "x": 7614.0, "y": 8208.0}, {"i": 186, "x": 7650.0, "y": 3828.0}, {"i": 187, "x": 7708.0, "y": 172.0}, {"i": 188, "x": 7852.0, "y": 3288.0}, {"i": 189, "x": 7854.0, "y": 3900.0}, {"i": 190, "x": 7934.0, "y": 500.0}, {"i": 191, "x": 7994.0, "y": 3782.0}, {"i": 192, "x": 8012.0, "y": 11064.0}, {"i": 193, "x": 8044.0, "y": 4328.0}, {"i": 194, "x": 8058.0, "y": 9674.0}, {"i": 195, "x": 8082.0, "y": 5350.0}, {"i": 196, "x": 8220.0, "y": 9436.0}, {"i": 197, "x": 8238.0, "y": 4040.0}, {"i": 198, "x": 8272.0, "y": 11954.0}, {"i": 199, "x": 8278.0, "y": 12070.0}, {"i": 200, "x": 8282.0, "y": 5690.0}, {"i": 201, "x": 8352.0, "y": 10620.0}, {"i": 202, "x": 8478.0, "y": 6418.0}, {"i": 203, "x": 8544.0, "y": 5236.0}, {"i": 204, "x": 8566.0, "y": 5306.0}, {"i": 205, "x": 8586.0, "y": 10228.0}, {"i": 206, "x": 8600.0, "y": 1394.0}, {"i": 207, "x": 8704.0, "y": 6318.0}, {"i": 208, "x": 8734.0, "y": 8762.0}, {"i": 209, "x": 8868.0, "y": 5800.0}, {"i": 210, "x": 8894.0, "y": 3674.0}, {"i": 211, "x": 8932.0, "y": 6484.0}, {"i": 212, "x": 9048.0, "y": 3228.0}, {"i": 213, "x": 9092.0, "y": 1808.0}, {"i": 214, "x": 9184.0, "y": 2964.0}, {"i": 215, "x": 9204.0, "y": 1870.0}, {"i": 216, "x": 9220.0, "y": 5314.0}, {"i": 217, "x": 9256.0, "y": 410.0}, {"i": 218, "x": 9310.0, "y": 2558.0}, {"i": 219, "x": 9350.0, "y": 8778.0}, {"i": 220, "x": 9382.0, "y": 11720.0}, {"i": 221, "x": 9384.0, "y": 7546.0}, {"i": 222, "x": 9402.0, "y": 5370.0}, {"i": 223, "x": 9410.0, "y": 718.0}, {"i": 224, "x": 9494.0, "y": 3126.0}, {"i": 225, "x": 9526.0, "y": 446.0}, {"i": 226, "x": 9578.0, "y": 5424.0}, {"i": 227, "x": 9708.0, "y": 1020.0}, {"i": 228, "x": 9802.0, "y": 2858.0}, {"i": 229, "x": 9802.0, "y": 3132.0}, {"i": 230, "x": 9840.0, "y": 1896.0}, {"i": 231, "x": 9904.0, "y": 3058.0}, {"i": 232, "x": 9926.0, "y": 298.0}, {"i": 233, "x": 9940.0, "y": 1206.0}, {"i": 234, "x": 9956.0, "y": 7742.0}, {"i": 235, "x": 10048.0, "y": 3388.0}, {"i": 236, "x": 10080.0, "y": 7596.0}, {"i": 237, "x": 10102.0, "y": 2214.0}, {"i": 238, "x": 10114.0, "y": 8046.0}, {"i": 239, "x": 10124.0, "y": 8068.0}, {"i": 240, "x": 10128.0, "y": 5046.0}, {"i": 241, "x": 10130.0, "y": 1642.0}, {"i": 242, "x": 10140.0, "y": 6474.0}, {"i": 243, "x": 10142.0, "y": 6418.0}, {"i": 244, "x": 10176.0, "y": 4200.0}, {"i": 245, "x": 10182.0, "y": 412.0}, {"i": 246, "x": 10192.0, "y": 5440.0}, {"i": 247, "x": 10194.0, "y": 4092.0}, {"i": 248, "x": 10200.0, "y": 564.0}, {"i": 249, "x": 10204.0, "y": 6774.0}, {"i": 250, "x": 10224.0, "y": 1752.0}, {"i": 251, "x": 10258.0, "y": 9640.0}, {"i": 252, "x": 10270.0, "y": 11000.0}, {"i": 253, "x": 10278.0, "y": 11004.0}, {"i": 254, "x": 10340.0, "y": 11114.0}, {"i": 255, "x": 10344.0, "y": 1056.0}, {"i": 256, "x": 10346.0, "y": 8764.0}, {"i": 257, "x": 10352.0, "y": 2984.0}, {"i": 258, "x": 10392.0, "y": 4162.0}, {"i": 259, "x": 10424.0, "y": 6856.0}, {"i": 260, "x": 10426.0, "y": 1064.0}, {"i": 261, "x": 10458.0, "y": 5574.0}, {"i": 262, "x": 10460.0, "y": 2122.0}, {"i": 263, "x": 10476.0, "y": 1442.0}, {"i": 264, "x": 10488.0, "y": 2572.0}, {"i": 265, "x": 10518.0, "y": 3426.0}, {"i": 266, "x": 10534.0, "y": 2526.0}, {"i": 267, "x": 10538.0, "y": 5844.0}, {"i": 268, "x": 10556.0, "y": 724.0}, {"i": 269, "x": 10568.0, "y": 1016.0}, {"i": 270, "x": 10574.0, "y": 2688.0}, {"i": 271, "x": 10594.0, "y": 4768.0}, {"i": 272, "x": 10608.0, "y": 5776.0}, {"i": 273, "x": 10706.0, "y": 2064.0}, {"i": 274, "x": 10752.0, "y": 3108.0}, {"i": 275, "x": 10820.0, "y": 3272.0}, {"i": 276, "x": 10898.0, "y": 2792.0}, {"i": 277, "x": 10906.0, "y": 6054.0}, {"i": 278, "x": 10908.0, "y": 2228.0}, {"i": 279, "x": 10952.0, "y": 7906.0}, {"i": 280, "x": 10998.0, "y": 10016.0}, {"i": 281, "x": 11016.0, "y": 6658.0}, {"i": 282, "x": 11020.0, "y": 58.0}, {"i": 283, "x": 11038.0, "y": 6496.0}, {"i": 284, "x": 11060.0, "y": 1118.0}, {"i": 285, "x": 11066.0, "y": 3126.0}, {"i": 286, "x": 11108.0, "y": 3762.0}, {"i": 287, "x": 11128.0, "y": 3596.0}, {"i": 288, "x": 11150.0, "y": 670.0}, {"i": 289, "x": 11200.0, "y": 4038.0}, {"i": 290, "x": 11362.0, "y": 8792.0}, {"i": 291, "x": 11368.0, "y": 546.0}, {"i": 292, "x": 11430.0, "y": 1752.0}, {"i": 293, "x": 11430.0, "y": 10362.0}, {"i": 294, "x": 11470.0, "y": 322.0}, {"i": 295, "x": 11480.0, "y": 1854.0}, {"i": 296, "x": 11498.0, "y": 2818.0}, {"i": 297, "x": 11508.0, "y": 6070.0}, {"i": 298, "x": 11538.0, "y": 4646.0}, {"i": 299, "x": 11584.0, "y": 1002.0}, {"i": 300, "x": 11600.0, "y": 3610.0}, {"i": 301, "x": 11614.0, "y": 6268.0}, {"i": 302, "x": 11642.0, "y": 4400.0}, {"i": 303, "x": 11680.0, "y": 1424.0}, {"i": 304, "x": 11682.0, "y": 5382.0}, {"i": 305, "x": 11736.0, "y": 3560.0}, {"i": 306, "x": 11792.0, "y": 6456.0}, {"i": 307, "x": 11814.0, "y": 558.0}, {"i": 308, "x": 11830.0, "y": 7552.0}, {"i": 309, "x": 11852.0, "y": 4148.0}, {"i": 310, "x": 11874.0, "y": 3868.0}, {"i": 311, "x": 11962.0, "y": 3540.0}, {"i": 312, "x": 11964.0, "y": 1458.0}, {"i": 313, "x": 11964.0, "y": 1922.0}, {"i": 314, "x": 12006.0, "y": 3260.0}, {"i": 315, "x": 12054.0, "y": 5838.0}, {"i": 316, "x": 12056.0, "y": 6286.0}, {"i": 317, "x": 12074.0, "y": 1734.0}, {"i": 318, "x": 12092.0, "y": 2178.0}, {"i": 319, "x": 12102.0, "y": 2436.0}, {"i": 320, "x": 12184.0, "y": 1438.0}, {"i": 321, "x": 12190.0, "y": 1462.0}, {"i": 322, "x": 12220.0, "y": 2870.0}, {"i": 323, "x": 12238.0, "y": 1404.0}, {"i": 324, "x": 12250.0, "y": 10740.0}, {"i": 325, "x": 12342.0, "y": 280.0}, {"i": 326, "x": 12354.0, "y": 716.0}, {"i": 327, "x": 12372.0, "y": 9556.0}, {"i": 328, "x": 12402.0, "y": 260.0}, {"i": 329, "x": 12420.0, "y": 1318.0}, {"i": 330, "x": 12428.0, "y": 5246.0}, {"i": 331, "x": 12430.0, "y": 958.0}, {"i": 332, "x": 12462.0, "y": 1830.0}, {"i": 333, "x": 12462.0, "y": 5158.0}, {"i": 334, "x": 12470.0, "y": 5102.0}, {"i": 335, "x": 12472.0, "y": 5908.0}, {"i": 336, "x": 12482.0, "y": 3824.0}, {"i": 337, "x": 12618.0, "y": 7142.0}, {"i": 338, "x": 12646.0, "y": 3298.0}, {"i": 339, "x": 12706.0, "y": 2530.0}, {"i": 340, "x": 12706.0, "y": 2690.0}, {"i": 341, "x": 12768.0, "y": 2638.0}, {"i": 342, "x": 12768.0, "y": 10014.0}, {"i": 343, "x": 12836.0, "y": 8.0}, {"i": 344, "x": 12858.0, "y": 4398.0}, {"i": 345, "x": 12862.0, "y": 7220.0}, {"i": 346, "x": 12880.0, "y": 2392.0}, {"i": 347, "x": 12898.0, "y": 5138.0}, {"i": 348, "x": 12928.0, "y": 9790.0}, {"i": 349, "x": 12988.0, "y": 3620.0}, {"i": 350, "x": 13032.0, "y": 6844.0}, {"i": 351, "x": 13054.0, "y": 1518.0}, {"i": 352, "x": 13056.0, "y": 11014.0}, {"i": 353, "x": 13058.0, "y": 11226.0}, {"i": 354, "x": 13084.0, "y": 1632.0}, {"i": 355, "x": 13086.0, "y": 914.0}, {"i": 356, "x": 13088.0, "y": 610.0}, {"i": 357, "x": 13098.0, "y": 4036.0}, {"i": 358, "x": 13112.0, "y": 4534.0}, {"i": 359, "x": 13128.0, "y": 4616.0}, {"i": 360, "x": 13178.0, "y": 1970.0}, {"i": 361, "x": 13180.0, "y": 7602.0}, {"i": 362, "x": 13206.0, "y": 2226.0}, {"i": 363, "x": 13218.0, "y": 12342.0}, {"i": 364, "x": 13220.0, "y": 6384.0}, {"i": 365, "x": 13224.0, "y": 4434.0}, {"i": 366, "x": 13228.0, "y": 3450.0}, {"i": 367, "x": 13248.0, "y": 8434.0}, {"i": 368, "x": 13260.0, "y": 4728.0}, {"i": 369, "x": 13264.0, "y": 3544.0}, {"i": 370, "x": 13276.0, "y": 2160.0}, {"i": 371, "x": 13286.0, "y": 8106.0}, {"i": 372, "x": 13294.0, "y": 4822.0}, {"i": 373, "x": 13324.0, "y": 2516.0}, {"i": 374, "x": 13344.0, "y": 6062.0}, {"i": 375, "x": 13350.0, "y": 4278.0}, {"i": 376, "x": 13432.0, "y": 6442.0}, {"i": 377, "x": 13452.0, "y": 8064.0}, {"i": 378, "x": 13456.0, "y": 9022.0}, {"i": 379, "x": 13472.0, "y": 3058.0}, {"i": 380, "x": 13486.0, "y": 5296.0}, {"i": 381, "x": 13518.0, "y": 5352.0}, {"i": 382, "x": 13548.0, "y": 6310.0}, {"i": 383, "x": 13552.0, "y": 1678.0}, {"i": 384, "x": 13584.0, "y": 2318.0}, {"i": 385, "x": 13640.0, "y": 4994.0}, {"i": 386, "x": 13710.0, "y": 5558.0}, {"i": 387, "x": 13714.0, "y": 1880.0}, {"i": 388, "x": 13736.0, "y": 604.0}, {"i": 389, "x": 13754.0, "y": 816.0}, {"i": 390, "x": 13808.0, "y": 3736.0}, {"i": 391, "x": 13820.0, "y": 5148.0}, {"i": 392, "x": 13886.0, "y": 3484.0}, {"i": 393, "x": 13920.0, "y": 4078.0}, {"i": 394, "x": 13934.0, "y": 4050.0}, {"i": 395, "x": 13942.0, "y": 1946.0}, {"i": 396, "x": 13958.0, "y": 864.0}, {"i": 397, "x": 14060.0, "y": 1138.0}, {"i": 398, "x": 14066.0, "y": 4178.0}, {"i": 399, "x": 14070.0, "y": 4394.0}, {"i": 400, "x": 14134.0, "y": 3250.0}, {"i": 401, "x": 14178.0, "y": 7104.0}, {"i": 402, "x": 14180.0, "y": 4766.0}, {"i": 403, "x": 14202.0, "y": 370.0}, {"i": 404, "x": 14234.0, "y": 2834.0}, {"i": 405, "x": 14242.0, "y": 4132.0}, {"i": 406, "x": 14246.0, "y": 6236.0}, {"i": 407, "x": 14308.0, "y": 4104.0}, {"i": 408, "x": 14336.0, "y": 6470.0}, {"i": 409, "x": 14338.0, "y": 2266.0}, {"i": 410, "x": 14394.0, "y": 1850.0}, {"i": 411, "x": 14414.0, "y": 3918.0}, {"i": 412, "x": 14432.0, "y": 4078.0}, {"i": 413, "x": 14440.0, "y": 6648.0}, {"i": 414, "x": 14454.0, "y": 1230.0}, {"i": 415, "x": 14456.0, "y": 4406.0}, {"i": 416, "x": 14476.0, "y": 4856.0}, {"i": 417, "x": 14484.0, "y": 5674.0}, {"i": 418, "x": 14526.0, "y": 4902.0}, {"i": 419, "x": 14564.0, "y": 5904.0}, {"i": 420, "x": 14630.0, "y": 1642.0}, {"i": 421, "x": 14670.0, "y": 3352.0}, {"i": 422, "x": 14680.0, "y": 4460.0}, {"i": 423, "x": 14692.0, "y": 1662.0}, {"i": 424, "x": 14720.0, "y": 56.0}, {"i": 425, "x": 14720.0, "y": 6240.0}, {"i": 426, "x": 14736.0, "y": 4690.0}, {"i": 427, "x": 14814.0, "y": 208.0}, {"i": 428, "x": 14856.0, "y": 7716.0}, {"i": 429, "x": 14890.0, "y": 1900.0}, {"i": 430, "x": 14930.0, "y": 11392.0}, {"i": 431, "x": 14932.0, "y": 6758.0}, {"i": 432, "x": 14932.0, "y": 12982.0}, {"i": 433, "x": 14934.0, "y": 4006.0}, {"i": 434, "x": 15000.0, "y": 1012.0}, {"i": 435, "x": 15064.0, "y": 2772.0}, {"i": 436, "x": 15144.0, "y": 5628.0}, {"i": 437, "x": 15186.0, "y": 13148.0}, {"i": 438, "x": 15248.0, "y": 774.0}, {"i": 439, "x": 15250.0, "y": 2588.0}, {"i": 440, "x": 15318.0, "y": 2232.0}, {"i": 441, "x": 15384.0, "y": 4880.0}, {"i": 442, "x": 15390.0, "y": 12124.0}, {"i": 443, "x": 15394.0, "y": 7798.0}, {"i": 444, "x": 15414.0, "y": 13284.0}, {"i": 445, "x": 15418.0, "y": 13852.0}, {"i": 446, "x": 15454.0, "y": 11624.0}, {"i": 447, "x": 15510.0, "y": 7994.0}, {"i": 448, "x": 15588.0, "y": 5464.0}, {"i": 449, "x": 15662.0, "y": 5784.0}, {"i": 450, "x": 15698.0, "y": 6142.0}, {"i": 451, "x": 15730.0, "y": 6196.0}, {"i": 452, "x": 15744.0, "y": 1696.0}, {"i": 453, "x": 15772.0, "y": 272.0}, {"i": 454, "x": 15810.0, "y": 6778.0}, {"i": 455, "x": 15818.0, "y": 3422.0}, {"i": 456, "x": 15818.0, "y": 11360.0}, {"i": 457, "x": 15826.0, "y": 10954.0}, {"i": 458, "x": 15864.0, "y": 4506.0}, {"i": 459, "x": 15874.0, "y": 3908.0}, {"i": 460, "x": 15930.0, "y": 4058.0}, {"i": 461, "x": 15950.0, "y": 5548.0}, {"i": 462, "x": 15950.0, "y": 11778.0}, {"i": 463, "x": 15970.0, "y": 9674.0}, {"i": 464, "x": 15972.0, "y": 5854.0}, {"i": 465, "x": 15990.0, "y": 7510.0}, {"i": 466, "x": 16012.0, "y": 5470.0}, {"i": 467, "x": 16012.0, "y": 6512.0}, {"i": 468, "x": 16018.0, "y": 11620.0}, {"i": 469, "x": 16030.0, "y": 3960.0}, {"i": 470, "x": 16036.0, "y": 1662.0}, {"i": 471, "x": 16168.0, "y": 114.0}, {"i": 472, "x": 16206.0, "y": 1132.0}, {"i": 473, "x": 16224.0, "y": 6208.0}, {"i": 474, "x": 16262.0, "y": 644.0}, {"i": 475, "x": 16302.0, "y": 2490.0}, {"i": 476, "x": 16362.0, "y": 5316.0}, {"i": 477, "x": 16466.0, "y": 4328.0}, {"i": 478, "x": 16500.0, "y": 7106.0}, {"i": 479, "x": 16562.0, "y": 784.0}, {"i": 480, "x": 16604.0, "y": 7668.0}, {"i": 481, "x": 16628.0, "y": 7234.0}, {"i": 482, "x": 16636.0, "y": 7532.0}, {"i": 483, "x": 16662.0, "y": 2838.0}, {"i": 484, "x": 16682.0, "y": 3110.0}, {"i": 485, "x": 16720.0, "y": 3664.0}, {"i": 486, "x": 16722.0, "y": 6398.0}, {"i": 487, "x": 16804.0, "y": 12660.0}, {"i": 488, "x": 16806.0, "y": 2212.0}, {"i": 489, "x": 16820.0, "y": 7762.0}, {"i": 490, "x": 16872.0, "y": 5584.0}, {"i": 491, "x": 16958.0, "y": 9698.0}, {"i": 492, "x": 16970.0, "y": 3998.0}, {"i": 493, "x": 17000.0, "y": 4458.0}, {"i": 494, "x": 17064.0, "y": 3796.0}, {"i": 495, "x": 17070.0, "y": 9172.0}, {"i": 496, "x": 17088.0, "y": 6996.0}, {"i": 497, "x": 17176.0, "y": 2436.0}, {"i": 498, "x": 17204.0, "y": 7826.0}, {"i": 499, "x": 17220.0, "y": 9904.0}, {"i": 500, "x": 17224.0, "y": 6206.0}, {"i": 501, "x": 17276.0, "y": 11682.0}, {"i": 502, "x": 17314.0, "y": 6688.0}, {"i": 503, "x": 17378.0, "y": 3604.0}, {"i": 504, "x": 17432.0, "y": 6184.0}, {"i": 505, "x": 17436.0, "y": 6686.0}, {"i": 506, "x": 17436.0, "y": 7854.0}, {"i": 507, "x": 17460.0, "y": 3022.0}, {"i": 508, "x": 17478.0, "y": 2026.0}, {"i": 509, "x": 17542.0, "y": 6760.0}, {"i": 510, "x": 17550.0, "y": 3766.0}, {"i": 511, "x": 17556.0, "y": 4104.0}, {"i": 512, "x": 17566.0, "y": 7546.0}, {"i": 513, "x": 17572.0, "y": 7000.0}, {"i": 514, "x": 17592.0, "y": 2196.0}, {"i": 515, "x": 17634.0, "y": 9432.0}, {"i": 516, "x": 17686.0, "y": 6766.0}, {"i": 517, "x": 17760.0, "y": 856.0}, {"i": 518, "x": 17800.0, "y": 2756.0}, {"i": 519, "x": 17836.0, "y": 4452.0}, {"i": 520, "x": 17844.0, "y": 7710.0}, {"i": 521, "x": 17876.0, "y": 960.0}, {"i": 522, "x": 17920.0, "y": 706.0}, {"i": 523, "x": 17990.0, "y": 4388.0}, {"i": 524, "x": 18076.0, "y": 6044.0}, {"i": 525, "x": 18136.0, "y": 9090.0}, {"i": 526, "x": 18226.0, "y": 2182.0}, {"i": 527, "x": 18272.0, "y": 2852.0}, {"i": 528, "x": 18316.0, "y": 4546.0}, {"i": 529, "x": 18318.0, "y": 1564.0}, {"i": 530, "x": 18342.0, "y": 8536.0}, {"i": 531, "x": 18376.0, "y": 1590.0}, {"i": 532, "x": 18400.0, "y": 11492.0}, {"i": 533, "x": 18430.0, "y": 4052.0}, {"i": 534, "x": 18430.0, "y": 11712.0}, {"i": 535, "x": 18434.0, "y": 12218.0}, {"i": 536, "x": 18436.0, "y": 7176.0}, {"i": 537, "x": 18490.0, "y": 2940.0}, {"i": 538, "x": 18512.0, "y": 11060.0}, {"i": 539, "x": 18580.0, "y": 3058.0}, {"i": 540, "x": 18598.0, "y": 444.0}, {"i": 541, "x": 18602.0, "y": 5430.0}, {"i": 542, "x": 18646.0, "y": 4104.0}, {"i": 543, "x": 18676.0, "y": 7172.0}, {"i": 544, "x": 18684.0, "y": 8616.0}, {"i": 545, "x": 18702.0, "y": 1058.0}, {"i": 546, "x": 18718.0, "y": 1084.0}, {"i": 547, "x": 18884.0, "y": 6004.0}, {"i": 548, "x": 18948.0, "y": 5610.0}, {"i": 549, "x": 18954.0, "y": 1354.0}, {"i": 550, "x": 19072.0, "y": 7818.0}, {"i": 551, "x": 19248.0, "y": 2012.0}, {"i": 552, "x": 19276.0, "y": 3488.0}, {"i": 553, "x": 19292.0, "y": 5272.0}, {"i": 554, "x": 19294.0, "y": 4128.0}, {"i": 555, "x": 19320.0, "y": 3166.0}, {"i": 556, "x": 19376.0, "y": 8074.0}, {"i": 557, "x": 19386.0, "y": 12368.0}, {"i": 558, "x": 19432.0, "y": 8182.0}, {"i": 559, "x": 19448.0, "y": 3408.0}, {"i": 560, "x": 19488.0, "y": 5722.0}, {"i": 561, "x": 19590.0, "y": 5434.0}, {"i": 562, "x": 19598.0, "y": 6476.0}, {"i": 563, "x": 19604.0, "y": 7522.0}, {"i": 564, "x": 19608.0, "y": 6844.0}, {"i": 565, "x": 19612.0, "y": 8062.0}, {"i": 566, "x": 19622.0, "y": 8410.0}, {"i": 567, "x": 19656.0, "y": 9248.0}, {"i": 568, "x": 19678.0, "y": 4066.0}, {"i": 569, "x": 19692.0, "y": 8474.0}, {"i": 570, "x": 19760.0, "y": 7618.0}, {"i": 571, "x": 19802.0, "y": 5670.0}, {"i": 572, "x": 19884.0, "y": 1100.0}, {"i": 573, "x": 19934.0, "y": 3980.0}, {"i": 574, "x": 20096.0, "y": 5458.0}, {"i": 575, "x": 20106.0, "y": 4448.0}, {"i": 576, "x": 20126.0, "y": 10962.0}, {"i": 577, "x": 20152.0, "y": 3372.0}, {"i": 578, "x": 20182.0, "y": 5164.0}, {"i": 579, "x": 20230.0, "y": 5260.0}, {"i": 580, "x": 20282.0, "y": 5036.0}, {"i": 581, "x": 20338.0, "y": 5194.0}, {"i": 582, "x": 20376.0, "y": 6054.0}, {"i": 583, "x": 20428.0, "y": 7690.0}, {"i": 584, "x": 20442.0, "y": 3006.0}, {"i": 585, "x": 20452.0, "y": 5286.0}, {"i": 586, "x": 20724.0, "y": 6156.0}, {"i": 587, "x": 20812.0, "y": 1044.0}, {"i": 588, "x": 20942.0, "y": 3216.0}, {"i": 589, "x": 20944.0, "y": 3804.0}, {"i": 590, "x": 21010.0, "y": 3412.0}, {"i": 591, "x": 21058.0, "y": 2816.0}, {"i": 592, "x": 21074.0, "y": 2534.0}, {"i": 593, "x": 21150.0, "y": 3550.0}, {"i": 594, "x": 21210.0, "y": 7622.0}, {"i": 595, "x": 21218.0, "y": 10014.0}, {"i": 596, "x": 21234.0, "y": 7840.0}, {"i": 597, "x": 21354.0, "y": 6380.0}, {"i": 598, "x": 21358.0, "y": 9564.0}, {"i": 599, "x": 21482.0, "y": 1734.0}, {"i": 600, "x": 21610.0, "y": 2646.0}, {"i": 601, "x": 21616.0, "y": 2588.0}, {"i": 602, "x": 21690.0, "y": 10018.0}, {"i": 603, "x": 21714.0, "y": 1974.0}, {"i": 604, "x": 21748.0, "y": 902.0}, {"i": 605, "x": 21822.0, "y": 4126.0}, {"i": 606, "x": 21848.0, "y": 3442.0}, {"i": 607, "x": 21884.0, "y": 5542.0}, {"i": 608, "x": 21920.0, "y": 5496.0}, {"i": 609, "x": 21934.0, "y": 7926.0}, {"i": 610, "x": 22034.0, "y": 7686.0}, {"i": 611, "x": 22114.0, "y": 5308.0}, {"i": 612, "x": 22156.0, "y": 1642.0}, {"i": 613, "x": 22208.0, "y": 5214.0}, {"i": 614, "x": 22222.0, "y": 7574.0}, {"i": 615, "x": 22342.0, "y": 7566.0}, {"i": 616, "x": 22376.0, "y": 2448.0}, {"i": 617, "x": 22384.0, "y": 1922.0}, {"i": 618, "x": 22422.0, "y": 9862.0}, {"i": 619, "x": 22426.0, "y": 5708.0}, {"i": 620, "x": 22484.0, "y": 4036.0}, {"i": 621, "x": 22516.0, "y": 1754.0}, {"i": 622, "x": 22590.0, "y": 3078.0}, {"i": 623, "x": 22590.0, "y": 5712.0}, {"i": 624, "x": 22654.0, "y": 5064.0}, {"i": 625, "x": 22678.0, "y": 5316.0}, {"i": 626, "x": 22698.0, "y": 2834.0}, {"i": 627, "x": 22718.0, "y": 428.0}, {"i": 628, "x": 22772.0, "y": 5746.0}, {"i": 629, "x": 22782.0, "y": 5930.0}, {"i": 630, "x": 22836.0, "y": 4036.0}, {"i": 631, "x": 22908.0, "y": 2752.0}, {"i": 632, "x": 22912.0, "y": 1540.0}, {"i": 633, "x": 22964.0, "y": 26.0}, {"i": 634, "x": 22968.0, "y": 3852.0}, {"i": 635, "x": 23032.0, "y": 3288.0}, {"i": 636, "x": 23066.0, "y": 7672.0}, {"i": 637, "x": 23130.0, "y": 11010.0}, {"i": 638, "x": 23212.0, "y": 3222.0}, {"i": 639, "x": 23304.0, "y": 2418.0}, {"i": 640, "x": 23358.0, "y": 1910.0}, {"i": 641, "x": 23362.0, "y": 3270.0}, {"i": 642, "x": 23394.0, "y": 7096.0}, {"i": 643, "x": 23458.0, "y": 3248.0}, {"i": 644, "x": 23556.0, "y": 7746.0}, {"i": 645, "x": 23584.0, "y": 2516.0}, {"i": 646, "x": 23606.0, "y": 5848.0}, {"i": 647, "x": 23754.0, "y": 1412.0}, {"i": 648, "x": 23782.0, "y": 6432.0}, {"i": 649, "x": 23906.0, "y": 5204.0}, {"i": 650, "x": 23920.0, "y": 8568.0}, {"i": 651, "x": 23984.0, "y": 6124.0}, {"i": 652, "x": 24030.0, "y": 6408.0}, {"i": 653, "x": 24064.0, "y": 7688.0}, {"i": 654, "x": 24096.0, "y": 7778.0}, {"i": 655, "x": 24106.0, "y": 1654.0}, {"i": 656, "x": 24120.0, "y": 1558.0}, {"i": 657, "x": 24148.0, "y": 6718.0}, {"i": 658, "x": 24198.0, "y": 972.0}, {"i": 659, "x": 24244.0, "y": 790.0}, {"i": 660, "x": 24250.0, "y": 6718.0}, {"i": 661, "x": 24296.0, "y": 7690.0}, {"i": 662, "x": 24298.0, "y": 8588.0}, {"i": 663, "x": 24306.0, "y": 880.0}, {"i": 664, "x": 24392.0, "y": 5690.0}, {"i": 665, "x": 24430.0, "y": 5190.0}, {"i": 666, "x": 24444.0, "y": 902.0}, {"i": 667, "x": 24454.0, "y": 4676.0}, {"i": 668, "x": 24566.0, "y": 4338.0}, {"i": 669, "x": 24656.0, "y": 1392.0}, {"i": 670, "x": 24678.0, "y": 5596.0}, {"i": 671, "x": 24700.0, "y": 724.0}, {"i": 672, "x": 24712.0, "y": 944.0}, {"i": 673, "x": 24738.0, "y": 3920.0}, {"i": 674, "x": 24750.0, "y": 944.0}, {"i": 675, "x": 24776.0, "y": 5990.0}, {"i": 676, "x": 24802.0, "y": 1218.0}, {"i": 677, "x": 24850.0, "y": 6148.0}, {"i": 678, "x": 24888.0, "y": 1592.0}, {"i": 679, "x": 24974.0, "y": 4468.0}, {"i": 680, "x": 24996.0, "y": 8580.0}, {"i": 681, "x": 25026.0, "y": 1144.0}, {"i": 682, "x": 25066.0, "y": 2302.0}, {"i": 683, "x": 25090.0, "y": 1502.0}, {"i": 684, "x": 25104.0, "y": 1516.0}, {"i": 685, "x": 25154.0, "y": 4192.0}, {"i": 686, "x": 25156.0, "y": 8596.0}, {"i": 687, "x": 25222.0, "y": 4656.0}, {"i": 688, "x": 25248.0, "y": 3158.0}, {"i": 689, "x": 25264.0, "y": 3788.0}, {"i": 690, "x": 25282.0, "y": 270.0}, {"i": 691, "x": 25306.0, "y": 8462.0}, {"i": 692, "x": 25334.0, "y": 2096.0}, {"i": 693, "x": 25366.0, "y": 2188.0}, {"i": 694, "x": 25376.0, "y": 7486.0}, {"i": 695, "x": 25404.0, "y": 5530.0}, {"i": 696, "x": 25448.0, "y": 7746.0}, {"i": 697, "x": 25464.0, "y": 5878.0}, {"i": 698, "x": 25480.0, "y": 3768.0}, {"i": 699, "x": 25542.0, "y": 8112.0}], "type": "Instance", "name": "paris-0000700", "meta": {"comment": "HIP even point set instance (700 points) sampled from image ", "faces_in_delaunay": 1385}}