{"points": [{"i": 0, "x": 326.0, "y": 1928.0}, {"i": 1, "x": 334.0, "y": 1812.0}, {"i": 2, "x": 486.0, "y": 6384.0}, {"i": 3, "x": 692.0, "y": 944.0}, {"i": 4, "x": 758.0, "y": 7542.0}, {"i": 5, "x": 1060.0, "y": 5556.0}, {"i": 6, "x": 1172.0, "y": 168.0}, {"i": 7, "x": 1242.0, "y": 366.0}, {"i": 8, "x": 1320.0, "y": 2068.0}, {"i": 9, "x": 1616.0, "y": 7210.0}, {"i": 10, "x": 1820.0, "y": 4504.0}, {"i": 11, "x": 1844.0, "y": 7828.0}, {"i": 12, "x": 1858.0, "y": 388.0}, {"i": 13, "x": 1884.0, "y": 324.0}, {"i": 14, "x": 1930.0, "y": 7802.0}, {"i": 15, "x": 1934.0, "y": 722.0}, {"i": 16, "x": 1990.0, "y": 2508.0}, {"i": 17, "x": 2116.0, "y": 2858.0}, {"i": 18, "x": 2222.0, "y": 1158.0}, {"i": 19, "x": 2290.0, "y": 1542.0}, {"i": 20, "x": 2316.0, "y": 340.0}, {"i": 21, "x": 2436.0, "y": 436.0}, {"i": 22, "x": 2438.0, "y": 502.0}, {"i": 23, "x": 2620.0, "y": 2310.0}, {"i": 24, "x": 2886.0, "y": 6468.0}, {"i": 25, "x": 2938.0, "y": 6260.0}, {"i": 26, "x": 3174.0, "y": 7784.0}, {"i": 27, "x": 3210.0, "y": 5074.0}, {"i": 28, "x": 3352.0, "y": 4954.0}, {"i": 29, "x": 3628.0, "y": 7938.0}, {"i": 30, "x": 3690.0, "y": 9054.0}, {"i": 31, "x": 3780.0, "y": 5202.0}, {"i": 32, "x": 3794.0, "y": 4744.0}, {"i": 33, "x": 3984.0, "y": 2808.0}, {"i": 34, "x": 4110.0, "y": 7098.0}, {"i": 35, "x": 4124.0, "y": 4558.0}, {"i": 36, "x": 4214.0, "y": 2958.0}, {"i": 37, "x": 4276.0, "y": 8670.0}, {"i": 38, "x": 4670.0, "y": 11802.0}, {"i": 39, "x": 4814.0, "y": 612.0}, {"i": 40, "x": 4874.0, "y": 7148.0}, {"i": 41, "x": 4904.0, "y": 7444.0}, {"i": 42, "x": 4936.0, "y": 3326.0}, {"i": 43, "x": 4946.0, "y": 606.0}, {"i": 44, "x": 5020.0, "y": 7268.0}, {"i": 45, "x": 5062.0, "y": 7470.0}, {"i": 46, "x": 5212.0, "y": 8052.0}, {"i": 47, "x": 5520.0, "y": 240.0}, {"i": 48, "x": 5552.0, "y": 10954.0}, {"i": 49, "x": 5564.0, "y": 7232.0}, {"i": 50, "x": 5602.0, "y": 340.0}, {"i": 51, "x": 5738.0, "y": 4746.0}, {"i": 52, "x": 5796.0, "y": 476.0}, {"i": 53, "x": 5834.0, "y": 11398.0}, {"i": 54, "x": 6016.0, "y": 780.0}, {"i": 55, "x": 6072.0, "y": 6232.0}, {"i": 56, "x": 6246.0, "y": 9186.0}, {"i": 57, "x": 6320.0, "y": 3486.0}, {"i": 58, "x": 6448.0, "y": 6518.0}, {"i": 59, "x": 6696.0, "y": 742.0}, {"i": 60, "x": 6836.0, "y": 748.0}, {"i": 61, "x": 6936.0, "y": 7814.0}, {"i": 62, "x": 7048.0, "y": 8640.0}, {"i": 63, "x": 7298.0, "y": 2766.0}, {"i": 64, "x": 7434.0, "y": 5968.0}, {"i": 65, "x": 7470.0, "y": 3624.0}, {"i": 66, "x": 7530.0, "y": 9828.0}, {"i": 67, "x": 7548.0, "y": 1832.0}, {"i": 68, "x": 7570.0, "y": 6456.0}, {"i": 69, "x": 7630.0, "y": 3472.0}, {"i": 70, "x": 7670.0, "y": 9050.0}, {"i": 71, "x": 7692.0, "y": 8608.0}, {"i": 72, "x": 7720.0, "y": 8842.0}, {"i": 73, "x": 7726.0, "y": 6384.0}, {"i": 74, "x": 7786.0, "y": 9474.0}, {"i": 75, "x": 7820.0, "y": 912.0}, {"i": 76, "x": 7934.0, "y": 8702.0}, {"i": 77, "x": 7956.0, "y": 798.0}, {"i": 78, "x": 8026.0, "y": 9370.0}, {"i": 79, "x": 8424.0, "y": 6794.0}, {"i": 80, "x": 8580.0, "y": 1034.0}, {"i": 81, "x": 8672.0, "y": 2812.0}, {"i": 82, "x": 8768.0, "y": 7324.0}, {"i": 83, "x": 8800.0, "y": 5474.0}, {"i": 84, "x": 8834.0, "y": 5840.0}, {"i": 85, "x": 8846.0, "y": 1260.0}, {"i": 86, "x": 8874.0, "y": 5850.0}, {"i": 87, "x": 8912.0, "y": 7704.0}, {"i": 88, "x": 8978.0, "y": 7320.0}, {"i": 89, "x": 9068.0, "y": 5170.0}, {"i": 90, "x": 9122.0, "y": 11824.0}, {"i": 91, "x": 9136.0, "y": 5044.0}, {"i": 92, "x": 9210.0, "y": 8774.0}, {"i": 93, "x": 9222.0, "y": 6144.0}, {"i": 94, "x": 9346.0, "y": 5544.0}, {"i": 95, "x": 9396.0, "y": 176.0}, {"i": 96, "x": 9566.0, "y": 11526.0}, {"i": 97, "x": 9638.0, "y": 134.0}, {"i": 98, "x": 9654.0, "y": 2904.0}, {"i": 99, "x": 9716.0, "y": 2192.0}, {"i": 100, "x": 9742.0, "y": 8328.0}, {"i": 101, "x": 9824.0, "y": 6022.0}, {"i": 102, "x": 9978.0, "y": 4086.0}, {"i": 103, "x": 10002.0, "y": 7666.0}, {"i": 104, "x": 10024.0, "y": 3184.0}, {"i": 105, "x": 10070.0, "y": 7780.0}, {"i": 106, "x": 10162.0, "y": 5870.0}, {"i": 107, "x": 10228.0, "y": 7510.0}, {"i": 108, "x": 10234.0, "y": 4960.0}, {"i": 109, "x": 10264.0, "y": 1486.0}, {"i": 110, "x": 10350.0, "y": 2994.0}, {"i": 111, "x": 10388.0, "y": 3354.0}, {"i": 112, "x": 10424.0, "y": 6392.0}, {"i": 113, "x": 10788.0, "y": 1276.0}, {"i": 114, "x": 10834.0, "y": 2884.0}, {"i": 115, "x": 10916.0, "y": 4320.0}, {"i": 116, "x": 10968.0, "y": 1150.0}, {"i": 117, "x": 10978.0, "y": 5984.0}, {"i": 118, "x": 11068.0, "y": 4254.0}, {"i": 119, "x": 11142.0, "y": 5250.0}, {"i": 120, "x": 11344.0, "y": 2488.0}, {"i": 121, "x": 11452.0, "y": 1566.0}, {"i": 122, "x": 11508.0, "y": 2608.0}, {"i": 123, "x": 11592.0, "y": 2852.0}, {"i": 124, "x": 11646.0, "y": 2564.0}, {"i": 125, "x": 11686.0, "y": 3360.0}, {"i": 126, "x": 11792.0, "y": 2446.0}, {"i": 127, "x": 11872.0, "y": 4734.0}, {"i": 128, "x": 11932.0, "y": 3908.0}, {"i": 129, "x": 12048.0, "y": 2216.0}, {"i": 130, "x": 12104.0, "y": 9686.0}, {"i": 131, "x": 12118.0, "y": 5830.0}, {"i": 132, "x": 12162.0, "y": 5644.0}, {"i": 133, "x": 12174.0, "y": 2844.0}, {"i": 134, "x": 12268.0, "y": 2690.0}, {"i": 135, "x": 12402.0, "y": 10782.0}, {"i": 136, "x": 12462.0, "y": 7352.0}, {"i": 137, "x": 12498.0, "y": 2942.0}, {"i": 138, "x": 12656.0, "y": 8574.0}, {"i": 139, "x": 12666.0, "y": 5330.0}, {"i": 140, "x": 12816.0, "y": 6832.0}, {"i": 141, "x": 12902.0, "y": 1814.0}, {"i": 142, "x": 12926.0, "y": 10318.0}, {"i": 143, "x": 12968.0, "y": 5738.0}, {"i": 144, "x": 12998.0, "y": 2008.0}, {"i": 145, "x": 13004.0, "y": 6852.0}, {"i": 146, "x": 13044.0, "y": 11292.0}, {"i": 147, "x": 13070.0, "y": 4066.0}, {"i": 148, "x": 13074.0, "y": 16.0}, {"i": 149, "x": 13128.0, "y": 3896.0}, {"i": 150, "x": 13138.0, "y": 8976.0}, {"i": 151, "x": 13184.0, "y": 8496.0}, {"i": 152, "x": 13228.0, "y": 7678.0}, {"i": 153, "x": 13384.0, "y": 5866.0}, {"i": 154, "x": 13414.0, "y": 5416.0}, {"i": 155, "x": 13420.0, "y": 2362.0}, {"i": 156, "x": 13492.0, "y": 4504.0}, {"i": 157, "x": 13520.0, "y": 3832.0}, {"i": 158, "x": 13526.0, "y": 7126.0}, {"i": 159, "x": 13542.0, "y": 7000.0}, {"i": 160, "x": 13550.0, "y": 1166.0}, {"i": 161, "x": 13760.0, "y": 4876.0}, {"i": 162, "x": 13824.0, "y": 1030.0}, {"i": 163, "x": 13870.0, "y": 174.0}, {"i": 164, "x": 13916.0, "y": 5052.0}, {"i": 165, "x": 14002.0, "y": 1292.0}, {"i": 166, "x": 14046.0, "y": 6264.0}, {"i": 167, "x": 14130.0, "y": 2170.0}, {"i": 168, "x": 14156.0, "y": 7782.0}, {"i": 169, "x": 14164.0, "y": 7984.0}, {"i": 170, "x": 14208.0, "y": 10306.0}, {"i": 171, "x": 14236.0, "y": 3038.0}, {"i": 172, "x": 14414.0, "y": 2650.0}, {"i": 173, "x": 14494.0, "y": 6886.0}, {"i": 174, "x": 14608.0, "y": 5932.0}, {"i": 175, "x": 14684.0, "y": 4476.0}, {"i": 176, "x": 14756.0, "y": 7804.0}, {"i": 177, "x": 14870.0, "y": 7190.0}, {"i": 178, "x": 14906.0, "y": 1986.0}, {"i": 179, "x": 14906.0, "y": 7094.0}, {"i": 180, "x": 14940.0, "y": 916.0}, {"i": 181, "x": 14996.0, "y": 1648.0}, {"i": 182, "x": 15100.0, "y": 4334.0}, {"i": 183, "x": 15108.0, "y": 13000.0}, {"i": 184, "x": 15112.0, "y": 1808.0}, {"i": 185, "x": 15168.0, "y": 7342.0}, {"i": 186, "x": 15232.0, "y": 6274.0}, {"i": 187, "x": 15278.0, "y": 12934.0}, {"i": 188, "x": 15300.0, "y": 6778.0}, {"i": 189, "x": 15312.0, "y": 286.0}, {"i": 190, "x": 15316.0, "y": 834.0}, {"i": 191, "x": 15632.0, "y": 11816.0}, {"i": 192, "x": 15784.0, "y": 7654.0}, {"i": 193, "x": 15834.0, "y": 7682.0}, {"i": 194, "x": 15840.0, "y": 2492.0}, {"i": 195, "x": 15974.0, "y": 12554.0}, {"i": 196, "x": 16012.0, "y": 4382.0}, {"i": 197, "x": 16024.0, "y": 6206.0}, {"i": 198, "x": 16108.0, "y": 9756.0}, {"i": 199, "x": 16162.0, "y": 6760.0}, {"i": 200, "x": 16330.0, "y": 7146.0}, {"i": 201, "x": 16386.0, "y": 10954.0}, {"i": 202, "x": 16396.0, "y": 4642.0}, {"i": 203, "x": 16456.0, "y": 7220.0}, {"i": 204, "x": 16614.0, "y": 5814.0}, {"i": 205, "x": 16688.0, "y": 2822.0}, {"i": 206, "x": 16694.0, "y": 4174.0}, {"i": 207, "x": 16932.0, "y": 5718.0}, {"i": 208, "x": 17012.0, "y": 7768.0}, {"i": 209, "x": 17018.0, "y": 10244.0}, {"i": 210, "x": 17128.0, "y": 6268.0}, {"i": 211, "x": 17268.0, "y": 9728.0}, {"i": 212, "x": 17280.0, "y": 9292.0}, {"i": 213, "x": 17314.0, "y": 7640.0}, {"i": 214, "x": 17412.0, "y": 3326.0}, {"i": 215, "x": 17620.0, "y": 6046.0}, {"i": 216, "x": 17738.0, "y": 7550.0}, {"i": 217, "x": 17792.0, "y": 7252.0}, {"i": 218, "x": 17912.0, "y": 1018.0}, {"i": 219, "x": 17938.0, "y": 3380.0}, {"i": 220, "x": 17942.0, "y": 10358.0}, {"i": 221, "x": 17966.0, "y": 9660.0}, {"i": 222, "x": 18100.0, "y": 2226.0}, {"i": 223, "x": 18160.0, "y": 2682.0}, {"i": 224, "x": 18250.0, "y": 4512.0}, {"i": 225, "x": 18334.0, "y": 10040.0}, {"i": 226, "x": 18338.0, "y": 5532.0}, {"i": 227, "x": 18492.0, "y": 6270.0}, {"i": 228, "x": 18554.0, "y": 2606.0}, {"i": 229, "x": 18682.0, "y": 8518.0}, {"i": 230, "x": 18706.0, "y": 3200.0}, {"i": 231, "x": 18996.0, "y": 1882.0}, {"i": 232, "x": 19054.0, "y": 4508.0}, {"i": 233, "x": 19062.0, "y": 4146.0}, {"i": 234, "x": 19074.0, "y": 5502.0}, {"i": 235, "x": 19092.0, "y": 4600.0}, {"i": 236, "x": 19132.0, "y": 2324.0}, {"i": 237, "x": 19454.0, "y": 5344.0}, {"i": 238, "x": 19512.0, "y": 6152.0}, {"i": 239, "x": 19574.0, "y": 4384.0}, {"i": 240, "x": 19708.0, "y": 354.0}, {"i": 241, "x": 19718.0, "y": 6558.0}, {"i": 242, "x": 19840.0, "y": 4446.0}, {"i": 243, "x": 20174.0, "y": 10366.0}, {"i": 244, "x": 20214.0, "y": 3014.0}, {"i": 245, "x": 20246.0, "y": 1814.0}, {"i": 246, "x": 20446.0, "y": 5674.0}, {"i": 247, "x": 20520.0, "y": 4000.0}, {"i": 248, "x": 20528.0, "y": 3138.0}, {"i": 249, "x": 20804.0, "y": 7652.0}, {"i": 250, "x": 20816.0, "y": 5284.0}, {"i": 251, "x": 20866.0, "y": 4914.0}, {"i": 252, "x": 20882.0, "y": 2616.0}, {"i": 253, "x": 20990.0, "y": 7952.0}, {"i": 254, "x": 21292.0, "y": 9248.0}, {"i": 255, "x": 21362.0, "y": 7640.0}, {"i": 256, "x": 21366.0, "y": 5452.0}, {"i": 257, "x": 21420.0, "y": 4140.0}, {"i": 258, "x": 21466.0, "y": 3990.0}, {"i": 259, "x": 21466.0, "y": 6378.0}, {"i": 260, "x": 21538.0, "y": 2638.0}, {"i": 261, "x": 21546.0, "y": 6196.0}, {"i": 262, "x": 21810.0, "y": 10840.0}, {"i": 263, "x": 21894.0, "y": 92.0}, {"i": 264, "x": 21972.0, "y": 7682.0}, {"i": 265, "x": 22192.0, "y": 1546.0}, {"i": 266, "x": 22276.0, "y": 88.0}, {"i": 267, "x": 22472.0, "y": 5250.0}, {"i": 268, "x": 22702.0, "y": 7634.0}, {"i": 269, "x": 22716.0, "y": 5760.0}, {"i": 270, "x": 22836.0, "y": 7690.0}, {"i": 271, "x": 22946.0, "y": 3618.0}, {"i": 272, "x": 22946.0, "y": 5818.0}, {"i": 273, "x": 23068.0, "y": 1624.0}, {"i": 274, "x": 23078.0, "y": 3368.0}, {"i": 275, "x": 23198.0, "y": 7156.0}, {"i": 276, "x": 23236.0, "y": 6498.0}, {"i": 277, "x": 23300.0, "y": 7780.0}, {"i": 278, "x": 23304.0, "y": 2192.0}, {"i": 279, "x": 23434.0, "y": 7792.0}, {"i": 280, "x": 23474.0, "y": 2764.0}, {"i": 281, "x": 23646.0, "y": 1434.0}, {"i": 282, "x": 24038.0, "y": 948.0}, {"i": 283, "x": 24040.0, "y": 630.0}, {"i": 284, "x": 24082.0, "y": 436.0}, {"i": 285, "x": 24248.0, "y": 1286.0}, {"i": 286, "x": 24486.0, "y": 1738.0}, {"i": 287, "x": 24516.0, "y": 5824.0}, {"i": 288, "x": 24536.0, "y": 180.0}, {"i": 289, "x": 24664.0, "y": 8158.0}, {"i": 290, "x": 24870.0, "y": 5868.0}, {"i": 291, "x": 24922.0, "y": 1956.0}, {"i": 292, "x": 24922.0, "y": 3318.0}, {"i": 293, "x": 24936.0, "y": 4346.0}, {"i": 294, "x": 25006.0, "y": 4958.0}, {"i": 295, "x": 25242.0, "y": 3896.0}, {"i": 296, "x": 25264.0, "y": 5538.0}, {"i": 297, "x": 25292.0, "y": 5658.0}, {"i": 298, "x": 25332.0, "y": 1510.0}, {"i": 299, "x": 25498.0, "y": 5024.0}], "type": "Instance", "name": "paris-0000300", "meta": {"comment": "HIP even point set instance (300 points) sampled from image ", "faces_in_delaunay": 583}}