{"points": [{"i": 0, "x": 182.0, "y": 5206.0}, {"i": 1, "x": 520.0, "y": 4502.0}, {"i": 2, "x": 798.0, "y": 6770.0}, {"i": 3, "x": 998.0, "y": 6766.0}, {"i": 4, "x": 1036.0, "y": 8476.0}, {"i": 5, "x": 1634.0, "y": 7630.0}, {"i": 6, "x": 1920.0, "y": 5204.0}, {"i": 7, "x": 1996.0, "y": 6208.0}, {"i": 8, "x": 2054.0, "y": 5752.0}, {"i": 9, "x": 2112.0, "y": 944.0}, {"i": 10, "x": 2210.0, "y": 8550.0}, {"i": 11, "x": 2266.0, "y": 2476.0}, {"i": 12, "x": 2310.0, "y": 6246.0}, {"i": 13, "x": 2334.0, "y": 6714.0}, {"i": 14, "x": 2560.0, "y": 5384.0}, {"i": 15, "x": 2766.0, "y": 1866.0}, {"i": 16, "x": 2966.0, "y": 6496.0}, {"i": 17, "x": 3224.0, "y": 3850.0}, {"i": 18, "x": 3492.0, "y": 5008.0}, {"i": 19, "x": 3528.0, "y": 5708.0}, {"i": 20, "x": 3550.0, "y": 5226.0}, {"i": 21, "x": 3558.0, "y": 7014.0}, {"i": 22, "x": 3672.0, "y": 9048.0}, {"i": 23, "x": 3690.0, "y": 7716.0}, {"i": 24, "x": 3722.0, "y": 4532.0}, {"i": 25, "x": 3760.0, "y": 9310.0}, {"i": 26, "x": 3898.0, "y": 1762.0}, {"i": 27, "x": 3926.0, "y": 4256.0}, {"i": 28, "x": 3954.0, "y": 3776.0}, {"i": 29, "x": 4168.0, "y": 6608.0}, {"i": 30, "x": 4374.0, "y": 3572.0}, {"i": 31, "x": 4404.0, "y": 6952.0}, {"i": 32, "x": 4656.0, "y": 11056.0}, {"i": 33, "x": 4806.0, "y": 5620.0}, {"i": 34, "x": 4918.0, "y": 6832.0}, {"i": 35, "x": 5034.0, "y": 1628.0}, {"i": 36, "x": 5392.0, "y": 7648.0}, {"i": 37, "x": 5416.0, "y": 11648.0}, {"i": 38, "x": 5434.0, "y": 7908.0}, {"i": 39, "x": 5786.0, "y": 7870.0}, {"i": 40, "x": 5876.0, "y": 6420.0}, {"i": 41, "x": 6206.0, "y": 5478.0}, {"i": 42, "x": 6424.0, "y": 4042.0}, {"i": 43, "x": 6576.0, "y": 11748.0}, {"i": 44, "x": 6668.0, "y": 8854.0}, {"i": 45, "x": 6700.0, "y": 8540.0}, {"i": 46, "x": 6722.0, "y": 1480.0}, {"i": 47, "x": 6726.0, "y": 9360.0}, {"i": 48, "x": 6732.0, "y": 1970.0}, {"i": 49, "x": 6772.0, "y": 9028.0}, {"i": 50, "x": 6838.0, "y": 728.0}, {"i": 51, "x": 6932.0, "y": 8758.0}, {"i": 52, "x": 7054.0, "y": 7340.0}, {"i": 53, "x": 7134.0, "y": 8356.0}, {"i": 54, "x": 7578.0, "y": 3804.0}, {"i": 55, "x": 7812.0, "y": 4136.0}, {"i": 56, "x": 7828.0, "y": 3842.0}, {"i": 57, "x": 7890.0, "y": 9574.0}, {"i": 58, "x": 8052.0, "y": 10484.0}, {"i": 59, "x": 8268.0, "y": 11970.0}, {"i": 60, "x": 8498.0, "y": 11812.0}, {"i": 61, "x": 8546.0, "y": 12076.0}, {"i": 62, "x": 8594.0, "y": 5978.0}, {"i": 63, "x": 8602.0, "y": 5386.0}, {"i": 64, "x": 8656.0, "y": 5588.0}, {"i": 65, "x": 8756.0, "y": 5470.0}, {"i": 66, "x": 8792.0, "y": 3866.0}, {"i": 67, "x": 8796.0, "y": 5358.0}, {"i": 68, "x": 8816.0, "y": 5670.0}, {"i": 69, "x": 8944.0, "y": 5994.0}, {"i": 70, "x": 9318.0, "y": 11424.0}, {"i": 71, "x": 9562.0, "y": 8764.0}, {"i": 72, "x": 9644.0, "y": 10014.0}, {"i": 73, "x": 9672.0, "y": 3744.0}, {"i": 74, "x": 9678.0, "y": 7872.0}, {"i": 75, "x": 9852.0, "y": 4974.0}, {"i": 76, "x": 9854.0, "y": 4214.0}, {"i": 77, "x": 9888.0, "y": 142.0}, {"i": 78, "x": 10124.0, "y": 2738.0}, {"i": 79, "x": 10192.0, "y": 3108.0}, {"i": 80, "x": 10380.0, "y": 24.0}, {"i": 81, "x": 10452.0, "y": 5370.0}, {"i": 82, "x": 10488.0, "y": 3324.0}, {"i": 83, "x": 10506.0, "y": 996.0}, {"i": 84, "x": 10618.0, "y": 1322.0}, {"i": 85, "x": 10686.0, "y": 3800.0}, {"i": 86, "x": 10726.0, "y": 6536.0}, {"i": 87, "x": 10734.0, "y": 9860.0}, {"i": 88, "x": 10756.0, "y": 2086.0}, {"i": 89, "x": 10798.0, "y": 2786.0}, {"i": 90, "x": 10828.0, "y": 4572.0}, {"i": 91, "x": 10956.0, "y": 1416.0}, {"i": 92, "x": 11210.0, "y": 5272.0}, {"i": 93, "x": 11528.0, "y": 10368.0}, {"i": 94, "x": 11656.0, "y": 10370.0}, {"i": 95, "x": 11684.0, "y": 6124.0}, {"i": 96, "x": 11790.0, "y": 5992.0}, {"i": 97, "x": 11934.0, "y": 3920.0}, {"i": 98, "x": 12090.0, "y": 478.0}, {"i": 99, "x": 12144.0, "y": 638.0}, {"i": 100, "x": 12318.0, "y": 1976.0}, {"i": 101, "x": 12404.0, "y": 4764.0}, {"i": 102, "x": 12542.0, "y": 2634.0}, {"i": 103, "x": 12658.0, "y": 7714.0}, {"i": 104, "x": 12980.0, "y": 1576.0}, {"i": 105, "x": 13052.0, "y": 9842.0}, {"i": 106, "x": 13082.0, "y": 8948.0}, {"i": 107, "x": 13234.0, "y": 3306.0}, {"i": 108, "x": 13256.0, "y": 2154.0}, {"i": 109, "x": 13274.0, "y": 5328.0}, {"i": 110, "x": 13294.0, "y": 5250.0}, {"i": 111, "x": 13408.0, "y": 3602.0}, {"i": 112, "x": 13452.0, "y": 230.0}, {"i": 113, "x": 13556.0, "y": 4364.0}, {"i": 114, "x": 13580.0, "y": 2454.0}, {"i": 115, "x": 13598.0, "y": 5454.0}, {"i": 116, "x": 13764.0, "y": 6406.0}, {"i": 117, "x": 13808.0, "y": 5696.0}, {"i": 118, "x": 13868.0, "y": 3470.0}, {"i": 119, "x": 13902.0, "y": 7414.0}, {"i": 120, "x": 13960.0, "y": 782.0}, {"i": 121, "x": 13994.0, "y": 5606.0}, {"i": 122, "x": 14012.0, "y": 5184.0}, {"i": 123, "x": 14038.0, "y": 7620.0}, {"i": 124, "x": 14166.0, "y": 1992.0}, {"i": 125, "x": 14378.0, "y": 6476.0}, {"i": 126, "x": 14414.0, "y": 7018.0}, {"i": 127, "x": 14490.0, "y": 1506.0}, {"i": 128, "x": 14506.0, "y": 106.0}, {"i": 129, "x": 14526.0, "y": 4276.0}, {"i": 130, "x": 14598.0, "y": 4810.0}, {"i": 131, "x": 14994.0, "y": 7546.0}, {"i": 132, "x": 15146.0, "y": 4656.0}, {"i": 133, "x": 15194.0, "y": 3492.0}, {"i": 134, "x": 15210.0, "y": 4660.0}, {"i": 135, "x": 15222.0, "y": 4952.0}, {"i": 136, "x": 15238.0, "y": 2636.0}, {"i": 137, "x": 15298.0, "y": 4332.0}, {"i": 138, "x": 15636.0, "y": 2912.0}, {"i": 139, "x": 15670.0, "y": 4002.0}, {"i": 140, "x": 15746.0, "y": 12488.0}, {"i": 141, "x": 15820.0, "y": 2602.0}, {"i": 142, "x": 15960.0, "y": 5860.0}, {"i": 143, "x": 15972.0, "y": 30.0}, {"i": 144, "x": 16266.0, "y": 10378.0}, {"i": 145, "x": 16480.0, "y": 12142.0}, {"i": 146, "x": 16516.0, "y": 6660.0}, {"i": 147, "x": 16888.0, "y": 3070.0}, {"i": 148, "x": 16914.0, "y": 7882.0}, {"i": 149, "x": 17008.0, "y": 4858.0}, {"i": 150, "x": 17294.0, "y": 758.0}, {"i": 151, "x": 17314.0, "y": 6694.0}, {"i": 152, "x": 17392.0, "y": 8368.0}, {"i": 153, "x": 17416.0, "y": 2566.0}, {"i": 154, "x": 17438.0, "y": 8282.0}, {"i": 155, "x": 17776.0, "y": 852.0}, {"i": 156, "x": 17978.0, "y": 7084.0}, {"i": 157, "x": 18008.0, "y": 5164.0}, {"i": 158, "x": 18026.0, "y": 10398.0}, {"i": 159, "x": 18044.0, "y": 5658.0}, {"i": 160, "x": 18214.0, "y": 3538.0}, {"i": 161, "x": 18308.0, "y": 4528.0}, {"i": 162, "x": 18326.0, "y": 10048.0}, {"i": 163, "x": 18420.0, "y": 562.0}, {"i": 164, "x": 18446.0, "y": 8556.0}, {"i": 165, "x": 18512.0, "y": 10222.0}, {"i": 166, "x": 18692.0, "y": 456.0}, {"i": 167, "x": 19312.0, "y": 5636.0}, {"i": 168, "x": 19378.0, "y": 1856.0}, {"i": 169, "x": 19562.0, "y": 5264.0}, {"i": 170, "x": 19576.0, "y": 2506.0}, {"i": 171, "x": 20046.0, "y": 2982.0}, {"i": 172, "x": 20122.0, "y": 4518.0}, {"i": 173, "x": 20426.0, "y": 5542.0}, {"i": 174, "x": 20504.0, "y": 4470.0}, {"i": 175, "x": 20628.0, "y": 5006.0}, {"i": 176, "x": 21256.0, "y": 3070.0}, {"i": 177, "x": 21352.0, "y": 2972.0}, {"i": 178, "x": 21526.0, "y": 9894.0}, {"i": 179, "x": 21888.0, "y": 12140.0}, {"i": 180, "x": 21972.0, "y": 7912.0}, {"i": 181, "x": 22354.0, "y": 6168.0}, {"i": 182, "x": 22562.0, "y": 7080.0}, {"i": 183, "x": 22620.0, "y": 2820.0}, {"i": 184, "x": 22848.0, "y": 516.0}, {"i": 185, "x": 23036.0, "y": 3716.0}, {"i": 186, "x": 23082.0, "y": 7284.0}, {"i": 187, "x": 23420.0, "y": 7306.0}, {"i": 188, "x": 23570.0, "y": 1724.0}, {"i": 189, "x": 24116.0, "y": 6524.0}, {"i": 190, "x": 24252.0, "y": 706.0}, {"i": 191, "x": 24476.0, "y": 5754.0}, {"i": 192, "x": 24574.0, "y": 5982.0}, {"i": 193, "x": 24632.0, "y": 7830.0}, {"i": 194, "x": 24800.0, "y": 1796.0}, {"i": 195, "x": 25242.0, "y": 7660.0}, {"i": 196, "x": 25290.0, "y": 3692.0}, {"i": 197, "x": 25440.0, "y": 8388.0}, {"i": 198, "x": 25448.0, "y": 7848.0}, {"i": 199, "x": 25482.0, "y": 5152.0}], "type": "Instance", "name": "paris-0000200", "meta": {"comment": "HIP even point set instance (200 points) sampled from image ", "faces_in_delaunay": 382}}