{"points": [{"i": 0, "x": 52.0, "y": 6954.0}, {"i": 1, "x": 68.0, "y": 8326.0}, {"i": 2, "x": 114.0, "y": 7216.0}, {"i": 3, "x": 138.0, "y": 7194.0}, {"i": 4, "x": 140.0, "y": 8238.0}, {"i": 5, "x": 156.0, "y": 3248.0}, {"i": 6, "x": 260.0, "y": 10.0}, {"i": 7, "x": 276.0, "y": 1636.0}, {"i": 8, "x": 284.0, "y": 5268.0}, {"i": 9, "x": 310.0, "y": 5326.0}, {"i": 10, "x": 312.0, "y": 4926.0}, {"i": 11, "x": 366.0, "y": 2120.0}, {"i": 12, "x": 460.0, "y": 758.0}, {"i": 13, "x": 520.0, "y": 5630.0}, {"i": 14, "x": 556.0, "y": 3338.0}, {"i": 15, "x": 586.0, "y": 6656.0}, {"i": 16, "x": 592.0, "y": 4654.0}, {"i": 17, "x": 638.0, "y": 4030.0}, {"i": 18, "x": 662.0, "y": 4302.0}, {"i": 19, "x": 666.0, "y": 5316.0}, {"i": 20, "x": 726.0, "y": 5208.0}, {"i": 21, "x": 738.0, "y": 2532.0}, {"i": 22, "x": 818.0, "y": 520.0}, {"i": 23, "x": 868.0, "y": 12.0}, {"i": 24, "x": 868.0, "y": 2828.0}, {"i": 25, "x": 882.0, "y": 342.0}, {"i": 26, "x": 926.0, "y": 2788.0}, {"i": 27, "x": 938.0, "y": 1212.0}, {"i": 28, "x": 938.0, "y": 4784.0}, {"i": 29, "x": 958.0, "y": 5420.0}, {"i": 30, "x": 968.0, "y": 2882.0}, {"i": 31, "x": 968.0, "y": 4286.0}, {"i": 32, "x": 1004.0, "y": 5430.0}, {"i": 33, "x": 1030.0, "y": 6984.0}, {"i": 34, "x": 1052.0, "y": 160.0}, {"i": 35, "x": 1062.0, "y": 4802.0}, {"i": 36, "x": 1098.0, "y": 2284.0}, {"i": 37, "x": 1098.0, "y": 4002.0}, {"i": 38, "x": 1104.0, "y": 7980.0}, {"i": 39, "x": 1110.0, "y": 7982.0}, {"i": 40, "x": 1126.0, "y": 1276.0}, {"i": 41, "x": 1154.0, "y": 82.0}, {"i": 42, "x": 1166.0, "y": 2044.0}, {"i": 43, "x": 1238.0, "y": 2280.0}, {"i": 44, "x": 1250.0, "y": 4000.0}, {"i": 45, "x": 1272.0, "y": 2538.0}, {"i": 46, "x": 1304.0, "y": 5634.0}, {"i": 47, "x": 1324.0, "y": 5710.0}, {"i": 48, "x": 1332.0, "y": 5254.0}, {"i": 49, "x": 1368.0, "y": 4980.0}, {"i": 50, "x": 1458.0, "y": 5582.0}, {"i": 51, "x": 1478.0, "y": 6498.0}, {"i": 52, "x": 1504.0, "y": 6266.0}, {"i": 53, "x": 1582.0, "y": 7012.0}, {"i": 54, "x": 1680.0, "y": 7466.0}, {"i": 55, "x": 1704.0, "y": 7060.0}, {"i": 56, "x": 1778.0, "y": 1586.0}, {"i": 57, "x": 1802.0, "y": 6600.0}, {"i": 58, "x": 1826.0, "y": 5884.0}, {"i": 59, "x": 1866.0, "y": 3358.0}, {"i": 60, "x": 1980.0, "y": 2278.0}, {"i": 61, "x": 2010.0, "y": 584.0}, {"i": 62, "x": 2066.0, "y": 1456.0}, {"i": 63, "x": 2070.0, "y": 2608.0}, {"i": 64, "x": 2136.0, "y": 1920.0}, {"i": 65, "x": 2174.0, "y": 3444.0}, {"i": 66, "x": 2176.0, "y": 472.0}, {"i": 67, "x": 2194.0, "y": 4738.0}, {"i": 68, "x": 2222.0, "y": 4434.0}, {"i": 69, "x": 2244.0, "y": 7440.0}, {"i": 70, "x": 2244.0, "y": 7550.0}, {"i": 71, "x": 2264.0, "y": 500.0}, {"i": 72, "x": 2294.0, "y": 2424.0}, {"i": 73, "x": 2320.0, "y": 2216.0}, {"i": 74, "x": 2342.0, "y": 1250.0}, {"i": 75, "x": 2486.0, "y": 10112.0}, {"i": 76, "x": 2496.0, "y": 10184.0}, {"i": 77, "x": 2508.0, "y": 5724.0}, {"i": 78, "x": 2510.0, "y": 2314.0}, {"i": 79, "x": 2516.0, "y": 9838.0}, {"i": 80, "x": 2562.0, "y": 7286.0}, {"i": 81, "x": 2600.0, "y": 5382.0}, {"i": 82, "x": 2692.0, "y": 6436.0}, {"i": 83, "x": 2704.0, "y": 6334.0}, {"i": 84, "x": 2708.0, "y": 128.0}, {"i": 85, "x": 2708.0, "y": 6738.0}, {"i": 86, "x": 2724.0, "y": 6158.0}, {"i": 87, "x": 3000.0, "y": 9862.0}, {"i": 88, "x": 3054.0, "y": 8096.0}, {"i": 89, "x": 3120.0, "y": 7014.0}, {"i": 90, "x": 3130.0, "y": 2290.0}, {"i": 91, "x": 3138.0, "y": 5976.0}, {"i": 92, "x": 3206.0, "y": 8868.0}, {"i": 93, "x": 3278.0, "y": 3974.0}, {"i": 94, "x": 3354.0, "y": 5674.0}, {"i": 95, "x": 3416.0, "y": 8862.0}, {"i": 96, "x": 3436.0, "y": 6484.0}, {"i": 97, "x": 3452.0, "y": 1536.0}, {"i": 98, "x": 3548.0, "y": 1418.0}, {"i": 99, "x": 3600.0, "y": 12166.0}, {"i": 100, "x": 3608.0, "y": 8472.0}, {"i": 101, "x": 3624.0, "y": 5276.0}, {"i": 102, "x": 3664.0, "y": 7614.0}, {"i": 103, "x": 3790.0, "y": 6872.0}, {"i": 104, "x": 3940.0, "y": 3532.0}, {"i": 105, "x": 3948.0, "y": 6108.0}, {"i": 106, "x": 3956.0, "y": 5674.0}, {"i": 107, "x": 3990.0, "y": 4644.0}, {"i": 108, "x": 4032.0, "y": 284.0}, {"i": 109, "x": 4074.0, "y": 6342.0}, {"i": 110, "x": 4106.0, "y": 11976.0}, {"i": 111, "x": 4150.0, "y": 6632.0}, {"i": 112, "x": 4152.0, "y": 6136.0}, {"i": 113, "x": 4166.0, "y": 864.0}, {"i": 114, "x": 4230.0, "y": 5102.0}, {"i": 115, "x": 4326.0, "y": 7382.0}, {"i": 116, "x": 4368.0, "y": 6166.0}, {"i": 117, "x": 4382.0, "y": 5218.0}, {"i": 118, "x": 4396.0, "y": 6824.0}, {"i": 119, "x": 4408.0, "y": 3972.0}, {"i": 120, "x": 4494.0, "y": 788.0}, {"i": 121, "x": 4664.0, "y": 7380.0}, {"i": 122, "x": 4764.0, "y": 8002.0}, {"i": 123, "x": 4768.0, "y": 8750.0}, {"i": 124, "x": 4792.0, "y": 3866.0}, {"i": 125, "x": 4834.0, "y": 48.0}, {"i": 126, "x": 4896.0, "y": 6172.0}, {"i": 127, "x": 4904.0, "y": 4448.0}, {"i": 128, "x": 4908.0, "y": 6692.0}, {"i": 129, "x": 4938.0, "y": 270.0}, {"i": 130, "x": 4952.0, "y": 6120.0}, {"i": 131, "x": 4964.0, "y": 14.0}, {"i": 132, "x": 5110.0, "y": 7288.0}, {"i": 133, "x": 5146.0, "y": 7892.0}, {"i": 134, "x": 5418.0, "y": 10590.0}, {"i": 135, "x": 5436.0, "y": 8186.0}, {"i": 136, "x": 5688.0, "y": 5428.0}, {"i": 137, "x": 5704.0, "y": 10854.0}, {"i": 138, "x": 5748.0, "y": 2944.0}, {"i": 139, "x": 5798.0, "y": 4830.0}, {"i": 140, "x": 5858.0, "y": 6076.0}, {"i": 141, "x": 5956.0, "y": 8154.0}, {"i": 142, "x": 5974.0, "y": 5848.0}, {"i": 143, "x": 6036.0, "y": 7556.0}, {"i": 144, "x": 6266.0, "y": 11748.0}, {"i": 145, "x": 6336.0, "y": 6970.0}, {"i": 146, "x": 6372.0, "y": 4286.0}, {"i": 147, "x": 6422.0, "y": 8360.0}, {"i": 148, "x": 6438.0, "y": 8998.0}, {"i": 149, "x": 6454.0, "y": 9088.0}, {"i": 150, "x": 6472.0, "y": 992.0}, {"i": 151, "x": 6584.0, "y": 9338.0}, {"i": 152, "x": 6610.0, "y": 3974.0}, {"i": 153, "x": 6706.0, "y": 1938.0}, {"i": 154, "x": 6808.0, "y": 11462.0}, {"i": 155, "x": 6814.0, "y": 10502.0}, {"i": 156, "x": 6828.0, "y": 10398.0}, {"i": 157, "x": 6852.0, "y": 7414.0}, {"i": 158, "x": 6854.0, "y": 1252.0}, {"i": 159, "x": 6872.0, "y": 8750.0}, {"i": 160, "x": 6916.0, "y": 9468.0}, {"i": 161, "x": 6930.0, "y": 8886.0}, {"i": 162, "x": 6952.0, "y": 7886.0}, {"i": 163, "x": 7026.0, "y": 6610.0}, {"i": 164, "x": 7036.0, "y": 10524.0}, {"i": 165, "x": 7140.0, "y": 8896.0}, {"i": 166, "x": 7246.0, "y": 2818.0}, {"i": 167, "x": 7306.0, "y": 4860.0}, {"i": 168, "x": 7562.0, "y": 7048.0}, {"i": 169, "x": 7642.0, "y": 3998.0}, {"i": 170, "x": 7720.0, "y": 10058.0}, {"i": 171, "x": 7786.0, "y": 9672.0}, {"i": 172, "x": 7818.0, "y": 9942.0}, {"i": 173, "x": 7856.0, "y": 3818.0}, {"i": 174, "x": 7914.0, "y": 9532.0}, {"i": 175, "x": 7938.0, "y": 4694.0}, {"i": 176, "x": 7990.0, "y": 3838.0}, {"i": 177, "x": 8080.0, "y": 9964.0}, {"i": 178, "x": 8102.0, "y": 10024.0}, {"i": 179, "x": 8138.0, "y": 5150.0}, {"i": 180, "x": 8184.0, "y": 6228.0}, {"i": 181, "x": 8194.0, "y": 1690.0}, {"i": 182, "x": 8262.0, "y": 11102.0}, {"i": 183, "x": 8268.0, "y": 11558.0}, {"i": 184, "x": 8280.0, "y": 6576.0}, {"i": 185, "x": 8340.0, "y": 11638.0}, {"i": 186, "x": 8348.0, "y": 7644.0}, {"i": 187, "x": 8378.0, "y": 4102.0}, {"i": 188, "x": 8416.0, "y": 526.0}, {"i": 189, "x": 8452.0, "y": 2474.0}, {"i": 190, "x": 8460.0, "y": 11026.0}, {"i": 191, "x": 8474.0, "y": 11466.0}, {"i": 192, "x": 8618.0, "y": 10536.0}, {"i": 193, "x": 8648.0, "y": 1500.0}, {"i": 194, "x": 8662.0, "y": 5902.0}, {"i": 195, "x": 8752.0, "y": 6072.0}, {"i": 196, "x": 8778.0, "y": 5414.0}, {"i": 197, "x": 8796.0, "y": 11512.0}, {"i": 198, "x": 8828.0, "y": 6524.0}, {"i": 199, "x": 8856.0, "y": 11898.0}, {"i": 200, "x": 8860.0, "y": 1336.0}, {"i": 201, "x": 9020.0, "y": 692.0}, {"i": 202, "x": 9028.0, "y": 4448.0}, {"i": 203, "x": 9028.0, "y": 4454.0}, {"i": 204, "x": 9042.0, "y": 3478.0}, {"i": 205, "x": 9090.0, "y": 926.0}, {"i": 206, "x": 9180.0, "y": 11542.0}, {"i": 207, "x": 9216.0, "y": 6470.0}, {"i": 208, "x": 9344.0, "y": 4152.0}, {"i": 209, "x": 9424.0, "y": 1226.0}, {"i": 210, "x": 9502.0, "y": 5072.0}, {"i": 211, "x": 9512.0, "y": 1430.0}, {"i": 212, "x": 9520.0, "y": 4950.0}, {"i": 213, "x": 9558.0, "y": 3256.0}, {"i": 214, "x": 9590.0, "y": 8344.0}, {"i": 215, "x": 9648.0, "y": 3996.0}, {"i": 216, "x": 9668.0, "y": 2226.0}, {"i": 217, "x": 9714.0, "y": 3240.0}, {"i": 218, "x": 9754.0, "y": 3834.0}, {"i": 219, "x": 9766.0, "y": 9652.0}, {"i": 220, "x": 9782.0, "y": 2532.0}, {"i": 221, "x": 9790.0, "y": 5182.0}, {"i": 222, "x": 9814.0, "y": 3698.0}, {"i": 223, "x": 9830.0, "y": 6162.0}, {"i": 224, "x": 9836.0, "y": 6336.0}, {"i": 225, "x": 9878.0, "y": 1904.0}, {"i": 226, "x": 9912.0, "y": 2770.0}, {"i": 227, "x": 9998.0, "y": 1172.0}, {"i": 228, "x": 10018.0, "y": 3980.0}, {"i": 229, "x": 10032.0, "y": 7808.0}, {"i": 230, "x": 10046.0, "y": 5128.0}, {"i": 231, "x": 10148.0, "y": 2336.0}, {"i": 232, "x": 10210.0, "y": 7404.0}, {"i": 233, "x": 10290.0, "y": 6260.0}, {"i": 234, "x": 10310.0, "y": 6184.0}, {"i": 235, "x": 10326.0, "y": 4198.0}, {"i": 236, "x": 10430.0, "y": 1330.0}, {"i": 237, "x": 10430.0, "y": 8776.0}, {"i": 238, "x": 10460.0, "y": 2530.0}, {"i": 239, "x": 10504.0, "y": 3636.0}, {"i": 240, "x": 10532.0, "y": 4604.0}, {"i": 241, "x": 10544.0, "y": 3092.0}, {"i": 242, "x": 10554.0, "y": 5734.0}, {"i": 243, "x": 10622.0, "y": 5180.0}, {"i": 244, "x": 10666.0, "y": 3246.0}, {"i": 245, "x": 10682.0, "y": 3818.0}, {"i": 246, "x": 10698.0, "y": 5042.0}, {"i": 247, "x": 10746.0, "y": 3566.0}, {"i": 248, "x": 10750.0, "y": 4340.0}, {"i": 249, "x": 10808.0, "y": 984.0}, {"i": 250, "x": 10810.0, "y": 6426.0}, {"i": 251, "x": 10840.0, "y": 920.0}, {"i": 252, "x": 10846.0, "y": 3010.0}, {"i": 253, "x": 10880.0, "y": 3526.0}, {"i": 254, "x": 10890.0, "y": 6034.0}, {"i": 255, "x": 10894.0, "y": 1742.0}, {"i": 256, "x": 10954.0, "y": 1098.0}, {"i": 257, "x": 10962.0, "y": 5822.0}, {"i": 258, "x": 10982.0, "y": 3918.0}, {"i": 259, "x": 11092.0, "y": 2096.0}, {"i": 260, "x": 11216.0, "y": 94.0}, {"i": 261, "x": 11220.0, "y": 3192.0}, {"i": 262, "x": 11338.0, "y": 4932.0}, {"i": 263, "x": 11352.0, "y": 5096.0}, {"i": 264, "x": 11400.0, "y": 2070.0}, {"i": 265, "x": 11430.0, "y": 282.0}, {"i": 266, "x": 11494.0, "y": 4492.0}, {"i": 267, "x": 11512.0, "y": 2712.0}, {"i": 268, "x": 11620.0, "y": 2700.0}, {"i": 269, "x": 11644.0, "y": 6570.0}, {"i": 270, "x": 11660.0, "y": 1096.0}, {"i": 271, "x": 11712.0, "y": 5274.0}, {"i": 272, "x": 11792.0, "y": 1042.0}, {"i": 273, "x": 11820.0, "y": 5458.0}, {"i": 274, "x": 11878.0, "y": 2878.0}, {"i": 275, "x": 11886.0, "y": 1004.0}, {"i": 276, "x": 11898.0, "y": 2486.0}, {"i": 277, "x": 11936.0, "y": 6004.0}, {"i": 278, "x": 11992.0, "y": 1164.0}, {"i": 279, "x": 12002.0, "y": 1548.0}, {"i": 280, "x": 12022.0, "y": 10326.0}, {"i": 281, "x": 12028.0, "y": 1340.0}, {"i": 282, "x": 12046.0, "y": 2254.0}, {"i": 283, "x": 12206.0, "y": 4992.0}, {"i": 284, "x": 12242.0, "y": 4756.0}, {"i": 285, "x": 12246.0, "y": 1958.0}, {"i": 286, "x": 12262.0, "y": 4618.0}, {"i": 287, "x": 12334.0, "y": 3280.0}, {"i": 288, "x": 12340.0, "y": 3704.0}, {"i": 289, "x": 12374.0, "y": 6990.0}, {"i": 290, "x": 12378.0, "y": 1018.0}, {"i": 291, "x": 12446.0, "y": 6972.0}, {"i": 292, "x": 12476.0, "y": 5478.0}, {"i": 293, "x": 12550.0, "y": 7630.0}, {"i": 294, "x": 12558.0, "y": 8078.0}, {"i": 295, "x": 12684.0, "y": 984.0}, {"i": 296, "x": 12722.0, "y": 4878.0}, {"i": 297, "x": 12722.0, "y": 7918.0}, {"i": 298, "x": 12750.0, "y": 8760.0}, {"i": 299, "x": 12792.0, "y": 7476.0}, {"i": 300, "x": 12814.0, "y": 7104.0}, {"i": 301, "x": 12824.0, "y": 2408.0}, {"i": 302, "x": 12830.0, "y": 2298.0}, {"i": 303, "x": 12880.0, "y": 3892.0}, {"i": 304, "x": 12940.0, "y": 788.0}, {"i": 305, "x": 12940.0, "y": 7446.0}, {"i": 306, "x": 12968.0, "y": 3454.0}, {"i": 307, "x": 12974.0, "y": 72.0}, {"i": 308, "x": 13040.0, "y": 11946.0}, {"i": 309, "x": 13056.0, "y": 9530.0}, {"i": 310, "x": 13058.0, "y": 11518.0}, {"i": 311, "x": 13062.0, "y": 7954.0}, {"i": 312, "x": 13126.0, "y": 8382.0}, {"i": 313, "x": 13142.0, "y": 5954.0}, {"i": 314, "x": 13170.0, "y": 8486.0}, {"i": 315, "x": 13208.0, "y": 5286.0}, {"i": 316, "x": 13222.0, "y": 7324.0}, {"i": 317, "x": 13230.0, "y": 8590.0}, {"i": 318, "x": 13278.0, "y": 7382.0}, {"i": 319, "x": 13340.0, "y": 7154.0}, {"i": 320, "x": 13388.0, "y": 496.0}, {"i": 321, "x": 13396.0, "y": 220.0}, {"i": 322, "x": 13416.0, "y": 226.0}, {"i": 323, "x": 13442.0, "y": 9028.0}, {"i": 324, "x": 13448.0, "y": 248.0}, {"i": 325, "x": 13510.0, "y": 6404.0}, {"i": 326, "x": 13576.0, "y": 4884.0}, {"i": 327, "x": 13600.0, "y": 6286.0}, {"i": 328, "x": 13716.0, "y": 2878.0}, {"i": 329, "x": 13826.0, "y": 6358.0}, {"i": 330, "x": 13848.0, "y": 1380.0}, {"i": 331, "x": 13854.0, "y": 2976.0}, {"i": 332, "x": 13862.0, "y": 4404.0}, {"i": 333, "x": 13880.0, "y": 4636.0}, {"i": 334, "x": 13908.0, "y": 6792.0}, {"i": 335, "x": 13934.0, "y": 6494.0}, {"i": 336, "x": 13972.0, "y": 5498.0}, {"i": 337, "x": 14002.0, "y": 2202.0}, {"i": 338, "x": 14046.0, "y": 7004.0}, {"i": 339, "x": 14050.0, "y": 3186.0}, {"i": 340, "x": 14074.0, "y": 5406.0}, {"i": 341, "x": 14104.0, "y": 6534.0}, {"i": 342, "x": 14150.0, "y": 2868.0}, {"i": 343, "x": 14200.0, "y": 10432.0}, {"i": 344, "x": 14202.0, "y": 10114.0}, {"i": 345, "x": 14240.0, "y": 3132.0}, {"i": 346, "x": 14270.0, "y": 4738.0}, {"i": 347, "x": 14274.0, "y": 5368.0}, {"i": 348, "x": 14334.0, "y": 2620.0}, {"i": 349, "x": 14350.0, "y": 4406.0}, {"i": 350, "x": 14360.0, "y": 7500.0}, {"i": 351, "x": 14434.0, "y": 1022.0}, {"i": 352, "x": 14436.0, "y": 4716.0}, {"i": 353, "x": 14446.0, "y": 3146.0}, {"i": 354, "x": 14492.0, "y": 11842.0}, {"i": 355, "x": 14496.0, "y": 5662.0}, {"i": 356, "x": 14532.0, "y": 6068.0}, {"i": 357, "x": 14564.0, "y": 11172.0}, {"i": 358, "x": 14574.0, "y": 5428.0}, {"i": 359, "x": 14584.0, "y": 4940.0}, {"i": 360, "x": 14632.0, "y": 6166.0}, {"i": 361, "x": 14664.0, "y": 1176.0}, {"i": 362, "x": 14682.0, "y": 13318.0}, {"i": 363, "x": 14684.0, "y": 6150.0}, {"i": 364, "x": 14702.0, "y": 2694.0}, {"i": 365, "x": 14728.0, "y": 2378.0}, {"i": 366, "x": 14760.0, "y": 11314.0}, {"i": 367, "x": 14884.0, "y": 2876.0}, {"i": 368, "x": 14886.0, "y": 4420.0}, {"i": 369, "x": 14910.0, "y": 5190.0}, {"i": 370, "x": 14920.0, "y": 1200.0}, {"i": 371, "x": 14936.0, "y": 12910.0}, {"i": 372, "x": 14956.0, "y": 3190.0}, {"i": 373, "x": 14986.0, "y": 7914.0}, {"i": 374, "x": 15000.0, "y": 6740.0}, {"i": 375, "x": 15050.0, "y": 12798.0}, {"i": 376, "x": 15206.0, "y": 8114.0}, {"i": 377, "x": 15216.0, "y": 6204.0}, {"i": 378, "x": 15394.0, "y": 708.0}, {"i": 379, "x": 15424.0, "y": 11434.0}, {"i": 380, "x": 15482.0, "y": 1652.0}, {"i": 381, "x": 15500.0, "y": 8004.0}, {"i": 382, "x": 15636.0, "y": 5840.0}, {"i": 383, "x": 15692.0, "y": 6188.0}, {"i": 384, "x": 15700.0, "y": 5692.0}, {"i": 385, "x": 15712.0, "y": 2444.0}, {"i": 386, "x": 15730.0, "y": 5130.0}, {"i": 387, "x": 15746.0, "y": 3184.0}, {"i": 388, "x": 15750.0, "y": 7846.0}, {"i": 389, "x": 15822.0, "y": 7938.0}, {"i": 390, "x": 15872.0, "y": 9572.0}, {"i": 391, "x": 15878.0, "y": 12542.0}, {"i": 392, "x": 15882.0, "y": 678.0}, {"i": 393, "x": 15888.0, "y": 11550.0}, {"i": 394, "x": 15898.0, "y": 2542.0}, {"i": 395, "x": 15908.0, "y": 9630.0}, {"i": 396, "x": 15938.0, "y": 6570.0}, {"i": 397, "x": 15982.0, "y": 8038.0}, {"i": 398, "x": 16006.0, "y": 3540.0}, {"i": 399, "x": 16014.0, "y": 2738.0}, {"i": 400, "x": 16038.0, "y": 5738.0}, {"i": 401, "x": 16044.0, "y": 2754.0}, {"i": 402, "x": 16048.0, "y": 4092.0}, {"i": 403, "x": 16090.0, "y": 5722.0}, {"i": 404, "x": 16090.0, "y": 9988.0}, {"i": 405, "x": 16144.0, "y": 708.0}, {"i": 406, "x": 16180.0, "y": 3238.0}, {"i": 407, "x": 16190.0, "y": 6770.0}, {"i": 408, "x": 16202.0, "y": 4592.0}, {"i": 409, "x": 16238.0, "y": 6950.0}, {"i": 410, "x": 16270.0, "y": 4642.0}, {"i": 411, "x": 16348.0, "y": 9138.0}, {"i": 412, "x": 16356.0, "y": 146.0}, {"i": 413, "x": 16370.0, "y": 11006.0}, {"i": 414, "x": 16388.0, "y": 4538.0}, {"i": 415, "x": 16432.0, "y": 2956.0}, {"i": 416, "x": 16518.0, "y": 3022.0}, {"i": 417, "x": 16542.0, "y": 6346.0}, {"i": 418, "x": 16548.0, "y": 6988.0}, {"i": 419, "x": 16614.0, "y": 3590.0}, {"i": 420, "x": 16690.0, "y": 5302.0}, {"i": 421, "x": 16700.0, "y": 7912.0}, {"i": 422, "x": 16750.0, "y": 1016.0}, {"i": 423, "x": 16760.0, "y": 6274.0}, {"i": 424, "x": 16822.0, "y": 4784.0}, {"i": 425, "x": 16924.0, "y": 5468.0}, {"i": 426, "x": 16934.0, "y": 2306.0}, {"i": 427, "x": 16938.0, "y": 4820.0}, {"i": 428, "x": 16942.0, "y": 11946.0}, {"i": 429, "x": 16996.0, "y": 62.0}, {"i": 430, "x": 17018.0, "y": 2426.0}, {"i": 431, "x": 17070.0, "y": 6474.0}, {"i": 432, "x": 17072.0, "y": 5900.0}, {"i": 433, "x": 17102.0, "y": 2850.0}, {"i": 434, "x": 17122.0, "y": 7550.0}, {"i": 435, "x": 17128.0, "y": 10938.0}, {"i": 436, "x": 17132.0, "y": 9904.0}, {"i": 437, "x": 17168.0, "y": 7236.0}, {"i": 438, "x": 17178.0, "y": 9906.0}, {"i": 439, "x": 17186.0, "y": 3704.0}, {"i": 440, "x": 17280.0, "y": 4386.0}, {"i": 441, "x": 17282.0, "y": 6618.0}, {"i": 442, "x": 17366.0, "y": 10522.0}, {"i": 443, "x": 17378.0, "y": 10664.0}, {"i": 444, "x": 17428.0, "y": 5290.0}, {"i": 445, "x": 17516.0, "y": 2052.0}, {"i": 446, "x": 17538.0, "y": 4170.0}, {"i": 447, "x": 17550.0, "y": 624.0}, {"i": 448, "x": 17580.0, "y": 8850.0}, {"i": 449, "x": 17608.0, "y": 538.0}, {"i": 450, "x": 17688.0, "y": 4472.0}, {"i": 451, "x": 17854.0, "y": 8014.0}, {"i": 452, "x": 17878.0, "y": 3368.0}, {"i": 453, "x": 17936.0, "y": 830.0}, {"i": 454, "x": 17982.0, "y": 6394.0}, {"i": 455, "x": 17984.0, "y": 9104.0}, {"i": 456, "x": 18118.0, "y": 4592.0}, {"i": 457, "x": 18158.0, "y": 2742.0}, {"i": 458, "x": 18188.0, "y": 11396.0}, {"i": 459, "x": 18204.0, "y": 5676.0}, {"i": 460, "x": 18214.0, "y": 9426.0}, {"i": 461, "x": 18242.0, "y": 10056.0}, {"i": 462, "x": 18284.0, "y": 2188.0}, {"i": 463, "x": 18304.0, "y": 1846.0}, {"i": 464, "x": 18310.0, "y": 1838.0}, {"i": 465, "x": 18354.0, "y": 6382.0}, {"i": 466, "x": 18466.0, "y": 8560.0}, {"i": 467, "x": 18472.0, "y": 3846.0}, {"i": 468, "x": 18478.0, "y": 5632.0}, {"i": 469, "x": 18486.0, "y": 4316.0}, {"i": 470, "x": 18506.0, "y": 10134.0}, {"i": 471, "x": 18550.0, "y": 7966.0}, {"i": 472, "x": 18584.0, "y": 650.0}, {"i": 473, "x": 18660.0, "y": 7162.0}, {"i": 474, "x": 18804.0, "y": 5434.0}, {"i": 475, "x": 18838.0, "y": 2320.0}, {"i": 476, "x": 19084.0, "y": 1544.0}, {"i": 477, "x": 19092.0, "y": 3660.0}, {"i": 478, "x": 19280.0, "y": 2018.0}, {"i": 479, "x": 19358.0, "y": 7636.0}, {"i": 480, "x": 19456.0, "y": 7600.0}, {"i": 481, "x": 19462.0, "y": 5980.0}, {"i": 482, "x": 19500.0, "y": 2558.0}, {"i": 483, "x": 19560.0, "y": 7342.0}, {"i": 484, "x": 19588.0, "y": 5186.0}, {"i": 485, "x": 19636.0, "y": 8852.0}, {"i": 486, "x": 19644.0, "y": 9820.0}, {"i": 487, "x": 19646.0, "y": 544.0}, {"i": 488, "x": 19648.0, "y": 9882.0}, {"i": 489, "x": 19698.0, "y": 8626.0}, {"i": 490, "x": 19700.0, "y": 6804.0}, {"i": 491, "x": 19802.0, "y": 2958.0}, {"i": 492, "x": 19802.0, "y": 3216.0}, {"i": 493, "x": 19958.0, "y": 4824.0}, {"i": 494, "x": 19988.0, "y": 9838.0}, {"i": 495, "x": 20036.0, "y": 5144.0}, {"i": 496, "x": 20046.0, "y": 5578.0}, {"i": 497, "x": 20062.0, "y": 4610.0}, {"i": 498, "x": 20138.0, "y": 4746.0}, {"i": 499, "x": 20446.0, "y": 4802.0}, {"i": 500, "x": 20456.0, "y": 5352.0}, {"i": 501, "x": 20468.0, "y": 4802.0}, {"i": 502, "x": 20474.0, "y": 11510.0}, {"i": 503, "x": 20504.0, "y": 3908.0}, {"i": 504, "x": 20694.0, "y": 11202.0}, {"i": 505, "x": 20700.0, "y": 7726.0}, {"i": 506, "x": 20750.0, "y": 4800.0}, {"i": 507, "x": 20780.0, "y": 11040.0}, {"i": 508, "x": 20788.0, "y": 11170.0}, {"i": 509, "x": 20808.0, "y": 3264.0}, {"i": 510, "x": 20826.0, "y": 5056.0}, {"i": 511, "x": 20828.0, "y": 5484.0}, {"i": 512, "x": 20860.0, "y": 5050.0}, {"i": 513, "x": 20862.0, "y": 3058.0}, {"i": 514, "x": 20932.0, "y": 5042.0}, {"i": 515, "x": 20976.0, "y": 5718.0}, {"i": 516, "x": 21034.0, "y": 7940.0}, {"i": 517, "x": 21044.0, "y": 4800.0}, {"i": 518, "x": 21070.0, "y": 11052.0}, {"i": 519, "x": 21216.0, "y": 2688.0}, {"i": 520, "x": 21244.0, "y": 1058.0}, {"i": 521, "x": 21268.0, "y": 4862.0}, {"i": 522, "x": 21274.0, "y": 5944.0}, {"i": 523, "x": 21278.0, "y": 3240.0}, {"i": 524, "x": 21324.0, "y": 2898.0}, {"i": 525, "x": 21364.0, "y": 3876.0}, {"i": 526, "x": 21412.0, "y": 2660.0}, {"i": 527, "x": 21492.0, "y": 6284.0}, {"i": 528, "x": 21540.0, "y": 5556.0}, {"i": 529, "x": 21708.0, "y": 5950.0}, {"i": 530, "x": 21774.0, "y": 1908.0}, {"i": 531, "x": 21898.0, "y": 4034.0}, {"i": 532, "x": 21912.0, "y": 5446.0}, {"i": 533, "x": 21918.0, "y": 4270.0}, {"i": 534, "x": 21994.0, "y": 6114.0}, {"i": 535, "x": 22032.0, "y": 11848.0}, {"i": 536, "x": 22060.0, "y": 6200.0}, {"i": 537, "x": 22152.0, "y": 1782.0}, {"i": 538, "x": 22236.0, "y": 7640.0}, {"i": 539, "x": 22342.0, "y": 12064.0}, {"i": 540, "x": 22362.0, "y": 5396.0}, {"i": 541, "x": 22372.0, "y": 972.0}, {"i": 542, "x": 22410.0, "y": 5748.0}, {"i": 543, "x": 22422.0, "y": 3856.0}, {"i": 544, "x": 22438.0, "y": 2940.0}, {"i": 545, "x": 22466.0, "y": 6712.0}, {"i": 546, "x": 22508.0, "y": 6986.0}, {"i": 547, "x": 22660.0, "y": 2528.0}, {"i": 548, "x": 22704.0, "y": 11994.0}, {"i": 549, "x": 22800.0, "y": 738.0}, {"i": 550, "x": 22892.0, "y": 5352.0}, {"i": 551, "x": 22912.0, "y": 792.0}, {"i": 552, "x": 22938.0, "y": 2004.0}, {"i": 553, "x": 22958.0, "y": 1296.0}, {"i": 554, "x": 22964.0, "y": 8578.0}, {"i": 555, "x": 23100.0, "y": 2582.0}, {"i": 556, "x": 23118.0, "y": 634.0}, {"i": 557, "x": 23176.0, "y": 3768.0}, {"i": 558, "x": 23180.0, "y": 846.0}, {"i": 559, "x": 23240.0, "y": 7272.0}, {"i": 560, "x": 23310.0, "y": 8352.0}, {"i": 561, "x": 23364.0, "y": 7586.0}, {"i": 562, "x": 23382.0, "y": 7162.0}, {"i": 563, "x": 23552.0, "y": 5548.0}, {"i": 564, "x": 23602.0, "y": 6370.0}, {"i": 565, "x": 23606.0, "y": 2142.0}, {"i": 566, "x": 23642.0, "y": 7814.0}, {"i": 567, "x": 23688.0, "y": 5960.0}, {"i": 568, "x": 23704.0, "y": 8330.0}, {"i": 569, "x": 23740.0, "y": 8434.0}, {"i": 570, "x": 23752.0, "y": 5202.0}, {"i": 571, "x": 23836.0, "y": 5926.0}, {"i": 572, "x": 23852.0, "y": 430.0}, {"i": 573, "x": 23952.0, "y": 5502.0}, {"i": 574, "x": 23970.0, "y": 1616.0}, {"i": 575, "x": 24134.0, "y": 5754.0}, {"i": 576, "x": 24154.0, "y": 5570.0}, {"i": 577, "x": 24194.0, "y": 530.0}, {"i": 578, "x": 24220.0, "y": 7712.0}, {"i": 579, "x": 24226.0, "y": 7724.0}, {"i": 580, "x": 24316.0, "y": 4542.0}, {"i": 581, "x": 24434.0, "y": 4654.0}, {"i": 582, "x": 24568.0, "y": 262.0}, {"i": 583, "x": 24616.0, "y": 1340.0}, {"i": 584, "x": 24644.0, "y": 870.0}, {"i": 585, "x": 24690.0, "y": 5986.0}, {"i": 586, "x": 24696.0, "y": 3412.0}, {"i": 587, "x": 24700.0, "y": 3240.0}, {"i": 588, "x": 24746.0, "y": 7558.0}, {"i": 589, "x": 24770.0, "y": 3242.0}, {"i": 590, "x": 24800.0, "y": 3258.0}, {"i": 591, "x": 24826.0, "y": 6870.0}, {"i": 592, "x": 24894.0, "y": 7032.0}, {"i": 593, "x": 24944.0, "y": 4638.0}, {"i": 594, "x": 25024.0, "y": 1812.0}, {"i": 595, "x": 25286.0, "y": 3248.0}, {"i": 596, "x": 25318.0, "y": 6984.0}, {"i": 597, "x": 25364.0, "y": 1946.0}, {"i": 598, "x": 25472.0, "y": 5520.0}, {"i": 599, "x": 25526.0, "y": 6206.0}], "type": "Instance", "name": "paris-0000600", "meta": {"comment": "HIP even point set instance (600 points) sampled from image ", "faces_in_delaunay": 1184}}