{"points": [{"i": 0, "x": 64.0, "y": 5316.0}, {"i": 1, "x": 72.0, "y": 98.0}, {"i": 2, "x": 122.0, "y": 948.0}, {"i": 3, "x": 160.0, "y": 6854.0}, {"i": 4, "x": 204.0, "y": 7810.0}, {"i": 5, "x": 266.0, "y": 1600.0}, {"i": 6, "x": 298.0, "y": 7542.0}, {"i": 7, "x": 312.0, "y": 1526.0}, {"i": 8, "x": 620.0, "y": 1540.0}, {"i": 9, "x": 658.0, "y": 2786.0}, {"i": 10, "x": 702.0, "y": 5322.0}, {"i": 11, "x": 736.0, "y": 6820.0}, {"i": 12, "x": 750.0, "y": 194.0}, {"i": 13, "x": 830.0, "y": 502.0}, {"i": 14, "x": 832.0, "y": 2790.0}, {"i": 15, "x": 868.0, "y": 178.0}, {"i": 16, "x": 884.0, "y": 4572.0}, {"i": 17, "x": 892.0, "y": 6854.0}, {"i": 18, "x": 1022.0, "y": 4590.0}, {"i": 19, "x": 1068.0, "y": 1304.0}, {"i": 20, "x": 1090.0, "y": 5258.0}, {"i": 21, "x": 1146.0, "y": 1000.0}, {"i": 22, "x": 1190.0, "y": 2534.0}, {"i": 23, "x": 1208.0, "y": 5150.0}, {"i": 24, "x": 1248.0, "y": 6342.0}, {"i": 25, "x": 1266.0, "y": 5634.0}, {"i": 26, "x": 1276.0, "y": 5632.0}, {"i": 27, "x": 1338.0, "y": 5726.0}, {"i": 28, "x": 1374.0, "y": 1364.0}, {"i": 29, "x": 1558.0, "y": 7326.0}, {"i": 30, "x": 1568.0, "y": 2394.0}, {"i": 31, "x": 1600.0, "y": 5344.0}, {"i": 32, "x": 1652.0, "y": 96.0}, {"i": 33, "x": 1652.0, "y": 2464.0}, {"i": 34, "x": 1774.0, "y": 2826.0}, {"i": 35, "x": 1788.0, "y": 5270.0}, {"i": 36, "x": 1882.0, "y": 6176.0}, {"i": 37, "x": 1884.0, "y": 6042.0}, {"i": 38, "x": 1898.0, "y": 6006.0}, {"i": 39, "x": 1900.0, "y": 5876.0}, {"i": 40, "x": 1958.0, "y": 3074.0}, {"i": 41, "x": 2020.0, "y": 6240.0}, {"i": 42, "x": 2064.0, "y": 1924.0}, {"i": 43, "x": 2192.0, "y": 1412.0}, {"i": 44, "x": 2204.0, "y": 366.0}, {"i": 45, "x": 2308.0, "y": 5810.0}, {"i": 46, "x": 2404.0, "y": 4632.0}, {"i": 47, "x": 2410.0, "y": 514.0}, {"i": 48, "x": 2416.0, "y": 380.0}, {"i": 49, "x": 2418.0, "y": 7070.0}, {"i": 50, "x": 2464.0, "y": 7774.0}, {"i": 51, "x": 2468.0, "y": 8168.0}, {"i": 52, "x": 2474.0, "y": 9872.0}, {"i": 53, "x": 2482.0, "y": 4720.0}, {"i": 54, "x": 2488.0, "y": 2230.0}, {"i": 55, "x": 2500.0, "y": 7072.0}, {"i": 56, "x": 2522.0, "y": 1880.0}, {"i": 57, "x": 2540.0, "y": 4334.0}, {"i": 58, "x": 2748.0, "y": 5324.0}, {"i": 59, "x": 2774.0, "y": 5232.0}, {"i": 60, "x": 2800.0, "y": 4928.0}, {"i": 61, "x": 2808.0, "y": 5256.0}, {"i": 62, "x": 2808.0, "y": 7312.0}, {"i": 63, "x": 2830.0, "y": 1128.0}, {"i": 64, "x": 2856.0, "y": 4934.0}, {"i": 65, "x": 2876.0, "y": 2480.0}, {"i": 66, "x": 2942.0, "y": 9874.0}, {"i": 67, "x": 2948.0, "y": 6654.0}, {"i": 68, "x": 2956.0, "y": 4620.0}, {"i": 69, "x": 3000.0, "y": 5626.0}, {"i": 70, "x": 3086.0, "y": 6076.0}, {"i": 71, "x": 3114.0, "y": 7558.0}, {"i": 72, "x": 3128.0, "y": 8038.0}, {"i": 73, "x": 3132.0, "y": 5974.0}, {"i": 74, "x": 3172.0, "y": 3438.0}, {"i": 75, "x": 3178.0, "y": 9818.0}, {"i": 76, "x": 3216.0, "y": 6040.0}, {"i": 77, "x": 3216.0, "y": 8878.0}, {"i": 78, "x": 3300.0, "y": 4910.0}, {"i": 79, "x": 3366.0, "y": 4882.0}, {"i": 80, "x": 3454.0, "y": 6540.0}, {"i": 81, "x": 3522.0, "y": 1388.0}, {"i": 82, "x": 3598.0, "y": 12180.0}, {"i": 83, "x": 3608.0, "y": 7180.0}, {"i": 84, "x": 3612.0, "y": 2520.0}, {"i": 85, "x": 3624.0, "y": 11060.0}, {"i": 86, "x": 3634.0, "y": 10616.0}, {"i": 87, "x": 3696.0, "y": 5472.0}, {"i": 88, "x": 3722.0, "y": 9680.0}, {"i": 89, "x": 3758.0, "y": 6432.0}, {"i": 90, "x": 3856.0, "y": 4710.0}, {"i": 91, "x": 3886.0, "y": 2424.0}, {"i": 92, "x": 3938.0, "y": 1570.0}, {"i": 93, "x": 3974.0, "y": 7160.0}, {"i": 94, "x": 3992.0, "y": 8690.0}, {"i": 95, "x": 4050.0, "y": 3692.0}, {"i": 96, "x": 4054.0, "y": 8172.0}, {"i": 97, "x": 4078.0, "y": 8002.0}, {"i": 98, "x": 4090.0, "y": 658.0}, {"i": 99, "x": 4110.0, "y": 7002.0}, {"i": 100, "x": 4112.0, "y": 5086.0}, {"i": 101, "x": 4130.0, "y": 5902.0}, {"i": 102, "x": 4158.0, "y": 5776.0}, {"i": 103, "x": 4178.0, "y": 6584.0}, {"i": 104, "x": 4240.0, "y": 6986.0}, {"i": 105, "x": 4274.0, "y": 5204.0}, {"i": 106, "x": 4360.0, "y": 7400.0}, {"i": 107, "x": 4368.0, "y": 846.0}, {"i": 108, "x": 4378.0, "y": 7410.0}, {"i": 109, "x": 4418.0, "y": 8054.0}, {"i": 110, "x": 4578.0, "y": 6606.0}, {"i": 111, "x": 4626.0, "y": 7118.0}, {"i": 112, "x": 4638.0, "y": 7390.0}, {"i": 113, "x": 4648.0, "y": 4506.0}, {"i": 114, "x": 4662.0, "y": 1212.0}, {"i": 115, "x": 4672.0, "y": 944.0}, {"i": 116, "x": 4688.0, "y": 6578.0}, {"i": 117, "x": 4768.0, "y": 594.0}, {"i": 118, "x": 4776.0, "y": 11524.0}, {"i": 119, "x": 4792.0, "y": 7164.0}, {"i": 120, "x": 4796.0, "y": 3590.0}, {"i": 121, "x": 4828.0, "y": 7660.0}, {"i": 122, "x": 4834.0, "y": 11548.0}, {"i": 123, "x": 4878.0, "y": 3558.0}, {"i": 124, "x": 4912.0, "y": 7704.0}, {"i": 125, "x": 4954.0, "y": 7006.0}, {"i": 126, "x": 4956.0, "y": 7594.0}, {"i": 127, "x": 4972.0, "y": 6090.0}, {"i": 128, "x": 4996.0, "y": 786.0}, {"i": 129, "x": 5084.0, "y": 6236.0}, {"i": 130, "x": 5178.0, "y": 5664.0}, {"i": 131, "x": 5302.0, "y": 6340.0}, {"i": 132, "x": 5324.0, "y": 7992.0}, {"i": 133, "x": 5404.0, "y": 7648.0}, {"i": 134, "x": 5422.0, "y": 758.0}, {"i": 135, "x": 5428.0, "y": 8182.0}, {"i": 136, "x": 5518.0, "y": 5516.0}, {"i": 137, "x": 5574.0, "y": 220.0}, {"i": 138, "x": 5610.0, "y": 5942.0}, {"i": 139, "x": 5646.0, "y": 424.0}, {"i": 140, "x": 5650.0, "y": 11468.0}, {"i": 141, "x": 5688.0, "y": 5658.0}, {"i": 142, "x": 5732.0, "y": 5644.0}, {"i": 143, "x": 5738.0, "y": 2906.0}, {"i": 144, "x": 5750.0, "y": 10772.0}, {"i": 145, "x": 5752.0, "y": 2892.0}, {"i": 146, "x": 5756.0, "y": 3006.0}, {"i": 147, "x": 5770.0, "y": 5632.0}, {"i": 148, "x": 5792.0, "y": 4834.0}, {"i": 149, "x": 5798.0, "y": 6042.0}, {"i": 150, "x": 5814.0, "y": 176.0}, {"i": 151, "x": 5822.0, "y": 5824.0}, {"i": 152, "x": 5824.0, "y": 11382.0}, {"i": 153, "x": 5902.0, "y": 6980.0}, {"i": 154, "x": 5914.0, "y": 6246.0}, {"i": 155, "x": 5934.0, "y": 2566.0}, {"i": 156, "x": 5948.0, "y": 510.0}, {"i": 157, "x": 6060.0, "y": 870.0}, {"i": 158, "x": 6092.0, "y": 5490.0}, {"i": 159, "x": 6110.0, "y": 7802.0}, {"i": 160, "x": 6190.0, "y": 7860.0}, {"i": 161, "x": 6226.0, "y": 7568.0}, {"i": 162, "x": 6354.0, "y": 9390.0}, {"i": 163, "x": 6384.0, "y": 1632.0}, {"i": 164, "x": 6390.0, "y": 1862.0}, {"i": 165, "x": 6458.0, "y": 3826.0}, {"i": 166, "x": 6500.0, "y": 1940.0}, {"i": 167, "x": 6520.0, "y": 8740.0}, {"i": 168, "x": 6550.0, "y": 9534.0}, {"i": 169, "x": 6644.0, "y": 1088.0}, {"i": 170, "x": 6676.0, "y": 4532.0}, {"i": 171, "x": 6690.0, "y": 10786.0}, {"i": 172, "x": 6694.0, "y": 11094.0}, {"i": 173, "x": 6698.0, "y": 8656.0}, {"i": 174, "x": 6726.0, "y": 11368.0}, {"i": 175, "x": 6778.0, "y": 4678.0}, {"i": 176, "x": 6778.0, "y": 7172.0}, {"i": 177, "x": 6778.0, "y": 8312.0}, {"i": 178, "x": 6778.0, "y": 9374.0}, {"i": 179, "x": 6796.0, "y": 1542.0}, {"i": 180, "x": 6800.0, "y": 10496.0}, {"i": 181, "x": 6820.0, "y": 9572.0}, {"i": 182, "x": 6830.0, "y": 10716.0}, {"i": 183, "x": 6854.0, "y": 9676.0}, {"i": 184, "x": 6896.0, "y": 178.0}, {"i": 185, "x": 6898.0, "y": 9624.0}, {"i": 186, "x": 6906.0, "y": 2302.0}, {"i": 187, "x": 6946.0, "y": 8342.0}, {"i": 188, "x": 6974.0, "y": 9420.0}, {"i": 189, "x": 6990.0, "y": 9420.0}, {"i": 190, "x": 7014.0, "y": 8316.0}, {"i": 191, "x": 7020.0, "y": 11686.0}, {"i": 192, "x": 7022.0, "y": 2236.0}, {"i": 193, "x": 7042.0, "y": 9370.0}, {"i": 194, "x": 7078.0, "y": 9732.0}, {"i": 195, "x": 7080.0, "y": 2278.0}, {"i": 196, "x": 7106.0, "y": 1558.0}, {"i": 197, "x": 7126.0, "y": 1328.0}, {"i": 198, "x": 7134.0, "y": 9730.0}, {"i": 199, "x": 7154.0, "y": 8564.0}, {"i": 200, "x": 7162.0, "y": 7722.0}, {"i": 201, "x": 7174.0, "y": 4792.0}, {"i": 202, "x": 7216.0, "y": 7218.0}, {"i": 203, "x": 7250.0, "y": 10986.0}, {"i": 204, "x": 7254.0, "y": 6490.0}, {"i": 205, "x": 7330.0, "y": 10730.0}, {"i": 206, "x": 7332.0, "y": 5536.0}, {"i": 207, "x": 7334.0, "y": 5684.0}, {"i": 208, "x": 7342.0, "y": 2978.0}, {"i": 209, "x": 7380.0, "y": 3458.0}, {"i": 210, "x": 7418.0, "y": 7046.0}, {"i": 211, "x": 7430.0, "y": 5956.0}, {"i": 212, "x": 7570.0, "y": 290.0}, {"i": 213, "x": 7574.0, "y": 1732.0}, {"i": 214, "x": 7576.0, "y": 3362.0}, {"i": 215, "x": 7666.0, "y": 6828.0}, {"i": 216, "x": 7682.0, "y": 8130.0}, {"i": 217, "x": 7696.0, "y": 2754.0}, {"i": 218, "x": 7762.0, "y": 9854.0}, {"i": 219, "x": 7806.0, "y": 4372.0}, {"i": 220, "x": 7810.0, "y": 1120.0}, {"i": 221, "x": 7830.0, "y": 7450.0}, {"i": 222, "x": 7940.0, "y": 4528.0}, {"i": 223, "x": 8016.0, "y": 11078.0}, {"i": 224, "x": 8028.0, "y": 9932.0}, {"i": 225, "x": 8032.0, "y": 4254.0}, {"i": 226, "x": 8042.0, "y": 8788.0}, {"i": 227, "x": 8042.0, "y": 9562.0}, {"i": 228, "x": 8048.0, "y": 3580.0}, {"i": 229, "x": 8086.0, "y": 9206.0}, {"i": 230, "x": 8108.0, "y": 6860.0}, {"i": 231, "x": 8166.0, "y": 4512.0}, {"i": 232, "x": 8166.0, "y": 7312.0}, {"i": 233, "x": 8206.0, "y": 8414.0}, {"i": 234, "x": 8208.0, "y": 1902.0}, {"i": 235, "x": 8242.0, "y": 1864.0}, {"i": 236, "x": 8380.0, "y": 4646.0}, {"i": 237, "x": 8392.0, "y": 4628.0}, {"i": 238, "x": 8442.0, "y": 702.0}, {"i": 239, "x": 8492.0, "y": 518.0}, {"i": 240, "x": 8498.0, "y": 5874.0}, {"i": 241, "x": 8554.0, "y": 5522.0}, {"i": 242, "x": 8650.0, "y": 7716.0}, {"i": 243, "x": 8662.0, "y": 1922.0}, {"i": 244, "x": 8680.0, "y": 1760.0}, {"i": 245, "x": 8792.0, "y": 3540.0}, {"i": 246, "x": 8810.0, "y": 6086.0}, {"i": 247, "x": 8836.0, "y": 2212.0}, {"i": 248, "x": 8956.0, "y": 3062.0}, {"i": 249, "x": 8958.0, "y": 3846.0}, {"i": 250, "x": 8960.0, "y": 1212.0}, {"i": 251, "x": 8988.0, "y": 1284.0}, {"i": 252, "x": 9024.0, "y": 4600.0}, {"i": 253, "x": 9030.0, "y": 5890.0}, {"i": 254, "x": 9098.0, "y": 34.0}, {"i": 255, "x": 9120.0, "y": 9680.0}, {"i": 256, "x": 9124.0, "y": 6424.0}, {"i": 257, "x": 9156.0, "y": 3144.0}, {"i": 258, "x": 9188.0, "y": 11426.0}, {"i": 259, "x": 9216.0, "y": 3094.0}, {"i": 260, "x": 9230.0, "y": 26.0}, {"i": 261, "x": 9282.0, "y": 1872.0}, {"i": 262, "x": 9316.0, "y": 394.0}, {"i": 263, "x": 9354.0, "y": 2696.0}, {"i": 264, "x": 9358.0, "y": 11660.0}, {"i": 265, "x": 9392.0, "y": 88.0}, {"i": 266, "x": 9402.0, "y": 11538.0}, {"i": 267, "x": 9410.0, "y": 2824.0}, {"i": 268, "x": 9422.0, "y": 3058.0}, {"i": 269, "x": 9474.0, "y": 866.0}, {"i": 270, "x": 9484.0, "y": 928.0}, {"i": 271, "x": 9484.0, "y": 8228.0}, {"i": 272, "x": 9510.0, "y": 10636.0}, {"i": 273, "x": 9526.0, "y": 8210.0}, {"i": 274, "x": 9588.0, "y": 3118.0}, {"i": 275, "x": 9616.0, "y": 3802.0}, {"i": 276, "x": 9638.0, "y": 3092.0}, {"i": 277, "x": 9668.0, "y": 3710.0}, {"i": 278, "x": 9672.0, "y": 4288.0}, {"i": 279, "x": 9708.0, "y": 906.0}, {"i": 280, "x": 9734.0, "y": 1450.0}, {"i": 281, "x": 9780.0, "y": 9748.0}, {"i": 282, "x": 9810.0, "y": 532.0}, {"i": 283, "x": 9820.0, "y": 7234.0}, {"i": 284, "x": 9866.0, "y": 3408.0}, {"i": 285, "x": 9898.0, "y": 10802.0}, {"i": 286, "x": 9908.0, "y": 5848.0}, {"i": 287, "x": 9926.0, "y": 292.0}, {"i": 288, "x": 9938.0, "y": 1764.0}, {"i": 289, "x": 9980.0, "y": 6716.0}, {"i": 290, "x": 10006.0, "y": 5306.0}, {"i": 291, "x": 10028.0, "y": 642.0}, {"i": 292, "x": 10056.0, "y": 6904.0}, {"i": 293, "x": 10056.0, "y": 9858.0}, {"i": 294, "x": 10070.0, "y": 2608.0}, {"i": 295, "x": 10096.0, "y": 2178.0}, {"i": 296, "x": 10130.0, "y": 270.0}, {"i": 297, "x": 10130.0, "y": 3042.0}, {"i": 298, "x": 10174.0, "y": 862.0}, {"i": 299, "x": 10196.0, "y": 8760.0}, {"i": 300, "x": 10216.0, "y": 5056.0}, {"i": 301, "x": 10226.0, "y": 5376.0}, {"i": 302, "x": 10228.0, "y": 628.0}, {"i": 303, "x": 10234.0, "y": 1674.0}, {"i": 304, "x": 10254.0, "y": 11048.0}, {"i": 305, "x": 10262.0, "y": 3902.0}, {"i": 306, "x": 10268.0, "y": 10870.0}, {"i": 307, "x": 10282.0, "y": 4970.0}, {"i": 308, "x": 10302.0, "y": 2938.0}, {"i": 309, "x": 10304.0, "y": 1338.0}, {"i": 310, "x": 10336.0, "y": 3458.0}, {"i": 311, "x": 10364.0, "y": 5022.0}, {"i": 312, "x": 10394.0, "y": 7732.0}, {"i": 313, "x": 10414.0, "y": 5876.0}, {"i": 314, "x": 10440.0, "y": 2494.0}, {"i": 315, "x": 10448.0, "y": 2256.0}, {"i": 316, "x": 10450.0, "y": 3496.0}, {"i": 317, "x": 10478.0, "y": 5338.0}, {"i": 318, "x": 10520.0, "y": 9984.0}, {"i": 319, "x": 10528.0, "y": 4998.0}, {"i": 320, "x": 10530.0, "y": 2110.0}, {"i": 321, "x": 10532.0, "y": 1322.0}, {"i": 322, "x": 10558.0, "y": 2854.0}, {"i": 323, "x": 10568.0, "y": 8106.0}, {"i": 324, "x": 10596.0, "y": 5336.0}, {"i": 325, "x": 10632.0, "y": 3488.0}, {"i": 326, "x": 10654.0, "y": 4654.0}, {"i": 327, "x": 10656.0, "y": 300.0}, {"i": 328, "x": 10680.0, "y": 4930.0}, {"i": 329, "x": 10690.0, "y": 3266.0}, {"i": 330, "x": 10692.0, "y": 6232.0}, {"i": 331, "x": 10724.0, "y": 5332.0}, {"i": 332, "x": 10842.0, "y": 8796.0}, {"i": 333, "x": 10926.0, "y": 4118.0}, {"i": 334, "x": 10984.0, "y": 5334.0}, {"i": 335, "x": 11004.0, "y": 2888.0}, {"i": 336, "x": 11052.0, "y": 2016.0}, {"i": 337, "x": 11082.0, "y": 7544.0}, {"i": 338, "x": 11122.0, "y": 9786.0}, {"i": 339, "x": 11124.0, "y": 3704.0}, {"i": 340, "x": 11238.0, "y": 198.0}, {"i": 341, "x": 11322.0, "y": 2474.0}, {"i": 342, "x": 11334.0, "y": 7796.0}, {"i": 343, "x": 11342.0, "y": 2142.0}, {"i": 344, "x": 11344.0, "y": 1948.0}, {"i": 345, "x": 11372.0, "y": 4286.0}, {"i": 346, "x": 11440.0, "y": 3130.0}, {"i": 347, "x": 11442.0, "y": 1652.0}, {"i": 348, "x": 11446.0, "y": 4724.0}, {"i": 349, "x": 11480.0, "y": 5802.0}, {"i": 350, "x": 11502.0, "y": 1168.0}, {"i": 351, "x": 11524.0, "y": 1898.0}, {"i": 352, "x": 11526.0, "y": 4450.0}, {"i": 353, "x": 11558.0, "y": 3046.0}, {"i": 354, "x": 11560.0, "y": 482.0}, {"i": 355, "x": 11652.0, "y": 4406.0}, {"i": 356, "x": 11662.0, "y": 1294.0}, {"i": 357, "x": 11664.0, "y": 5510.0}, {"i": 358, "x": 11736.0, "y": 5260.0}, {"i": 359, "x": 11748.0, "y": 4622.0}, {"i": 360, "x": 11796.0, "y": 5926.0}, {"i": 361, "x": 11840.0, "y": 2148.0}, {"i": 362, "x": 11888.0, "y": 5060.0}, {"i": 363, "x": 11926.0, "y": 1138.0}, {"i": 364, "x": 11936.0, "y": 3524.0}, {"i": 365, "x": 11966.0, "y": 5454.0}, {"i": 366, "x": 12016.0, "y": 4966.0}, {"i": 367, "x": 12020.0, "y": 5468.0}, {"i": 368, "x": 12028.0, "y": 2912.0}, {"i": 369, "x": 12048.0, "y": 236.0}, {"i": 370, "x": 12084.0, "y": 5398.0}, {"i": 371, "x": 12102.0, "y": 1604.0}, {"i": 372, "x": 12104.0, "y": 3854.0}, {"i": 373, "x": 12114.0, "y": 2446.0}, {"i": 374, "x": 12122.0, "y": 4716.0}, {"i": 375, "x": 12134.0, "y": 5564.0}, {"i": 376, "x": 12152.0, "y": 4214.0}, {"i": 377, "x": 12198.0, "y": 1868.0}, {"i": 378, "x": 12236.0, "y": 1400.0}, {"i": 379, "x": 12312.0, "y": 3582.0}, {"i": 380, "x": 12396.0, "y": 1304.0}, {"i": 381, "x": 12398.0, "y": 10752.0}, {"i": 382, "x": 12428.0, "y": 10798.0}, {"i": 383, "x": 12490.0, "y": 7984.0}, {"i": 384, "x": 12536.0, "y": 4910.0}, {"i": 385, "x": 12608.0, "y": 9852.0}, {"i": 386, "x": 12608.0, "y": 10076.0}, {"i": 387, "x": 12648.0, "y": 7378.0}, {"i": 388, "x": 12670.0, "y": 6048.0}, {"i": 389, "x": 12672.0, "y": 3342.0}, {"i": 390, "x": 12700.0, "y": 1112.0}, {"i": 391, "x": 12718.0, "y": 7800.0}, {"i": 392, "x": 12752.0, "y": 8916.0}, {"i": 393, "x": 12754.0, "y": 3166.0}, {"i": 394, "x": 12774.0, "y": 8314.0}, {"i": 395, "x": 12844.0, "y": 2980.0}, {"i": 396, "x": 12888.0, "y": 2548.0}, {"i": 397, "x": 12922.0, "y": 362.0}, {"i": 398, "x": 12930.0, "y": 906.0}, {"i": 399, "x": 12962.0, "y": 6914.0}, {"i": 400, "x": 13008.0, "y": 1148.0}, {"i": 401, "x": 13022.0, "y": 3560.0}, {"i": 402, "x": 13040.0, "y": 11236.0}, {"i": 403, "x": 13042.0, "y": 9286.0}, {"i": 404, "x": 13042.0, "y": 11450.0}, {"i": 405, "x": 13044.0, "y": 2422.0}, {"i": 406, "x": 13044.0, "y": 12338.0}, {"i": 407, "x": 13046.0, "y": 3048.0}, {"i": 408, "x": 13050.0, "y": 9872.0}, {"i": 409, "x": 13088.0, "y": 1620.0}, {"i": 410, "x": 13088.0, "y": 5014.0}, {"i": 411, "x": 13090.0, "y": 4270.0}, {"i": 412, "x": 13092.0, "y": 3464.0}, {"i": 413, "x": 13148.0, "y": 8382.0}, {"i": 414, "x": 13182.0, "y": 3550.0}, {"i": 415, "x": 13200.0, "y": 570.0}, {"i": 416, "x": 13200.0, "y": 5780.0}, {"i": 417, "x": 13204.0, "y": 6236.0}, {"i": 418, "x": 13208.0, "y": 3450.0}, {"i": 419, "x": 13226.0, "y": 4482.0}, {"i": 420, "x": 13260.0, "y": 4932.0}, {"i": 421, "x": 13264.0, "y": 1984.0}, {"i": 422, "x": 13266.0, "y": 4690.0}, {"i": 423, "x": 13272.0, "y": 4670.0}, {"i": 424, "x": 13330.0, "y": 7180.0}, {"i": 425, "x": 13330.0, "y": 7808.0}, {"i": 426, "x": 13338.0, "y": 534.0}, {"i": 427, "x": 13362.0, "y": 1196.0}, {"i": 428, "x": 13362.0, "y": 2266.0}, {"i": 429, "x": 13410.0, "y": 1356.0}, {"i": 430, "x": 13460.0, "y": 5452.0}, {"i": 431, "x": 13466.0, "y": 12180.0}, {"i": 432, "x": 13470.0, "y": 5166.0}, {"i": 433, "x": 13486.0, "y": 1364.0}, {"i": 434, "x": 13486.0, "y": 4348.0}, {"i": 435, "x": 13504.0, "y": 7590.0}, {"i": 436, "x": 13518.0, "y": 7856.0}, {"i": 437, "x": 13594.0, "y": 7496.0}, {"i": 438, "x": 13612.0, "y": 5272.0}, {"i": 439, "x": 13670.0, "y": 5688.0}, {"i": 440, "x": 13672.0, "y": 6552.0}, {"i": 441, "x": 13674.0, "y": 3792.0}, {"i": 442, "x": 13692.0, "y": 2396.0}, {"i": 443, "x": 13702.0, "y": 6102.0}, {"i": 444, "x": 13714.0, "y": 8040.0}, {"i": 445, "x": 13718.0, "y": 12146.0}, {"i": 446, "x": 13752.0, "y": 1836.0}, {"i": 447, "x": 13768.0, "y": 6706.0}, {"i": 448, "x": 13820.0, "y": 3818.0}, {"i": 449, "x": 13842.0, "y": 276.0}, {"i": 450, "x": 13866.0, "y": 536.0}, {"i": 451, "x": 13898.0, "y": 5600.0}, {"i": 452, "x": 13902.0, "y": 3094.0}, {"i": 453, "x": 13928.0, "y": 4070.0}, {"i": 454, "x": 13930.0, "y": 4296.0}, {"i": 455, "x": 13940.0, "y": 1656.0}, {"i": 456, "x": 13982.0, "y": 2468.0}, {"i": 457, "x": 13984.0, "y": 1196.0}, {"i": 458, "x": 14030.0, "y": 4274.0}, {"i": 459, "x": 14042.0, "y": 1958.0}, {"i": 460, "x": 14046.0, "y": 4544.0}, {"i": 461, "x": 14050.0, "y": 2522.0}, {"i": 462, "x": 14060.0, "y": 2240.0}, {"i": 463, "x": 14066.0, "y": 3108.0}, {"i": 464, "x": 14080.0, "y": 3856.0}, {"i": 465, "x": 14082.0, "y": 168.0}, {"i": 466, "x": 14086.0, "y": 5874.0}, {"i": 467, "x": 14090.0, "y": 94.0}, {"i": 468, "x": 14092.0, "y": 3070.0}, {"i": 469, "x": 14102.0, "y": 4748.0}, {"i": 470, "x": 14154.0, "y": 76.0}, {"i": 471, "x": 14154.0, "y": 5120.0}, {"i": 472, "x": 14206.0, "y": 12376.0}, {"i": 473, "x": 14214.0, "y": 4640.0}, {"i": 474, "x": 14218.0, "y": 5026.0}, {"i": 475, "x": 14234.0, "y": 2916.0}, {"i": 476, "x": 14244.0, "y": 6256.0}, {"i": 477, "x": 14292.0, "y": 2596.0}, {"i": 478, "x": 14296.0, "y": 844.0}, {"i": 479, "x": 14306.0, "y": 6766.0}, {"i": 480, "x": 14360.0, "y": 5530.0}, {"i": 481, "x": 14366.0, "y": 7994.0}, {"i": 482, "x": 14390.0, "y": 3290.0}, {"i": 483, "x": 14412.0, "y": 1502.0}, {"i": 484, "x": 14426.0, "y": 3484.0}, {"i": 485, "x": 14432.0, "y": 1146.0}, {"i": 486, "x": 14432.0, "y": 6890.0}, {"i": 487, "x": 14452.0, "y": 5650.0}, {"i": 488, "x": 14472.0, "y": 3626.0}, {"i": 489, "x": 14494.0, "y": 3384.0}, {"i": 490, "x": 14510.0, "y": 2412.0}, {"i": 491, "x": 14544.0, "y": 1368.0}, {"i": 492, "x": 14570.0, "y": 5412.0}, {"i": 493, "x": 14586.0, "y": 5118.0}, {"i": 494, "x": 14606.0, "y": 94.0}, {"i": 495, "x": 14628.0, "y": 6932.0}, {"i": 496, "x": 14656.0, "y": 10986.0}, {"i": 497, "x": 14660.0, "y": 2280.0}, {"i": 498, "x": 14680.0, "y": 1146.0}, {"i": 499, "x": 14680.0, "y": 11950.0}, {"i": 500, "x": 14694.0, "y": 1272.0}, {"i": 501, "x": 14706.0, "y": 3164.0}, {"i": 502, "x": 14708.0, "y": 4000.0}, {"i": 503, "x": 14828.0, "y": 7086.0}, {"i": 504, "x": 14840.0, "y": 2864.0}, {"i": 505, "x": 14842.0, "y": 6062.0}, {"i": 506, "x": 14846.0, "y": 6918.0}, {"i": 507, "x": 14848.0, "y": 1270.0}, {"i": 508, "x": 14868.0, "y": 5052.0}, {"i": 509, "x": 14904.0, "y": 870.0}, {"i": 510, "x": 14912.0, "y": 1996.0}, {"i": 511, "x": 14912.0, "y": 12648.0}, {"i": 512, "x": 14920.0, "y": 3022.0}, {"i": 513, "x": 14958.0, "y": 1940.0}, {"i": 514, "x": 14984.0, "y": 478.0}, {"i": 515, "x": 15006.0, "y": 12940.0}, {"i": 516, "x": 15012.0, "y": 3690.0}, {"i": 517, "x": 15046.0, "y": 2944.0}, {"i": 518, "x": 15046.0, "y": 7492.0}, {"i": 519, "x": 15072.0, "y": 4276.0}, {"i": 520, "x": 15098.0, "y": 892.0}, {"i": 521, "x": 15122.0, "y": 4252.0}, {"i": 522, "x": 15122.0, "y": 13482.0}, {"i": 523, "x": 15138.0, "y": 4564.0}, {"i": 524, "x": 15148.0, "y": 13080.0}, {"i": 525, "x": 15164.0, "y": 2200.0}, {"i": 526, "x": 15174.0, "y": 1458.0}, {"i": 527, "x": 15184.0, "y": 4802.0}, {"i": 528, "x": 15220.0, "y": 666.0}, {"i": 529, "x": 15248.0, "y": 2518.0}, {"i": 530, "x": 15260.0, "y": 2804.0}, {"i": 531, "x": 15286.0, "y": 2232.0}, {"i": 532, "x": 15334.0, "y": 6826.0}, {"i": 533, "x": 15380.0, "y": 11680.0}, {"i": 534, "x": 15398.0, "y": 4880.0}, {"i": 535, "x": 15402.0, "y": 4986.0}, {"i": 536, "x": 15402.0, "y": 12112.0}, {"i": 537, "x": 15410.0, "y": 13314.0}, {"i": 538, "x": 15416.0, "y": 4832.0}, {"i": 539, "x": 15424.0, "y": 12248.0}, {"i": 540, "x": 15478.0, "y": 3236.0}, {"i": 541, "x": 15508.0, "y": 2838.0}, {"i": 542, "x": 15530.0, "y": 2088.0}, {"i": 543, "x": 15590.0, "y": 706.0}, {"i": 544, "x": 15590.0, "y": 12246.0}, {"i": 545, "x": 15608.0, "y": 3838.0}, {"i": 546, "x": 15616.0, "y": 12692.0}, {"i": 547, "x": 15626.0, "y": 4094.0}, {"i": 548, "x": 15632.0, "y": 3168.0}, {"i": 549, "x": 15716.0, "y": 2914.0}, {"i": 550, "x": 15722.0, "y": 4906.0}, {"i": 551, "x": 15778.0, "y": 6242.0}, {"i": 552, "x": 15786.0, "y": 3114.0}, {"i": 553, "x": 15794.0, "y": 6246.0}, {"i": 554, "x": 15858.0, "y": 3934.0}, {"i": 555, "x": 15912.0, "y": 5682.0}, {"i": 556, "x": 15942.0, "y": 3292.0}, {"i": 557, "x": 15980.0, "y": 3270.0}, {"i": 558, "x": 16030.0, "y": 11762.0}, {"i": 559, "x": 16050.0, "y": 2688.0}, {"i": 560, "x": 16064.0, "y": 2370.0}, {"i": 561, "x": 16072.0, "y": 5924.0}, {"i": 562, "x": 16072.0, "y": 8444.0}, {"i": 563, "x": 16174.0, "y": 7586.0}, {"i": 564, "x": 16184.0, "y": 7640.0}, {"i": 565, "x": 16190.0, "y": 7984.0}, {"i": 566, "x": 16206.0, "y": 11924.0}, {"i": 567, "x": 16322.0, "y": 11622.0}, {"i": 568, "x": 16334.0, "y": 8048.0}, {"i": 569, "x": 16342.0, "y": 7226.0}, {"i": 570, "x": 16362.0, "y": 11124.0}, {"i": 571, "x": 16366.0, "y": 7670.0}, {"i": 572, "x": 16382.0, "y": 4040.0}, {"i": 573, "x": 16388.0, "y": 7108.0}, {"i": 574, "x": 16392.0, "y": 4776.0}, {"i": 575, "x": 16412.0, "y": 11808.0}, {"i": 576, "x": 16462.0, "y": 10338.0}, {"i": 577, "x": 16478.0, "y": 3920.0}, {"i": 578, "x": 16542.0, "y": 6808.0}, {"i": 579, "x": 16572.0, "y": 2952.0}, {"i": 580, "x": 16590.0, "y": 7674.0}, {"i": 581, "x": 16652.0, "y": 4182.0}, {"i": 582, "x": 16712.0, "y": 6498.0}, {"i": 583, "x": 16722.0, "y": 3964.0}, {"i": 584, "x": 16778.0, "y": 12706.0}, {"i": 585, "x": 16946.0, "y": 7702.0}, {"i": 586, "x": 16974.0, "y": 2372.0}, {"i": 587, "x": 16982.0, "y": 2770.0}, {"i": 588, "x": 17016.0, "y": 5404.0}, {"i": 589, "x": 17028.0, "y": 598.0}, {"i": 590, "x": 17050.0, "y": 4526.0}, {"i": 591, "x": 17054.0, "y": 4870.0}, {"i": 592, "x": 17102.0, "y": 4782.0}, {"i": 593, "x": 17106.0, "y": 10860.0}, {"i": 594, "x": 17110.0, "y": 9724.0}, {"i": 595, "x": 17194.0, "y": 44.0}, {"i": 596, "x": 17198.0, "y": 5476.0}, {"i": 597, "x": 17206.0, "y": 3046.0}, {"i": 598, "x": 17236.0, "y": 10522.0}, {"i": 599, "x": 17254.0, "y": 3738.0}, {"i": 600, "x": 17260.0, "y": 9624.0}, {"i": 601, "x": 17306.0, "y": 11134.0}, {"i": 602, "x": 17316.0, "y": 9476.0}, {"i": 603, "x": 17342.0, "y": 6146.0}, {"i": 604, "x": 17354.0, "y": 1024.0}, {"i": 605, "x": 17366.0, "y": 9558.0}, {"i": 606, "x": 17392.0, "y": 9314.0}, {"i": 607, "x": 17402.0, "y": 7852.0}, {"i": 608, "x": 17408.0, "y": 3340.0}, {"i": 609, "x": 17448.0, "y": 4154.0}, {"i": 610, "x": 17474.0, "y": 5698.0}, {"i": 611, "x": 17496.0, "y": 5500.0}, {"i": 612, "x": 17524.0, "y": 4158.0}, {"i": 613, "x": 17578.0, "y": 2840.0}, {"i": 614, "x": 17608.0, "y": 4404.0}, {"i": 615, "x": 17628.0, "y": 2172.0}, {"i": 616, "x": 17636.0, "y": 7152.0}, {"i": 617, "x": 17664.0, "y": 4464.0}, {"i": 618, "x": 17700.0, "y": 6774.0}, {"i": 619, "x": 17712.0, "y": 6038.0}, {"i": 620, "x": 17748.0, "y": 5502.0}, {"i": 621, "x": 17786.0, "y": 7702.0}, {"i": 622, "x": 17818.0, "y": 12118.0}, {"i": 623, "x": 17852.0, "y": 2754.0}, {"i": 624, "x": 17892.0, "y": 9732.0}, {"i": 625, "x": 17894.0, "y": 3332.0}, {"i": 626, "x": 17930.0, "y": 9592.0}, {"i": 627, "x": 17944.0, "y": 6428.0}, {"i": 628, "x": 17980.0, "y": 10392.0}, {"i": 629, "x": 18004.0, "y": 6536.0}, {"i": 630, "x": 18050.0, "y": 7122.0}, {"i": 631, "x": 18054.0, "y": 8800.0}, {"i": 632, "x": 18146.0, "y": 9746.0}, {"i": 633, "x": 18284.0, "y": 2010.0}, {"i": 634, "x": 18316.0, "y": 8758.0}, {"i": 635, "x": 18348.0, "y": 3218.0}, {"i": 636, "x": 18422.0, "y": 3048.0}, {"i": 637, "x": 18428.0, "y": 4104.0}, {"i": 638, "x": 18456.0, "y": 696.0}, {"i": 639, "x": 18464.0, "y": 7730.0}, {"i": 640, "x": 18514.0, "y": 11096.0}, {"i": 641, "x": 18516.0, "y": 6864.0}, {"i": 642, "x": 18592.0, "y": 1982.0}, {"i": 643, "x": 18648.0, "y": 5174.0}, {"i": 644, "x": 18666.0, "y": 5526.0}, {"i": 645, "x": 18740.0, "y": 8230.0}, {"i": 646, "x": 18848.0, "y": 6812.0}, {"i": 647, "x": 18862.0, "y": 768.0}, {"i": 648, "x": 18880.0, "y": 8144.0}, {"i": 649, "x": 18976.0, "y": 644.0}, {"i": 650, "x": 19046.0, "y": 2956.0}, {"i": 651, "x": 19052.0, "y": 4070.0}, {"i": 652, "x": 19222.0, "y": 2198.0}, {"i": 653, "x": 19252.0, "y": 5180.0}, {"i": 654, "x": 19320.0, "y": 1830.0}, {"i": 655, "x": 19334.0, "y": 3124.0}, {"i": 656, "x": 19344.0, "y": 3078.0}, {"i": 657, "x": 19446.0, "y": 7598.0}, {"i": 658, "x": 19470.0, "y": 1918.0}, {"i": 659, "x": 19600.0, "y": 3934.0}, {"i": 660, "x": 19600.0, "y": 7450.0}, {"i": 661, "x": 19656.0, "y": 9514.0}, {"i": 662, "x": 19686.0, "y": 5964.0}, {"i": 663, "x": 19704.0, "y": 3914.0}, {"i": 664, "x": 19714.0, "y": 5260.0}, {"i": 665, "x": 19792.0, "y": 7382.0}, {"i": 666, "x": 19820.0, "y": 5682.0}, {"i": 667, "x": 19936.0, "y": 3992.0}, {"i": 668, "x": 20002.0, "y": 11400.0}, {"i": 669, "x": 20078.0, "y": 2854.0}, {"i": 670, "x": 20102.0, "y": 2936.0}, {"i": 671, "x": 20102.0, "y": 10588.0}, {"i": 672, "x": 20156.0, "y": 4838.0}, {"i": 673, "x": 20216.0, "y": 1166.0}, {"i": 674, "x": 20286.0, "y": 5704.0}, {"i": 675, "x": 20294.0, "y": 5624.0}, {"i": 676, "x": 20306.0, "y": 62.0}, {"i": 677, "x": 20306.0, "y": 5008.0}, {"i": 678, "x": 20350.0, "y": 5258.0}, {"i": 679, "x": 20406.0, "y": 5292.0}, {"i": 680, "x": 20426.0, "y": 11402.0}, {"i": 681, "x": 20432.0, "y": 2562.0}, {"i": 682, "x": 20500.0, "y": 2746.0}, {"i": 683, "x": 20558.0, "y": 5862.0}, {"i": 684, "x": 20574.0, "y": 5836.0}, {"i": 685, "x": 20660.0, "y": 11400.0}, {"i": 686, "x": 20728.0, "y": 6014.0}, {"i": 687, "x": 20804.0, "y": 2608.0}, {"i": 688, "x": 20818.0, "y": 4010.0}, {"i": 689, "x": 20894.0, "y": 4948.0}, {"i": 690, "x": 20966.0, "y": 3114.0}, {"i": 691, "x": 20996.0, "y": 6038.0}, {"i": 692, "x": 21070.0, "y": 4860.0}, {"i": 693, "x": 21100.0, "y": 5054.0}, {"i": 694, "x": 21182.0, "y": 5052.0}, {"i": 695, "x": 21202.0, "y": 2580.0}, {"i": 696, "x": 21230.0, "y": 4334.0}, {"i": 697, "x": 21248.0, "y": 4878.0}, {"i": 698, "x": 21250.0, "y": 3078.0}, {"i": 699, "x": 21280.0, "y": 5440.0}, {"i": 700, "x": 21298.0, "y": 6002.0}, {"i": 701, "x": 21318.0, "y": 2358.0}, {"i": 702, "x": 21440.0, "y": 1626.0}, {"i": 703, "x": 21444.0, "y": 5382.0}, {"i": 704, "x": 21486.0, "y": 5962.0}, {"i": 705, "x": 21532.0, "y": 9914.0}, {"i": 706, "x": 21560.0, "y": 5750.0}, {"i": 707, "x": 21630.0, "y": 4646.0}, {"i": 708, "x": 21734.0, "y": 6246.0}, {"i": 709, "x": 21798.0, "y": 9398.0}, {"i": 710, "x": 21806.0, "y": 5730.0}, {"i": 711, "x": 21808.0, "y": 5886.0}, {"i": 712, "x": 21942.0, "y": 4270.0}, {"i": 713, "x": 21950.0, "y": 1752.0}, {"i": 714, "x": 21964.0, "y": 5310.0}, {"i": 715, "x": 22072.0, "y": 4096.0}, {"i": 716, "x": 22098.0, "y": 1750.0}, {"i": 717, "x": 22152.0, "y": 5934.0}, {"i": 718, "x": 22154.0, "y": 3682.0}, {"i": 719, "x": 22198.0, "y": 34.0}, {"i": 720, "x": 22200.0, "y": 2438.0}, {"i": 721, "x": 22384.0, "y": 722.0}, {"i": 722, "x": 22384.0, "y": 5268.0}, {"i": 723, "x": 22402.0, "y": 5920.0}, {"i": 724, "x": 22636.0, "y": 2028.0}, {"i": 725, "x": 22700.0, "y": 7564.0}, {"i": 726, "x": 22852.0, "y": 1920.0}, {"i": 727, "x": 22868.0, "y": 11868.0}, {"i": 728, "x": 22926.0, "y": 6714.0}, {"i": 729, "x": 22948.0, "y": 7784.0}, {"i": 730, "x": 22992.0, "y": 5306.0}, {"i": 731, "x": 23008.0, "y": 1770.0}, {"i": 732, "x": 23008.0, "y": 3834.0}, {"i": 733, "x": 23178.0, "y": 5672.0}, {"i": 734, "x": 23290.0, "y": 556.0}, {"i": 735, "x": 23296.0, "y": 3150.0}, {"i": 736, "x": 23312.0, "y": 5918.0}, {"i": 737, "x": 23318.0, "y": 710.0}, {"i": 738, "x": 23338.0, "y": 6194.0}, {"i": 739, "x": 23358.0, "y": 1666.0}, {"i": 740, "x": 23424.0, "y": 2234.0}, {"i": 741, "x": 23442.0, "y": 7466.0}, {"i": 742, "x": 23446.0, "y": 3150.0}, {"i": 743, "x": 23550.0, "y": 706.0}, {"i": 744, "x": 23568.0, "y": 2752.0}, {"i": 745, "x": 23582.0, "y": 6182.0}, {"i": 746, "x": 23644.0, "y": 600.0}, {"i": 747, "x": 23666.0, "y": 2224.0}, {"i": 748, "x": 23698.0, "y": 5922.0}, {"i": 749, "x": 23710.0, "y": 3674.0}, {"i": 750, "x": 23724.0, "y": 5990.0}, {"i": 751, "x": 23742.0, "y": 324.0}, {"i": 752, "x": 23746.0, "y": 2850.0}, {"i": 753, "x": 23776.0, "y": 5306.0}, {"i": 754, "x": 23790.0, "y": 6270.0}, {"i": 755, "x": 23804.0, "y": 5262.0}, {"i": 756, "x": 23848.0, "y": 6700.0}, {"i": 757, "x": 23954.0, "y": 2380.0}, {"i": 758, "x": 23988.0, "y": 5642.0}, {"i": 759, "x": 23998.0, "y": 2146.0}, {"i": 760, "x": 24002.0, "y": 7748.0}, {"i": 761, "x": 24130.0, "y": 1332.0}, {"i": 762, "x": 24136.0, "y": 804.0}, {"i": 763, "x": 24178.0, "y": 1744.0}, {"i": 764, "x": 24188.0, "y": 2222.0}, {"i": 765, "x": 24248.0, "y": 4980.0}, {"i": 766, "x": 24254.0, "y": 4382.0}, {"i": 767, "x": 24338.0, "y": 692.0}, {"i": 768, "x": 24384.0, "y": 578.0}, {"i": 769, "x": 24448.0, "y": 5684.0}, {"i": 770, "x": 24458.0, "y": 2148.0}, {"i": 771, "x": 24522.0, "y": 8052.0}, {"i": 772, "x": 24588.0, "y": 6266.0}, {"i": 773, "x": 24674.0, "y": 5538.0}, {"i": 774, "x": 24718.0, "y": 388.0}, {"i": 775, "x": 24926.0, "y": 6676.0}, {"i": 776, "x": 24962.0, "y": 2596.0}, {"i": 777, "x": 25006.0, "y": 6982.0}, {"i": 778, "x": 25014.0, "y": 1330.0}, {"i": 779, "x": 25040.0, "y": 5596.0}, {"i": 780, "x": 25074.0, "y": 2198.0}, {"i": 781, "x": 25096.0, "y": 7256.0}, {"i": 782, "x": 25118.0, "y": 1130.0}, {"i": 783, "x": 25150.0, "y": 2572.0}, {"i": 784, "x": 25166.0, "y": 2972.0}, {"i": 785, "x": 25190.0, "y": 1508.0}, {"i": 786, "x": 25266.0, "y": 7508.0}, {"i": 787, "x": 25292.0, "y": 100.0}, {"i": 788, "x": 25378.0, "y": 5646.0}, {"i": 789, "x": 25390.0, "y": 5744.0}, {"i": 790, "x": 25420.0, "y": 5218.0}, {"i": 791, "x": 25428.0, "y": 7436.0}, {"i": 792, "x": 25428.0, "y": 7714.0}, {"i": 793, "x": 25458.0, "y": 1184.0}, {"i": 794, "x": 25482.0, "y": 7344.0}, {"i": 795, "x": 25524.0, "y": 1152.0}, {"i": 796, "x": 25544.0, "y": 2554.0}, {"i": 797, "x": 25554.0, "y": 8480.0}, {"i": 798, "x": 25584.0, "y": 6408.0}, {"i": 799, "x": 25598.0, "y": 2488.0}], "type": "Instance", "name": "paris-0000800", "meta": {"comment": "HIP even point set instance (800 points) sampled from image ", "faces_in_delaunay": 1585}}