{"points": [{"i": 0, "x": 10.0, "y": 8126.0}, {"i": 1, "x": 12.0, "y": 1020.0}, {"i": 2, "x": 22.0, "y": 5672.0}, {"i": 3, "x": 34.0, "y": 7994.0}, {"i": 4, "x": 122.0, "y": 6996.0}, {"i": 5, "x": 128.0, "y": 7936.0}, {"i": 6, "x": 132.0, "y": 7844.0}, {"i": 7, "x": 172.0, "y": 2952.0}, {"i": 8, "x": 322.0, "y": 6948.0}, {"i": 9, "x": 338.0, "y": 6440.0}, {"i": 10, "x": 470.0, "y": 52.0}, {"i": 11, "x": 564.0, "y": 8512.0}, {"i": 12, "x": 690.0, "y": 1838.0}, {"i": 13, "x": 790.0, "y": 174.0}, {"i": 14, "x": 854.0, "y": 7644.0}, {"i": 15, "x": 920.0, "y": 7938.0}, {"i": 16, "x": 968.0, "y": 1340.0}, {"i": 17, "x": 1070.0, "y": 2534.0}, {"i": 18, "x": 1096.0, "y": 5342.0}, {"i": 19, "x": 1202.0, "y": 1942.0}, {"i": 20, "x": 1378.0, "y": 5020.0}, {"i": 21, "x": 1414.0, "y": 244.0}, {"i": 22, "x": 1448.0, "y": 2258.0}, {"i": 23, "x": 1598.0, "y": 622.0}, {"i": 24, "x": 1798.0, "y": 76.0}, {"i": 25, "x": 1836.0, "y": 2918.0}, {"i": 26, "x": 1838.0, "y": 4880.0}, {"i": 27, "x": 1888.0, "y": 960.0}, {"i": 28, "x": 1896.0, "y": 5460.0}, {"i": 29, "x": 2028.0, "y": 390.0}, {"i": 30, "x": 2074.0, "y": 594.0}, {"i": 31, "x": 2162.0, "y": 2128.0}, {"i": 32, "x": 2178.0, "y": 6172.0}, {"i": 33, "x": 2258.0, "y": 1128.0}, {"i": 34, "x": 2314.0, "y": 5658.0}, {"i": 35, "x": 2324.0, "y": 1424.0}, {"i": 36, "x": 2356.0, "y": 5794.0}, {"i": 37, "x": 2512.0, "y": 7638.0}, {"i": 38, "x": 2546.0, "y": 6118.0}, {"i": 39, "x": 2608.0, "y": 4672.0}, {"i": 40, "x": 2654.0, "y": 4280.0}, {"i": 41, "x": 2674.0, "y": 2300.0}, {"i": 42, "x": 2836.0, "y": 938.0}, {"i": 43, "x": 2952.0, "y": 1548.0}, {"i": 44, "x": 3004.0, "y": 5462.0}, {"i": 45, "x": 3110.0, "y": 5828.0}, {"i": 46, "x": 3140.0, "y": 4450.0}, {"i": 47, "x": 3162.0, "y": 7662.0}, {"i": 48, "x": 3178.0, "y": 10276.0}, {"i": 49, "x": 3258.0, "y": 6328.0}, {"i": 50, "x": 3480.0, "y": 7216.0}, {"i": 51, "x": 3606.0, "y": 258.0}, {"i": 52, "x": 3720.0, "y": 5186.0}, {"i": 53, "x": 3752.0, "y": 2542.0}, {"i": 54, "x": 3772.0, "y": 7156.0}, {"i": 55, "x": 3834.0, "y": 4284.0}, {"i": 56, "x": 3914.0, "y": 4250.0}, {"i": 57, "x": 3922.0, "y": 4310.0}, {"i": 58, "x": 3930.0, "y": 2104.0}, {"i": 59, "x": 4094.0, "y": 6164.0}, {"i": 60, "x": 4170.0, "y": 778.0}, {"i": 61, "x": 4202.0, "y": 8024.0}, {"i": 62, "x": 4296.0, "y": 5446.0}, {"i": 63, "x": 4504.0, "y": 5250.0}, {"i": 64, "x": 4518.0, "y": 822.0}, {"i": 65, "x": 4542.0, "y": 11112.0}, {"i": 66, "x": 4572.0, "y": 7022.0}, {"i": 67, "x": 4658.0, "y": 680.0}, {"i": 68, "x": 4742.0, "y": 7122.0}, {"i": 69, "x": 4746.0, "y": 11686.0}, {"i": 70, "x": 4756.0, "y": 6310.0}, {"i": 71, "x": 4876.0, "y": 3214.0}, {"i": 72, "x": 4928.0, "y": 5902.0}, {"i": 73, "x": 5036.0, "y": 11796.0}, {"i": 74, "x": 5050.0, "y": 7650.0}, {"i": 75, "x": 5138.0, "y": 720.0}, {"i": 76, "x": 5360.0, "y": 5922.0}, {"i": 77, "x": 5372.0, "y": 2766.0}, {"i": 78, "x": 5390.0, "y": 6144.0}, {"i": 79, "x": 5498.0, "y": 6784.0}, {"i": 80, "x": 5514.0, "y": 6644.0}, {"i": 81, "x": 5524.0, "y": 8142.0}, {"i": 82, "x": 5702.0, "y": 10588.0}, {"i": 83, "x": 5732.0, "y": 8104.0}, {"i": 84, "x": 5756.0, "y": 2918.0}, {"i": 85, "x": 5806.0, "y": 5236.0}, {"i": 86, "x": 5810.0, "y": 5548.0}, {"i": 87, "x": 5932.0, "y": 446.0}, {"i": 88, "x": 5984.0, "y": 744.0}, {"i": 89, "x": 5996.0, "y": 880.0}, {"i": 90, "x": 6024.0, "y": 10912.0}, {"i": 91, "x": 6056.0, "y": 11676.0}, {"i": 92, "x": 6110.0, "y": 7820.0}, {"i": 93, "x": 6120.0, "y": 6762.0}, {"i": 94, "x": 6160.0, "y": 10644.0}, {"i": 95, "x": 6202.0, "y": 1004.0}, {"i": 96, "x": 6236.0, "y": 5192.0}, {"i": 97, "x": 6248.0, "y": 5022.0}, {"i": 98, "x": 6364.0, "y": 7034.0}, {"i": 99, "x": 6434.0, "y": 3256.0}, {"i": 100, "x": 6442.0, "y": 6336.0}, {"i": 101, "x": 6524.0, "y": 8640.0}, {"i": 102, "x": 6590.0, "y": 1040.0}, {"i": 103, "x": 6594.0, "y": 1968.0}, {"i": 104, "x": 6634.0, "y": 9428.0}, {"i": 105, "x": 6772.0, "y": 4338.0}, {"i": 106, "x": 6800.0, "y": 8850.0}, {"i": 107, "x": 7070.0, "y": 9180.0}, {"i": 108, "x": 7100.0, "y": 8882.0}, {"i": 109, "x": 7132.0, "y": 7020.0}, {"i": 110, "x": 7198.0, "y": 2242.0}, {"i": 111, "x": 7240.0, "y": 7478.0}, {"i": 112, "x": 7320.0, "y": 2258.0}, {"i": 113, "x": 7408.0, "y": 7664.0}, {"i": 114, "x": 7616.0, "y": 8846.0}, {"i": 115, "x": 7686.0, "y": 2614.0}, {"i": 116, "x": 7706.0, "y": 9134.0}, {"i": 117, "x": 7720.0, "y": 9630.0}, {"i": 118, "x": 7722.0, "y": 444.0}, {"i": 119, "x": 7988.0, "y": 11222.0}, {"i": 120, "x": 8006.0, "y": 10116.0}, {"i": 121, "x": 8286.0, "y": 578.0}, {"i": 122, "x": 8348.0, "y": 4150.0}, {"i": 123, "x": 8354.0, "y": 2192.0}, {"i": 124, "x": 8444.0, "y": 12022.0}, {"i": 125, "x": 8486.0, "y": 2674.0}, {"i": 126, "x": 8550.0, "y": 11920.0}, {"i": 127, "x": 8658.0, "y": 1084.0}, {"i": 128, "x": 8678.0, "y": 32.0}, {"i": 129, "x": 8812.0, "y": 5732.0}, {"i": 130, "x": 8850.0, "y": 11726.0}, {"i": 131, "x": 8890.0, "y": 5104.0}, {"i": 132, "x": 9046.0, "y": 1396.0}, {"i": 133, "x": 9054.0, "y": 880.0}, {"i": 134, "x": 9086.0, "y": 3458.0}, {"i": 135, "x": 9310.0, "y": 418.0}, {"i": 136, "x": 9354.0, "y": 11528.0}, {"i": 137, "x": 9384.0, "y": 256.0}, {"i": 138, "x": 9410.0, "y": 11668.0}, {"i": 139, "x": 9472.0, "y": 1788.0}, {"i": 140, "x": 9550.0, "y": 2292.0}, {"i": 141, "x": 9634.0, "y": 5612.0}, {"i": 142, "x": 9688.0, "y": 642.0}, {"i": 143, "x": 9690.0, "y": 5166.0}, {"i": 144, "x": 9796.0, "y": 1472.0}, {"i": 145, "x": 9846.0, "y": 2296.0}, {"i": 146, "x": 9936.0, "y": 7510.0}, {"i": 147, "x": 9990.0, "y": 2886.0}, {"i": 148, "x": 9998.0, "y": 5216.0}, {"i": 149, "x": 10044.0, "y": 5754.0}, {"i": 150, "x": 10142.0, "y": 5156.0}, {"i": 151, "x": 10156.0, "y": 3172.0}, {"i": 152, "x": 10210.0, "y": 2988.0}, {"i": 153, "x": 10230.0, "y": 7428.0}, {"i": 154, "x": 10252.0, "y": 3626.0}, {"i": 155, "x": 10312.0, "y": 6218.0}, {"i": 156, "x": 10332.0, "y": 6856.0}, {"i": 157, "x": 10396.0, "y": 298.0}, {"i": 158, "x": 10406.0, "y": 56.0}, {"i": 159, "x": 10422.0, "y": 3588.0}, {"i": 160, "x": 10486.0, "y": 3282.0}, {"i": 161, "x": 10518.0, "y": 3482.0}, {"i": 162, "x": 10524.0, "y": 10216.0}, {"i": 163, "x": 10536.0, "y": 2524.0}, {"i": 164, "x": 10628.0, "y": 6574.0}, {"i": 165, "x": 10704.0, "y": 6834.0}, {"i": 166, "x": 10880.0, "y": 298.0}, {"i": 167, "x": 11040.0, "y": 5242.0}, {"i": 168, "x": 11054.0, "y": 6744.0}, {"i": 169, "x": 11060.0, "y": 3168.0}, {"i": 170, "x": 11132.0, "y": 1472.0}, {"i": 171, "x": 11186.0, "y": 7542.0}, {"i": 172, "x": 11370.0, "y": 1268.0}, {"i": 173, "x": 11380.0, "y": 4524.0}, {"i": 174, "x": 11428.0, "y": 4020.0}, {"i": 175, "x": 11470.0, "y": 1950.0}, {"i": 176, "x": 11484.0, "y": 2036.0}, {"i": 177, "x": 11502.0, "y": 1142.0}, {"i": 178, "x": 11524.0, "y": 5176.0}, {"i": 179, "x": 11552.0, "y": 1542.0}, {"i": 180, "x": 11660.0, "y": 5504.0}, {"i": 181, "x": 11664.0, "y": 3864.0}, {"i": 182, "x": 11666.0, "y": 2966.0}, {"i": 183, "x": 11722.0, "y": 9784.0}, {"i": 184, "x": 11846.0, "y": 3430.0}, {"i": 185, "x": 11944.0, "y": 4056.0}, {"i": 186, "x": 12150.0, "y": 10280.0}, {"i": 187, "x": 12388.0, "y": 3110.0}, {"i": 188, "x": 12438.0, "y": 3924.0}, {"i": 189, "x": 12468.0, "y": 2598.0}, {"i": 190, "x": 12470.0, "y": 1510.0}, {"i": 191, "x": 12572.0, "y": 2720.0}, {"i": 192, "x": 12658.0, "y": 1824.0}, {"i": 193, "x": 12680.0, "y": 7566.0}, {"i": 194, "x": 12702.0, "y": 6776.0}, {"i": 195, "x": 12732.0, "y": 5596.0}, {"i": 196, "x": 12740.0, "y": 5190.0}, {"i": 197, "x": 12802.0, "y": 7712.0}, {"i": 198, "x": 12836.0, "y": 2540.0}, {"i": 199, "x": 12892.0, "y": 4278.0}, {"i": 200, "x": 12970.0, "y": 6932.0}, {"i": 201, "x": 13030.0, "y": 8916.0}, {"i": 202, "x": 13034.0, "y": 6852.0}, {"i": 203, "x": 13118.0, "y": 1076.0}, {"i": 204, "x": 13138.0, "y": 1524.0}, {"i": 205, "x": 13180.0, "y": 88.0}, {"i": 206, "x": 13188.0, "y": 4178.0}, {"i": 207, "x": 13208.0, "y": 6720.0}, {"i": 208, "x": 13210.0, "y": 2554.0}, {"i": 209, "x": 13224.0, "y": 5796.0}, {"i": 210, "x": 13278.0, "y": 2642.0}, {"i": 211, "x": 13312.0, "y": 1692.0}, {"i": 212, "x": 13320.0, "y": 2868.0}, {"i": 213, "x": 13394.0, "y": 556.0}, {"i": 214, "x": 13400.0, "y": 7144.0}, {"i": 215, "x": 13524.0, "y": 3820.0}, {"i": 216, "x": 13534.0, "y": 384.0}, {"i": 217, "x": 13736.0, "y": 2980.0}, {"i": 218, "x": 13836.0, "y": 534.0}, {"i": 219, "x": 13876.0, "y": 1442.0}, {"i": 220, "x": 13884.0, "y": 3486.0}, {"i": 221, "x": 13898.0, "y": 6734.0}, {"i": 222, "x": 13954.0, "y": 7628.0}, {"i": 223, "x": 14110.0, "y": 4816.0}, {"i": 224, "x": 14140.0, "y": 3842.0}, {"i": 225, "x": 14272.0, "y": 6466.0}, {"i": 226, "x": 14410.0, "y": 7944.0}, {"i": 227, "x": 14496.0, "y": 6716.0}, {"i": 228, "x": 14502.0, "y": 7352.0}, {"i": 229, "x": 14556.0, "y": 746.0}, {"i": 230, "x": 14560.0, "y": 1102.0}, {"i": 231, "x": 14632.0, "y": 4292.0}, {"i": 232, "x": 14660.0, "y": 4354.0}, {"i": 233, "x": 14686.0, "y": 12842.0}, {"i": 234, "x": 14722.0, "y": 5368.0}, {"i": 235, "x": 14740.0, "y": 1352.0}, {"i": 236, "x": 14780.0, "y": 11210.0}, {"i": 237, "x": 14782.0, "y": 4056.0}, {"i": 238, "x": 14798.0, "y": 1620.0}, {"i": 239, "x": 14836.0, "y": 4984.0}, {"i": 240, "x": 14850.0, "y": 4438.0}, {"i": 241, "x": 14926.0, "y": 876.0}, {"i": 242, "x": 14932.0, "y": 8296.0}, {"i": 243, "x": 14952.0, "y": 4506.0}, {"i": 244, "x": 14982.0, "y": 2474.0}, {"i": 245, "x": 15004.0, "y": 12954.0}, {"i": 246, "x": 15082.0, "y": 6480.0}, {"i": 247, "x": 15120.0, "y": 3912.0}, {"i": 248, "x": 15154.0, "y": 13228.0}, {"i": 249, "x": 15180.0, "y": 5622.0}, {"i": 250, "x": 15182.0, "y": 4566.0}, {"i": 251, "x": 15224.0, "y": 3190.0}, {"i": 252, "x": 15258.0, "y": 4518.0}, {"i": 253, "x": 15436.0, "y": 5230.0}, {"i": 254, "x": 15472.0, "y": 6834.0}, {"i": 255, "x": 15514.0, "y": 3998.0}, {"i": 256, "x": 15612.0, "y": 3370.0}, {"i": 257, "x": 15656.0, "y": 4356.0}, {"i": 258, "x": 15676.0, "y": 12572.0}, {"i": 259, "x": 15720.0, "y": 5704.0}, {"i": 260, "x": 15828.0, "y": 4972.0}, {"i": 261, "x": 15954.0, "y": 3262.0}, {"i": 262, "x": 15996.0, "y": 5014.0}, {"i": 263, "x": 16038.0, "y": 8658.0}, {"i": 264, "x": 16116.0, "y": 9286.0}, {"i": 265, "x": 16186.0, "y": 7726.0}, {"i": 266, "x": 16290.0, "y": 2542.0}, {"i": 267, "x": 16318.0, "y": 5858.0}, {"i": 268, "x": 16328.0, "y": 5542.0}, {"i": 269, "x": 16344.0, "y": 152.0}, {"i": 270, "x": 16418.0, "y": 11980.0}, {"i": 271, "x": 16420.0, "y": 592.0}, {"i": 272, "x": 16576.0, "y": 12044.0}, {"i": 273, "x": 16712.0, "y": 5786.0}, {"i": 274, "x": 16934.0, "y": 6432.0}, {"i": 275, "x": 16974.0, "y": 7952.0}, {"i": 276, "x": 17040.0, "y": 10956.0}, {"i": 277, "x": 17052.0, "y": 9916.0}, {"i": 278, "x": 17058.0, "y": 6400.0}, {"i": 279, "x": 17126.0, "y": 10246.0}, {"i": 280, "x": 17158.0, "y": 2716.0}, {"i": 281, "x": 17180.0, "y": 10866.0}, {"i": 282, "x": 17296.0, "y": 2504.0}, {"i": 283, "x": 17300.0, "y": 5526.0}, {"i": 284, "x": 17320.0, "y": 4742.0}, {"i": 285, "x": 17352.0, "y": 4104.0}, {"i": 286, "x": 17362.0, "y": 9432.0}, {"i": 287, "x": 17368.0, "y": 7910.0}, {"i": 288, "x": 17370.0, "y": 10276.0}, {"i": 289, "x": 17376.0, "y": 10150.0}, {"i": 290, "x": 17538.0, "y": 624.0}, {"i": 291, "x": 17540.0, "y": 5152.0}, {"i": 292, "x": 17548.0, "y": 8708.0}, {"i": 293, "x": 17638.0, "y": 5450.0}, {"i": 294, "x": 17666.0, "y": 4582.0}, {"i": 295, "x": 17704.0, "y": 7664.0}, {"i": 296, "x": 17798.0, "y": 5944.0}, {"i": 297, "x": 17838.0, "y": 2690.0}, {"i": 298, "x": 17892.0, "y": 2066.0}, {"i": 299, "x": 17932.0, "y": 5792.0}, {"i": 300, "x": 17960.0, "y": 10334.0}, {"i": 301, "x": 18034.0, "y": 4220.0}, {"i": 302, "x": 18046.0, "y": 4448.0}, {"i": 303, "x": 18198.0, "y": 9842.0}, {"i": 304, "x": 18252.0, "y": 3912.0}, {"i": 305, "x": 18290.0, "y": 2758.0}, {"i": 306, "x": 18292.0, "y": 9426.0}, {"i": 307, "x": 18300.0, "y": 4526.0}, {"i": 308, "x": 18480.0, "y": 5214.0}, {"i": 309, "x": 18606.0, "y": 6962.0}, {"i": 310, "x": 18684.0, "y": 3140.0}, {"i": 311, "x": 18698.0, "y": 3200.0}, {"i": 312, "x": 18842.0, "y": 5178.0}, {"i": 313, "x": 18882.0, "y": 7650.0}, {"i": 314, "x": 18992.0, "y": 4816.0}, {"i": 315, "x": 19116.0, "y": 5796.0}, {"i": 316, "x": 19180.0, "y": 8024.0}, {"i": 317, "x": 19206.0, "y": 8086.0}, {"i": 318, "x": 19304.0, "y": 4694.0}, {"i": 319, "x": 19386.0, "y": 3940.0}, {"i": 320, "x": 19386.0, "y": 5894.0}, {"i": 321, "x": 19398.0, "y": 5724.0}, {"i": 322, "x": 19606.0, "y": 3920.0}, {"i": 323, "x": 19620.0, "y": 6806.0}, {"i": 324, "x": 19786.0, "y": 4914.0}, {"i": 325, "x": 19810.0, "y": 5352.0}, {"i": 326, "x": 19846.0, "y": 6278.0}, {"i": 327, "x": 19850.0, "y": 8036.0}, {"i": 328, "x": 19882.0, "y": 7688.0}, {"i": 329, "x": 19908.0, "y": 7742.0}, {"i": 330, "x": 20006.0, "y": 7740.0}, {"i": 331, "x": 20104.0, "y": 4756.0}, {"i": 332, "x": 20114.0, "y": 1646.0}, {"i": 333, "x": 20642.0, "y": 7694.0}, {"i": 334, "x": 20704.0, "y": 6240.0}, {"i": 335, "x": 20784.0, "y": 9640.0}, {"i": 336, "x": 20794.0, "y": 9592.0}, {"i": 337, "x": 20814.0, "y": 5634.0}, {"i": 338, "x": 20850.0, "y": 7626.0}, {"i": 339, "x": 21176.0, "y": 4810.0}, {"i": 340, "x": 21342.0, "y": 3706.0}, {"i": 341, "x": 21354.0, "y": 2024.0}, {"i": 342, "x": 21538.0, "y": 5718.0}, {"i": 343, "x": 21546.0, "y": 5490.0}, {"i": 344, "x": 21642.0, "y": 5200.0}, {"i": 345, "x": 21662.0, "y": 8830.0}, {"i": 346, "x": 21770.0, "y": 1910.0}, {"i": 347, "x": 21786.0, "y": 700.0}, {"i": 348, "x": 21856.0, "y": 11476.0}, {"i": 349, "x": 21938.0, "y": 7900.0}, {"i": 350, "x": 22064.0, "y": 11850.0}, {"i": 351, "x": 22156.0, "y": 114.0}, {"i": 352, "x": 22156.0, "y": 5308.0}, {"i": 353, "x": 22166.0, "y": 5366.0}, {"i": 354, "x": 22206.0, "y": 1654.0}, {"i": 355, "x": 22284.0, "y": 2202.0}, {"i": 356, "x": 22382.0, "y": 848.0}, {"i": 357, "x": 22410.0, "y": 136.0}, {"i": 358, "x": 22446.0, "y": 6214.0}, {"i": 359, "x": 22460.0, "y": 5160.0}, {"i": 360, "x": 22506.0, "y": 7120.0}, {"i": 361, "x": 22556.0, "y": 11840.0}, {"i": 362, "x": 22708.0, "y": 5620.0}, {"i": 363, "x": 22724.0, "y": 3964.0}, {"i": 364, "x": 22750.0, "y": 5966.0}, {"i": 365, "x": 22850.0, "y": 3268.0}, {"i": 366, "x": 22856.0, "y": 1298.0}, {"i": 367, "x": 22868.0, "y": 6686.0}, {"i": 368, "x": 22906.0, "y": 2866.0}, {"i": 369, "x": 22942.0, "y": 11574.0}, {"i": 370, "x": 23008.0, "y": 6208.0}, {"i": 371, "x": 23050.0, "y": 7870.0}, {"i": 372, "x": 23138.0, "y": 10990.0}, {"i": 373, "x": 23628.0, "y": 5814.0}, {"i": 374, "x": 23668.0, "y": 2268.0}, {"i": 375, "x": 23842.0, "y": 1138.0}, {"i": 376, "x": 24266.0, "y": 1282.0}, {"i": 377, "x": 24386.0, "y": 762.0}, {"i": 378, "x": 24392.0, "y": 5190.0}, {"i": 379, "x": 24460.0, "y": 856.0}, {"i": 380, "x": 24482.0, "y": 608.0}, {"i": 381, "x": 24580.0, "y": 3854.0}, {"i": 382, "x": 24606.0, "y": 1640.0}, {"i": 383, "x": 24610.0, "y": 4646.0}, {"i": 384, "x": 24636.0, "y": 898.0}, {"i": 385, "x": 24666.0, "y": 964.0}, {"i": 386, "x": 24700.0, "y": 538.0}, {"i": 387, "x": 24784.0, "y": 6612.0}, {"i": 388, "x": 24856.0, "y": 1278.0}, {"i": 389, "x": 24874.0, "y": 8238.0}, {"i": 390, "x": 24924.0, "y": 6200.0}, {"i": 391, "x": 24996.0, "y": 6546.0}, {"i": 392, "x": 25004.0, "y": 4640.0}, {"i": 393, "x": 25040.0, "y": 7624.0}, {"i": 394, "x": 25100.0, "y": 7674.0}, {"i": 395, "x": 25114.0, "y": 7616.0}, {"i": 396, "x": 25352.0, "y": 2860.0}, {"i": 397, "x": 25364.0, "y": 2572.0}, {"i": 398, "x": 25398.0, "y": 6356.0}, {"i": 399, "x": 25496.0, "y": 7796.0}], "type": "Instance", "name": "paris-0000400", "meta": {"comment": "HIP even point set instance (400 points) sampled from image ", "faces_in_delaunay": 784}}