{"points": [{"i": 0, "x": 84.0, "y": 746.0}, {"i": 1, "x": 110.0, "y": 7756.0}, {"i": 2, "x": 110.0, "y": 13370.0}, {"i": 3, "x": 122.0, "y": 13730.0}, {"i": 4, "x": 132.0, "y": 90.0}, {"i": 5, "x": 166.0, "y": 8248.0}, {"i": 6, "x": 192.0, "y": 196.0}, {"i": 7, "x": 194.0, "y": 1990.0}, {"i": 8, "x": 196.0, "y": 9684.0}, {"i": 9, "x": 210.0, "y": 2184.0}, {"i": 10, "x": 266.0, "y": 1700.0}, {"i": 11, "x": 270.0, "y": 1832.0}, {"i": 12, "x": 276.0, "y": 6852.0}, {"i": 13, "x": 280.0, "y": 11110.0}, {"i": 14, "x": 288.0, "y": 10438.0}, {"i": 15, "x": 292.0, "y": 6514.0}, {"i": 16, "x": 320.0, "y": 7874.0}, {"i": 17, "x": 334.0, "y": 13734.0}, {"i": 18, "x": 338.0, "y": 6622.0}, {"i": 19, "x": 348.0, "y": 7850.0}, {"i": 20, "x": 400.0, "y": 1850.0}, {"i": 21, "x": 402.0, "y": 1044.0}, {"i": 22, "x": 436.0, "y": 3208.0}, {"i": 23, "x": 444.0, "y": 4124.0}, {"i": 24, "x": 446.0, "y": 4272.0}, {"i": 25, "x": 454.0, "y": 588.0}, {"i": 26, "x": 508.0, "y": 2952.0}, {"i": 27, "x": 590.0, "y": 10210.0}, {"i": 28, "x": 594.0, "y": 10402.0}, {"i": 29, "x": 604.0, "y": 5378.0}, {"i": 30, "x": 616.0, "y": 13626.0}, {"i": 31, "x": 620.0, "y": 1204.0}, {"i": 32, "x": 650.0, "y": 5354.0}, {"i": 33, "x": 728.0, "y": 12728.0}, {"i": 34, "x": 734.0, "y": 12624.0}, {"i": 35, "x": 768.0, "y": 11996.0}, {"i": 36, "x": 802.0, "y": 6726.0}, {"i": 37, "x": 816.0, "y": 9846.0}, {"i": 38, "x": 828.0, "y": 12380.0}, {"i": 39, "x": 842.0, "y": 3626.0}, {"i": 40, "x": 850.0, "y": 6516.0}, {"i": 41, "x": 886.0, "y": 6860.0}, {"i": 42, "x": 898.0, "y": 5282.0}, {"i": 43, "x": 924.0, "y": 7098.0}, {"i": 44, "x": 928.0, "y": 4320.0}, {"i": 45, "x": 948.0, "y": 8688.0}, {"i": 46, "x": 974.0, "y": 4888.0}, {"i": 47, "x": 988.0, "y": 7254.0}, {"i": 48, "x": 1000.0, "y": 8372.0}, {"i": 49, "x": 1012.0, "y": 1992.0}, {"i": 50, "x": 1038.0, "y": 3468.0}, {"i": 51, "x": 1076.0, "y": 5020.0}, {"i": 52, "x": 1078.0, "y": 3396.0}, {"i": 53, "x": 1102.0, "y": 7710.0}, {"i": 54, "x": 1164.0, "y": 4170.0}, {"i": 55, "x": 1180.0, "y": 13188.0}, {"i": 56, "x": 1234.0, "y": 8206.0}, {"i": 57, "x": 1278.0, "y": 9364.0}, {"i": 58, "x": 1304.0, "y": 11542.0}, {"i": 59, "x": 1306.0, "y": 3402.0}, {"i": 60, "x": 1312.0, "y": 6812.0}, {"i": 61, "x": 1334.0, "y": 1970.0}, {"i": 62, "x": 1346.0, "y": 1228.0}, {"i": 63, "x": 1368.0, "y": 1208.0}, {"i": 64, "x": 1386.0, "y": 3430.0}, {"i": 65, "x": 1394.0, "y": 7232.0}, {"i": 66, "x": 1408.0, "y": 9184.0}, {"i": 67, "x": 1432.0, "y": 2180.0}, {"i": 68, "x": 1466.0, "y": 344.0}, {"i": 69, "x": 1466.0, "y": 6348.0}, {"i": 70, "x": 1468.0, "y": 5516.0}, {"i": 71, "x": 1480.0, "y": 3866.0}, {"i": 72, "x": 1494.0, "y": 11286.0}, {"i": 73, "x": 1500.0, "y": 7128.0}, {"i": 74, "x": 1500.0, "y": 7638.0}, {"i": 75, "x": 1504.0, "y": 12104.0}, {"i": 76, "x": 1558.0, "y": 6468.0}, {"i": 77, "x": 1574.0, "y": 7458.0}, {"i": 78, "x": 1578.0, "y": 13120.0}, {"i": 79, "x": 1582.0, "y": 6440.0}, {"i": 80, "x": 1590.0, "y": 4472.0}, {"i": 81, "x": 1672.0, "y": 13302.0}, {"i": 82, "x": 1692.0, "y": 5344.0}, {"i": 83, "x": 1698.0, "y": 6648.0}, {"i": 84, "x": 1750.0, "y": 10022.0}, {"i": 85, "x": 1754.0, "y": 10398.0}, {"i": 86, "x": 1844.0, "y": 10762.0}, {"i": 87, "x": 1856.0, "y": 4210.0}, {"i": 88, "x": 1860.0, "y": 11818.0}, {"i": 89, "x": 1894.0, "y": 2632.0}, {"i": 90, "x": 1926.0, "y": 8670.0}, {"i": 91, "x": 1944.0, "y": 10816.0}, {"i": 92, "x": 1952.0, "y": 3546.0}, {"i": 93, "x": 1996.0, "y": 11680.0}, {"i": 94, "x": 2080.0, "y": 3516.0}, {"i": 95, "x": 2138.0, "y": 1694.0}, {"i": 96, "x": 2138.0, "y": 4380.0}, {"i": 97, "x": 2138.0, "y": 5416.0}, {"i": 98, "x": 2166.0, "y": 2016.0}, {"i": 99, "x": 2170.0, "y": 7736.0}, {"i": 100, "x": 2170.0, "y": 10084.0}, {"i": 101, "x": 2208.0, "y": 3222.0}, {"i": 102, "x": 2262.0, "y": 3228.0}, {"i": 103, "x": 2308.0, "y": 3600.0}, {"i": 104, "x": 2338.0, "y": 2336.0}, {"i": 105, "x": 2340.0, "y": 2296.0}, {"i": 106, "x": 2354.0, "y": 5328.0}, {"i": 107, "x": 2382.0, "y": 12066.0}, {"i": 108, "x": 2402.0, "y": 11158.0}, {"i": 109, "x": 2470.0, "y": 12094.0}, {"i": 110, "x": 2476.0, "y": 11460.0}, {"i": 111, "x": 2478.0, "y": 634.0}, {"i": 112, "x": 2498.0, "y": 7188.0}, {"i": 113, "x": 2498.0, "y": 10664.0}, {"i": 114, "x": 2514.0, "y": 2580.0}, {"i": 115, "x": 2552.0, "y": 628.0}, {"i": 116, "x": 2556.0, "y": 9034.0}, {"i": 117, "x": 2556.0, "y": 9590.0}, {"i": 118, "x": 2582.0, "y": 6082.0}, {"i": 119, "x": 2682.0, "y": 4508.0}, {"i": 120, "x": 2698.0, "y": 3194.0}, {"i": 121, "x": 2704.0, "y": 4346.0}, {"i": 122, "x": 2706.0, "y": 11594.0}, {"i": 123, "x": 2740.0, "y": 7618.0}, {"i": 124, "x": 2744.0, "y": 2758.0}, {"i": 125, "x": 2750.0, "y": 9948.0}, {"i": 126, "x": 2780.0, "y": 8550.0}, {"i": 127, "x": 2794.0, "y": 1928.0}, {"i": 128, "x": 2808.0, "y": 3586.0}, {"i": 129, "x": 2828.0, "y": 8582.0}, {"i": 130, "x": 2832.0, "y": 7584.0}, {"i": 131, "x": 2850.0, "y": 10578.0}, {"i": 132, "x": 2864.0, "y": 7976.0}, {"i": 133, "x": 2898.0, "y": 9238.0}, {"i": 134, "x": 2904.0, "y": 1154.0}, {"i": 135, "x": 2918.0, "y": 11554.0}, {"i": 136, "x": 2950.0, "y": 11560.0}, {"i": 137, "x": 2988.0, "y": 7898.0}, {"i": 138, "x": 3004.0, "y": 6760.0}, {"i": 139, "x": 3030.0, "y": 8416.0}, {"i": 140, "x": 3036.0, "y": 13694.0}, {"i": 141, "x": 3038.0, "y": 2070.0}, {"i": 142, "x": 3068.0, "y": 4856.0}, {"i": 143, "x": 3086.0, "y": 7532.0}, {"i": 144, "x": 3140.0, "y": 9938.0}, {"i": 145, "x": 3146.0, "y": 3168.0}, {"i": 146, "x": 3290.0, "y": 9562.0}, {"i": 147, "x": 3298.0, "y": 10468.0}, {"i": 148, "x": 3306.0, "y": 11590.0}, {"i": 149, "x": 3306.0, "y": 13978.0}, {"i": 150, "x": 3324.0, "y": 9540.0}, {"i": 151, "x": 3344.0, "y": 3420.0}, {"i": 152, "x": 3346.0, "y": 3276.0}, {"i": 153, "x": 3380.0, "y": 6008.0}, {"i": 154, "x": 3384.0, "y": 10320.0}, {"i": 155, "x": 3426.0, "y": 2826.0}, {"i": 156, "x": 3440.0, "y": 11564.0}, {"i": 157, "x": 3442.0, "y": 12626.0}, {"i": 158, "x": 3448.0, "y": 10640.0}, {"i": 159, "x": 3458.0, "y": 8338.0}, {"i": 160, "x": 3478.0, "y": 12930.0}, {"i": 161, "x": 3500.0, "y": 3720.0}, {"i": 162, "x": 3502.0, "y": 8542.0}, {"i": 163, "x": 3514.0, "y": 10402.0}, {"i": 164, "x": 3516.0, "y": 6580.0}, {"i": 165, "x": 3564.0, "y": 960.0}, {"i": 166, "x": 3564.0, "y": 1088.0}, {"i": 167, "x": 3572.0, "y": 5036.0}, {"i": 168, "x": 3574.0, "y": 4052.0}, {"i": 169, "x": 3594.0, "y": 900.0}, {"i": 170, "x": 3610.0, "y": 10492.0}, {"i": 171, "x": 3614.0, "y": 7802.0}, {"i": 172, "x": 3618.0, "y": 8268.0}, {"i": 173, "x": 3642.0, "y": 6292.0}, {"i": 174, "x": 3652.0, "y": 5502.0}, {"i": 175, "x": 3656.0, "y": 5478.0}, {"i": 176, "x": 3658.0, "y": 8400.0}, {"i": 177, "x": 3666.0, "y": 10418.0}, {"i": 178, "x": 3668.0, "y": 4934.0}, {"i": 179, "x": 3690.0, "y": 6040.0}, {"i": 180, "x": 3700.0, "y": 6800.0}, {"i": 181, "x": 3728.0, "y": 1966.0}, {"i": 182, "x": 3734.0, "y": 5472.0}, {"i": 183, "x": 3770.0, "y": 8078.0}, {"i": 184, "x": 3820.0, "y": 4204.0}, {"i": 185, "x": 3832.0, "y": 4978.0}, {"i": 186, "x": 3838.0, "y": 11234.0}, {"i": 187, "x": 3852.0, "y": 9028.0}, {"i": 188, "x": 3884.0, "y": 9032.0}, {"i": 189, "x": 3894.0, "y": 348.0}, {"i": 190, "x": 3932.0, "y": 278.0}, {"i": 191, "x": 3938.0, "y": 958.0}, {"i": 192, "x": 3970.0, "y": 12238.0}, {"i": 193, "x": 4002.0, "y": 7810.0}, {"i": 194, "x": 4090.0, "y": 10454.0}, {"i": 195, "x": 4092.0, "y": 3754.0}, {"i": 196, "x": 4092.0, "y": 13888.0}, {"i": 197, "x": 4226.0, "y": 7540.0}, {"i": 198, "x": 4228.0, "y": 5056.0}, {"i": 199, "x": 4244.0, "y": 5928.0}, {"i": 200, "x": 4256.0, "y": 12816.0}, {"i": 201, "x": 4266.0, "y": 3128.0}, {"i": 202, "x": 4266.0, "y": 6192.0}, {"i": 203, "x": 4270.0, "y": 1492.0}, {"i": 204, "x": 4272.0, "y": 6490.0}, {"i": 205, "x": 4274.0, "y": 5356.0}, {"i": 206, "x": 4274.0, "y": 8010.0}, {"i": 207, "x": 4278.0, "y": 11912.0}, {"i": 208, "x": 4286.0, "y": 3616.0}, {"i": 209, "x": 4318.0, "y": 13904.0}, {"i": 210, "x": 4328.0, "y": 10960.0}, {"i": 211, "x": 4348.0, "y": 1036.0}, {"i": 212, "x": 4352.0, "y": 3016.0}, {"i": 213, "x": 4390.0, "y": 1768.0}, {"i": 214, "x": 4396.0, "y": 7580.0}, {"i": 215, "x": 4416.0, "y": 7430.0}, {"i": 216, "x": 4436.0, "y": 4740.0}, {"i": 217, "x": 4470.0, "y": 6032.0}, {"i": 218, "x": 4472.0, "y": 9088.0}, {"i": 219, "x": 4500.0, "y": 4918.0}, {"i": 220, "x": 4572.0, "y": 1644.0}, {"i": 221, "x": 4598.0, "y": 9460.0}, {"i": 222, "x": 4616.0, "y": 13258.0}, {"i": 223, "x": 4616.0, "y": 13900.0}, {"i": 224, "x": 4618.0, "y": 12430.0}, {"i": 225, "x": 4632.0, "y": 896.0}, {"i": 226, "x": 4634.0, "y": 13272.0}, {"i": 227, "x": 4650.0, "y": 11128.0}, {"i": 228, "x": 4686.0, "y": 10854.0}, {"i": 229, "x": 4704.0, "y": 12846.0}, {"i": 230, "x": 4706.0, "y": 2692.0}, {"i": 231, "x": 4718.0, "y": 8642.0}, {"i": 232, "x": 4718.0, "y": 9230.0}, {"i": 233, "x": 4738.0, "y": 6570.0}, {"i": 234, "x": 4738.0, "y": 10876.0}, {"i": 235, "x": 4744.0, "y": 4054.0}, {"i": 236, "x": 4802.0, "y": 11438.0}, {"i": 237, "x": 4806.0, "y": 11508.0}, {"i": 238, "x": 4814.0, "y": 6780.0}, {"i": 239, "x": 4818.0, "y": 11598.0}, {"i": 240, "x": 4820.0, "y": 2250.0}, {"i": 241, "x": 4826.0, "y": 8724.0}, {"i": 242, "x": 4826.0, "y": 13276.0}, {"i": 243, "x": 4828.0, "y": 4368.0}, {"i": 244, "x": 4838.0, "y": 5680.0}, {"i": 245, "x": 4848.0, "y": 800.0}, {"i": 246, "x": 4856.0, "y": 12532.0}, {"i": 247, "x": 4870.0, "y": 13114.0}, {"i": 248, "x": 4874.0, "y": 3512.0}, {"i": 249, "x": 4880.0, "y": 126.0}, {"i": 250, "x": 4882.0, "y": 8926.0}, {"i": 251, "x": 4890.0, "y": 13432.0}, {"i": 252, "x": 4938.0, "y": 3880.0}, {"i": 253, "x": 4962.0, "y": 5080.0}, {"i": 254, "x": 5046.0, "y": 5890.0}, {"i": 255, "x": 5076.0, "y": 6786.0}, {"i": 256, "x": 5094.0, "y": 9666.0}, {"i": 257, "x": 5094.0, "y": 13802.0}, {"i": 258, "x": 5146.0, "y": 5070.0}, {"i": 259, "x": 5166.0, "y": 2752.0}, {"i": 260, "x": 5184.0, "y": 4106.0}, {"i": 261, "x": 5216.0, "y": 13394.0}, {"i": 262, "x": 5220.0, "y": 1250.0}, {"i": 263, "x": 5220.0, "y": 12036.0}, {"i": 264, "x": 5232.0, "y": 13706.0}, {"i": 265, "x": 5254.0, "y": 8422.0}, {"i": 266, "x": 5270.0, "y": 11782.0}, {"i": 267, "x": 5304.0, "y": 11112.0}, {"i": 268, "x": 5348.0, "y": 3254.0}, {"i": 269, "x": 5350.0, "y": 7708.0}, {"i": 270, "x": 5380.0, "y": 7102.0}, {"i": 271, "x": 5384.0, "y": 12552.0}, {"i": 272, "x": 5406.0, "y": 7080.0}, {"i": 273, "x": 5452.0, "y": 1052.0}, {"i": 274, "x": 5456.0, "y": 5990.0}, {"i": 275, "x": 5458.0, "y": 6574.0}, {"i": 276, "x": 5470.0, "y": 4962.0}, {"i": 277, "x": 5492.0, "y": 9914.0}, {"i": 278, "x": 5494.0, "y": 8372.0}, {"i": 279, "x": 5506.0, "y": 9692.0}, {"i": 280, "x": 5520.0, "y": 11854.0}, {"i": 281, "x": 5566.0, "y": 2018.0}, {"i": 282, "x": 5622.0, "y": 10138.0}, {"i": 283, "x": 5634.0, "y": 2962.0}, {"i": 284, "x": 5636.0, "y": 9890.0}, {"i": 285, "x": 5686.0, "y": 13620.0}, {"i": 286, "x": 5738.0, "y": 6236.0}, {"i": 287, "x": 5750.0, "y": 2552.0}, {"i": 288, "x": 5754.0, "y": 3290.0}, {"i": 289, "x": 5784.0, "y": 5064.0}, {"i": 290, "x": 5800.0, "y": 5110.0}, {"i": 291, "x": 5806.0, "y": 1686.0}, {"i": 292, "x": 5808.0, "y": 758.0}, {"i": 293, "x": 5826.0, "y": 9744.0}, {"i": 294, "x": 5840.0, "y": 9406.0}, {"i": 295, "x": 5872.0, "y": 13038.0}, {"i": 296, "x": 5892.0, "y": 11418.0}, {"i": 297, "x": 5902.0, "y": 692.0}, {"i": 298, "x": 5910.0, "y": 11546.0}, {"i": 299, "x": 5928.0, "y": 9346.0}, {"i": 300, "x": 5960.0, "y": 3064.0}, {"i": 301, "x": 5962.0, "y": 10622.0}, {"i": 302, "x": 6006.0, "y": 2312.0}, {"i": 303, "x": 6076.0, "y": 3106.0}, {"i": 304, "x": 6096.0, "y": 11668.0}, {"i": 305, "x": 6162.0, "y": 6926.0}, {"i": 306, "x": 6168.0, "y": 11414.0}, {"i": 307, "x": 6224.0, "y": 3568.0}, {"i": 308, "x": 6236.0, "y": 436.0}, {"i": 309, "x": 6240.0, "y": 7132.0}, {"i": 310, "x": 6260.0, "y": 5118.0}, {"i": 311, "x": 6260.0, "y": 9318.0}, {"i": 312, "x": 6282.0, "y": 9798.0}, {"i": 313, "x": 6290.0, "y": 2144.0}, {"i": 314, "x": 6338.0, "y": 12382.0}, {"i": 315, "x": 6348.0, "y": 11908.0}, {"i": 316, "x": 6370.0, "y": 12426.0}, {"i": 317, "x": 6402.0, "y": 3918.0}, {"i": 318, "x": 6412.0, "y": 12998.0}, {"i": 319, "x": 6428.0, "y": 6156.0}, {"i": 320, "x": 6430.0, "y": 3824.0}, {"i": 321, "x": 6480.0, "y": 11280.0}, {"i": 322, "x": 6508.0, "y": 5760.0}, {"i": 323, "x": 6512.0, "y": 4378.0}, {"i": 324, "x": 6516.0, "y": 4964.0}, {"i": 325, "x": 6518.0, "y": 12646.0}, {"i": 326, "x": 6590.0, "y": 4568.0}, {"i": 327, "x": 6606.0, "y": 9034.0}, {"i": 328, "x": 6624.0, "y": 7572.0}, {"i": 329, "x": 6670.0, "y": 1754.0}, {"i": 330, "x": 6692.0, "y": 8286.0}, {"i": 331, "x": 6694.0, "y": 9520.0}, {"i": 332, "x": 6702.0, "y": 11178.0}, {"i": 333, "x": 6718.0, "y": 6392.0}, {"i": 334, "x": 6718.0, "y": 6418.0}, {"i": 335, "x": 6720.0, "y": 7384.0}, {"i": 336, "x": 6728.0, "y": 4674.0}, {"i": 337, "x": 6748.0, "y": 7686.0}, {"i": 338, "x": 6776.0, "y": 7276.0}, {"i": 339, "x": 6814.0, "y": 5574.0}, {"i": 340, "x": 6816.0, "y": 1566.0}, {"i": 341, "x": 6832.0, "y": 9324.0}, {"i": 342, "x": 6862.0, "y": 2436.0}, {"i": 343, "x": 6882.0, "y": 5734.0}, {"i": 344, "x": 6886.0, "y": 5182.0}, {"i": 345, "x": 6894.0, "y": 4182.0}, {"i": 346, "x": 6918.0, "y": 1478.0}, {"i": 347, "x": 6918.0, "y": 8480.0}, {"i": 348, "x": 6952.0, "y": 6116.0}, {"i": 349, "x": 6954.0, "y": 7570.0}, {"i": 350, "x": 6954.0, "y": 12364.0}, {"i": 351, "x": 6958.0, "y": 7650.0}, {"i": 352, "x": 6982.0, "y": 7974.0}, {"i": 353, "x": 6998.0, "y": 310.0}, {"i": 354, "x": 7012.0, "y": 2240.0}, {"i": 355, "x": 7030.0, "y": 10580.0}, {"i": 356, "x": 7078.0, "y": 9524.0}, {"i": 357, "x": 7108.0, "y": 1106.0}, {"i": 358, "x": 7156.0, "y": 11188.0}, {"i": 359, "x": 7200.0, "y": 12122.0}, {"i": 360, "x": 7216.0, "y": 8824.0}, {"i": 361, "x": 7226.0, "y": 4866.0}, {"i": 362, "x": 7244.0, "y": 4222.0}, {"i": 363, "x": 7276.0, "y": 11418.0}, {"i": 364, "x": 7298.0, "y": 10926.0}, {"i": 365, "x": 7302.0, "y": 7592.0}, {"i": 366, "x": 7316.0, "y": 12402.0}, {"i": 367, "x": 7332.0, "y": 10248.0}, {"i": 368, "x": 7356.0, "y": 6464.0}, {"i": 369, "x": 7408.0, "y": 11902.0}, {"i": 370, "x": 7438.0, "y": 9348.0}, {"i": 371, "x": 7510.0, "y": 4882.0}, {"i": 372, "x": 7514.0, "y": 2808.0}, {"i": 373, "x": 7520.0, "y": 12600.0}, {"i": 374, "x": 7574.0, "y": 9236.0}, {"i": 375, "x": 7576.0, "y": 9214.0}, {"i": 376, "x": 7580.0, "y": 12910.0}, {"i": 377, "x": 7632.0, "y": 7860.0}, {"i": 378, "x": 7648.0, "y": 11086.0}, {"i": 379, "x": 7652.0, "y": 1004.0}, {"i": 380, "x": 7690.0, "y": 2574.0}, {"i": 381, "x": 7700.0, "y": 5298.0}, {"i": 382, "x": 7706.0, "y": 12486.0}, {"i": 383, "x": 7730.0, "y": 8980.0}, {"i": 384, "x": 7740.0, "y": 7558.0}, {"i": 385, "x": 7748.0, "y": 5726.0}, {"i": 386, "x": 7762.0, "y": 7136.0}, {"i": 387, "x": 7918.0, "y": 382.0}, {"i": 388, "x": 7986.0, "y": 2886.0}, {"i": 389, "x": 7994.0, "y": 6702.0}, {"i": 390, "x": 8048.0, "y": 198.0}, {"i": 391, "x": 8056.0, "y": 6716.0}, {"i": 392, "x": 8136.0, "y": 3250.0}, {"i": 393, "x": 8138.0, "y": 7246.0}, {"i": 394, "x": 8140.0, "y": 1396.0}, {"i": 395, "x": 8142.0, "y": 4898.0}, {"i": 396, "x": 8150.0, "y": 3002.0}, {"i": 397, "x": 8156.0, "y": 5828.0}, {"i": 398, "x": 8158.0, "y": 5096.0}, {"i": 399, "x": 8184.0, "y": 744.0}, {"i": 400, "x": 8184.0, "y": 13942.0}, {"i": 401, "x": 8208.0, "y": 13930.0}, {"i": 402, "x": 8232.0, "y": 1438.0}, {"i": 403, "x": 8236.0, "y": 10984.0}, {"i": 404, "x": 8242.0, "y": 2602.0}, {"i": 405, "x": 8242.0, "y": 4714.0}, {"i": 406, "x": 8248.0, "y": 4348.0}, {"i": 407, "x": 8248.0, "y": 13256.0}, {"i": 408, "x": 8250.0, "y": 3462.0}, {"i": 409, "x": 8250.0, "y": 12728.0}, {"i": 410, "x": 8254.0, "y": 5146.0}, {"i": 411, "x": 8270.0, "y": 10864.0}, {"i": 412, "x": 8366.0, "y": 8194.0}, {"i": 413, "x": 8390.0, "y": 13940.0}, {"i": 414, "x": 8428.0, "y": 9616.0}, {"i": 415, "x": 8504.0, "y": 7910.0}, {"i": 416, "x": 8542.0, "y": 9624.0}, {"i": 417, "x": 8562.0, "y": 7144.0}, {"i": 418, "x": 8626.0, "y": 10664.0}, {"i": 419, "x": 8652.0, "y": 7406.0}, {"i": 420, "x": 8652.0, "y": 11942.0}, {"i": 421, "x": 8678.0, "y": 9404.0}, {"i": 422, "x": 8684.0, "y": 13200.0}, {"i": 423, "x": 8700.0, "y": 11654.0}, {"i": 424, "x": 8702.0, "y": 5738.0}, {"i": 425, "x": 8736.0, "y": 7260.0}, {"i": 426, "x": 8784.0, "y": 1428.0}, {"i": 427, "x": 8820.0, "y": 1528.0}, {"i": 428, "x": 8826.0, "y": 6770.0}, {"i": 429, "x": 8842.0, "y": 2042.0}, {"i": 430, "x": 8856.0, "y": 8988.0}, {"i": 431, "x": 8870.0, "y": 2252.0}, {"i": 432, "x": 8878.0, "y": 2974.0}, {"i": 433, "x": 8900.0, "y": 886.0}, {"i": 434, "x": 8902.0, "y": 6562.0}, {"i": 435, "x": 8914.0, "y": 6974.0}, {"i": 436, "x": 8934.0, "y": 6494.0}, {"i": 437, "x": 8936.0, "y": 4958.0}, {"i": 438, "x": 8956.0, "y": 10140.0}, {"i": 439, "x": 8970.0, "y": 13330.0}, {"i": 440, "x": 8988.0, "y": 13090.0}, {"i": 441, "x": 9022.0, "y": 6702.0}, {"i": 442, "x": 9056.0, "y": 11384.0}, {"i": 443, "x": 9062.0, "y": 7244.0}, {"i": 444, "x": 9074.0, "y": 12480.0}, {"i": 445, "x": 9080.0, "y": 13212.0}, {"i": 446, "x": 9092.0, "y": 13146.0}, {"i": 447, "x": 9096.0, "y": 11986.0}, {"i": 448, "x": 9110.0, "y": 11676.0}, {"i": 449, "x": 9110.0, "y": 11982.0}, {"i": 450, "x": 9116.0, "y": 3462.0}, {"i": 451, "x": 9152.0, "y": 1874.0}, {"i": 452, "x": 9152.0, "y": 13494.0}, {"i": 453, "x": 9166.0, "y": 5546.0}, {"i": 454, "x": 9226.0, "y": 960.0}, {"i": 455, "x": 9228.0, "y": 706.0}, {"i": 456, "x": 9232.0, "y": 1648.0}, {"i": 457, "x": 9354.0, "y": 12638.0}, {"i": 458, "x": 9408.0, "y": 12636.0}, {"i": 459, "x": 9458.0, "y": 4932.0}, {"i": 460, "x": 9496.0, "y": 2672.0}, {"i": 461, "x": 9500.0, "y": 11018.0}, {"i": 462, "x": 9520.0, "y": 6576.0}, {"i": 463, "x": 9528.0, "y": 13222.0}, {"i": 464, "x": 9574.0, "y": 10388.0}, {"i": 465, "x": 9618.0, "y": 2728.0}, {"i": 466, "x": 9638.0, "y": 6416.0}, {"i": 467, "x": 9640.0, "y": 6762.0}, {"i": 468, "x": 9642.0, "y": 9542.0}, {"i": 469, "x": 9660.0, "y": 5432.0}, {"i": 470, "x": 9660.0, "y": 6946.0}, {"i": 471, "x": 9672.0, "y": 3416.0}, {"i": 472, "x": 9696.0, "y": 12984.0}, {"i": 473, "x": 9710.0, "y": 12578.0}, {"i": 474, "x": 9736.0, "y": 12116.0}, {"i": 475, "x": 9738.0, "y": 5056.0}, {"i": 476, "x": 9742.0, "y": 8004.0}, {"i": 477, "x": 9774.0, "y": 1674.0}, {"i": 478, "x": 9776.0, "y": 8788.0}, {"i": 479, "x": 9778.0, "y": 10406.0}, {"i": 480, "x": 9814.0, "y": 10308.0}, {"i": 481, "x": 9830.0, "y": 9756.0}, {"i": 482, "x": 9832.0, "y": 11132.0}, {"i": 483, "x": 9840.0, "y": 6376.0}, {"i": 484, "x": 9904.0, "y": 6748.0}, {"i": 485, "x": 9938.0, "y": 1140.0}, {"i": 486, "x": 9946.0, "y": 11632.0}, {"i": 487, "x": 10028.0, "y": 11190.0}, {"i": 488, "x": 10064.0, "y": 5794.0}, {"i": 489, "x": 10070.0, "y": 3136.0}, {"i": 490, "x": 10086.0, "y": 1990.0}, {"i": 491, "x": 10098.0, "y": 9678.0}, {"i": 492, "x": 10102.0, "y": 2948.0}, {"i": 493, "x": 10116.0, "y": 862.0}, {"i": 494, "x": 10116.0, "y": 3400.0}, {"i": 495, "x": 10120.0, "y": 6926.0}, {"i": 496, "x": 10142.0, "y": 6530.0}, {"i": 497, "x": 10212.0, "y": 452.0}, {"i": 498, "x": 10216.0, "y": 4754.0}, {"i": 499, "x": 10222.0, "y": 2378.0}, {"i": 500, "x": 10246.0, "y": 5648.0}, {"i": 501, "x": 10304.0, "y": 5306.0}, {"i": 502, "x": 10314.0, "y": 12758.0}, {"i": 503, "x": 10344.0, "y": 104.0}, {"i": 504, "x": 10346.0, "y": 8268.0}, {"i": 505, "x": 10370.0, "y": 2862.0}, {"i": 506, "x": 10410.0, "y": 5962.0}, {"i": 507, "x": 10412.0, "y": 11376.0}, {"i": 508, "x": 10418.0, "y": 11880.0}, {"i": 509, "x": 10506.0, "y": 11544.0}, {"i": 510, "x": 10516.0, "y": 3674.0}, {"i": 511, "x": 10540.0, "y": 12838.0}, {"i": 512, "x": 10588.0, "y": 11838.0}, {"i": 513, "x": 10614.0, "y": 1990.0}, {"i": 514, "x": 10708.0, "y": 1546.0}, {"i": 515, "x": 10758.0, "y": 12050.0}, {"i": 516, "x": 10766.0, "y": 13070.0}, {"i": 517, "x": 10784.0, "y": 3610.0}, {"i": 518, "x": 10786.0, "y": 2206.0}, {"i": 519, "x": 10806.0, "y": 2234.0}, {"i": 520, "x": 10818.0, "y": 8498.0}, {"i": 521, "x": 10842.0, "y": 4866.0}, {"i": 522, "x": 10882.0, "y": 6234.0}, {"i": 523, "x": 10944.0, "y": 4108.0}, {"i": 524, "x": 10948.0, "y": 9946.0}, {"i": 525, "x": 11024.0, "y": 1258.0}, {"i": 526, "x": 11048.0, "y": 5512.0}, {"i": 527, "x": 11056.0, "y": 9602.0}, {"i": 528, "x": 11082.0, "y": 990.0}, {"i": 529, "x": 11084.0, "y": 8302.0}, {"i": 530, "x": 11092.0, "y": 1244.0}, {"i": 531, "x": 11138.0, "y": 9882.0}, {"i": 532, "x": 11142.0, "y": 5572.0}, {"i": 533, "x": 11200.0, "y": 3218.0}, {"i": 534, "x": 11214.0, "y": 13866.0}, {"i": 535, "x": 11238.0, "y": 8916.0}, {"i": 536, "x": 11256.0, "y": 5950.0}, {"i": 537, "x": 11298.0, "y": 3844.0}, {"i": 538, "x": 11298.0, "y": 5136.0}, {"i": 539, "x": 11330.0, "y": 7828.0}, {"i": 540, "x": 11344.0, "y": 12652.0}, {"i": 541, "x": 11348.0, "y": 8732.0}, {"i": 542, "x": 11412.0, "y": 7090.0}, {"i": 543, "x": 11448.0, "y": 12184.0}, {"i": 544, "x": 11452.0, "y": 2132.0}, {"i": 545, "x": 11452.0, "y": 12718.0}, {"i": 546, "x": 11466.0, "y": 7438.0}, {"i": 547, "x": 11482.0, "y": 2164.0}, {"i": 548, "x": 11488.0, "y": 2056.0}, {"i": 549, "x": 11522.0, "y": 4674.0}, {"i": 550, "x": 11522.0, "y": 6054.0}, {"i": 551, "x": 11550.0, "y": 9196.0}, {"i": 552, "x": 11568.0, "y": 6410.0}, {"i": 553, "x": 11604.0, "y": 11408.0}, {"i": 554, "x": 11618.0, "y": 12762.0}, {"i": 555, "x": 11636.0, "y": 5858.0}, {"i": 556, "x": 11722.0, "y": 7622.0}, {"i": 557, "x": 11724.0, "y": 7544.0}, {"i": 558, "x": 11768.0, "y": 1350.0}, {"i": 559, "x": 11770.0, "y": 1330.0}, {"i": 560, "x": 11808.0, "y": 7684.0}, {"i": 561, "x": 11840.0, "y": 2118.0}, {"i": 562, "x": 11876.0, "y": 7924.0}, {"i": 563, "x": 11884.0, "y": 2654.0}, {"i": 564, "x": 11900.0, "y": 10154.0}, {"i": 565, "x": 11900.0, "y": 12494.0}, {"i": 566, "x": 11982.0, "y": 12264.0}, {"i": 567, "x": 12022.0, "y": 13274.0}, {"i": 568, "x": 12054.0, "y": 7966.0}, {"i": 569, "x": 12062.0, "y": 11940.0}, {"i": 570, "x": 12080.0, "y": 10232.0}, {"i": 571, "x": 12086.0, "y": 5022.0}, {"i": 572, "x": 12100.0, "y": 7202.0}, {"i": 573, "x": 12106.0, "y": 2400.0}, {"i": 574, "x": 12112.0, "y": 2478.0}, {"i": 575, "x": 12116.0, "y": 2030.0}, {"i": 576, "x": 12118.0, "y": 9018.0}, {"i": 577, "x": 12130.0, "y": 2244.0}, {"i": 578, "x": 12134.0, "y": 7522.0}, {"i": 579, "x": 12180.0, "y": 6696.0}, {"i": 580, "x": 12246.0, "y": 2338.0}, {"i": 581, "x": 12286.0, "y": 7526.0}, {"i": 582, "x": 12302.0, "y": 7138.0}, {"i": 583, "x": 12448.0, "y": 360.0}, {"i": 584, "x": 12454.0, "y": 206.0}, {"i": 585, "x": 12458.0, "y": 468.0}, {"i": 586, "x": 12470.0, "y": 9504.0}, {"i": 587, "x": 12544.0, "y": 10616.0}, {"i": 588, "x": 12554.0, "y": 6078.0}, {"i": 589, "x": 12566.0, "y": 2702.0}, {"i": 590, "x": 12568.0, "y": 3118.0}, {"i": 591, "x": 12640.0, "y": 8612.0}, {"i": 592, "x": 12648.0, "y": 1774.0}, {"i": 593, "x": 12648.0, "y": 3906.0}, {"i": 594, "x": 12708.0, "y": 3170.0}, {"i": 595, "x": 12710.0, "y": 220.0}, {"i": 596, "x": 12714.0, "y": 9594.0}, {"i": 597, "x": 12722.0, "y": 706.0}, {"i": 598, "x": 12744.0, "y": 3966.0}, {"i": 599, "x": 12798.0, "y": 5432.0}, {"i": 600, "x": 12818.0, "y": 7742.0}, {"i": 601, "x": 12822.0, "y": 7234.0}, {"i": 602, "x": 12848.0, "y": 5674.0}, {"i": 603, "x": 12848.0, "y": 9132.0}, {"i": 604, "x": 12856.0, "y": 11374.0}, {"i": 605, "x": 12916.0, "y": 4458.0}, {"i": 606, "x": 12916.0, "y": 12218.0}, {"i": 607, "x": 12926.0, "y": 4768.0}, {"i": 608, "x": 12970.0, "y": 2922.0}, {"i": 609, "x": 12976.0, "y": 12720.0}, {"i": 610, "x": 13006.0, "y": 10928.0}, {"i": 611, "x": 13040.0, "y": 5948.0}, {"i": 612, "x": 13056.0, "y": 13378.0}, {"i": 613, "x": 13070.0, "y": 12334.0}, {"i": 614, "x": 13076.0, "y": 9918.0}, {"i": 615, "x": 13098.0, "y": 11014.0}, {"i": 616, "x": 13126.0, "y": 8280.0}, {"i": 617, "x": 13144.0, "y": 6770.0}, {"i": 618, "x": 13150.0, "y": 4534.0}, {"i": 619, "x": 13168.0, "y": 2692.0}, {"i": 620, "x": 13222.0, "y": 10890.0}, {"i": 621, "x": 13244.0, "y": 11392.0}, {"i": 622, "x": 13248.0, "y": 1028.0}, {"i": 623, "x": 13282.0, "y": 10136.0}, {"i": 624, "x": 13284.0, "y": 12310.0}, {"i": 625, "x": 13296.0, "y": 10314.0}, {"i": 626, "x": 13300.0, "y": 10346.0}, {"i": 627, "x": 13344.0, "y": 7124.0}, {"i": 628, "x": 13364.0, "y": 2254.0}, {"i": 629, "x": 13366.0, "y": 5958.0}, {"i": 630, "x": 13402.0, "y": 10634.0}, {"i": 631, "x": 13404.0, "y": 1044.0}, {"i": 632, "x": 13408.0, "y": 1756.0}, {"i": 633, "x": 13418.0, "y": 5004.0}, {"i": 634, "x": 13424.0, "y": 2718.0}, {"i": 635, "x": 13426.0, "y": 1888.0}, {"i": 636, "x": 13448.0, "y": 2116.0}, {"i": 637, "x": 13462.0, "y": 1158.0}, {"i": 638, "x": 13482.0, "y": 7330.0}, {"i": 639, "x": 13504.0, "y": 7038.0}, {"i": 640, "x": 13510.0, "y": 10986.0}, {"i": 641, "x": 13528.0, "y": 7008.0}, {"i": 642, "x": 13538.0, "y": 12410.0}, {"i": 643, "x": 13578.0, "y": 13164.0}, {"i": 644, "x": 13592.0, "y": 2378.0}, {"i": 645, "x": 13594.0, "y": 8626.0}, {"i": 646, "x": 13618.0, "y": 10916.0}, {"i": 647, "x": 13626.0, "y": 11480.0}, {"i": 648, "x": 13628.0, "y": 9766.0}, {"i": 649, "x": 13632.0, "y": 4496.0}, {"i": 650, "x": 13684.0, "y": 4898.0}, {"i": 651, "x": 13714.0, "y": 3794.0}, {"i": 652, "x": 13754.0, "y": 1706.0}, {"i": 653, "x": 13760.0, "y": 10154.0}, {"i": 654, "x": 13790.0, "y": 706.0}, {"i": 655, "x": 13790.0, "y": 13676.0}, {"i": 656, "x": 13796.0, "y": 1334.0}, {"i": 657, "x": 13814.0, "y": 2472.0}, {"i": 658, "x": 13818.0, "y": 8188.0}, {"i": 659, "x": 13818.0, "y": 11296.0}, {"i": 660, "x": 13824.0, "y": 9942.0}, {"i": 661, "x": 13830.0, "y": 9010.0}, {"i": 662, "x": 13842.0, "y": 1758.0}, {"i": 663, "x": 13842.0, "y": 12834.0}, {"i": 664, "x": 13858.0, "y": 2064.0}, {"i": 665, "x": 13860.0, "y": 1394.0}, {"i": 666, "x": 13876.0, "y": 11748.0}, {"i": 667, "x": 13888.0, "y": 12748.0}, {"i": 668, "x": 13920.0, "y": 13594.0}, {"i": 669, "x": 13944.0, "y": 13894.0}, {"i": 670, "x": 13994.0, "y": 12156.0}, {"i": 671, "x": 14000.0, "y": 5836.0}, {"i": 672, "x": 14002.0, "y": 11288.0}, {"i": 673, "x": 14056.0, "y": 12438.0}, {"i": 674, "x": 14080.0, "y": 5338.0}, {"i": 675, "x": 14086.0, "y": 5624.0}, {"i": 676, "x": 14102.0, "y": 8314.0}, {"i": 677, "x": 14124.0, "y": 8944.0}, {"i": 678, "x": 14126.0, "y": 12538.0}, {"i": 679, "x": 14132.0, "y": 3014.0}, {"i": 680, "x": 14142.0, "y": 13458.0}, {"i": 681, "x": 14190.0, "y": 772.0}, {"i": 682, "x": 14222.0, "y": 3534.0}, {"i": 683, "x": 14224.0, "y": 12360.0}, {"i": 684, "x": 14234.0, "y": 8046.0}, {"i": 685, "x": 14234.0, "y": 9296.0}, {"i": 686, "x": 14308.0, "y": 3064.0}, {"i": 687, "x": 14312.0, "y": 7644.0}, {"i": 688, "x": 14318.0, "y": 5216.0}, {"i": 689, "x": 14338.0, "y": 6366.0}, {"i": 690, "x": 14372.0, "y": 6218.0}, {"i": 691, "x": 14444.0, "y": 8884.0}, {"i": 692, "x": 14448.0, "y": 12546.0}, {"i": 693, "x": 14496.0, "y": 11268.0}, {"i": 694, "x": 14532.0, "y": 13188.0}, {"i": 695, "x": 14534.0, "y": 1332.0}, {"i": 696, "x": 14546.0, "y": 12180.0}, {"i": 697, "x": 14574.0, "y": 12610.0}, {"i": 698, "x": 14578.0, "y": 7588.0}, {"i": 699, "x": 14582.0, "y": 7484.0}, {"i": 700, "x": 14602.0, "y": 7956.0}, {"i": 701, "x": 14664.0, "y": 10530.0}, {"i": 702, "x": 14666.0, "y": 5250.0}, {"i": 703, "x": 14692.0, "y": 10838.0}, {"i": 704, "x": 14696.0, "y": 6994.0}, {"i": 705, "x": 14736.0, "y": 2240.0}, {"i": 706, "x": 14778.0, "y": 9334.0}, {"i": 707, "x": 14804.0, "y": 13226.0}, {"i": 708, "x": 14808.0, "y": 1968.0}, {"i": 709, "x": 14858.0, "y": 10126.0}, {"i": 710, "x": 14860.0, "y": 9326.0}, {"i": 711, "x": 14864.0, "y": 10146.0}, {"i": 712, "x": 14872.0, "y": 9692.0}, {"i": 713, "x": 14976.0, "y": 4492.0}, {"i": 714, "x": 14992.0, "y": 2766.0}, {"i": 715, "x": 15000.0, "y": 1324.0}, {"i": 716, "x": 15030.0, "y": 12642.0}, {"i": 717, "x": 15110.0, "y": 950.0}, {"i": 718, "x": 15110.0, "y": 2966.0}, {"i": 719, "x": 15118.0, "y": 11512.0}, {"i": 720, "x": 15138.0, "y": 12260.0}, {"i": 721, "x": 15160.0, "y": 10220.0}, {"i": 722, "x": 15166.0, "y": 2422.0}, {"i": 723, "x": 15172.0, "y": 1682.0}, {"i": 724, "x": 15190.0, "y": 6818.0}, {"i": 725, "x": 15190.0, "y": 12630.0}, {"i": 726, "x": 15202.0, "y": 2080.0}, {"i": 727, "x": 15234.0, "y": 1604.0}, {"i": 728, "x": 15238.0, "y": 4954.0}, {"i": 729, "x": 15248.0, "y": 11086.0}, {"i": 730, "x": 15262.0, "y": 9240.0}, {"i": 731, "x": 15262.0, "y": 11588.0}, {"i": 732, "x": 15264.0, "y": 12752.0}, {"i": 733, "x": 15296.0, "y": 8526.0}, {"i": 734, "x": 15306.0, "y": 12530.0}, {"i": 735, "x": 15390.0, "y": 438.0}, {"i": 736, "x": 15400.0, "y": 11896.0}, {"i": 737, "x": 15414.0, "y": 13420.0}, {"i": 738, "x": 15434.0, "y": 6948.0}, {"i": 739, "x": 15438.0, "y": 7372.0}, {"i": 740, "x": 15466.0, "y": 10118.0}, {"i": 741, "x": 15490.0, "y": 8470.0}, {"i": 742, "x": 15494.0, "y": 7666.0}, {"i": 743, "x": 15506.0, "y": 7986.0}, {"i": 744, "x": 15506.0, "y": 12904.0}, {"i": 745, "x": 15552.0, "y": 10090.0}, {"i": 746, "x": 15574.0, "y": 1536.0}, {"i": 747, "x": 15580.0, "y": 10794.0}, {"i": 748, "x": 15604.0, "y": 5818.0}, {"i": 749, "x": 15608.0, "y": 10268.0}, {"i": 750, "x": 15640.0, "y": 5684.0}, {"i": 751, "x": 15670.0, "y": 3612.0}, {"i": 752, "x": 15680.0, "y": 7514.0}, {"i": 753, "x": 15686.0, "y": 7794.0}, {"i": 754, "x": 15724.0, "y": 9244.0}, {"i": 755, "x": 15740.0, "y": 9712.0}, {"i": 756, "x": 15742.0, "y": 8248.0}, {"i": 757, "x": 15804.0, "y": 1150.0}, {"i": 758, "x": 15840.0, "y": 10998.0}, {"i": 759, "x": 15900.0, "y": 13706.0}, {"i": 760, "x": 15922.0, "y": 2840.0}, {"i": 761, "x": 15928.0, "y": 4126.0}, {"i": 762, "x": 15954.0, "y": 9110.0}, {"i": 763, "x": 15978.0, "y": 12088.0}, {"i": 764, "x": 15982.0, "y": 5056.0}, {"i": 765, "x": 16000.0, "y": 6628.0}, {"i": 766, "x": 16014.0, "y": 10662.0}, {"i": 767, "x": 16034.0, "y": 7288.0}, {"i": 768, "x": 16036.0, "y": 2080.0}, {"i": 769, "x": 16040.0, "y": 11732.0}, {"i": 770, "x": 16098.0, "y": 10670.0}, {"i": 771, "x": 16116.0, "y": 12074.0}, {"i": 772, "x": 16136.0, "y": 9378.0}, {"i": 773, "x": 16176.0, "y": 4234.0}, {"i": 774, "x": 16242.0, "y": 9006.0}, {"i": 775, "x": 16306.0, "y": 8484.0}, {"i": 776, "x": 16320.0, "y": 11668.0}, {"i": 777, "x": 16336.0, "y": 6474.0}, {"i": 778, "x": 16342.0, "y": 1206.0}, {"i": 779, "x": 16364.0, "y": 7662.0}, {"i": 780, "x": 16368.0, "y": 10046.0}, {"i": 781, "x": 16390.0, "y": 442.0}, {"i": 782, "x": 16402.0, "y": 3206.0}, {"i": 783, "x": 16512.0, "y": 8828.0}, {"i": 784, "x": 16522.0, "y": 3292.0}, {"i": 785, "x": 16554.0, "y": 7698.0}, {"i": 786, "x": 16558.0, "y": 6588.0}, {"i": 787, "x": 16558.0, "y": 9560.0}, {"i": 788, "x": 16560.0, "y": 11166.0}, {"i": 789, "x": 16590.0, "y": 4656.0}, {"i": 790, "x": 16592.0, "y": 4954.0}, {"i": 791, "x": 16610.0, "y": 12196.0}, {"i": 792, "x": 16616.0, "y": 12830.0}, {"i": 793, "x": 16634.0, "y": 420.0}, {"i": 794, "x": 16642.0, "y": 10732.0}, {"i": 795, "x": 16646.0, "y": 12996.0}, {"i": 796, "x": 16660.0, "y": 2202.0}, {"i": 797, "x": 16668.0, "y": 12290.0}, {"i": 798, "x": 16722.0, "y": 4766.0}, {"i": 799, "x": 16746.0, "y": 4290.0}, {"i": 800, "x": 16752.0, "y": 6024.0}, {"i": 801, "x": 16754.0, "y": 13882.0}, {"i": 802, "x": 16830.0, "y": 10276.0}, {"i": 803, "x": 16868.0, "y": 9730.0}, {"i": 804, "x": 16870.0, "y": 6684.0}, {"i": 805, "x": 16876.0, "y": 1026.0}, {"i": 806, "x": 16906.0, "y": 10860.0}, {"i": 807, "x": 16916.0, "y": 8684.0}, {"i": 808, "x": 16954.0, "y": 9324.0}, {"i": 809, "x": 16972.0, "y": 12492.0}, {"i": 810, "x": 16974.0, "y": 2052.0}, {"i": 811, "x": 17028.0, "y": 1050.0}, {"i": 812, "x": 17036.0, "y": 7794.0}, {"i": 813, "x": 17056.0, "y": 8494.0}, {"i": 814, "x": 17124.0, "y": 12564.0}, {"i": 815, "x": 17154.0, "y": 8658.0}, {"i": 816, "x": 17156.0, "y": 5814.0}, {"i": 817, "x": 17156.0, "y": 5938.0}, {"i": 818, "x": 17158.0, "y": 3020.0}, {"i": 819, "x": 17170.0, "y": 4602.0}, {"i": 820, "x": 17180.0, "y": 2460.0}, {"i": 821, "x": 17222.0, "y": 7806.0}, {"i": 822, "x": 17240.0, "y": 7386.0}, {"i": 823, "x": 17242.0, "y": 9474.0}, {"i": 824, "x": 17258.0, "y": 5824.0}, {"i": 825, "x": 17260.0, "y": 8606.0}, {"i": 826, "x": 17274.0, "y": 5978.0}, {"i": 827, "x": 17322.0, "y": 1648.0}, {"i": 828, "x": 17324.0, "y": 3498.0}, {"i": 829, "x": 17330.0, "y": 1724.0}, {"i": 830, "x": 17366.0, "y": 8144.0}, {"i": 831, "x": 17380.0, "y": 2624.0}, {"i": 832, "x": 17384.0, "y": 7876.0}, {"i": 833, "x": 17390.0, "y": 10772.0}, {"i": 834, "x": 17404.0, "y": 7182.0}, {"i": 835, "x": 17408.0, "y": 2584.0}, {"i": 836, "x": 17450.0, "y": 148.0}, {"i": 837, "x": 17510.0, "y": 11066.0}, {"i": 838, "x": 17512.0, "y": 11804.0}, {"i": 839, "x": 17548.0, "y": 2164.0}, {"i": 840, "x": 17550.0, "y": 12988.0}, {"i": 841, "x": 17558.0, "y": 8496.0}, {"i": 842, "x": 17562.0, "y": 4904.0}, {"i": 843, "x": 17602.0, "y": 226.0}, {"i": 844, "x": 17606.0, "y": 7140.0}, {"i": 845, "x": 17632.0, "y": 8260.0}, {"i": 846, "x": 17680.0, "y": 6526.0}, {"i": 847, "x": 17694.0, "y": 12720.0}, {"i": 848, "x": 17714.0, "y": 5696.0}, {"i": 849, "x": 17722.0, "y": 12636.0}, {"i": 850, "x": 17742.0, "y": 1880.0}, {"i": 851, "x": 17762.0, "y": 1334.0}, {"i": 852, "x": 17790.0, "y": 6312.0}, {"i": 853, "x": 17822.0, "y": 8832.0}, {"i": 854, "x": 17842.0, "y": 7984.0}, {"i": 855, "x": 17862.0, "y": 7758.0}, {"i": 856, "x": 17876.0, "y": 9162.0}, {"i": 857, "x": 17924.0, "y": 2166.0}, {"i": 858, "x": 17936.0, "y": 3160.0}, {"i": 859, "x": 17944.0, "y": 7060.0}, {"i": 860, "x": 17950.0, "y": 13898.0}, {"i": 861, "x": 17958.0, "y": 13176.0}, {"i": 862, "x": 17984.0, "y": 9674.0}, {"i": 863, "x": 17986.0, "y": 12214.0}, {"i": 864, "x": 17994.0, "y": 12530.0}, {"i": 865, "x": 18012.0, "y": 6444.0}, {"i": 866, "x": 18014.0, "y": 11420.0}, {"i": 867, "x": 18022.0, "y": 9460.0}, {"i": 868, "x": 18054.0, "y": 8526.0}, {"i": 869, "x": 18088.0, "y": 12178.0}, {"i": 870, "x": 18092.0, "y": 6122.0}, {"i": 871, "x": 18098.0, "y": 7462.0}, {"i": 872, "x": 18168.0, "y": 12738.0}, {"i": 873, "x": 18198.0, "y": 4944.0}, {"i": 874, "x": 18200.0, "y": 226.0}, {"i": 875, "x": 18200.0, "y": 446.0}, {"i": 876, "x": 18292.0, "y": 5724.0}, {"i": 877, "x": 18316.0, "y": 10866.0}, {"i": 878, "x": 18316.0, "y": 10868.0}, {"i": 879, "x": 18322.0, "y": 230.0}, {"i": 880, "x": 18336.0, "y": 4506.0}, {"i": 881, "x": 18338.0, "y": 10164.0}, {"i": 882, "x": 18352.0, "y": 11074.0}, {"i": 883, "x": 18356.0, "y": 6624.0}, {"i": 884, "x": 18382.0, "y": 7202.0}, {"i": 885, "x": 18384.0, "y": 12576.0}, {"i": 886, "x": 18400.0, "y": 5834.0}, {"i": 887, "x": 18422.0, "y": 9946.0}, {"i": 888, "x": 18466.0, "y": 6922.0}, {"i": 889, "x": 18488.0, "y": 5392.0}, {"i": 890, "x": 18508.0, "y": 4632.0}, {"i": 891, "x": 18526.0, "y": 1742.0}, {"i": 892, "x": 18526.0, "y": 5366.0}, {"i": 893, "x": 18528.0, "y": 8234.0}, {"i": 894, "x": 18558.0, "y": 6898.0}, {"i": 895, "x": 18578.0, "y": 7416.0}, {"i": 896, "x": 18582.0, "y": 146.0}, {"i": 897, "x": 18606.0, "y": 2260.0}, {"i": 898, "x": 18622.0, "y": 9496.0}, {"i": 899, "x": 18628.0, "y": 11126.0}, {"i": 900, "x": 18630.0, "y": 10788.0}, {"i": 901, "x": 18680.0, "y": 7064.0}, {"i": 902, "x": 18696.0, "y": 5382.0}, {"i": 903, "x": 18728.0, "y": 6984.0}, {"i": 904, "x": 18752.0, "y": 1470.0}, {"i": 905, "x": 18782.0, "y": 13342.0}, {"i": 906, "x": 18784.0, "y": 5714.0}, {"i": 907, "x": 18784.0, "y": 6916.0}, {"i": 908, "x": 18786.0, "y": 2736.0}, {"i": 909, "x": 18798.0, "y": 13326.0}, {"i": 910, "x": 18802.0, "y": 13626.0}, {"i": 911, "x": 18812.0, "y": 11092.0}, {"i": 912, "x": 18836.0, "y": 8750.0}, {"i": 913, "x": 18862.0, "y": 13504.0}, {"i": 914, "x": 18894.0, "y": 11122.0}, {"i": 915, "x": 18930.0, "y": 9536.0}, {"i": 916, "x": 18932.0, "y": 9342.0}, {"i": 917, "x": 18978.0, "y": 11130.0}, {"i": 918, "x": 19012.0, "y": 150.0}, {"i": 919, "x": 19012.0, "y": 5888.0}, {"i": 920, "x": 19032.0, "y": 2316.0}, {"i": 921, "x": 19042.0, "y": 7398.0}, {"i": 922, "x": 19044.0, "y": 1724.0}, {"i": 923, "x": 19094.0, "y": 9590.0}, {"i": 924, "x": 19096.0, "y": 12608.0}, {"i": 925, "x": 19108.0, "y": 10254.0}, {"i": 926, "x": 19112.0, "y": 5332.0}, {"i": 927, "x": 19142.0, "y": 12708.0}, {"i": 928, "x": 19202.0, "y": 2680.0}, {"i": 929, "x": 19206.0, "y": 10464.0}, {"i": 930, "x": 19246.0, "y": 5102.0}, {"i": 931, "x": 19250.0, "y": 13050.0}, {"i": 932, "x": 19258.0, "y": 11470.0}, {"i": 933, "x": 19288.0, "y": 11256.0}, {"i": 934, "x": 19302.0, "y": 7710.0}, {"i": 935, "x": 19306.0, "y": 6246.0}, {"i": 936, "x": 19306.0, "y": 7038.0}, {"i": 937, "x": 19318.0, "y": 11800.0}, {"i": 938, "x": 19348.0, "y": 12596.0}, {"i": 939, "x": 19350.0, "y": 2536.0}, {"i": 940, "x": 19358.0, "y": 6482.0}, {"i": 941, "x": 19364.0, "y": 8422.0}, {"i": 942, "x": 19372.0, "y": 9172.0}, {"i": 943, "x": 19378.0, "y": 8746.0}, {"i": 944, "x": 19388.0, "y": 5524.0}, {"i": 945, "x": 19436.0, "y": 1038.0}, {"i": 946, "x": 19436.0, "y": 7012.0}, {"i": 947, "x": 19442.0, "y": 2820.0}, {"i": 948, "x": 19442.0, "y": 5184.0}, {"i": 949, "x": 19470.0, "y": 5666.0}, {"i": 950, "x": 19486.0, "y": 8788.0}, {"i": 951, "x": 19552.0, "y": 9276.0}, {"i": 952, "x": 19560.0, "y": 1164.0}, {"i": 953, "x": 19600.0, "y": 8704.0}, {"i": 954, "x": 19610.0, "y": 13216.0}, {"i": 955, "x": 19656.0, "y": 11304.0}, {"i": 956, "x": 19666.0, "y": 5258.0}, {"i": 957, "x": 19682.0, "y": 7074.0}, {"i": 958, "x": 19706.0, "y": 10798.0}, {"i": 959, "x": 19708.0, "y": 11096.0}, {"i": 960, "x": 19710.0, "y": 13064.0}, {"i": 961, "x": 19718.0, "y": 13368.0}, {"i": 962, "x": 19724.0, "y": 4320.0}, {"i": 963, "x": 19728.0, "y": 12176.0}, {"i": 964, "x": 19758.0, "y": 12738.0}, {"i": 965, "x": 19788.0, "y": 9258.0}, {"i": 966, "x": 19878.0, "y": 5032.0}, {"i": 967, "x": 19906.0, "y": 1744.0}, {"i": 968, "x": 19930.0, "y": 2748.0}, {"i": 969, "x": 19940.0, "y": 4424.0}, {"i": 970, "x": 19976.0, "y": 11846.0}, {"i": 971, "x": 19994.0, "y": 7034.0}, {"i": 972, "x": 20016.0, "y": 8204.0}, {"i": 973, "x": 20018.0, "y": 10386.0}, {"i": 974, "x": 20024.0, "y": 13462.0}, {"i": 975, "x": 20026.0, "y": 9576.0}, {"i": 976, "x": 20030.0, "y": 4822.0}, {"i": 977, "x": 20042.0, "y": 12608.0}, {"i": 978, "x": 20078.0, "y": 4792.0}, {"i": 979, "x": 20108.0, "y": 8842.0}, {"i": 980, "x": 20160.0, "y": 13812.0}, {"i": 981, "x": 20168.0, "y": 9126.0}, {"i": 982, "x": 20186.0, "y": 8218.0}, {"i": 983, "x": 20188.0, "y": 12106.0}, {"i": 984, "x": 20194.0, "y": 7450.0}, {"i": 985, "x": 20220.0, "y": 3018.0}, {"i": 986, "x": 20234.0, "y": 5742.0}, {"i": 987, "x": 20238.0, "y": 7012.0}, {"i": 988, "x": 20356.0, "y": 6296.0}, {"i": 989, "x": 20362.0, "y": 7004.0}, {"i": 990, "x": 20364.0, "y": 638.0}, {"i": 991, "x": 20364.0, "y": 9588.0}, {"i": 992, "x": 20368.0, "y": 1304.0}, {"i": 993, "x": 20368.0, "y": 2364.0}, {"i": 994, "x": 20370.0, "y": 12062.0}, {"i": 995, "x": 20372.0, "y": 2540.0}, {"i": 996, "x": 20372.0, "y": 11936.0}, {"i": 997, "x": 20374.0, "y": 4238.0}, {"i": 998, "x": 20374.0, "y": 10640.0}, {"i": 999, "x": 20382.0, "y": 9732.0}], "type": "Instance", "name": "skylake-0001000", "meta": {"comment": "HIP even point set instance (1000 points) sampled from image ", "faces_in_delaunay": 1982}}