{"points": [{"i": 0, "x": 102.0, "y": 4476.0}, {"i": 1, "x": 104.0, "y": 4682.0}, {"i": 2, "x": 104.0, "y": 11498.0}, {"i": 3, "x": 114.0, "y": 12872.0}, {"i": 4, "x": 124.0, "y": 4270.0}, {"i": 5, "x": 126.0, "y": 4688.0}, {"i": 6, "x": 152.0, "y": 9658.0}, {"i": 7, "x": 154.0, "y": 6626.0}, {"i": 8, "x": 182.0, "y": 9300.0}, {"i": 9, "x": 194.0, "y": 434.0}, {"i": 10, "x": 200.0, "y": 10002.0}, {"i": 11, "x": 204.0, "y": 2466.0}, {"i": 12, "x": 206.0, "y": 1782.0}, {"i": 13, "x": 220.0, "y": 1438.0}, {"i": 14, "x": 228.0, "y": 826.0}, {"i": 15, "x": 232.0, "y": 9354.0}, {"i": 16, "x": 242.0, "y": 2082.0}, {"i": 17, "x": 258.0, "y": 1060.0}, {"i": 18, "x": 272.0, "y": 6696.0}, {"i": 19, "x": 276.0, "y": 850.0}, {"i": 20, "x": 320.0, "y": 1700.0}, {"i": 21, "x": 332.0, "y": 11088.0}, {"i": 22, "x": 338.0, "y": 8402.0}, {"i": 23, "x": 342.0, "y": 10094.0}, {"i": 24, "x": 348.0, "y": 9952.0}, {"i": 25, "x": 366.0, "y": 1716.0}, {"i": 26, "x": 368.0, "y": 13946.0}, {"i": 27, "x": 376.0, "y": 3218.0}, {"i": 28, "x": 396.0, "y": 616.0}, {"i": 29, "x": 416.0, "y": 4970.0}, {"i": 30, "x": 416.0, "y": 9988.0}, {"i": 31, "x": 418.0, "y": 5518.0}, {"i": 32, "x": 418.0, "y": 5616.0}, {"i": 33, "x": 424.0, "y": 1320.0}, {"i": 34, "x": 424.0, "y": 7208.0}, {"i": 35, "x": 432.0, "y": 3896.0}, {"i": 36, "x": 432.0, "y": 13554.0}, {"i": 37, "x": 440.0, "y": 4264.0}, {"i": 38, "x": 456.0, "y": 2650.0}, {"i": 39, "x": 464.0, "y": 12842.0}, {"i": 40, "x": 474.0, "y": 13848.0}, {"i": 41, "x": 522.0, "y": 1834.0}, {"i": 42, "x": 524.0, "y": 11124.0}, {"i": 43, "x": 560.0, "y": 2628.0}, {"i": 44, "x": 580.0, "y": 6818.0}, {"i": 45, "x": 596.0, "y": 9814.0}, {"i": 46, "x": 602.0, "y": 5626.0}, {"i": 47, "x": 604.0, "y": 2356.0}, {"i": 48, "x": 638.0, "y": 1192.0}, {"i": 49, "x": 670.0, "y": 1194.0}, {"i": 50, "x": 710.0, "y": 9276.0}, {"i": 51, "x": 712.0, "y": 4074.0}, {"i": 52, "x": 722.0, "y": 4066.0}, {"i": 53, "x": 722.0, "y": 9452.0}, {"i": 54, "x": 760.0, "y": 10392.0}, {"i": 55, "x": 766.0, "y": 2004.0}, {"i": 56, "x": 772.0, "y": 12210.0}, {"i": 57, "x": 776.0, "y": 12562.0}, {"i": 58, "x": 784.0, "y": 2004.0}, {"i": 59, "x": 812.0, "y": 3608.0}, {"i": 60, "x": 828.0, "y": 12440.0}, {"i": 61, "x": 830.0, "y": 2260.0}, {"i": 62, "x": 856.0, "y": 3642.0}, {"i": 63, "x": 862.0, "y": 11990.0}, {"i": 64, "x": 884.0, "y": 7070.0}, {"i": 65, "x": 920.0, "y": 7342.0}, {"i": 66, "x": 940.0, "y": 4346.0}, {"i": 67, "x": 966.0, "y": 2916.0}, {"i": 68, "x": 1006.0, "y": 3328.0}, {"i": 69, "x": 1010.0, "y": 4072.0}, {"i": 70, "x": 1024.0, "y": 1052.0}, {"i": 71, "x": 1024.0, "y": 7534.0}, {"i": 72, "x": 1064.0, "y": 4194.0}, {"i": 73, "x": 1120.0, "y": 1036.0}, {"i": 74, "x": 1122.0, "y": 7546.0}, {"i": 75, "x": 1124.0, "y": 11190.0}, {"i": 76, "x": 1132.0, "y": 7960.0}, {"i": 77, "x": 1178.0, "y": 8572.0}, {"i": 78, "x": 1194.0, "y": 6658.0}, {"i": 79, "x": 1194.0, "y": 13138.0}, {"i": 80, "x": 1204.0, "y": 2974.0}, {"i": 81, "x": 1210.0, "y": 7692.0}, {"i": 82, "x": 1216.0, "y": 4102.0}, {"i": 83, "x": 1228.0, "y": 12522.0}, {"i": 84, "x": 1250.0, "y": 10750.0}, {"i": 85, "x": 1258.0, "y": 2162.0}, {"i": 86, "x": 1268.0, "y": 7854.0}, {"i": 87, "x": 1284.0, "y": 7054.0}, {"i": 88, "x": 1284.0, "y": 7742.0}, {"i": 89, "x": 1288.0, "y": 7632.0}, {"i": 90, "x": 1294.0, "y": 12946.0}, {"i": 91, "x": 1306.0, "y": 6994.0}, {"i": 92, "x": 1338.0, "y": 2908.0}, {"i": 93, "x": 1352.0, "y": 736.0}, {"i": 94, "x": 1364.0, "y": 9832.0}, {"i": 95, "x": 1378.0, "y": 8312.0}, {"i": 96, "x": 1392.0, "y": 5322.0}, {"i": 97, "x": 1406.0, "y": 10004.0}, {"i": 98, "x": 1412.0, "y": 974.0}, {"i": 99, "x": 1414.0, "y": 6586.0}, {"i": 100, "x": 1426.0, "y": 11634.0}, {"i": 101, "x": 1428.0, "y": 13912.0}, {"i": 102, "x": 1430.0, "y": 6534.0}, {"i": 103, "x": 1442.0, "y": 284.0}, {"i": 104, "x": 1444.0, "y": 9998.0}, {"i": 105, "x": 1456.0, "y": 12842.0}, {"i": 106, "x": 1462.0, "y": 408.0}, {"i": 107, "x": 1474.0, "y": 3484.0}, {"i": 108, "x": 1476.0, "y": 3922.0}, {"i": 109, "x": 1486.0, "y": 6976.0}, {"i": 110, "x": 1488.0, "y": 4716.0}, {"i": 111, "x": 1502.0, "y": 12060.0}, {"i": 112, "x": 1502.0, "y": 13832.0}, {"i": 113, "x": 1514.0, "y": 6694.0}, {"i": 114, "x": 1568.0, "y": 8272.0}, {"i": 115, "x": 1572.0, "y": 4288.0}, {"i": 116, "x": 1572.0, "y": 13450.0}, {"i": 117, "x": 1580.0, "y": 13140.0}, {"i": 118, "x": 1584.0, "y": 13496.0}, {"i": 119, "x": 1590.0, "y": 9930.0}, {"i": 120, "x": 1590.0, "y": 10120.0}, {"i": 121, "x": 1592.0, "y": 6974.0}, {"i": 122, "x": 1594.0, "y": 8026.0}, {"i": 123, "x": 1598.0, "y": 13838.0}, {"i": 124, "x": 1618.0, "y": 7916.0}, {"i": 125, "x": 1618.0, "y": 10452.0}, {"i": 126, "x": 1630.0, "y": 7498.0}, {"i": 127, "x": 1634.0, "y": 10408.0}, {"i": 128, "x": 1640.0, "y": 10830.0}, {"i": 129, "x": 1650.0, "y": 3972.0}, {"i": 130, "x": 1650.0, "y": 8434.0}, {"i": 131, "x": 1654.0, "y": 5236.0}, {"i": 132, "x": 1676.0, "y": 13904.0}, {"i": 133, "x": 1678.0, "y": 8208.0}, {"i": 134, "x": 1686.0, "y": 7612.0}, {"i": 135, "x": 1710.0, "y": 274.0}, {"i": 136, "x": 1726.0, "y": 4324.0}, {"i": 137, "x": 1726.0, "y": 4372.0}, {"i": 138, "x": 1758.0, "y": 412.0}, {"i": 139, "x": 1774.0, "y": 12728.0}, {"i": 140, "x": 1826.0, "y": 8424.0}, {"i": 141, "x": 1828.0, "y": 7340.0}, {"i": 142, "x": 1838.0, "y": 6772.0}, {"i": 143, "x": 1854.0, "y": 1376.0}, {"i": 144, "x": 1858.0, "y": 3116.0}, {"i": 145, "x": 1866.0, "y": 1470.0}, {"i": 146, "x": 1866.0, "y": 6770.0}, {"i": 147, "x": 1872.0, "y": 3614.0}, {"i": 148, "x": 1880.0, "y": 2912.0}, {"i": 149, "x": 1904.0, "y": 3700.0}, {"i": 150, "x": 1924.0, "y": 9404.0}, {"i": 151, "x": 1930.0, "y": 2512.0}, {"i": 152, "x": 1932.0, "y": 3792.0}, {"i": 153, "x": 1938.0, "y": 6138.0}, {"i": 154, "x": 1948.0, "y": 5752.0}, {"i": 155, "x": 1958.0, "y": 6074.0}, {"i": 156, "x": 1966.0, "y": 6120.0}, {"i": 157, "x": 1966.0, "y": 9524.0}, {"i": 158, "x": 1970.0, "y": 9842.0}, {"i": 159, "x": 1982.0, "y": 3242.0}, {"i": 160, "x": 1984.0, "y": 11906.0}, {"i": 161, "x": 2000.0, "y": 10868.0}, {"i": 162, "x": 2012.0, "y": 11910.0}, {"i": 163, "x": 2020.0, "y": 11696.0}, {"i": 164, "x": 2022.0, "y": 3988.0}, {"i": 165, "x": 2022.0, "y": 12094.0}, {"i": 166, "x": 2082.0, "y": 7004.0}, {"i": 167, "x": 2086.0, "y": 2378.0}, {"i": 168, "x": 2092.0, "y": 9102.0}, {"i": 169, "x": 2100.0, "y": 11990.0}, {"i": 170, "x": 2114.0, "y": 1928.0}, {"i": 171, "x": 2128.0, "y": 10360.0}, {"i": 172, "x": 2130.0, "y": 5996.0}, {"i": 173, "x": 2134.0, "y": 2330.0}, {"i": 174, "x": 2150.0, "y": 6284.0}, {"i": 175, "x": 2154.0, "y": 13102.0}, {"i": 176, "x": 2164.0, "y": 6546.0}, {"i": 177, "x": 2194.0, "y": 7526.0}, {"i": 178, "x": 2206.0, "y": 216.0}, {"i": 179, "x": 2210.0, "y": 9378.0}, {"i": 180, "x": 2214.0, "y": 5108.0}, {"i": 181, "x": 2222.0, "y": 3308.0}, {"i": 182, "x": 2234.0, "y": 11050.0}, {"i": 183, "x": 2244.0, "y": 2332.0}, {"i": 184, "x": 2244.0, "y": 5310.0}, {"i": 185, "x": 2260.0, "y": 10598.0}, {"i": 186, "x": 2268.0, "y": 11028.0}, {"i": 187, "x": 2272.0, "y": 11936.0}, {"i": 188, "x": 2274.0, "y": 12616.0}, {"i": 189, "x": 2282.0, "y": 4000.0}, {"i": 190, "x": 2290.0, "y": 3706.0}, {"i": 191, "x": 2316.0, "y": 5134.0}, {"i": 192, "x": 2326.0, "y": 12200.0}, {"i": 193, "x": 2336.0, "y": 11992.0}, {"i": 194, "x": 2338.0, "y": 6748.0}, {"i": 195, "x": 2342.0, "y": 11290.0}, {"i": 196, "x": 2350.0, "y": 12226.0}, {"i": 197, "x": 2354.0, "y": 1846.0}, {"i": 198, "x": 2356.0, "y": 2484.0}, {"i": 199, "x": 2360.0, "y": 4682.0}, {"i": 200, "x": 2370.0, "y": 12526.0}, {"i": 201, "x": 2378.0, "y": 9600.0}, {"i": 202, "x": 2382.0, "y": 2396.0}, {"i": 203, "x": 2382.0, "y": 12110.0}, {"i": 204, "x": 2388.0, "y": 3692.0}, {"i": 205, "x": 2388.0, "y": 7944.0}, {"i": 206, "x": 2392.0, "y": 12600.0}, {"i": 207, "x": 2410.0, "y": 4946.0}, {"i": 208, "x": 2412.0, "y": 7902.0}, {"i": 209, "x": 2412.0, "y": 11076.0}, {"i": 210, "x": 2418.0, "y": 9654.0}, {"i": 211, "x": 2434.0, "y": 12312.0}, {"i": 212, "x": 2452.0, "y": 2474.0}, {"i": 213, "x": 2452.0, "y": 11382.0}, {"i": 214, "x": 2454.0, "y": 11262.0}, {"i": 215, "x": 2492.0, "y": 5580.0}, {"i": 216, "x": 2498.0, "y": 8502.0}, {"i": 217, "x": 2500.0, "y": 2426.0}, {"i": 218, "x": 2502.0, "y": 11676.0}, {"i": 219, "x": 2524.0, "y": 548.0}, {"i": 220, "x": 2536.0, "y": 1840.0}, {"i": 221, "x": 2590.0, "y": 6686.0}, {"i": 222, "x": 2596.0, "y": 5124.0}, {"i": 223, "x": 2604.0, "y": 6020.0}, {"i": 224, "x": 2614.0, "y": 7230.0}, {"i": 225, "x": 2618.0, "y": 3990.0}, {"i": 226, "x": 2630.0, "y": 9522.0}, {"i": 227, "x": 2638.0, "y": 1738.0}, {"i": 228, "x": 2642.0, "y": 6786.0}, {"i": 229, "x": 2650.0, "y": 1230.0}, {"i": 230, "x": 2670.0, "y": 6198.0}, {"i": 231, "x": 2690.0, "y": 12484.0}, {"i": 232, "x": 2700.0, "y": 11476.0}, {"i": 233, "x": 2718.0, "y": 1548.0}, {"i": 234, "x": 2722.0, "y": 4354.0}, {"i": 235, "x": 2728.0, "y": 10936.0}, {"i": 236, "x": 2728.0, "y": 11582.0}, {"i": 237, "x": 2730.0, "y": 4132.0}, {"i": 238, "x": 2736.0, "y": 11724.0}, {"i": 239, "x": 2738.0, "y": 9542.0}, {"i": 240, "x": 2746.0, "y": 4712.0}, {"i": 241, "x": 2764.0, "y": 11922.0}, {"i": 242, "x": 2770.0, "y": 8094.0}, {"i": 243, "x": 2778.0, "y": 11502.0}, {"i": 244, "x": 2780.0, "y": 2008.0}, {"i": 245, "x": 2786.0, "y": 4096.0}, {"i": 246, "x": 2794.0, "y": 12342.0}, {"i": 247, "x": 2804.0, "y": 7484.0}, {"i": 248, "x": 2826.0, "y": 6970.0}, {"i": 249, "x": 2836.0, "y": 2030.0}, {"i": 250, "x": 2838.0, "y": 10410.0}, {"i": 251, "x": 2852.0, "y": 8046.0}, {"i": 252, "x": 2864.0, "y": 9342.0}, {"i": 253, "x": 2874.0, "y": 8698.0}, {"i": 254, "x": 2930.0, "y": 11036.0}, {"i": 255, "x": 2932.0, "y": 1768.0}, {"i": 256, "x": 2932.0, "y": 11842.0}, {"i": 257, "x": 2946.0, "y": 5442.0}, {"i": 258, "x": 2956.0, "y": 3896.0}, {"i": 259, "x": 2964.0, "y": 2586.0}, {"i": 260, "x": 2972.0, "y": 2288.0}, {"i": 261, "x": 2982.0, "y": 7328.0}, {"i": 262, "x": 2990.0, "y": 12628.0}, {"i": 263, "x": 2992.0, "y": 6296.0}, {"i": 264, "x": 2996.0, "y": 3386.0}, {"i": 265, "x": 3000.0, "y": 2128.0}, {"i": 266, "x": 3002.0, "y": 10064.0}, {"i": 267, "x": 3010.0, "y": 2124.0}, {"i": 268, "x": 3014.0, "y": 12270.0}, {"i": 269, "x": 3046.0, "y": 9394.0}, {"i": 270, "x": 3056.0, "y": 11964.0}, {"i": 271, "x": 3062.0, "y": 11980.0}, {"i": 272, "x": 3072.0, "y": 12278.0}, {"i": 273, "x": 3078.0, "y": 3908.0}, {"i": 274, "x": 3080.0, "y": 10540.0}, {"i": 275, "x": 3082.0, "y": 5476.0}, {"i": 276, "x": 3130.0, "y": 6664.0}, {"i": 277, "x": 3134.0, "y": 8316.0}, {"i": 278, "x": 3136.0, "y": 5612.0}, {"i": 279, "x": 3138.0, "y": 9312.0}, {"i": 280, "x": 3142.0, "y": 10962.0}, {"i": 281, "x": 3146.0, "y": 9396.0}, {"i": 282, "x": 3148.0, "y": 7860.0}, {"i": 283, "x": 3148.0, "y": 11572.0}, {"i": 284, "x": 3154.0, "y": 10196.0}, {"i": 285, "x": 3160.0, "y": 9028.0}, {"i": 286, "x": 3168.0, "y": 3156.0}, {"i": 287, "x": 3168.0, "y": 9012.0}, {"i": 288, "x": 3202.0, "y": 8052.0}, {"i": 289, "x": 3208.0, "y": 6146.0}, {"i": 290, "x": 3208.0, "y": 11346.0}, {"i": 291, "x": 3212.0, "y": 6008.0}, {"i": 292, "x": 3216.0, "y": 8298.0}, {"i": 293, "x": 3228.0, "y": 8152.0}, {"i": 294, "x": 3236.0, "y": 7384.0}, {"i": 295, "x": 3238.0, "y": 5658.0}, {"i": 296, "x": 3248.0, "y": 10982.0}, {"i": 297, "x": 3252.0, "y": 4464.0}, {"i": 298, "x": 3268.0, "y": 5698.0}, {"i": 299, "x": 3278.0, "y": 11972.0}, {"i": 300, "x": 3284.0, "y": 11996.0}, {"i": 301, "x": 3306.0, "y": 6690.0}, {"i": 302, "x": 3326.0, "y": 11994.0}, {"i": 303, "x": 3340.0, "y": 10308.0}, {"i": 304, "x": 3344.0, "y": 8878.0}, {"i": 305, "x": 3344.0, "y": 11766.0}, {"i": 306, "x": 3384.0, "y": 11898.0}, {"i": 307, "x": 3408.0, "y": 10360.0}, {"i": 308, "x": 3416.0, "y": 7164.0}, {"i": 309, "x": 3442.0, "y": 4788.0}, {"i": 310, "x": 3450.0, "y": 5078.0}, {"i": 311, "x": 3450.0, "y": 11418.0}, {"i": 312, "x": 3454.0, "y": 6922.0}, {"i": 313, "x": 3454.0, "y": 11358.0}, {"i": 314, "x": 3482.0, "y": 5828.0}, {"i": 315, "x": 3484.0, "y": 3080.0}, {"i": 316, "x": 3486.0, "y": 12958.0}, {"i": 317, "x": 3518.0, "y": 8998.0}, {"i": 318, "x": 3542.0, "y": 3356.0}, {"i": 319, "x": 3542.0, "y": 7650.0}, {"i": 320, "x": 3558.0, "y": 2344.0}, {"i": 321, "x": 3560.0, "y": 12468.0}, {"i": 322, "x": 3562.0, "y": 8416.0}, {"i": 323, "x": 3566.0, "y": 6226.0}, {"i": 324, "x": 3580.0, "y": 10418.0}, {"i": 325, "x": 3596.0, "y": 230.0}, {"i": 326, "x": 3618.0, "y": 5130.0}, {"i": 327, "x": 3624.0, "y": 6814.0}, {"i": 328, "x": 3624.0, "y": 12502.0}, {"i": 329, "x": 3634.0, "y": 8706.0}, {"i": 330, "x": 3672.0, "y": 8390.0}, {"i": 331, "x": 3674.0, "y": 4924.0}, {"i": 332, "x": 3702.0, "y": 8878.0}, {"i": 333, "x": 3708.0, "y": 8192.0}, {"i": 334, "x": 3712.0, "y": 4760.0}, {"i": 335, "x": 3712.0, "y": 6766.0}, {"i": 336, "x": 3716.0, "y": 10888.0}, {"i": 337, "x": 3720.0, "y": 3088.0}, {"i": 338, "x": 3720.0, "y": 12544.0}, {"i": 339, "x": 3728.0, "y": 8924.0}, {"i": 340, "x": 3730.0, "y": 10478.0}, {"i": 341, "x": 3732.0, "y": 3246.0}, {"i": 342, "x": 3734.0, "y": 1244.0}, {"i": 343, "x": 3734.0, "y": 3446.0}, {"i": 344, "x": 3736.0, "y": 5152.0}, {"i": 345, "x": 3760.0, "y": 10876.0}, {"i": 346, "x": 3772.0, "y": 332.0}, {"i": 347, "x": 3782.0, "y": 13908.0}, {"i": 348, "x": 3786.0, "y": 118.0}, {"i": 349, "x": 3812.0, "y": 3548.0}, {"i": 350, "x": 3816.0, "y": 2418.0}, {"i": 351, "x": 3816.0, "y": 2890.0}, {"i": 352, "x": 3816.0, "y": 5414.0}, {"i": 353, "x": 3824.0, "y": 3780.0}, {"i": 354, "x": 3828.0, "y": 2136.0}, {"i": 355, "x": 3836.0, "y": 13072.0}, {"i": 356, "x": 3838.0, "y": 2332.0}, {"i": 357, "x": 3838.0, "y": 3100.0}, {"i": 358, "x": 3848.0, "y": 10654.0}, {"i": 359, "x": 3858.0, "y": 4960.0}, {"i": 360, "x": 3858.0, "y": 9872.0}, {"i": 361, "x": 3870.0, "y": 6916.0}, {"i": 362, "x": 3872.0, "y": 4416.0}, {"i": 363, "x": 3880.0, "y": 8276.0}, {"i": 364, "x": 3882.0, "y": 12656.0}, {"i": 365, "x": 3902.0, "y": 7816.0}, {"i": 366, "x": 3908.0, "y": 4442.0}, {"i": 367, "x": 3908.0, "y": 6142.0}, {"i": 368, "x": 3954.0, "y": 8966.0}, {"i": 369, "x": 3970.0, "y": 8978.0}, {"i": 370, "x": 4018.0, "y": 8450.0}, {"i": 371, "x": 4026.0, "y": 7354.0}, {"i": 372, "x": 4066.0, "y": 2456.0}, {"i": 373, "x": 4102.0, "y": 8280.0}, {"i": 374, "x": 4136.0, "y": 10440.0}, {"i": 375, "x": 4186.0, "y": 6696.0}, {"i": 376, "x": 4186.0, "y": 10724.0}, {"i": 377, "x": 4224.0, "y": 1284.0}, {"i": 378, "x": 4254.0, "y": 7906.0}, {"i": 379, "x": 4256.0, "y": 7350.0}, {"i": 380, "x": 4258.0, "y": 12712.0}, {"i": 381, "x": 4260.0, "y": 1004.0}, {"i": 382, "x": 4260.0, "y": 4542.0}, {"i": 383, "x": 4266.0, "y": 8824.0}, {"i": 384, "x": 4266.0, "y": 11084.0}, {"i": 385, "x": 4268.0, "y": 2056.0}, {"i": 386, "x": 4270.0, "y": 13206.0}, {"i": 387, "x": 4272.0, "y": 4814.0}, {"i": 388, "x": 4280.0, "y": 8400.0}, {"i": 389, "x": 4284.0, "y": 6440.0}, {"i": 390, "x": 4286.0, "y": 7616.0}, {"i": 391, "x": 4298.0, "y": 3236.0}, {"i": 392, "x": 4312.0, "y": 1210.0}, {"i": 393, "x": 4318.0, "y": 4518.0}, {"i": 394, "x": 4340.0, "y": 4946.0}, {"i": 395, "x": 4344.0, "y": 3526.0}, {"i": 396, "x": 4364.0, "y": 9104.0}, {"i": 397, "x": 4376.0, "y": 5074.0}, {"i": 398, "x": 4392.0, "y": 1748.0}, {"i": 399, "x": 4392.0, "y": 7558.0}, {"i": 400, "x": 4400.0, "y": 5640.0}, {"i": 401, "x": 4426.0, "y": 6562.0}, {"i": 402, "x": 4432.0, "y": 5496.0}, {"i": 403, "x": 4436.0, "y": 1858.0}, {"i": 404, "x": 4438.0, "y": 4932.0}, {"i": 405, "x": 4456.0, "y": 6580.0}, {"i": 406, "x": 4458.0, "y": 3898.0}, {"i": 407, "x": 4468.0, "y": 6966.0}, {"i": 408, "x": 4474.0, "y": 4338.0}, {"i": 409, "x": 4476.0, "y": 5920.0}, {"i": 410, "x": 4486.0, "y": 7848.0}, {"i": 411, "x": 4488.0, "y": 7908.0}, {"i": 412, "x": 4490.0, "y": 7980.0}, {"i": 413, "x": 4510.0, "y": 7694.0}, {"i": 414, "x": 4514.0, "y": 4004.0}, {"i": 415, "x": 4518.0, "y": 5332.0}, {"i": 416, "x": 4534.0, "y": 5834.0}, {"i": 417, "x": 4536.0, "y": 8422.0}, {"i": 418, "x": 4540.0, "y": 10862.0}, {"i": 419, "x": 4554.0, "y": 2112.0}, {"i": 420, "x": 4586.0, "y": 4842.0}, {"i": 421, "x": 4594.0, "y": 7526.0}, {"i": 422, "x": 4604.0, "y": 4950.0}, {"i": 423, "x": 4604.0, "y": 11556.0}, {"i": 424, "x": 4620.0, "y": 4108.0}, {"i": 425, "x": 4626.0, "y": 5510.0}, {"i": 426, "x": 4634.0, "y": 912.0}, {"i": 427, "x": 4640.0, "y": 1702.0}, {"i": 428, "x": 4656.0, "y": 4776.0}, {"i": 429, "x": 4660.0, "y": 2728.0}, {"i": 430, "x": 4668.0, "y": 5564.0}, {"i": 431, "x": 4672.0, "y": 13692.0}, {"i": 432, "x": 4684.0, "y": 12124.0}, {"i": 433, "x": 4696.0, "y": 5206.0}, {"i": 434, "x": 4714.0, "y": 10918.0}, {"i": 435, "x": 4730.0, "y": 4306.0}, {"i": 436, "x": 4736.0, "y": 1598.0}, {"i": 437, "x": 4752.0, "y": 7186.0}, {"i": 438, "x": 4764.0, "y": 3248.0}, {"i": 439, "x": 4766.0, "y": 10130.0}, {"i": 440, "x": 4766.0, "y": 11108.0}, {"i": 441, "x": 4794.0, "y": 13236.0}, {"i": 442, "x": 4806.0, "y": 7454.0}, {"i": 443, "x": 4808.0, "y": 3132.0}, {"i": 444, "x": 4810.0, "y": 11800.0}, {"i": 445, "x": 4820.0, "y": 7594.0}, {"i": 446, "x": 4846.0, "y": 13078.0}, {"i": 447, "x": 4848.0, "y": 11832.0}, {"i": 448, "x": 4850.0, "y": 11970.0}, {"i": 449, "x": 4856.0, "y": 7760.0}, {"i": 450, "x": 4860.0, "y": 10686.0}, {"i": 451, "x": 4878.0, "y": 2696.0}, {"i": 452, "x": 4882.0, "y": 196.0}, {"i": 453, "x": 4884.0, "y": 12250.0}, {"i": 454, "x": 4888.0, "y": 170.0}, {"i": 455, "x": 4890.0, "y": 3936.0}, {"i": 456, "x": 4954.0, "y": 4838.0}, {"i": 457, "x": 4964.0, "y": 5182.0}, {"i": 458, "x": 4968.0, "y": 7938.0}, {"i": 459, "x": 4976.0, "y": 7548.0}, {"i": 460, "x": 4988.0, "y": 13724.0}, {"i": 461, "x": 4992.0, "y": 13118.0}, {"i": 462, "x": 5018.0, "y": 2202.0}, {"i": 463, "x": 5020.0, "y": 7714.0}, {"i": 464, "x": 5036.0, "y": 5936.0}, {"i": 465, "x": 5048.0, "y": 8510.0}, {"i": 466, "x": 5062.0, "y": 8218.0}, {"i": 467, "x": 5080.0, "y": 1044.0}, {"i": 468, "x": 5092.0, "y": 8318.0}, {"i": 469, "x": 5092.0, "y": 8334.0}, {"i": 470, "x": 5092.0, "y": 12888.0}, {"i": 471, "x": 5106.0, "y": 12150.0}, {"i": 472, "x": 5110.0, "y": 10126.0}, {"i": 473, "x": 5116.0, "y": 9394.0}, {"i": 474, "x": 5130.0, "y": 13686.0}, {"i": 475, "x": 5152.0, "y": 5908.0}, {"i": 476, "x": 5152.0, "y": 10086.0}, {"i": 477, "x": 5166.0, "y": 4226.0}, {"i": 478, "x": 5166.0, "y": 8174.0}, {"i": 479, "x": 5166.0, "y": 9236.0}, {"i": 480, "x": 5166.0, "y": 13558.0}, {"i": 481, "x": 5170.0, "y": 5982.0}, {"i": 482, "x": 5176.0, "y": 3606.0}, {"i": 483, "x": 5178.0, "y": 12166.0}, {"i": 484, "x": 5190.0, "y": 1890.0}, {"i": 485, "x": 5192.0, "y": 4520.0}, {"i": 486, "x": 5196.0, "y": 12480.0}, {"i": 487, "x": 5202.0, "y": 5654.0}, {"i": 488, "x": 5202.0, "y": 9540.0}, {"i": 489, "x": 5208.0, "y": 12582.0}, {"i": 490, "x": 5212.0, "y": 3676.0}, {"i": 491, "x": 5212.0, "y": 5596.0}, {"i": 492, "x": 5228.0, "y": 4978.0}, {"i": 493, "x": 5236.0, "y": 12010.0}, {"i": 494, "x": 5238.0, "y": 13706.0}, {"i": 495, "x": 5298.0, "y": 4990.0}, {"i": 496, "x": 5304.0, "y": 3540.0}, {"i": 497, "x": 5312.0, "y": 6056.0}, {"i": 498, "x": 5326.0, "y": 5440.0}, {"i": 499, "x": 5326.0, "y": 6582.0}, {"i": 500, "x": 5330.0, "y": 13610.0}, {"i": 501, "x": 5350.0, "y": 10414.0}, {"i": 502, "x": 5352.0, "y": 12784.0}, {"i": 503, "x": 5356.0, "y": 4318.0}, {"i": 504, "x": 5358.0, "y": 8182.0}, {"i": 505, "x": 5366.0, "y": 4388.0}, {"i": 506, "x": 5368.0, "y": 1770.0}, {"i": 507, "x": 5380.0, "y": 4040.0}, {"i": 508, "x": 5384.0, "y": 9798.0}, {"i": 509, "x": 5388.0, "y": 8740.0}, {"i": 510, "x": 5390.0, "y": 8670.0}, {"i": 511, "x": 5394.0, "y": 2540.0}, {"i": 512, "x": 5400.0, "y": 7664.0}, {"i": 513, "x": 5408.0, "y": 718.0}, {"i": 514, "x": 5410.0, "y": 13334.0}, {"i": 515, "x": 5418.0, "y": 13488.0}, {"i": 516, "x": 5422.0, "y": 4976.0}, {"i": 517, "x": 5436.0, "y": 7954.0}, {"i": 518, "x": 5436.0, "y": 7974.0}, {"i": 519, "x": 5444.0, "y": 10976.0}, {"i": 520, "x": 5448.0, "y": 2954.0}, {"i": 521, "x": 5452.0, "y": 2236.0}, {"i": 522, "x": 5458.0, "y": 12276.0}, {"i": 523, "x": 5480.0, "y": 3638.0}, {"i": 524, "x": 5490.0, "y": 11320.0}, {"i": 525, "x": 5494.0, "y": 9018.0}, {"i": 526, "x": 5502.0, "y": 8348.0}, {"i": 527, "x": 5520.0, "y": 10478.0}, {"i": 528, "x": 5544.0, "y": 8662.0}, {"i": 529, "x": 5556.0, "y": 7962.0}, {"i": 530, "x": 5562.0, "y": 5636.0}, {"i": 531, "x": 5582.0, "y": 13372.0}, {"i": 532, "x": 5600.0, "y": 13562.0}, {"i": 533, "x": 5608.0, "y": 5180.0}, {"i": 534, "x": 5608.0, "y": 10644.0}, {"i": 535, "x": 5618.0, "y": 1222.0}, {"i": 536, "x": 5620.0, "y": 1812.0}, {"i": 537, "x": 5622.0, "y": 2398.0}, {"i": 538, "x": 5622.0, "y": 7310.0}, {"i": 539, "x": 5626.0, "y": 6952.0}, {"i": 540, "x": 5628.0, "y": 1532.0}, {"i": 541, "x": 5628.0, "y": 2082.0}, {"i": 542, "x": 5640.0, "y": 5698.0}, {"i": 543, "x": 5652.0, "y": 5986.0}, {"i": 544, "x": 5652.0, "y": 12476.0}, {"i": 545, "x": 5678.0, "y": 7088.0}, {"i": 546, "x": 5706.0, "y": 3214.0}, {"i": 547, "x": 5720.0, "y": 13898.0}, {"i": 548, "x": 5724.0, "y": 8668.0}, {"i": 549, "x": 5734.0, "y": 2134.0}, {"i": 550, "x": 5752.0, "y": 7118.0}, {"i": 551, "x": 5792.0, "y": 1164.0}, {"i": 552, "x": 5792.0, "y": 1188.0}, {"i": 553, "x": 5794.0, "y": 6760.0}, {"i": 554, "x": 5808.0, "y": 1714.0}, {"i": 555, "x": 5808.0, "y": 2456.0}, {"i": 556, "x": 5824.0, "y": 2060.0}, {"i": 557, "x": 5850.0, "y": 8144.0}, {"i": 558, "x": 5864.0, "y": 9854.0}, {"i": 559, "x": 5866.0, "y": 3206.0}, {"i": 560, "x": 5870.0, "y": 4260.0}, {"i": 561, "x": 5890.0, "y": 9368.0}, {"i": 562, "x": 5898.0, "y": 11040.0}, {"i": 563, "x": 5918.0, "y": 13034.0}, {"i": 564, "x": 5942.0, "y": 8588.0}, {"i": 565, "x": 5948.0, "y": 8408.0}, {"i": 566, "x": 5950.0, "y": 4266.0}, {"i": 567, "x": 5952.0, "y": 8378.0}, {"i": 568, "x": 5954.0, "y": 3858.0}, {"i": 569, "x": 5968.0, "y": 5500.0}, {"i": 570, "x": 5974.0, "y": 10036.0}, {"i": 571, "x": 5990.0, "y": 2214.0}, {"i": 572, "x": 5996.0, "y": 13918.0}, {"i": 573, "x": 6012.0, "y": 3276.0}, {"i": 574, "x": 6016.0, "y": 6540.0}, {"i": 575, "x": 6034.0, "y": 6280.0}, {"i": 576, "x": 6042.0, "y": 9388.0}, {"i": 577, "x": 6048.0, "y": 3016.0}, {"i": 578, "x": 6052.0, "y": 6164.0}, {"i": 579, "x": 6056.0, "y": 5608.0}, {"i": 580, "x": 6066.0, "y": 5012.0}, {"i": 581, "x": 6080.0, "y": 5770.0}, {"i": 582, "x": 6080.0, "y": 6162.0}, {"i": 583, "x": 6082.0, "y": 3624.0}, {"i": 584, "x": 6084.0, "y": 2558.0}, {"i": 585, "x": 6090.0, "y": 3230.0}, {"i": 586, "x": 6090.0, "y": 4090.0}, {"i": 587, "x": 6094.0, "y": 5502.0}, {"i": 588, "x": 6122.0, "y": 5786.0}, {"i": 589, "x": 6142.0, "y": 9252.0}, {"i": 590, "x": 6162.0, "y": 13188.0}, {"i": 591, "x": 6170.0, "y": 10214.0}, {"i": 592, "x": 6186.0, "y": 524.0}, {"i": 593, "x": 6210.0, "y": 106.0}, {"i": 594, "x": 6278.0, "y": 9320.0}, {"i": 595, "x": 6288.0, "y": 11414.0}, {"i": 596, "x": 6296.0, "y": 110.0}, {"i": 597, "x": 6304.0, "y": 1724.0}, {"i": 598, "x": 6306.0, "y": 8660.0}, {"i": 599, "x": 6324.0, "y": 2136.0}, {"i": 600, "x": 6330.0, "y": 2364.0}, {"i": 601, "x": 6342.0, "y": 5242.0}, {"i": 602, "x": 6364.0, "y": 6608.0}, {"i": 603, "x": 6394.0, "y": 12162.0}, {"i": 604, "x": 6448.0, "y": 9628.0}, {"i": 605, "x": 6450.0, "y": 6616.0}, {"i": 606, "x": 6456.0, "y": 7554.0}, {"i": 607, "x": 6466.0, "y": 4550.0}, {"i": 608, "x": 6478.0, "y": 12600.0}, {"i": 609, "x": 6506.0, "y": 10610.0}, {"i": 610, "x": 6554.0, "y": 3260.0}, {"i": 611, "x": 6554.0, "y": 10882.0}, {"i": 612, "x": 6556.0, "y": 8672.0}, {"i": 613, "x": 6568.0, "y": 10696.0}, {"i": 614, "x": 6570.0, "y": 11174.0}, {"i": 615, "x": 6610.0, "y": 8716.0}, {"i": 616, "x": 6624.0, "y": 5074.0}, {"i": 617, "x": 6640.0, "y": 2016.0}, {"i": 618, "x": 6640.0, "y": 5672.0}, {"i": 619, "x": 6654.0, "y": 8484.0}, {"i": 620, "x": 6692.0, "y": 5346.0}, {"i": 621, "x": 6704.0, "y": 2946.0}, {"i": 622, "x": 6706.0, "y": 5118.0}, {"i": 623, "x": 6714.0, "y": 3904.0}, {"i": 624, "x": 6728.0, "y": 12762.0}, {"i": 625, "x": 6734.0, "y": 3568.0}, {"i": 626, "x": 6740.0, "y": 3088.0}, {"i": 627, "x": 6744.0, "y": 9022.0}, {"i": 628, "x": 6754.0, "y": 6150.0}, {"i": 629, "x": 6758.0, "y": 6076.0}, {"i": 630, "x": 6764.0, "y": 9612.0}, {"i": 631, "x": 6772.0, "y": 10864.0}, {"i": 632, "x": 6774.0, "y": 460.0}, {"i": 633, "x": 6798.0, "y": 3200.0}, {"i": 634, "x": 6802.0, "y": 12112.0}, {"i": 635, "x": 6824.0, "y": 12966.0}, {"i": 636, "x": 6826.0, "y": 6258.0}, {"i": 637, "x": 6832.0, "y": 1392.0}, {"i": 638, "x": 6836.0, "y": 10182.0}, {"i": 639, "x": 6846.0, "y": 222.0}, {"i": 640, "x": 6856.0, "y": 2050.0}, {"i": 641, "x": 6868.0, "y": 4620.0}, {"i": 642, "x": 6870.0, "y": 1630.0}, {"i": 643, "x": 6878.0, "y": 8200.0}, {"i": 644, "x": 6878.0, "y": 11016.0}, {"i": 645, "x": 6882.0, "y": 11636.0}, {"i": 646, "x": 6896.0, "y": 8.0}, {"i": 647, "x": 6896.0, "y": 2260.0}, {"i": 648, "x": 6900.0, "y": 5180.0}, {"i": 649, "x": 6916.0, "y": 8732.0}, {"i": 650, "x": 6956.0, "y": 7864.0}, {"i": 651, "x": 6970.0, "y": 3028.0}, {"i": 652, "x": 7002.0, "y": 9506.0}, {"i": 653, "x": 7008.0, "y": 1772.0}, {"i": 654, "x": 7010.0, "y": 7448.0}, {"i": 655, "x": 7024.0, "y": 11708.0}, {"i": 656, "x": 7030.0, "y": 1778.0}, {"i": 657, "x": 7032.0, "y": 2000.0}, {"i": 658, "x": 7034.0, "y": 2914.0}, {"i": 659, "x": 7034.0, "y": 10110.0}, {"i": 660, "x": 7044.0, "y": 13340.0}, {"i": 661, "x": 7048.0, "y": 13598.0}, {"i": 662, "x": 7052.0, "y": 13550.0}, {"i": 663, "x": 7058.0, "y": 1268.0}, {"i": 664, "x": 7064.0, "y": 1792.0}, {"i": 665, "x": 7070.0, "y": 4590.0}, {"i": 666, "x": 7070.0, "y": 6544.0}, {"i": 667, "x": 7100.0, "y": 12716.0}, {"i": 668, "x": 7104.0, "y": 3736.0}, {"i": 669, "x": 7110.0, "y": 6544.0}, {"i": 670, "x": 7112.0, "y": 5964.0}, {"i": 671, "x": 7116.0, "y": 1270.0}, {"i": 672, "x": 7118.0, "y": 12004.0}, {"i": 673, "x": 7124.0, "y": 2882.0}, {"i": 674, "x": 7126.0, "y": 2764.0}, {"i": 675, "x": 7142.0, "y": 3286.0}, {"i": 676, "x": 7162.0, "y": 10266.0}, {"i": 677, "x": 7168.0, "y": 7198.0}, {"i": 678, "x": 7170.0, "y": 10016.0}, {"i": 679, "x": 7174.0, "y": 1948.0}, {"i": 680, "x": 7174.0, "y": 2070.0}, {"i": 681, "x": 7180.0, "y": 2862.0}, {"i": 682, "x": 7204.0, "y": 9448.0}, {"i": 683, "x": 7208.0, "y": 10150.0}, {"i": 684, "x": 7208.0, "y": 13352.0}, {"i": 685, "x": 7218.0, "y": 10040.0}, {"i": 686, "x": 7222.0, "y": 7292.0}, {"i": 687, "x": 7228.0, "y": 2638.0}, {"i": 688, "x": 7230.0, "y": 5622.0}, {"i": 689, "x": 7234.0, "y": 13228.0}, {"i": 690, "x": 7248.0, "y": 10566.0}, {"i": 691, "x": 7266.0, "y": 13914.0}, {"i": 692, "x": 7284.0, "y": 10918.0}, {"i": 693, "x": 7290.0, "y": 1980.0}, {"i": 694, "x": 7296.0, "y": 10638.0}, {"i": 695, "x": 7308.0, "y": 7588.0}, {"i": 696, "x": 7326.0, "y": 13738.0}, {"i": 697, "x": 7360.0, "y": 13710.0}, {"i": 698, "x": 7362.0, "y": 13424.0}, {"i": 699, "x": 7366.0, "y": 2946.0}, {"i": 700, "x": 7406.0, "y": 3120.0}, {"i": 701, "x": 7406.0, "y": 10592.0}, {"i": 702, "x": 7414.0, "y": 1638.0}, {"i": 703, "x": 7426.0, "y": 9194.0}, {"i": 704, "x": 7432.0, "y": 7808.0}, {"i": 705, "x": 7434.0, "y": 1416.0}, {"i": 706, "x": 7440.0, "y": 7544.0}, {"i": 707, "x": 7448.0, "y": 2106.0}, {"i": 708, "x": 7450.0, "y": 10038.0}, {"i": 709, "x": 7462.0, "y": 10466.0}, {"i": 710, "x": 7464.0, "y": 11126.0}, {"i": 711, "x": 7468.0, "y": 10806.0}, {"i": 712, "x": 7478.0, "y": 7902.0}, {"i": 713, "x": 7484.0, "y": 12372.0}, {"i": 714, "x": 7508.0, "y": 1128.0}, {"i": 715, "x": 7512.0, "y": 13912.0}, {"i": 716, "x": 7524.0, "y": 4580.0}, {"i": 717, "x": 7532.0, "y": 2812.0}, {"i": 718, "x": 7532.0, "y": 12576.0}, {"i": 719, "x": 7556.0, "y": 10662.0}, {"i": 720, "x": 7596.0, "y": 7256.0}, {"i": 721, "x": 7632.0, "y": 7884.0}, {"i": 722, "x": 7634.0, "y": 10978.0}, {"i": 723, "x": 7646.0, "y": 11378.0}, {"i": 724, "x": 7680.0, "y": 2690.0}, {"i": 725, "x": 7686.0, "y": 2548.0}, {"i": 726, "x": 7696.0, "y": 11552.0}, {"i": 727, "x": 7696.0, "y": 12634.0}, {"i": 728, "x": 7698.0, "y": 1332.0}, {"i": 729, "x": 7700.0, "y": 11500.0}, {"i": 730, "x": 7716.0, "y": 7096.0}, {"i": 731, "x": 7722.0, "y": 7416.0}, {"i": 732, "x": 7724.0, "y": 3770.0}, {"i": 733, "x": 7730.0, "y": 7594.0}, {"i": 734, "x": 7736.0, "y": 4424.0}, {"i": 735, "x": 7736.0, "y": 8730.0}, {"i": 736, "x": 7746.0, "y": 2358.0}, {"i": 737, "x": 7748.0, "y": 5704.0}, {"i": 738, "x": 7776.0, "y": 684.0}, {"i": 739, "x": 7798.0, "y": 310.0}, {"i": 740, "x": 7798.0, "y": 9508.0}, {"i": 741, "x": 7802.0, "y": 13504.0}, {"i": 742, "x": 7860.0, "y": 7808.0}, {"i": 743, "x": 7862.0, "y": 2358.0}, {"i": 744, "x": 7864.0, "y": 7064.0}, {"i": 745, "x": 7912.0, "y": 13504.0}, {"i": 746, "x": 7948.0, "y": 7616.0}, {"i": 747, "x": 7958.0, "y": 1870.0}, {"i": 748, "x": 8058.0, "y": 4978.0}, {"i": 749, "x": 8084.0, "y": 4978.0}, {"i": 750, "x": 8088.0, "y": 2354.0}, {"i": 751, "x": 8116.0, "y": 8156.0}, {"i": 752, "x": 8128.0, "y": 7202.0}, {"i": 753, "x": 8128.0, "y": 12846.0}, {"i": 754, "x": 8130.0, "y": 2170.0}, {"i": 755, "x": 8134.0, "y": 8466.0}, {"i": 756, "x": 8140.0, "y": 1650.0}, {"i": 757, "x": 8142.0, "y": 2766.0}, {"i": 758, "x": 8142.0, "y": 11796.0}, {"i": 759, "x": 8142.0, "y": 13016.0}, {"i": 760, "x": 8144.0, "y": 10106.0}, {"i": 761, "x": 8148.0, "y": 7000.0}, {"i": 762, "x": 8150.0, "y": 6634.0}, {"i": 763, "x": 8150.0, "y": 10720.0}, {"i": 764, "x": 8152.0, "y": 1740.0}, {"i": 765, "x": 8152.0, "y": 2450.0}, {"i": 766, "x": 8152.0, "y": 6438.0}, {"i": 767, "x": 8154.0, "y": 6000.0}, {"i": 768, "x": 8156.0, "y": 10316.0}, {"i": 769, "x": 8156.0, "y": 12776.0}, {"i": 770, "x": 8158.0, "y": 5968.0}, {"i": 771, "x": 8224.0, "y": 3502.0}, {"i": 772, "x": 8224.0, "y": 9622.0}, {"i": 773, "x": 8224.0, "y": 13496.0}, {"i": 774, "x": 8226.0, "y": 2684.0}, {"i": 775, "x": 8230.0, "y": 9776.0}, {"i": 776, "x": 8232.0, "y": 2688.0}, {"i": 777, "x": 8234.0, "y": 4140.0}, {"i": 778, "x": 8236.0, "y": 6540.0}, {"i": 779, "x": 8240.0, "y": 11148.0}, {"i": 780, "x": 8244.0, "y": 10070.0}, {"i": 781, "x": 8244.0, "y": 10086.0}, {"i": 782, "x": 8246.0, "y": 3718.0}, {"i": 783, "x": 8252.0, "y": 7246.0}, {"i": 784, "x": 8270.0, "y": 974.0}, {"i": 785, "x": 8290.0, "y": 1012.0}, {"i": 786, "x": 8340.0, "y": 10934.0}, {"i": 787, "x": 8344.0, "y": 9600.0}, {"i": 788, "x": 8358.0, "y": 13520.0}, {"i": 789, "x": 8364.0, "y": 1014.0}, {"i": 790, "x": 8368.0, "y": 1116.0}, {"i": 791, "x": 8408.0, "y": 6704.0}, {"i": 792, "x": 8422.0, "y": 738.0}, {"i": 793, "x": 8430.0, "y": 7606.0}, {"i": 794, "x": 8438.0, "y": 522.0}, {"i": 795, "x": 8444.0, "y": 7720.0}, {"i": 796, "x": 8476.0, "y": 390.0}, {"i": 797, "x": 8562.0, "y": 100.0}, {"i": 798, "x": 8592.0, "y": 7058.0}, {"i": 799, "x": 8640.0, "y": 10818.0}, {"i": 800, "x": 8644.0, "y": 3442.0}, {"i": 801, "x": 8648.0, "y": 10624.0}, {"i": 802, "x": 8670.0, "y": 8548.0}, {"i": 803, "x": 8672.0, "y": 1318.0}, {"i": 804, "x": 8674.0, "y": 9382.0}, {"i": 805, "x": 8684.0, "y": 5184.0}, {"i": 806, "x": 8688.0, "y": 9590.0}, {"i": 807, "x": 8688.0, "y": 12622.0}, {"i": 808, "x": 8734.0, "y": 8376.0}, {"i": 809, "x": 8738.0, "y": 5986.0}, {"i": 810, "x": 8742.0, "y": 7258.0}, {"i": 811, "x": 8784.0, "y": 6974.0}, {"i": 812, "x": 8790.0, "y": 2562.0}, {"i": 813, "x": 8808.0, "y": 6664.0}, {"i": 814, "x": 8810.0, "y": 5056.0}, {"i": 815, "x": 8824.0, "y": 4724.0}, {"i": 816, "x": 8838.0, "y": 8022.0}, {"i": 817, "x": 8846.0, "y": 1926.0}, {"i": 818, "x": 8868.0, "y": 1206.0}, {"i": 819, "x": 8886.0, "y": 4430.0}, {"i": 820, "x": 8886.0, "y": 6520.0}, {"i": 821, "x": 8896.0, "y": 7910.0}, {"i": 822, "x": 8902.0, "y": 5574.0}, {"i": 823, "x": 8902.0, "y": 9370.0}, {"i": 824, "x": 8904.0, "y": 8014.0}, {"i": 825, "x": 8908.0, "y": 2696.0}, {"i": 826, "x": 8926.0, "y": 3752.0}, {"i": 827, "x": 8936.0, "y": 3738.0}, {"i": 828, "x": 8938.0, "y": 12886.0}, {"i": 829, "x": 8944.0, "y": 4762.0}, {"i": 830, "x": 8958.0, "y": 5530.0}, {"i": 831, "x": 8984.0, "y": 13100.0}, {"i": 832, "x": 8990.0, "y": 11950.0}, {"i": 833, "x": 9000.0, "y": 2648.0}, {"i": 834, "x": 9010.0, "y": 11388.0}, {"i": 835, "x": 9014.0, "y": 3694.0}, {"i": 836, "x": 9024.0, "y": 3948.0}, {"i": 837, "x": 9024.0, "y": 7316.0}, {"i": 838, "x": 9034.0, "y": 722.0}, {"i": 839, "x": 9034.0, "y": 8388.0}, {"i": 840, "x": 9048.0, "y": 13448.0}, {"i": 841, "x": 9052.0, "y": 5434.0}, {"i": 842, "x": 9052.0, "y": 8518.0}, {"i": 843, "x": 9062.0, "y": 2462.0}, {"i": 844, "x": 9066.0, "y": 1056.0}, {"i": 845, "x": 9074.0, "y": 436.0}, {"i": 846, "x": 9086.0, "y": 5542.0}, {"i": 847, "x": 9086.0, "y": 13164.0}, {"i": 848, "x": 9094.0, "y": 6066.0}, {"i": 849, "x": 9104.0, "y": 13104.0}, {"i": 850, "x": 9106.0, "y": 13256.0}, {"i": 851, "x": 9108.0, "y": 628.0}, {"i": 852, "x": 9124.0, "y": 4760.0}, {"i": 853, "x": 9138.0, "y": 82.0}, {"i": 854, "x": 9144.0, "y": 1462.0}, {"i": 855, "x": 9154.0, "y": 12834.0}, {"i": 856, "x": 9166.0, "y": 766.0}, {"i": 857, "x": 9166.0, "y": 3220.0}, {"i": 858, "x": 9178.0, "y": 13600.0}, {"i": 859, "x": 9180.0, "y": 3216.0}, {"i": 860, "x": 9184.0, "y": 5356.0}, {"i": 861, "x": 9184.0, "y": 13678.0}, {"i": 862, "x": 9186.0, "y": 2222.0}, {"i": 863, "x": 9202.0, "y": 5254.0}, {"i": 864, "x": 9206.0, "y": 11724.0}, {"i": 865, "x": 9210.0, "y": 12604.0}, {"i": 866, "x": 9218.0, "y": 2122.0}, {"i": 867, "x": 9222.0, "y": 6678.0}, {"i": 868, "x": 9230.0, "y": 3176.0}, {"i": 869, "x": 9234.0, "y": 1930.0}, {"i": 870, "x": 9240.0, "y": 988.0}, {"i": 871, "x": 9244.0, "y": 11408.0}, {"i": 872, "x": 9260.0, "y": 3830.0}, {"i": 873, "x": 9274.0, "y": 2794.0}, {"i": 874, "x": 9282.0, "y": 1546.0}, {"i": 875, "x": 9294.0, "y": 92.0}, {"i": 876, "x": 9340.0, "y": 6572.0}, {"i": 877, "x": 9340.0, "y": 13072.0}, {"i": 878, "x": 9352.0, "y": 6562.0}, {"i": 879, "x": 9358.0, "y": 7550.0}, {"i": 880, "x": 9358.0, "y": 12934.0}, {"i": 881, "x": 9402.0, "y": 12116.0}, {"i": 882, "x": 9404.0, "y": 6270.0}, {"i": 883, "x": 9406.0, "y": 2198.0}, {"i": 884, "x": 9410.0, "y": 1050.0}, {"i": 885, "x": 9414.0, "y": 7424.0}, {"i": 886, "x": 9416.0, "y": 5124.0}, {"i": 887, "x": 9416.0, "y": 7696.0}, {"i": 888, "x": 9418.0, "y": 7824.0}, {"i": 889, "x": 9422.0, "y": 8732.0}, {"i": 890, "x": 9432.0, "y": 7748.0}, {"i": 891, "x": 9444.0, "y": 8300.0}, {"i": 892, "x": 9450.0, "y": 13296.0}, {"i": 893, "x": 9460.0, "y": 10476.0}, {"i": 894, "x": 9460.0, "y": 13450.0}, {"i": 895, "x": 9462.0, "y": 11914.0}, {"i": 896, "x": 9464.0, "y": 8950.0}, {"i": 897, "x": 9476.0, "y": 1148.0}, {"i": 898, "x": 9488.0, "y": 6470.0}, {"i": 899, "x": 9500.0, "y": 4330.0}, {"i": 900, "x": 9544.0, "y": 9124.0}, {"i": 901, "x": 9554.0, "y": 5890.0}, {"i": 902, "x": 9558.0, "y": 8472.0}, {"i": 903, "x": 9558.0, "y": 9168.0}, {"i": 904, "x": 9560.0, "y": 3574.0}, {"i": 905, "x": 9562.0, "y": 3230.0}, {"i": 906, "x": 9570.0, "y": 6374.0}, {"i": 907, "x": 9576.0, "y": 3858.0}, {"i": 908, "x": 9590.0, "y": 1270.0}, {"i": 909, "x": 9612.0, "y": 1126.0}, {"i": 910, "x": 9618.0, "y": 5642.0}, {"i": 911, "x": 9618.0, "y": 5656.0}, {"i": 912, "x": 9620.0, "y": 7746.0}, {"i": 913, "x": 9624.0, "y": 8012.0}, {"i": 914, "x": 9642.0, "y": 7860.0}, {"i": 915, "x": 9672.0, "y": 5352.0}, {"i": 916, "x": 9678.0, "y": 5598.0}, {"i": 917, "x": 9682.0, "y": 11486.0}, {"i": 918, "x": 9702.0, "y": 6670.0}, {"i": 919, "x": 9704.0, "y": 8718.0}, {"i": 920, "x": 9718.0, "y": 2538.0}, {"i": 921, "x": 9720.0, "y": 9436.0}, {"i": 922, "x": 9756.0, "y": 13890.0}, {"i": 923, "x": 9760.0, "y": 1718.0}, {"i": 924, "x": 9760.0, "y": 8722.0}, {"i": 925, "x": 9766.0, "y": 2748.0}, {"i": 926, "x": 9768.0, "y": 11236.0}, {"i": 927, "x": 9770.0, "y": 8632.0}, {"i": 928, "x": 9772.0, "y": 2922.0}, {"i": 929, "x": 9776.0, "y": 8922.0}, {"i": 930, "x": 9786.0, "y": 11816.0}, {"i": 931, "x": 9792.0, "y": 7022.0}, {"i": 932, "x": 9804.0, "y": 7092.0}, {"i": 933, "x": 9806.0, "y": 3512.0}, {"i": 934, "x": 9830.0, "y": 9738.0}, {"i": 935, "x": 9862.0, "y": 9760.0}, {"i": 936, "x": 9868.0, "y": 10168.0}, {"i": 937, "x": 9876.0, "y": 2100.0}, {"i": 938, "x": 9892.0, "y": 10246.0}, {"i": 939, "x": 9896.0, "y": 8912.0}, {"i": 940, "x": 9896.0, "y": 12358.0}, {"i": 941, "x": 9912.0, "y": 6484.0}, {"i": 942, "x": 9914.0, "y": 5998.0}, {"i": 943, "x": 9916.0, "y": 5936.0}, {"i": 944, "x": 9918.0, "y": 11744.0}, {"i": 945, "x": 9952.0, "y": 13350.0}, {"i": 946, "x": 9956.0, "y": 12700.0}, {"i": 947, "x": 9986.0, "y": 12692.0}, {"i": 948, "x": 10002.0, "y": 10152.0}, {"i": 949, "x": 10014.0, "y": 10484.0}, {"i": 950, "x": 10016.0, "y": 6576.0}, {"i": 951, "x": 10036.0, "y": 1918.0}, {"i": 952, "x": 10052.0, "y": 10098.0}, {"i": 953, "x": 10066.0, "y": 5930.0}, {"i": 954, "x": 10068.0, "y": 6372.0}, {"i": 955, "x": 10072.0, "y": 12454.0}, {"i": 956, "x": 10076.0, "y": 13578.0}, {"i": 957, "x": 10120.0, "y": 2020.0}, {"i": 958, "x": 10124.0, "y": 5250.0}, {"i": 959, "x": 10126.0, "y": 352.0}, {"i": 960, "x": 10128.0, "y": 2030.0}, {"i": 961, "x": 10134.0, "y": 8650.0}, {"i": 962, "x": 10144.0, "y": 1488.0}, {"i": 963, "x": 10174.0, "y": 2558.0}, {"i": 964, "x": 10176.0, "y": 5450.0}, {"i": 965, "x": 10208.0, "y": 420.0}, {"i": 966, "x": 10208.0, "y": 764.0}, {"i": 967, "x": 10210.0, "y": 2378.0}, {"i": 968, "x": 10214.0, "y": 1878.0}, {"i": 969, "x": 10216.0, "y": 1338.0}, {"i": 970, "x": 10254.0, "y": 1936.0}, {"i": 971, "x": 10266.0, "y": 4804.0}, {"i": 972, "x": 10276.0, "y": 9770.0}, {"i": 973, "x": 10282.0, "y": 11268.0}, {"i": 974, "x": 10292.0, "y": 9782.0}, {"i": 975, "x": 10308.0, "y": 12776.0}, {"i": 976, "x": 10328.0, "y": 12858.0}, {"i": 977, "x": 10334.0, "y": 7124.0}, {"i": 978, "x": 10338.0, "y": 9082.0}, {"i": 979, "x": 10344.0, "y": 8568.0}, {"i": 980, "x": 10354.0, "y": 8830.0}, {"i": 981, "x": 10356.0, "y": 106.0}, {"i": 982, "x": 10356.0, "y": 10308.0}, {"i": 983, "x": 10360.0, "y": 9926.0}, {"i": 984, "x": 10362.0, "y": 3566.0}, {"i": 985, "x": 10394.0, "y": 2584.0}, {"i": 986, "x": 10404.0, "y": 8028.0}, {"i": 987, "x": 10408.0, "y": 3282.0}, {"i": 988, "x": 10428.0, "y": 11504.0}, {"i": 989, "x": 10440.0, "y": 11348.0}, {"i": 990, "x": 10466.0, "y": 5238.0}, {"i": 991, "x": 10476.0, "y": 8084.0}, {"i": 992, "x": 10490.0, "y": 9384.0}, {"i": 993, "x": 10528.0, "y": 5480.0}, {"i": 994, "x": 10530.0, "y": 8162.0}, {"i": 995, "x": 10542.0, "y": 10284.0}, {"i": 996, "x": 10548.0, "y": 8162.0}, {"i": 997, "x": 10564.0, "y": 11758.0}, {"i": 998, "x": 10564.0, "y": 13126.0}, {"i": 999, "x": 10566.0, "y": 6604.0}, {"i": 1000, "x": 10572.0, "y": 9130.0}, {"i": 1001, "x": 10578.0, "y": 4756.0}, {"i": 1002, "x": 10604.0, "y": 3770.0}, {"i": 1003, "x": 10624.0, "y": 2346.0}, {"i": 1004, "x": 10632.0, "y": 8702.0}, {"i": 1005, "x": 10646.0, "y": 9194.0}, {"i": 1006, "x": 10648.0, "y": 13402.0}, {"i": 1007, "x": 10660.0, "y": 6602.0}, {"i": 1008, "x": 10692.0, "y": 2086.0}, {"i": 1009, "x": 10732.0, "y": 11724.0}, {"i": 1010, "x": 10736.0, "y": 8908.0}, {"i": 1011, "x": 10746.0, "y": 13860.0}, {"i": 1012, "x": 10758.0, "y": 4426.0}, {"i": 1013, "x": 10764.0, "y": 13196.0}, {"i": 1014, "x": 10772.0, "y": 3834.0}, {"i": 1015, "x": 10778.0, "y": 5232.0}, {"i": 1016, "x": 10786.0, "y": 8192.0}, {"i": 1017, "x": 10792.0, "y": 9386.0}, {"i": 1018, "x": 10794.0, "y": 1894.0}, {"i": 1019, "x": 10798.0, "y": 5234.0}, {"i": 1020, "x": 10802.0, "y": 8596.0}, {"i": 1021, "x": 10806.0, "y": 8934.0}, {"i": 1022, "x": 10810.0, "y": 6168.0}, {"i": 1023, "x": 10820.0, "y": 3214.0}, {"i": 1024, "x": 10820.0, "y": 4586.0}, {"i": 1025, "x": 10846.0, "y": 7924.0}, {"i": 1026, "x": 10878.0, "y": 4242.0}, {"i": 1027, "x": 10880.0, "y": 12622.0}, {"i": 1028, "x": 10882.0, "y": 11944.0}, {"i": 1029, "x": 10910.0, "y": 4894.0}, {"i": 1030, "x": 10924.0, "y": 5734.0}, {"i": 1031, "x": 10930.0, "y": 7788.0}, {"i": 1032, "x": 10940.0, "y": 7856.0}, {"i": 1033, "x": 10942.0, "y": 7808.0}, {"i": 1034, "x": 10964.0, "y": 13026.0}, {"i": 1035, "x": 10980.0, "y": 2224.0}, {"i": 1036, "x": 10982.0, "y": 4504.0}, {"i": 1037, "x": 10986.0, "y": 1006.0}, {"i": 1038, "x": 10986.0, "y": 3960.0}, {"i": 1039, "x": 11012.0, "y": 11888.0}, {"i": 1040, "x": 11028.0, "y": 9690.0}, {"i": 1041, "x": 11040.0, "y": 6344.0}, {"i": 1042, "x": 11042.0, "y": 9230.0}, {"i": 1043, "x": 11050.0, "y": 11092.0}, {"i": 1044, "x": 11056.0, "y": 6246.0}, {"i": 1045, "x": 11062.0, "y": 4004.0}, {"i": 1046, "x": 11072.0, "y": 13906.0}, {"i": 1047, "x": 11080.0, "y": 11122.0}, {"i": 1048, "x": 11106.0, "y": 3436.0}, {"i": 1049, "x": 11108.0, "y": 6358.0}, {"i": 1050, "x": 11110.0, "y": 4868.0}, {"i": 1051, "x": 11140.0, "y": 8174.0}, {"i": 1052, "x": 11156.0, "y": 100.0}, {"i": 1053, "x": 11160.0, "y": 10226.0}, {"i": 1054, "x": 11162.0, "y": 2906.0}, {"i": 1055, "x": 11166.0, "y": 1512.0}, {"i": 1056, "x": 11166.0, "y": 8932.0}, {"i": 1057, "x": 11172.0, "y": 8186.0}, {"i": 1058, "x": 11182.0, "y": 5944.0}, {"i": 1059, "x": 11186.0, "y": 10300.0}, {"i": 1060, "x": 11188.0, "y": 1378.0}, {"i": 1061, "x": 11188.0, "y": 7042.0}, {"i": 1062, "x": 11204.0, "y": 8812.0}, {"i": 1063, "x": 11206.0, "y": 11266.0}, {"i": 1064, "x": 11206.0, "y": 13864.0}, {"i": 1065, "x": 11210.0, "y": 2492.0}, {"i": 1066, "x": 11220.0, "y": 2488.0}, {"i": 1067, "x": 11258.0, "y": 2852.0}, {"i": 1068, "x": 11262.0, "y": 2670.0}, {"i": 1069, "x": 11264.0, "y": 10288.0}, {"i": 1070, "x": 11274.0, "y": 2262.0}, {"i": 1071, "x": 11294.0, "y": 6560.0}, {"i": 1072, "x": 11304.0, "y": 1828.0}, {"i": 1073, "x": 11330.0, "y": 12786.0}, {"i": 1074, "x": 11332.0, "y": 10000.0}, {"i": 1075, "x": 11334.0, "y": 11796.0}, {"i": 1076, "x": 11336.0, "y": 1250.0}, {"i": 1077, "x": 11346.0, "y": 11496.0}, {"i": 1078, "x": 11366.0, "y": 12672.0}, {"i": 1079, "x": 11376.0, "y": 5838.0}, {"i": 1080, "x": 11382.0, "y": 12772.0}, {"i": 1081, "x": 11392.0, "y": 3214.0}, {"i": 1082, "x": 11394.0, "y": 7542.0}, {"i": 1083, "x": 11404.0, "y": 5568.0}, {"i": 1084, "x": 11418.0, "y": 8160.0}, {"i": 1085, "x": 11424.0, "y": 4772.0}, {"i": 1086, "x": 11432.0, "y": 12994.0}, {"i": 1087, "x": 11444.0, "y": 4672.0}, {"i": 1088, "x": 11456.0, "y": 8706.0}, {"i": 1089, "x": 11472.0, "y": 8730.0}, {"i": 1090, "x": 11480.0, "y": 11266.0}, {"i": 1091, "x": 11490.0, "y": 410.0}, {"i": 1092, "x": 11506.0, "y": 2022.0}, {"i": 1093, "x": 11508.0, "y": 3744.0}, {"i": 1094, "x": 11516.0, "y": 8280.0}, {"i": 1095, "x": 11518.0, "y": 7542.0}, {"i": 1096, "x": 11518.0, "y": 8162.0}, {"i": 1097, "x": 11532.0, "y": 8250.0}, {"i": 1098, "x": 11536.0, "y": 7888.0}, {"i": 1099, "x": 11540.0, "y": 5900.0}, {"i": 1100, "x": 11584.0, "y": 9328.0}, {"i": 1101, "x": 11608.0, "y": 10350.0}, {"i": 1102, "x": 11628.0, "y": 4440.0}, {"i": 1103, "x": 11638.0, "y": 4036.0}, {"i": 1104, "x": 11642.0, "y": 3772.0}, {"i": 1105, "x": 11646.0, "y": 5578.0}, {"i": 1106, "x": 11650.0, "y": 4446.0}, {"i": 1107, "x": 11658.0, "y": 104.0}, {"i": 1108, "x": 11658.0, "y": 11764.0}, {"i": 1109, "x": 11666.0, "y": 6474.0}, {"i": 1110, "x": 11668.0, "y": 12578.0}, {"i": 1111, "x": 11690.0, "y": 7448.0}, {"i": 1112, "x": 11696.0, "y": 1926.0}, {"i": 1113, "x": 11724.0, "y": 9868.0}, {"i": 1114, "x": 11728.0, "y": 1974.0}, {"i": 1115, "x": 11742.0, "y": 3490.0}, {"i": 1116, "x": 11750.0, "y": 6390.0}, {"i": 1117, "x": 11752.0, "y": 4442.0}, {"i": 1118, "x": 11752.0, "y": 10646.0}, {"i": 1119, "x": 11768.0, "y": 11772.0}, {"i": 1120, "x": 11770.0, "y": 11558.0}, {"i": 1121, "x": 11774.0, "y": 6466.0}, {"i": 1122, "x": 11796.0, "y": 10606.0}, {"i": 1123, "x": 11828.0, "y": 4600.0}, {"i": 1124, "x": 11856.0, "y": 2026.0}, {"i": 1125, "x": 11858.0, "y": 1368.0}, {"i": 1126, "x": 11880.0, "y": 6498.0}, {"i": 1127, "x": 11884.0, "y": 5534.0}, {"i": 1128, "x": 11896.0, "y": 11870.0}, {"i": 1129, "x": 11896.0, "y": 13142.0}, {"i": 1130, "x": 11906.0, "y": 9016.0}, {"i": 1131, "x": 11910.0, "y": 3462.0}, {"i": 1132, "x": 11912.0, "y": 2800.0}, {"i": 1133, "x": 11946.0, "y": 12030.0}, {"i": 1134, "x": 11968.0, "y": 9452.0}, {"i": 1135, "x": 11982.0, "y": 9494.0}, {"i": 1136, "x": 12084.0, "y": 9940.0}, {"i": 1137, "x": 12104.0, "y": 8480.0}, {"i": 1138, "x": 12104.0, "y": 12776.0}, {"i": 1139, "x": 12116.0, "y": 11420.0}, {"i": 1140, "x": 12120.0, "y": 13424.0}, {"i": 1141, "x": 12122.0, "y": 5160.0}, {"i": 1142, "x": 12126.0, "y": 11486.0}, {"i": 1143, "x": 12138.0, "y": 4426.0}, {"i": 1144, "x": 12152.0, "y": 2206.0}, {"i": 1145, "x": 12172.0, "y": 1092.0}, {"i": 1146, "x": 12180.0, "y": 8288.0}, {"i": 1147, "x": 12212.0, "y": 3650.0}, {"i": 1148, "x": 12218.0, "y": 7152.0}, {"i": 1149, "x": 12220.0, "y": 2270.0}, {"i": 1150, "x": 12246.0, "y": 8200.0}, {"i": 1151, "x": 12278.0, "y": 7814.0}, {"i": 1152, "x": 12338.0, "y": 7148.0}, {"i": 1153, "x": 12374.0, "y": 8222.0}, {"i": 1154, "x": 12404.0, "y": 10924.0}, {"i": 1155, "x": 12518.0, "y": 5074.0}, {"i": 1156, "x": 12526.0, "y": 7546.0}, {"i": 1157, "x": 12528.0, "y": 7050.0}, {"i": 1158, "x": 12544.0, "y": 8638.0}, {"i": 1159, "x": 12546.0, "y": 3952.0}, {"i": 1160, "x": 12546.0, "y": 8718.0}, {"i": 1161, "x": 12548.0, "y": 4492.0}, {"i": 1162, "x": 12566.0, "y": 8668.0}, {"i": 1163, "x": 12568.0, "y": 2408.0}, {"i": 1164, "x": 12570.0, "y": 4578.0}, {"i": 1165, "x": 12572.0, "y": 554.0}, {"i": 1166, "x": 12572.0, "y": 8926.0}, {"i": 1167, "x": 12574.0, "y": 4536.0}, {"i": 1168, "x": 12574.0, "y": 12826.0}, {"i": 1169, "x": 12644.0, "y": 3992.0}, {"i": 1170, "x": 12646.0, "y": 10740.0}, {"i": 1171, "x": 12652.0, "y": 11902.0}, {"i": 1172, "x": 12654.0, "y": 3242.0}, {"i": 1173, "x": 12654.0, "y": 5968.0}, {"i": 1174, "x": 12656.0, "y": 4908.0}, {"i": 1175, "x": 12658.0, "y": 2654.0}, {"i": 1176, "x": 12668.0, "y": 3812.0}, {"i": 1177, "x": 12670.0, "y": 13304.0}, {"i": 1178, "x": 12682.0, "y": 1174.0}, {"i": 1179, "x": 12682.0, "y": 3404.0}, {"i": 1180, "x": 12714.0, "y": 8798.0}, {"i": 1181, "x": 12718.0, "y": 8516.0}, {"i": 1182, "x": 12738.0, "y": 8144.0}, {"i": 1183, "x": 12746.0, "y": 7418.0}, {"i": 1184, "x": 12750.0, "y": 7120.0}, {"i": 1185, "x": 12756.0, "y": 7312.0}, {"i": 1186, "x": 12756.0, "y": 7330.0}, {"i": 1187, "x": 12758.0, "y": 3690.0}, {"i": 1188, "x": 12762.0, "y": 12694.0}, {"i": 1189, "x": 12764.0, "y": 13854.0}, {"i": 1190, "x": 12766.0, "y": 5954.0}, {"i": 1191, "x": 12788.0, "y": 10936.0}, {"i": 1192, "x": 12796.0, "y": 2482.0}, {"i": 1193, "x": 12806.0, "y": 8512.0}, {"i": 1194, "x": 12818.0, "y": 278.0}, {"i": 1195, "x": 12820.0, "y": 3340.0}, {"i": 1196, "x": 12842.0, "y": 9482.0}, {"i": 1197, "x": 12854.0, "y": 10238.0}, {"i": 1198, "x": 12858.0, "y": 8518.0}, {"i": 1199, "x": 12868.0, "y": 3730.0}, {"i": 1200, "x": 12870.0, "y": 2422.0}, {"i": 1201, "x": 12870.0, "y": 5448.0}, {"i": 1202, "x": 12878.0, "y": 11680.0}, {"i": 1203, "x": 12886.0, "y": 8534.0}, {"i": 1204, "x": 12890.0, "y": 7152.0}, {"i": 1205, "x": 12894.0, "y": 1536.0}, {"i": 1206, "x": 12896.0, "y": 11874.0}, {"i": 1207, "x": 12906.0, "y": 5642.0}, {"i": 1208, "x": 12914.0, "y": 12076.0}, {"i": 1209, "x": 12916.0, "y": 4458.0}, {"i": 1210, "x": 12936.0, "y": 3396.0}, {"i": 1211, "x": 12948.0, "y": 8788.0}, {"i": 1212, "x": 12968.0, "y": 2266.0}, {"i": 1213, "x": 12978.0, "y": 3196.0}, {"i": 1214, "x": 12978.0, "y": 8798.0}, {"i": 1215, "x": 12984.0, "y": 5116.0}, {"i": 1216, "x": 12984.0, "y": 11254.0}, {"i": 1217, "x": 12988.0, "y": 8256.0}, {"i": 1218, "x": 12992.0, "y": 11960.0}, {"i": 1219, "x": 12994.0, "y": 3188.0}, {"i": 1220, "x": 12994.0, "y": 6438.0}, {"i": 1221, "x": 13008.0, "y": 9730.0}, {"i": 1222, "x": 13022.0, "y": 13674.0}, {"i": 1223, "x": 13024.0, "y": 3158.0}, {"i": 1224, "x": 13060.0, "y": 12342.0}, {"i": 1225, "x": 13064.0, "y": 9878.0}, {"i": 1226, "x": 13066.0, "y": 10092.0}, {"i": 1227, "x": 13084.0, "y": 10012.0}, {"i": 1228, "x": 13088.0, "y": 1026.0}, {"i": 1229, "x": 13104.0, "y": 5916.0}, {"i": 1230, "x": 13176.0, "y": 1144.0}, {"i": 1231, "x": 13198.0, "y": 10724.0}, {"i": 1232, "x": 13208.0, "y": 9844.0}, {"i": 1233, "x": 13232.0, "y": 8306.0}, {"i": 1234, "x": 13232.0, "y": 9190.0}, {"i": 1235, "x": 13244.0, "y": 9644.0}, {"i": 1236, "x": 13244.0, "y": 11416.0}, {"i": 1237, "x": 13258.0, "y": 2790.0}, {"i": 1238, "x": 13274.0, "y": 4824.0}, {"i": 1239, "x": 13278.0, "y": 8012.0}, {"i": 1240, "x": 13312.0, "y": 5706.0}, {"i": 1241, "x": 13312.0, "y": 5976.0}, {"i": 1242, "x": 13330.0, "y": 2716.0}, {"i": 1243, "x": 13334.0, "y": 10990.0}, {"i": 1244, "x": 13338.0, "y": 5692.0}, {"i": 1245, "x": 13372.0, "y": 6966.0}, {"i": 1246, "x": 13388.0, "y": 5788.0}, {"i": 1247, "x": 13406.0, "y": 5564.0}, {"i": 1248, "x": 13408.0, "y": 3138.0}, {"i": 1249, "x": 13424.0, "y": 2730.0}, {"i": 1250, "x": 13430.0, "y": 10154.0}, {"i": 1251, "x": 13442.0, "y": 8284.0}, {"i": 1252, "x": 13456.0, "y": 7968.0}, {"i": 1253, "x": 13466.0, "y": 10050.0}, {"i": 1254, "x": 13482.0, "y": 12142.0}, {"i": 1255, "x": 13486.0, "y": 5318.0}, {"i": 1256, "x": 13488.0, "y": 9808.0}, {"i": 1257, "x": 13516.0, "y": 3462.0}, {"i": 1258, "x": 13532.0, "y": 3748.0}, {"i": 1259, "x": 13536.0, "y": 6550.0}, {"i": 1260, "x": 13538.0, "y": 1882.0}, {"i": 1261, "x": 13546.0, "y": 6358.0}, {"i": 1262, "x": 13566.0, "y": 1254.0}, {"i": 1263, "x": 13582.0, "y": 3056.0}, {"i": 1264, "x": 13602.0, "y": 7936.0}, {"i": 1265, "x": 13616.0, "y": 9180.0}, {"i": 1266, "x": 13626.0, "y": 448.0}, {"i": 1267, "x": 13648.0, "y": 1110.0}, {"i": 1268, "x": 13648.0, "y": 7984.0}, {"i": 1269, "x": 13652.0, "y": 7872.0}, {"i": 1270, "x": 13674.0, "y": 13740.0}, {"i": 1271, "x": 13688.0, "y": 4442.0}, {"i": 1272, "x": 13706.0, "y": 3146.0}, {"i": 1273, "x": 13718.0, "y": 4276.0}, {"i": 1274, "x": 13722.0, "y": 6126.0}, {"i": 1275, "x": 13726.0, "y": 1830.0}, {"i": 1276, "x": 13744.0, "y": 2922.0}, {"i": 1277, "x": 13744.0, "y": 7750.0}, {"i": 1278, "x": 13756.0, "y": 7298.0}, {"i": 1279, "x": 13760.0, "y": 6892.0}, {"i": 1280, "x": 13764.0, "y": 12306.0}, {"i": 1281, "x": 13772.0, "y": 1388.0}, {"i": 1282, "x": 13778.0, "y": 7020.0}, {"i": 1283, "x": 13788.0, "y": 9410.0}, {"i": 1284, "x": 13800.0, "y": 11432.0}, {"i": 1285, "x": 13810.0, "y": 1378.0}, {"i": 1286, "x": 13814.0, "y": 5358.0}, {"i": 1287, "x": 13818.0, "y": 348.0}, {"i": 1288, "x": 13820.0, "y": 10740.0}, {"i": 1289, "x": 13828.0, "y": 250.0}, {"i": 1290, "x": 13846.0, "y": 1154.0}, {"i": 1291, "x": 13860.0, "y": 3606.0}, {"i": 1292, "x": 13860.0, "y": 12972.0}, {"i": 1293, "x": 13864.0, "y": 3784.0}, {"i": 1294, "x": 13866.0, "y": 3504.0}, {"i": 1295, "x": 13866.0, "y": 4650.0}, {"i": 1296, "x": 13874.0, "y": 10360.0}, {"i": 1297, "x": 13888.0, "y": 8488.0}, {"i": 1298, "x": 13904.0, "y": 6028.0}, {"i": 1299, "x": 13912.0, "y": 4426.0}, {"i": 1300, "x": 13928.0, "y": 7626.0}, {"i": 1301, "x": 13932.0, "y": 12574.0}, {"i": 1302, "x": 13934.0, "y": 9404.0}, {"i": 1303, "x": 13942.0, "y": 4288.0}, {"i": 1304, "x": 13954.0, "y": 8700.0}, {"i": 1305, "x": 13956.0, "y": 6918.0}, {"i": 1306, "x": 13958.0, "y": 10922.0}, {"i": 1307, "x": 13972.0, "y": 1028.0}, {"i": 1308, "x": 13976.0, "y": 12468.0}, {"i": 1309, "x": 13980.0, "y": 5608.0}, {"i": 1310, "x": 14006.0, "y": 4162.0}, {"i": 1311, "x": 14016.0, "y": 12772.0}, {"i": 1312, "x": 14018.0, "y": 2642.0}, {"i": 1313, "x": 14018.0, "y": 8708.0}, {"i": 1314, "x": 14046.0, "y": 3982.0}, {"i": 1315, "x": 14070.0, "y": 3708.0}, {"i": 1316, "x": 14070.0, "y": 8542.0}, {"i": 1317, "x": 14082.0, "y": 1116.0}, {"i": 1318, "x": 14090.0, "y": 13020.0}, {"i": 1319, "x": 14106.0, "y": 11492.0}, {"i": 1320, "x": 14108.0, "y": 4500.0}, {"i": 1321, "x": 14112.0, "y": 11822.0}, {"i": 1322, "x": 14120.0, "y": 9744.0}, {"i": 1323, "x": 14138.0, "y": 12568.0}, {"i": 1324, "x": 14176.0, "y": 13648.0}, {"i": 1325, "x": 14178.0, "y": 6536.0}, {"i": 1326, "x": 14180.0, "y": 1904.0}, {"i": 1327, "x": 14182.0, "y": 6340.0}, {"i": 1328, "x": 14188.0, "y": 6570.0}, {"i": 1329, "x": 14226.0, "y": 4716.0}, {"i": 1330, "x": 14232.0, "y": 12354.0}, {"i": 1331, "x": 14246.0, "y": 1920.0}, {"i": 1332, "x": 14256.0, "y": 4810.0}, {"i": 1333, "x": 14258.0, "y": 2448.0}, {"i": 1334, "x": 14262.0, "y": 8060.0}, {"i": 1335, "x": 14290.0, "y": 2076.0}, {"i": 1336, "x": 14292.0, "y": 12290.0}, {"i": 1337, "x": 14324.0, "y": 7460.0}, {"i": 1338, "x": 14330.0, "y": 10998.0}, {"i": 1339, "x": 14348.0, "y": 5156.0}, {"i": 1340, "x": 14384.0, "y": 12340.0}, {"i": 1341, "x": 14388.0, "y": 13750.0}, {"i": 1342, "x": 14394.0, "y": 1530.0}, {"i": 1343, "x": 14394.0, "y": 7028.0}, {"i": 1344, "x": 14406.0, "y": 12852.0}, {"i": 1345, "x": 14408.0, "y": 5430.0}, {"i": 1346, "x": 14408.0, "y": 11596.0}, {"i": 1347, "x": 14422.0, "y": 642.0}, {"i": 1348, "x": 14422.0, "y": 11210.0}, {"i": 1349, "x": 14428.0, "y": 13272.0}, {"i": 1350, "x": 14442.0, "y": 11494.0}, {"i": 1351, "x": 14450.0, "y": 11308.0}, {"i": 1352, "x": 14464.0, "y": 11180.0}, {"i": 1353, "x": 14490.0, "y": 11190.0}, {"i": 1354, "x": 14494.0, "y": 2296.0}, {"i": 1355, "x": 14496.0, "y": 11154.0}, {"i": 1356, "x": 14496.0, "y": 11598.0}, {"i": 1357, "x": 14500.0, "y": 11320.0}, {"i": 1358, "x": 14508.0, "y": 4320.0}, {"i": 1359, "x": 14510.0, "y": 2586.0}, {"i": 1360, "x": 14522.0, "y": 9728.0}, {"i": 1361, "x": 14526.0, "y": 11094.0}, {"i": 1362, "x": 14528.0, "y": 3696.0}, {"i": 1363, "x": 14532.0, "y": 10264.0}, {"i": 1364, "x": 14538.0, "y": 5454.0}, {"i": 1365, "x": 14540.0, "y": 12814.0}, {"i": 1366, "x": 14550.0, "y": 12904.0}, {"i": 1367, "x": 14558.0, "y": 5708.0}, {"i": 1368, "x": 14568.0, "y": 12638.0}, {"i": 1369, "x": 14584.0, "y": 10814.0}, {"i": 1370, "x": 14590.0, "y": 5722.0}, {"i": 1371, "x": 14608.0, "y": 13260.0}, {"i": 1372, "x": 14612.0, "y": 9274.0}, {"i": 1373, "x": 14630.0, "y": 2706.0}, {"i": 1374, "x": 14644.0, "y": 11658.0}, {"i": 1375, "x": 14646.0, "y": 6502.0}, {"i": 1376, "x": 14656.0, "y": 11774.0}, {"i": 1377, "x": 14664.0, "y": 11372.0}, {"i": 1378, "x": 14676.0, "y": 3818.0}, {"i": 1379, "x": 14680.0, "y": 8378.0}, {"i": 1380, "x": 14680.0, "y": 13840.0}, {"i": 1381, "x": 14686.0, "y": 4898.0}, {"i": 1382, "x": 14692.0, "y": 1730.0}, {"i": 1383, "x": 14700.0, "y": 9784.0}, {"i": 1384, "x": 14710.0, "y": 1288.0}, {"i": 1385, "x": 14712.0, "y": 10926.0}, {"i": 1386, "x": 14714.0, "y": 7128.0}, {"i": 1387, "x": 14718.0, "y": 1642.0}, {"i": 1388, "x": 14736.0, "y": 13760.0}, {"i": 1389, "x": 14738.0, "y": 3156.0}, {"i": 1390, "x": 14748.0, "y": 5240.0}, {"i": 1391, "x": 14754.0, "y": 2024.0}, {"i": 1392, "x": 14760.0, "y": 3670.0}, {"i": 1393, "x": 14786.0, "y": 8686.0}, {"i": 1394, "x": 14786.0, "y": 11812.0}, {"i": 1395, "x": 14806.0, "y": 11796.0}, {"i": 1396, "x": 14822.0, "y": 66.0}, {"i": 1397, "x": 14822.0, "y": 3250.0}, {"i": 1398, "x": 14824.0, "y": 12730.0}, {"i": 1399, "x": 14828.0, "y": 2334.0}, {"i": 1400, "x": 14832.0, "y": 7746.0}, {"i": 1401, "x": 14836.0, "y": 12504.0}, {"i": 1402, "x": 14846.0, "y": 7754.0}, {"i": 1403, "x": 14846.0, "y": 8122.0}, {"i": 1404, "x": 14860.0, "y": 9608.0}, {"i": 1405, "x": 14862.0, "y": 5900.0}, {"i": 1406, "x": 14866.0, "y": 3426.0}, {"i": 1407, "x": 14970.0, "y": 2622.0}, {"i": 1408, "x": 14972.0, "y": 9088.0}, {"i": 1409, "x": 14986.0, "y": 1500.0}, {"i": 1410, "x": 15000.0, "y": 2818.0}, {"i": 1411, "x": 15004.0, "y": 1174.0}, {"i": 1412, "x": 15022.0, "y": 1428.0}, {"i": 1413, "x": 15030.0, "y": 2980.0}, {"i": 1414, "x": 15042.0, "y": 7786.0}, {"i": 1415, "x": 15044.0, "y": 13034.0}, {"i": 1416, "x": 15052.0, "y": 12846.0}, {"i": 1417, "x": 15052.0, "y": 13428.0}, {"i": 1418, "x": 15064.0, "y": 6428.0}, {"i": 1419, "x": 15068.0, "y": 4186.0}, {"i": 1420, "x": 15076.0, "y": 9880.0}, {"i": 1421, "x": 15084.0, "y": 12404.0}, {"i": 1422, "x": 15090.0, "y": 10496.0}, {"i": 1423, "x": 15100.0, "y": 11786.0}, {"i": 1424, "x": 15106.0, "y": 2406.0}, {"i": 1425, "x": 15120.0, "y": 5902.0}, {"i": 1426, "x": 15130.0, "y": 9728.0}, {"i": 1427, "x": 15136.0, "y": 10136.0}, {"i": 1428, "x": 15152.0, "y": 13226.0}, {"i": 1429, "x": 15160.0, "y": 8682.0}, {"i": 1430, "x": 15176.0, "y": 5158.0}, {"i": 1431, "x": 15184.0, "y": 10334.0}, {"i": 1432, "x": 15184.0, "y": 13222.0}, {"i": 1433, "x": 15192.0, "y": 12364.0}, {"i": 1434, "x": 15194.0, "y": 9960.0}, {"i": 1435, "x": 15198.0, "y": 9854.0}, {"i": 1436, "x": 15210.0, "y": 10988.0}, {"i": 1437, "x": 15210.0, "y": 13402.0}, {"i": 1438, "x": 15214.0, "y": 5924.0}, {"i": 1439, "x": 15222.0, "y": 144.0}, {"i": 1440, "x": 15228.0, "y": 4318.0}, {"i": 1441, "x": 15228.0, "y": 11612.0}, {"i": 1442, "x": 15234.0, "y": 11074.0}, {"i": 1443, "x": 15236.0, "y": 3436.0}, {"i": 1444, "x": 15236.0, "y": 8328.0}, {"i": 1445, "x": 15236.0, "y": 13376.0}, {"i": 1446, "x": 15238.0, "y": 8852.0}, {"i": 1447, "x": 15238.0, "y": 10632.0}, {"i": 1448, "x": 15242.0, "y": 12588.0}, {"i": 1449, "x": 15246.0, "y": 10840.0}, {"i": 1450, "x": 15280.0, "y": 3844.0}, {"i": 1451, "x": 15284.0, "y": 11262.0}, {"i": 1452, "x": 15316.0, "y": 6912.0}, {"i": 1453, "x": 15332.0, "y": 7010.0}, {"i": 1454, "x": 15334.0, "y": 9202.0}, {"i": 1455, "x": 15334.0, "y": 11148.0}, {"i": 1456, "x": 15336.0, "y": 5824.0}, {"i": 1457, "x": 15338.0, "y": 1464.0}, {"i": 1458, "x": 15354.0, "y": 4530.0}, {"i": 1459, "x": 15360.0, "y": 9326.0}, {"i": 1460, "x": 15372.0, "y": 13184.0}, {"i": 1461, "x": 15376.0, "y": 2546.0}, {"i": 1462, "x": 15396.0, "y": 1412.0}, {"i": 1463, "x": 15428.0, "y": 8864.0}, {"i": 1464, "x": 15438.0, "y": 7818.0}, {"i": 1465, "x": 15442.0, "y": 2544.0}, {"i": 1466, "x": 15442.0, "y": 7732.0}, {"i": 1467, "x": 15446.0, "y": 11728.0}, {"i": 1468, "x": 15500.0, "y": 7636.0}, {"i": 1469, "x": 15508.0, "y": 8452.0}, {"i": 1470, "x": 15510.0, "y": 11910.0}, {"i": 1471, "x": 15520.0, "y": 2098.0}, {"i": 1472, "x": 15556.0, "y": 1176.0}, {"i": 1473, "x": 15564.0, "y": 5828.0}, {"i": 1474, "x": 15566.0, "y": 8338.0}, {"i": 1475, "x": 15584.0, "y": 5758.0}, {"i": 1476, "x": 15604.0, "y": 12850.0}, {"i": 1477, "x": 15616.0, "y": 5382.0}, {"i": 1478, "x": 15618.0, "y": 10796.0}, {"i": 1479, "x": 15626.0, "y": 7096.0}, {"i": 1480, "x": 15648.0, "y": 4276.0}, {"i": 1481, "x": 15680.0, "y": 446.0}, {"i": 1482, "x": 15682.0, "y": 12396.0}, {"i": 1483, "x": 15702.0, "y": 5546.0}, {"i": 1484, "x": 15708.0, "y": 2650.0}, {"i": 1485, "x": 15720.0, "y": 7458.0}, {"i": 1486, "x": 15732.0, "y": 6374.0}, {"i": 1487, "x": 15754.0, "y": 12906.0}, {"i": 1488, "x": 15756.0, "y": 1556.0}, {"i": 1489, "x": 15764.0, "y": 11846.0}, {"i": 1490, "x": 15766.0, "y": 3918.0}, {"i": 1491, "x": 15786.0, "y": 7110.0}, {"i": 1492, "x": 15792.0, "y": 1680.0}, {"i": 1493, "x": 15792.0, "y": 13330.0}, {"i": 1494, "x": 15800.0, "y": 1040.0}, {"i": 1495, "x": 15812.0, "y": 6324.0}, {"i": 1496, "x": 15816.0, "y": 992.0}, {"i": 1497, "x": 15816.0, "y": 3770.0}, {"i": 1498, "x": 15820.0, "y": 230.0}, {"i": 1499, "x": 15820.0, "y": 9424.0}, {"i": 1500, "x": 15822.0, "y": 6882.0}, {"i": 1501, "x": 15850.0, "y": 2492.0}, {"i": 1502, "x": 15852.0, "y": 7380.0}, {"i": 1503, "x": 15854.0, "y": 9418.0}, {"i": 1504, "x": 15858.0, "y": 2970.0}, {"i": 1505, "x": 15860.0, "y": 2476.0}, {"i": 1506, "x": 15886.0, "y": 5540.0}, {"i": 1507, "x": 15888.0, "y": 13002.0}, {"i": 1508, "x": 15926.0, "y": 6222.0}, {"i": 1509, "x": 15926.0, "y": 6310.0}, {"i": 1510, "x": 15934.0, "y": 6336.0}, {"i": 1511, "x": 15938.0, "y": 8442.0}, {"i": 1512, "x": 15944.0, "y": 13876.0}, {"i": 1513, "x": 15948.0, "y": 6192.0}, {"i": 1514, "x": 15950.0, "y": 1448.0}, {"i": 1515, "x": 15968.0, "y": 10970.0}, {"i": 1516, "x": 15978.0, "y": 8380.0}, {"i": 1517, "x": 15980.0, "y": 5834.0}, {"i": 1518, "x": 15980.0, "y": 6500.0}, {"i": 1519, "x": 15984.0, "y": 5062.0}, {"i": 1520, "x": 15988.0, "y": 8500.0}, {"i": 1521, "x": 16010.0, "y": 12808.0}, {"i": 1522, "x": 16034.0, "y": 11644.0}, {"i": 1523, "x": 16062.0, "y": 4734.0}, {"i": 1524, "x": 16066.0, "y": 9912.0}, {"i": 1525, "x": 16078.0, "y": 5000.0}, {"i": 1526, "x": 16086.0, "y": 12310.0}, {"i": 1527, "x": 16102.0, "y": 12126.0}, {"i": 1528, "x": 16124.0, "y": 4568.0}, {"i": 1529, "x": 16128.0, "y": 12514.0}, {"i": 1530, "x": 16132.0, "y": 1354.0}, {"i": 1531, "x": 16164.0, "y": 6732.0}, {"i": 1532, "x": 16166.0, "y": 2700.0}, {"i": 1533, "x": 16172.0, "y": 1534.0}, {"i": 1534, "x": 16214.0, "y": 3868.0}, {"i": 1535, "x": 16222.0, "y": 6924.0}, {"i": 1536, "x": 16232.0, "y": 12416.0}, {"i": 1537, "x": 16234.0, "y": 4686.0}, {"i": 1538, "x": 16246.0, "y": 10478.0}, {"i": 1539, "x": 16266.0, "y": 6026.0}, {"i": 1540, "x": 16318.0, "y": 4714.0}, {"i": 1541, "x": 16320.0, "y": 11488.0}, {"i": 1542, "x": 16330.0, "y": 5822.0}, {"i": 1543, "x": 16342.0, "y": 132.0}, {"i": 1544, "x": 16342.0, "y": 5742.0}, {"i": 1545, "x": 16356.0, "y": 7594.0}, {"i": 1546, "x": 16358.0, "y": 5830.0}, {"i": 1547, "x": 16360.0, "y": 11178.0}, {"i": 1548, "x": 16368.0, "y": 11072.0}, {"i": 1549, "x": 16382.0, "y": 9412.0}, {"i": 1550, "x": 16386.0, "y": 12900.0}, {"i": 1551, "x": 16388.0, "y": 8014.0}, {"i": 1552, "x": 16394.0, "y": 5906.0}, {"i": 1553, "x": 16410.0, "y": 7314.0}, {"i": 1554, "x": 16422.0, "y": 4184.0}, {"i": 1555, "x": 16432.0, "y": 6278.0}, {"i": 1556, "x": 16434.0, "y": 8610.0}, {"i": 1557, "x": 16436.0, "y": 6180.0}, {"i": 1558, "x": 16436.0, "y": 8024.0}, {"i": 1559, "x": 16440.0, "y": 7948.0}, {"i": 1560, "x": 16450.0, "y": 12058.0}, {"i": 1561, "x": 16454.0, "y": 8752.0}, {"i": 1562, "x": 16462.0, "y": 10870.0}, {"i": 1563, "x": 16510.0, "y": 12168.0}, {"i": 1564, "x": 16518.0, "y": 4176.0}, {"i": 1565, "x": 16540.0, "y": 6992.0}, {"i": 1566, "x": 16546.0, "y": 5400.0}, {"i": 1567, "x": 16552.0, "y": 12008.0}, {"i": 1568, "x": 16556.0, "y": 2090.0}, {"i": 1569, "x": 16562.0, "y": 12824.0}, {"i": 1570, "x": 16566.0, "y": 1780.0}, {"i": 1571, "x": 16588.0, "y": 11712.0}, {"i": 1572, "x": 16612.0, "y": 8854.0}, {"i": 1573, "x": 16628.0, "y": 10006.0}, {"i": 1574, "x": 16644.0, "y": 9570.0}, {"i": 1575, "x": 16650.0, "y": 6050.0}, {"i": 1576, "x": 16650.0, "y": 7392.0}, {"i": 1577, "x": 16654.0, "y": 5504.0}, {"i": 1578, "x": 16670.0, "y": 6856.0}, {"i": 1579, "x": 16678.0, "y": 10088.0}, {"i": 1580, "x": 16680.0, "y": 9486.0}, {"i": 1581, "x": 16690.0, "y": 5334.0}, {"i": 1582, "x": 16694.0, "y": 2152.0}, {"i": 1583, "x": 16718.0, "y": 6506.0}, {"i": 1584, "x": 16722.0, "y": 2176.0}, {"i": 1585, "x": 16726.0, "y": 7506.0}, {"i": 1586, "x": 16732.0, "y": 5532.0}, {"i": 1587, "x": 16740.0, "y": 9594.0}, {"i": 1588, "x": 16748.0, "y": 5840.0}, {"i": 1589, "x": 16778.0, "y": 13302.0}, {"i": 1590, "x": 16786.0, "y": 3568.0}, {"i": 1591, "x": 16788.0, "y": 12788.0}, {"i": 1592, "x": 16796.0, "y": 8904.0}, {"i": 1593, "x": 16820.0, "y": 13370.0}, {"i": 1594, "x": 16822.0, "y": 238.0}, {"i": 1595, "x": 16824.0, "y": 1654.0}, {"i": 1596, "x": 16838.0, "y": 4796.0}, {"i": 1597, "x": 16846.0, "y": 9214.0}, {"i": 1598, "x": 16870.0, "y": 4294.0}, {"i": 1599, "x": 16884.0, "y": 10550.0}, {"i": 1600, "x": 16896.0, "y": 6654.0}, {"i": 1601, "x": 16912.0, "y": 13856.0}, {"i": 1602, "x": 16916.0, "y": 1552.0}, {"i": 1603, "x": 16920.0, "y": 10302.0}, {"i": 1604, "x": 16930.0, "y": 432.0}, {"i": 1605, "x": 16958.0, "y": 10824.0}, {"i": 1606, "x": 16964.0, "y": 8086.0}, {"i": 1607, "x": 16966.0, "y": 1038.0}, {"i": 1608, "x": 16966.0, "y": 3638.0}, {"i": 1609, "x": 16976.0, "y": 8376.0}, {"i": 1610, "x": 16978.0, "y": 8470.0}, {"i": 1611, "x": 16990.0, "y": 9138.0}, {"i": 1612, "x": 16990.0, "y": 12134.0}, {"i": 1613, "x": 17020.0, "y": 1048.0}, {"i": 1614, "x": 17020.0, "y": 6102.0}, {"i": 1615, "x": 17020.0, "y": 13592.0}, {"i": 1616, "x": 17066.0, "y": 5270.0}, {"i": 1617, "x": 17084.0, "y": 2232.0}, {"i": 1618, "x": 17110.0, "y": 6966.0}, {"i": 1619, "x": 17122.0, "y": 13252.0}, {"i": 1620, "x": 17128.0, "y": 8786.0}, {"i": 1621, "x": 17148.0, "y": 6448.0}, {"i": 1622, "x": 17154.0, "y": 11032.0}, {"i": 1623, "x": 17160.0, "y": 4294.0}, {"i": 1624, "x": 17182.0, "y": 11358.0}, {"i": 1625, "x": 17192.0, "y": 7350.0}, {"i": 1626, "x": 17192.0, "y": 9144.0}, {"i": 1627, "x": 17210.0, "y": 5962.0}, {"i": 1628, "x": 17218.0, "y": 254.0}, {"i": 1629, "x": 17220.0, "y": 9468.0}, {"i": 1630, "x": 17222.0, "y": 9412.0}, {"i": 1631, "x": 17222.0, "y": 9458.0}, {"i": 1632, "x": 17230.0, "y": 11164.0}, {"i": 1633, "x": 17236.0, "y": 9564.0}, {"i": 1634, "x": 17246.0, "y": 5748.0}, {"i": 1635, "x": 17246.0, "y": 11150.0}, {"i": 1636, "x": 17258.0, "y": 7108.0}, {"i": 1637, "x": 17258.0, "y": 11044.0}, {"i": 1638, "x": 17260.0, "y": 5990.0}, {"i": 1639, "x": 17260.0, "y": 8002.0}, {"i": 1640, "x": 17274.0, "y": 3108.0}, {"i": 1641, "x": 17284.0, "y": 13448.0}, {"i": 1642, "x": 17286.0, "y": 11942.0}, {"i": 1643, "x": 17288.0, "y": 2486.0}, {"i": 1644, "x": 17288.0, "y": 11208.0}, {"i": 1645, "x": 17294.0, "y": 2162.0}, {"i": 1646, "x": 17294.0, "y": 12744.0}, {"i": 1647, "x": 17302.0, "y": 2300.0}, {"i": 1648, "x": 17302.0, "y": 12318.0}, {"i": 1649, "x": 17304.0, "y": 6906.0}, {"i": 1650, "x": 17308.0, "y": 3100.0}, {"i": 1651, "x": 17312.0, "y": 11628.0}, {"i": 1652, "x": 17314.0, "y": 10452.0}, {"i": 1653, "x": 17316.0, "y": 1916.0}, {"i": 1654, "x": 17320.0, "y": 12310.0}, {"i": 1655, "x": 17324.0, "y": 5340.0}, {"i": 1656, "x": 17330.0, "y": 6642.0}, {"i": 1657, "x": 17342.0, "y": 2114.0}, {"i": 1658, "x": 17346.0, "y": 10676.0}, {"i": 1659, "x": 17356.0, "y": 9448.0}, {"i": 1660, "x": 17358.0, "y": 10728.0}, {"i": 1661, "x": 17360.0, "y": 10342.0}, {"i": 1662, "x": 17372.0, "y": 10220.0}, {"i": 1663, "x": 17374.0, "y": 4316.0}, {"i": 1664, "x": 17376.0, "y": 4828.0}, {"i": 1665, "x": 17380.0, "y": 1730.0}, {"i": 1666, "x": 17386.0, "y": 11826.0}, {"i": 1667, "x": 17388.0, "y": 5258.0}, {"i": 1668, "x": 17392.0, "y": 7180.0}, {"i": 1669, "x": 17396.0, "y": 3206.0}, {"i": 1670, "x": 17398.0, "y": 8160.0}, {"i": 1671, "x": 17402.0, "y": 8342.0}, {"i": 1672, "x": 17408.0, "y": 2978.0}, {"i": 1673, "x": 17410.0, "y": 144.0}, {"i": 1674, "x": 17426.0, "y": 11224.0}, {"i": 1675, "x": 17426.0, "y": 11312.0}, {"i": 1676, "x": 17440.0, "y": 10128.0}, {"i": 1677, "x": 17448.0, "y": 4656.0}, {"i": 1678, "x": 17452.0, "y": 7596.0}, {"i": 1679, "x": 17466.0, "y": 8406.0}, {"i": 1680, "x": 17480.0, "y": 7152.0}, {"i": 1681, "x": 17498.0, "y": 1170.0}, {"i": 1682, "x": 17498.0, "y": 2868.0}, {"i": 1683, "x": 17502.0, "y": 6962.0}, {"i": 1684, "x": 17504.0, "y": 12282.0}, {"i": 1685, "x": 17512.0, "y": 5104.0}, {"i": 1686, "x": 17512.0, "y": 6100.0}, {"i": 1687, "x": 17514.0, "y": 6292.0}, {"i": 1688, "x": 17516.0, "y": 12860.0}, {"i": 1689, "x": 17516.0, "y": 13866.0}, {"i": 1690, "x": 17518.0, "y": 7582.0}, {"i": 1691, "x": 17520.0, "y": 5260.0}, {"i": 1692, "x": 17542.0, "y": 13612.0}, {"i": 1693, "x": 17544.0, "y": 8490.0}, {"i": 1694, "x": 17550.0, "y": 4798.0}, {"i": 1695, "x": 17554.0, "y": 4682.0}, {"i": 1696, "x": 17554.0, "y": 7910.0}, {"i": 1697, "x": 17556.0, "y": 11834.0}, {"i": 1698, "x": 17568.0, "y": 13502.0}, {"i": 1699, "x": 17574.0, "y": 11636.0}, {"i": 1700, "x": 17574.0, "y": 12816.0}, {"i": 1701, "x": 17582.0, "y": 13172.0}, {"i": 1702, "x": 17590.0, "y": 13474.0}, {"i": 1703, "x": 17596.0, "y": 11710.0}, {"i": 1704, "x": 17622.0, "y": 6990.0}, {"i": 1705, "x": 17640.0, "y": 2612.0}, {"i": 1706, "x": 17644.0, "y": 4248.0}, {"i": 1707, "x": 17644.0, "y": 9134.0}, {"i": 1708, "x": 17652.0, "y": 4138.0}, {"i": 1709, "x": 17660.0, "y": 9088.0}, {"i": 1710, "x": 17688.0, "y": 11696.0}, {"i": 1711, "x": 17694.0, "y": 2122.0}, {"i": 1712, "x": 17704.0, "y": 6496.0}, {"i": 1713, "x": 17708.0, "y": 5692.0}, {"i": 1714, "x": 17714.0, "y": 11948.0}, {"i": 1715, "x": 17716.0, "y": 4802.0}, {"i": 1716, "x": 17724.0, "y": 10194.0}, {"i": 1717, "x": 17748.0, "y": 11718.0}, {"i": 1718, "x": 17756.0, "y": 4762.0}, {"i": 1719, "x": 17768.0, "y": 1028.0}, {"i": 1720, "x": 17768.0, "y": 11650.0}, {"i": 1721, "x": 17770.0, "y": 11210.0}, {"i": 1722, "x": 17782.0, "y": 1424.0}, {"i": 1723, "x": 17790.0, "y": 4822.0}, {"i": 1724, "x": 17792.0, "y": 7710.0}, {"i": 1725, "x": 17794.0, "y": 9800.0}, {"i": 1726, "x": 17798.0, "y": 3930.0}, {"i": 1727, "x": 17832.0, "y": 8266.0}, {"i": 1728, "x": 17834.0, "y": 1960.0}, {"i": 1729, "x": 17836.0, "y": 4762.0}, {"i": 1730, "x": 17838.0, "y": 6828.0}, {"i": 1731, "x": 17858.0, "y": 7068.0}, {"i": 1732, "x": 17872.0, "y": 5638.0}, {"i": 1733, "x": 17874.0, "y": 1872.0}, {"i": 1734, "x": 17882.0, "y": 4666.0}, {"i": 1735, "x": 17896.0, "y": 2916.0}, {"i": 1736, "x": 17896.0, "y": 9202.0}, {"i": 1737, "x": 17904.0, "y": 13612.0}, {"i": 1738, "x": 17906.0, "y": 3190.0}, {"i": 1739, "x": 17906.0, "y": 11314.0}, {"i": 1740, "x": 17906.0, "y": 12516.0}, {"i": 1741, "x": 17908.0, "y": 4760.0}, {"i": 1742, "x": 17910.0, "y": 2602.0}, {"i": 1743, "x": 17940.0, "y": 4594.0}, {"i": 1744, "x": 17960.0, "y": 8876.0}, {"i": 1745, "x": 17960.0, "y": 13308.0}, {"i": 1746, "x": 17962.0, "y": 4928.0}, {"i": 1747, "x": 17976.0, "y": 1758.0}, {"i": 1748, "x": 17982.0, "y": 4952.0}, {"i": 1749, "x": 17986.0, "y": 12750.0}, {"i": 1750, "x": 18002.0, "y": 4302.0}, {"i": 1751, "x": 18036.0, "y": 7680.0}, {"i": 1752, "x": 18036.0, "y": 8610.0}, {"i": 1753, "x": 18060.0, "y": 4594.0}, {"i": 1754, "x": 18082.0, "y": 11936.0}, {"i": 1755, "x": 18086.0, "y": 7658.0}, {"i": 1756, "x": 18088.0, "y": 8074.0}, {"i": 1757, "x": 18088.0, "y": 13352.0}, {"i": 1758, "x": 18100.0, "y": 10092.0}, {"i": 1759, "x": 18104.0, "y": 3756.0}, {"i": 1760, "x": 18104.0, "y": 12034.0}, {"i": 1761, "x": 18108.0, "y": 12094.0}, {"i": 1762, "x": 18114.0, "y": 9246.0}, {"i": 1763, "x": 18126.0, "y": 5626.0}, {"i": 1764, "x": 18130.0, "y": 2822.0}, {"i": 1765, "x": 18134.0, "y": 6092.0}, {"i": 1766, "x": 18142.0, "y": 9078.0}, {"i": 1767, "x": 18158.0, "y": 6078.0}, {"i": 1768, "x": 18160.0, "y": 4562.0}, {"i": 1769, "x": 18166.0, "y": 11376.0}, {"i": 1770, "x": 18174.0, "y": 4596.0}, {"i": 1771, "x": 18182.0, "y": 1468.0}, {"i": 1772, "x": 18212.0, "y": 8180.0}, {"i": 1773, "x": 18220.0, "y": 7350.0}, {"i": 1774, "x": 18224.0, "y": 9152.0}, {"i": 1775, "x": 18238.0, "y": 5980.0}, {"i": 1776, "x": 18260.0, "y": 3772.0}, {"i": 1777, "x": 18276.0, "y": 9394.0}, {"i": 1778, "x": 18286.0, "y": 1478.0}, {"i": 1779, "x": 18304.0, "y": 7934.0}, {"i": 1780, "x": 18306.0, "y": 2712.0}, {"i": 1781, "x": 18312.0, "y": 10392.0}, {"i": 1782, "x": 18340.0, "y": 10420.0}, {"i": 1783, "x": 18348.0, "y": 12412.0}, {"i": 1784, "x": 18350.0, "y": 4338.0}, {"i": 1785, "x": 18364.0, "y": 4164.0}, {"i": 1786, "x": 18366.0, "y": 7452.0}, {"i": 1787, "x": 18380.0, "y": 7210.0}, {"i": 1788, "x": 18380.0, "y": 8858.0}, {"i": 1789, "x": 18386.0, "y": 13568.0}, {"i": 1790, "x": 18412.0, "y": 10692.0}, {"i": 1791, "x": 18416.0, "y": 6540.0}, {"i": 1792, "x": 18472.0, "y": 6156.0}, {"i": 1793, "x": 18474.0, "y": 8866.0}, {"i": 1794, "x": 18504.0, "y": 12492.0}, {"i": 1795, "x": 18528.0, "y": 2800.0}, {"i": 1796, "x": 18552.0, "y": 7080.0}, {"i": 1797, "x": 18566.0, "y": 4978.0}, {"i": 1798, "x": 18572.0, "y": 12164.0}, {"i": 1799, "x": 18574.0, "y": 7502.0}, {"i": 1800, "x": 18586.0, "y": 6990.0}, {"i": 1801, "x": 18596.0, "y": 11652.0}, {"i": 1802, "x": 18602.0, "y": 2020.0}, {"i": 1803, "x": 18602.0, "y": 11680.0}, {"i": 1804, "x": 18604.0, "y": 10192.0}, {"i": 1805, "x": 18612.0, "y": 6562.0}, {"i": 1806, "x": 18622.0, "y": 8946.0}, {"i": 1807, "x": 18630.0, "y": 4616.0}, {"i": 1808, "x": 18638.0, "y": 11742.0}, {"i": 1809, "x": 18658.0, "y": 9822.0}, {"i": 1810, "x": 18664.0, "y": 1788.0}, {"i": 1811, "x": 18672.0, "y": 7256.0}, {"i": 1812, "x": 18672.0, "y": 12136.0}, {"i": 1813, "x": 18678.0, "y": 3418.0}, {"i": 1814, "x": 18678.0, "y": 11140.0}, {"i": 1815, "x": 18682.0, "y": 5686.0}, {"i": 1816, "x": 18684.0, "y": 3400.0}, {"i": 1817, "x": 18686.0, "y": 7064.0}, {"i": 1818, "x": 18694.0, "y": 6068.0}, {"i": 1819, "x": 18738.0, "y": 2700.0}, {"i": 1820, "x": 18744.0, "y": 5230.0}, {"i": 1821, "x": 18756.0, "y": 6410.0}, {"i": 1822, "x": 18764.0, "y": 2158.0}, {"i": 1823, "x": 18782.0, "y": 4770.0}, {"i": 1824, "x": 18784.0, "y": 3002.0}, {"i": 1825, "x": 18786.0, "y": 7824.0}, {"i": 1826, "x": 18788.0, "y": 4770.0}, {"i": 1827, "x": 18800.0, "y": 2702.0}, {"i": 1828, "x": 18800.0, "y": 13340.0}, {"i": 1829, "x": 18824.0, "y": 3016.0}, {"i": 1830, "x": 18848.0, "y": 12026.0}, {"i": 1831, "x": 18872.0, "y": 4658.0}, {"i": 1832, "x": 18872.0, "y": 12430.0}, {"i": 1833, "x": 18874.0, "y": 7382.0}, {"i": 1834, "x": 18890.0, "y": 234.0}, {"i": 1835, "x": 18932.0, "y": 8080.0}, {"i": 1836, "x": 18956.0, "y": 10802.0}, {"i": 1837, "x": 18978.0, "y": 228.0}, {"i": 1838, "x": 18984.0, "y": 9412.0}, {"i": 1839, "x": 18992.0, "y": 4284.0}, {"i": 1840, "x": 19014.0, "y": 7060.0}, {"i": 1841, "x": 19034.0, "y": 13912.0}, {"i": 1842, "x": 19036.0, "y": 2298.0}, {"i": 1843, "x": 19040.0, "y": 12086.0}, {"i": 1844, "x": 19044.0, "y": 6632.0}, {"i": 1845, "x": 19058.0, "y": 13108.0}, {"i": 1846, "x": 19062.0, "y": 4022.0}, {"i": 1847, "x": 19068.0, "y": 11396.0}, {"i": 1848, "x": 19076.0, "y": 10376.0}, {"i": 1849, "x": 19110.0, "y": 13900.0}, {"i": 1850, "x": 19122.0, "y": 7030.0}, {"i": 1851, "x": 19124.0, "y": 2696.0}, {"i": 1852, "x": 19128.0, "y": 5246.0}, {"i": 1853, "x": 19170.0, "y": 1450.0}, {"i": 1854, "x": 19180.0, "y": 11390.0}, {"i": 1855, "x": 19240.0, "y": 418.0}, {"i": 1856, "x": 19260.0, "y": 11552.0}, {"i": 1857, "x": 19282.0, "y": 2228.0}, {"i": 1858, "x": 19284.0, "y": 6924.0}, {"i": 1859, "x": 19296.0, "y": 12048.0}, {"i": 1860, "x": 19316.0, "y": 10494.0}, {"i": 1861, "x": 19318.0, "y": 11254.0}, {"i": 1862, "x": 19330.0, "y": 9502.0}, {"i": 1863, "x": 19330.0, "y": 11476.0}, {"i": 1864, "x": 19330.0, "y": 12244.0}, {"i": 1865, "x": 19332.0, "y": 11478.0}, {"i": 1866, "x": 19350.0, "y": 2174.0}, {"i": 1867, "x": 19352.0, "y": 2550.0}, {"i": 1868, "x": 19388.0, "y": 11148.0}, {"i": 1869, "x": 19394.0, "y": 10454.0}, {"i": 1870, "x": 19402.0, "y": 10996.0}, {"i": 1871, "x": 19404.0, "y": 10974.0}, {"i": 1872, "x": 19412.0, "y": 5480.0}, {"i": 1873, "x": 19416.0, "y": 5648.0}, {"i": 1874, "x": 19426.0, "y": 5828.0}, {"i": 1875, "x": 19430.0, "y": 5172.0}, {"i": 1876, "x": 19432.0, "y": 13396.0}, {"i": 1877, "x": 19436.0, "y": 228.0}, {"i": 1878, "x": 19436.0, "y": 5972.0}, {"i": 1879, "x": 19456.0, "y": 8344.0}, {"i": 1880, "x": 19462.0, "y": 252.0}, {"i": 1881, "x": 19466.0, "y": 2564.0}, {"i": 1882, "x": 19466.0, "y": 3916.0}, {"i": 1883, "x": 19472.0, "y": 6544.0}, {"i": 1884, "x": 19494.0, "y": 7150.0}, {"i": 1885, "x": 19494.0, "y": 11084.0}, {"i": 1886, "x": 19500.0, "y": 5762.0}, {"i": 1887, "x": 19520.0, "y": 6246.0}, {"i": 1888, "x": 19544.0, "y": 6242.0}, {"i": 1889, "x": 19554.0, "y": 5768.0}, {"i": 1890, "x": 19556.0, "y": 1160.0}, {"i": 1891, "x": 19556.0, "y": 3606.0}, {"i": 1892, "x": 19572.0, "y": 12786.0}, {"i": 1893, "x": 19598.0, "y": 8650.0}, {"i": 1894, "x": 19602.0, "y": 2012.0}, {"i": 1895, "x": 19608.0, "y": 12188.0}, {"i": 1896, "x": 19610.0, "y": 9284.0}, {"i": 1897, "x": 19610.0, "y": 10572.0}, {"i": 1898, "x": 19614.0, "y": 7790.0}, {"i": 1899, "x": 19628.0, "y": 228.0}, {"i": 1900, "x": 19636.0, "y": 5724.0}, {"i": 1901, "x": 19638.0, "y": 12614.0}, {"i": 1902, "x": 19672.0, "y": 5246.0}, {"i": 1903, "x": 19672.0, "y": 8630.0}, {"i": 1904, "x": 19680.0, "y": 1250.0}, {"i": 1905, "x": 19684.0, "y": 10164.0}, {"i": 1906, "x": 19688.0, "y": 8632.0}, {"i": 1907, "x": 19692.0, "y": 8798.0}, {"i": 1908, "x": 19698.0, "y": 10446.0}, {"i": 1909, "x": 19702.0, "y": 10910.0}, {"i": 1910, "x": 19730.0, "y": 3130.0}, {"i": 1911, "x": 19732.0, "y": 2648.0}, {"i": 1912, "x": 19744.0, "y": 3572.0}, {"i": 1913, "x": 19746.0, "y": 11894.0}, {"i": 1914, "x": 19750.0, "y": 9726.0}, {"i": 1915, "x": 19750.0, "y": 12926.0}, {"i": 1916, "x": 19774.0, "y": 12706.0}, {"i": 1917, "x": 19792.0, "y": 7094.0}, {"i": 1918, "x": 19804.0, "y": 436.0}, {"i": 1919, "x": 19804.0, "y": 2348.0}, {"i": 1920, "x": 19806.0, "y": 4514.0}, {"i": 1921, "x": 19806.0, "y": 8362.0}, {"i": 1922, "x": 19808.0, "y": 246.0}, {"i": 1923, "x": 19812.0, "y": 2226.0}, {"i": 1924, "x": 19812.0, "y": 6002.0}, {"i": 1925, "x": 19812.0, "y": 12624.0}, {"i": 1926, "x": 19812.0, "y": 12888.0}, {"i": 1927, "x": 19820.0, "y": 8094.0}, {"i": 1928, "x": 19824.0, "y": 6028.0}, {"i": 1929, "x": 19826.0, "y": 9810.0}, {"i": 1930, "x": 19844.0, "y": 432.0}, {"i": 1931, "x": 19844.0, "y": 4414.0}, {"i": 1932, "x": 19852.0, "y": 4668.0}, {"i": 1933, "x": 19854.0, "y": 230.0}, {"i": 1934, "x": 19878.0, "y": 248.0}, {"i": 1935, "x": 19880.0, "y": 10474.0}, {"i": 1936, "x": 19896.0, "y": 7716.0}, {"i": 1937, "x": 19904.0, "y": 12358.0}, {"i": 1938, "x": 19912.0, "y": 9506.0}, {"i": 1939, "x": 19914.0, "y": 12910.0}, {"i": 1940, "x": 19922.0, "y": 12978.0}, {"i": 1941, "x": 19924.0, "y": 7532.0}, {"i": 1942, "x": 19924.0, "y": 11474.0}, {"i": 1943, "x": 19932.0, "y": 11270.0}, {"i": 1944, "x": 19934.0, "y": 7972.0}, {"i": 1945, "x": 19934.0, "y": 12210.0}, {"i": 1946, "x": 19934.0, "y": 12550.0}, {"i": 1947, "x": 19950.0, "y": 9178.0}, {"i": 1948, "x": 19978.0, "y": 2742.0}, {"i": 1949, "x": 19984.0, "y": 13868.0}, {"i": 1950, "x": 19986.0, "y": 3898.0}, {"i": 1951, "x": 19990.0, "y": 7168.0}, {"i": 1952, "x": 19998.0, "y": 1024.0}, {"i": 1953, "x": 20000.0, "y": 7974.0}, {"i": 1954, "x": 20004.0, "y": 8010.0}, {"i": 1955, "x": 20012.0, "y": 12402.0}, {"i": 1956, "x": 20030.0, "y": 12788.0}, {"i": 1957, "x": 20036.0, "y": 6940.0}, {"i": 1958, "x": 20036.0, "y": 8158.0}, {"i": 1959, "x": 20088.0, "y": 2868.0}, {"i": 1960, "x": 20088.0, "y": 12548.0}, {"i": 1961, "x": 20116.0, "y": 5784.0}, {"i": 1962, "x": 20118.0, "y": 5456.0}, {"i": 1963, "x": 20136.0, "y": 11674.0}, {"i": 1964, "x": 20140.0, "y": 1676.0}, {"i": 1965, "x": 20142.0, "y": 8382.0}, {"i": 1966, "x": 20150.0, "y": 4522.0}, {"i": 1967, "x": 20152.0, "y": 7934.0}, {"i": 1968, "x": 20152.0, "y": 11092.0}, {"i": 1969, "x": 20170.0, "y": 4074.0}, {"i": 1970, "x": 20170.0, "y": 11792.0}, {"i": 1971, "x": 20176.0, "y": 10380.0}, {"i": 1972, "x": 20186.0, "y": 8456.0}, {"i": 1973, "x": 20188.0, "y": 230.0}, {"i": 1974, "x": 20200.0, "y": 7080.0}, {"i": 1975, "x": 20202.0, "y": 2970.0}, {"i": 1976, "x": 20210.0, "y": 6896.0}, {"i": 1977, "x": 20214.0, "y": 3804.0}, {"i": 1978, "x": 20230.0, "y": 7446.0}, {"i": 1979, "x": 20230.0, "y": 9894.0}, {"i": 1980, "x": 20230.0, "y": 10482.0}, {"i": 1981, "x": 20248.0, "y": 7372.0}, {"i": 1982, "x": 20250.0, "y": 7288.0}, {"i": 1983, "x": 20250.0, "y": 10064.0}, {"i": 1984, "x": 20274.0, "y": 10296.0}, {"i": 1985, "x": 20282.0, "y": 10978.0}, {"i": 1986, "x": 20336.0, "y": 5352.0}, {"i": 1987, "x": 20352.0, "y": 8094.0}, {"i": 1988, "x": 20354.0, "y": 8142.0}, {"i": 1989, "x": 20356.0, "y": 6584.0}, {"i": 1990, "x": 20360.0, "y": 9842.0}, {"i": 1991, "x": 20362.0, "y": 3330.0}, {"i": 1992, "x": 20362.0, "y": 11006.0}, {"i": 1993, "x": 20364.0, "y": 10268.0}, {"i": 1994, "x": 20368.0, "y": 8590.0}, {"i": 1995, "x": 20368.0, "y": 10776.0}, {"i": 1996, "x": 20376.0, "y": 11030.0}, {"i": 1997, "x": 20380.0, "y": 3200.0}, {"i": 1998, "x": 20380.0, "y": 5802.0}, {"i": 1999, "x": 20380.0, "y": 11186.0}], "type": "Instance", "name": "skylake-0002000", "meta": {"comment": "HIP even point set instance (2000 points) sampled from image ", "faces_in_delaunay": 3981}}