{"points": [{"i": 0, "x": 38024.0, "y": 466646.0}, {"i": 1, "x": 52268.0, "y": 299134.0}, {"i": 2, "x": 60100.0, "y": 217108.0}, {"i": 3, "x": 72388.0, "y": 23592.0}, {"i": 4, "x": 98238.0, "y": 10108.0}, {"i": 5, "x": 114662.0, "y": 248434.0}, {"i": 6, "x": 134090.0, "y": 562232.0}, {"i": 7, "x": 149914.0, "y": 280946.0}, {"i": 8, "x": 173558.0, "y": 561534.0}, {"i": 9, "x": 173690.0, "y": 142940.0}, {"i": 10, "x": 175670.0, "y": 76394.0}, {"i": 11, "x": 176348.0, "y": 420526.0}, {"i": 12, "x": 195604.0, "y": 94798.0}, {"i": 13, "x": 209496.0, "y": 132098.0}, {"i": 14, "x": 233284.0, "y": 179298.0}, {"i": 15, "x": 255198.0, "y": 592902.0}, {"i": 16, "x": 261096.0, "y": 249326.0}, {"i": 17, "x": 283500.0, "y": 73062.0}, {"i": 18, "x": 294220.0, "y": 465620.0}, {"i": 19, "x": 295016.0, "y": 210706.0}, {"i": 20, "x": 296720.0, "y": 399838.0}, {"i": 21, "x": 301442.0, "y": 206750.0}, {"i": 22, "x": 302196.0, "y": 293418.0}, {"i": 23, "x": 302850.0, "y": 411396.0}, {"i": 24, "x": 308330.0, "y": 260360.0}, {"i": 25, "x": 308852.0, "y": 387322.0}, {"i": 26, "x": 321554.0, "y": 528100.0}, {"i": 27, "x": 374548.0, "y": 500708.0}, {"i": 28, "x": 378584.0, "y": 439232.0}, {"i": 29, "x": 407268.0, "y": 322966.0}, {"i": 30, "x": 451426.0, "y": 279836.0}, {"i": 31, "x": 456924.0, "y": 39964.0}, {"i": 32, "x": 473472.0, "y": 588096.0}, {"i": 33, "x": 478102.0, "y": 106144.0}, {"i": 34, "x": 524106.0, "y": 69378.0}], "type": "Instance", "name": "stars-0000035", "meta": {"comment": "HIP even point set instance (35 points) sampled from image ", "faces_in_delaunay": 60}}