{"points": [{"i": 0, "x": 47936.0, "y": 404456.0}, {"i": 1, "x": 64330.0, "y": 349626.0}, {"i": 2, "x": 83300.0, "y": 578168.0}, {"i": 3, "x": 84036.0, "y": 505330.0}, {"i": 4, "x": 89310.0, "y": 539050.0}, {"i": 5, "x": 112288.0, "y": 470690.0}, {"i": 6, "x": 160076.0, "y": 521082.0}, {"i": 7, "x": 195138.0, "y": 563624.0}, {"i": 8, "x": 208838.0, "y": 408736.0}, {"i": 9, "x": 229470.0, "y": 410356.0}, {"i": 10, "x": 249750.0, "y": 334956.0}, {"i": 11, "x": 278766.0, "y": 152388.0}, {"i": 12, "x": 282904.0, "y": 358116.0}, {"i": 13, "x": 289550.0, "y": 165466.0}, {"i": 14, "x": 298418.0, "y": 398190.0}, {"i": 15, "x": 299060.0, "y": 359408.0}, {"i": 16, "x": 340056.0, "y": 362224.0}, {"i": 17, "x": 350820.0, "y": 289860.0}, {"i": 18, "x": 357546.0, "y": 122568.0}, {"i": 19, "x": 366572.0, "y": 235430.0}, {"i": 20, "x": 374174.0, "y": 362890.0}, {"i": 21, "x": 422936.0, "y": 130696.0}, {"i": 22, "x": 426150.0, "y": 240878.0}, {"i": 23, "x": 480326.0, "y": 101006.0}, {"i": 24, "x": 532630.0, "y": 342462.0}, {"i": 25, "x": 548234.0, "y": 373938.0}, {"i": 26, "x": 557334.0, "y": 272196.0}, {"i": 27, "x": 587406.0, "y": 564340.0}, {"i": 28, "x": 591550.0, "y": 317262.0}, {"i": 29, "x": 601100.0, "y": 340530.0}], "type": "Instance", "name": "stars-0000030", "meta": {"comment": "HIP even point set instance (30 points) sampled from image ", "faces_in_delaunay": 49}}