{"points": [{"i": 0, "x": 31406.0, "y": 478326.0}, {"i": 1, "x": 35780.0, "y": 384254.0}, {"i": 2, "x": 39440.0, "y": 463024.0}, {"i": 3, "x": 68300.0, "y": 541034.0}, {"i": 4, "x": 91394.0, "y": 415462.0}, {"i": 5, "x": 176550.0, "y": 397584.0}, {"i": 6, "x": 218980.0, "y": 44682.0}, {"i": 7, "x": 230048.0, "y": 426900.0}, {"i": 8, "x": 235044.0, "y": 451332.0}, {"i": 9, "x": 248494.0, "y": 59574.0}, {"i": 10, "x": 263602.0, "y": 437668.0}, {"i": 11, "x": 302806.0, "y": 293242.0}, {"i": 12, "x": 322744.0, "y": 70542.0}, {"i": 13, "x": 349470.0, "y": 406438.0}, {"i": 14, "x": 433150.0, "y": 68814.0}, {"i": 15, "x": 506520.0, "y": 592760.0}, {"i": 16, "x": 518140.0, "y": 490404.0}, {"i": 17, "x": 572408.0, "y": 278582.0}, {"i": 18, "x": 585554.0, "y": 481942.0}, {"i": 19, "x": 586726.0, "y": 525198.0}], "type": "Instance", "name": "stars-0000020", "meta": {"comment": "HIP even point set instance (20 points) sampled from image ", "faces_in_delaunay": 29}}