{"points": [{"i": 0, "x": 30582.0, "y": 493400.0}, {"i": 1, "x": 86200.0, "y": 616060.0}, {"i": 2, "x": 145248.0, "y": 473516.0}, {"i": 3, "x": 175356.0, "y": 396994.0}, {"i": 4, "x": 182082.0, "y": 346046.0}, {"i": 5, "x": 232318.0, "y": 445888.0}, {"i": 6, "x": 291594.0, "y": 282504.0}, {"i": 7, "x": 292740.0, "y": 284418.0}, {"i": 8, "x": 321224.0, "y": 93714.0}, {"i": 9, "x": 345956.0, "y": 461670.0}, {"i": 10, "x": 387544.0, "y": 107996.0}, {"i": 11, "x": 388192.0, "y": 550434.0}, {"i": 12, "x": 389492.0, "y": 462272.0}, {"i": 13, "x": 553908.0, "y": 196832.0}, {"i": 14, "x": 555106.0, "y": 200720.0}], "type": "Instance", "name": "stars-0000015", "meta": {"comment": "HIP even point set instance (15 points) sampled from image ", "faces_in_delaunay": 21}}