{"points": [{"i": 0, "x": 95046.0, "y": 224052.0}, {"i": 1, "x": 164488.0, "y": 47696.0}, {"i": 2, "x": 220364.0, "y": 360196.0}, {"i": 3, "x": 273138.0, "y": 554742.0}, {"i": 4, "x": 393840.0, "y": 366740.0}, {"i": 5, "x": 414026.0, "y": 295830.0}, {"i": 6, "x": 415840.0, "y": 221576.0}, {"i": 7, "x": 532048.0, "y": 473224.0}, {"i": 8, "x": 533776.0, "y": 296122.0}, {"i": 9, "x": 589382.0, "y": 482710.0}], "type": "Instance", "name": "stars-0000010", "meta": {"comment": "HIP even point set instance (10 points) sampled from image ", "faces_in_delaunay": 13}}