{"points": [{"i": 0, "x": 32118.0, "y": 477972.0}, {"i": 1, "x": 59782.0, "y": 218536.0}, {"i": 2, "x": 81910.0, "y": 461350.0}, {"i": 3, "x": 85592.0, "y": 30300.0}, {"i": 4, "x": 90872.0, "y": 347776.0}, {"i": 5, "x": 143076.0, "y": 96260.0}, {"i": 6, "x": 161090.0, "y": 96772.0}, {"i": 7, "x": 180144.0, "y": 186742.0}, {"i": 8, "x": 182386.0, "y": 200004.0}, {"i": 9, "x": 187970.0, "y": 183256.0}, {"i": 10, "x": 226520.0, "y": 264500.0}, {"i": 11, "x": 257902.0, "y": 610820.0}, {"i": 12, "x": 271550.0, "y": 169590.0}, {"i": 13, "x": 273960.0, "y": 332278.0}, {"i": 14, "x": 282324.0, "y": 353470.0}, {"i": 15, "x": 283066.0, "y": 367486.0}, {"i": 16, "x": 296336.0, "y": 295420.0}, {"i": 17, "x": 337672.0, "y": 584558.0}, {"i": 18, "x": 350286.0, "y": 248472.0}, {"i": 19, "x": 483594.0, "y": 175574.0}, {"i": 20, "x": 505388.0, "y": 604414.0}, {"i": 21, "x": 531746.0, "y": 502644.0}, {"i": 22, "x": 553794.0, "y": 203024.0}, {"i": 23, "x": 580016.0, "y": 129380.0}, {"i": 24, "x": 599618.0, "y": 140582.0}], "type": "Instance", "name": "stars-0000025", "meta": {"comment": "HIP even point set instance (25 points) sampled from image ", "faces_in_delaunay": 40}}