{"points": [{"i": 0, "x": 270.0, "y": 6878.0}, {"i": 1, "x": 320.0, "y": 7632.0}, {"i": 2, "x": 328.0, "y": 6258.0}, {"i": 3, "x": 356.0, "y": 7064.0}, {"i": 4, "x": 404.0, "y": 7906.0}, {"i": 5, "x": 414.0, "y": 7836.0}, {"i": 6, "x": 428.0, "y": 4968.0}, {"i": 7, "x": 432.0, "y": 7732.0}, {"i": 8, "x": 442.0, "y": 8206.0}, {"i": 9, "x": 446.0, "y": 9464.0}, {"i": 10, "x": 456.0, "y": 8264.0}, {"i": 11, "x": 498.0, "y": 4908.0}, {"i": 12, "x": 500.0, "y": 7740.0}, {"i": 13, "x": 508.0, "y": 4932.0}, {"i": 14, "x": 588.0, "y": 4734.0}, {"i": 15, "x": 674.0, "y": 4634.0}, {"i": 16, "x": 732.0, "y": 5162.0}, {"i": 17, "x": 790.0, "y": 5088.0}, {"i": 18, "x": 822.0, "y": 5220.0}, {"i": 19, "x": 958.0, "y": 4788.0}, {"i": 20, "x": 958.0, "y": 4828.0}, {"i": 21, "x": 970.0, "y": 4304.0}, {"i": 22, "x": 1018.0, "y": 7658.0}, {"i": 23, "x": 1326.0, "y": 8390.0}, {"i": 24, "x": 1376.0, "y": 7336.0}, {"i": 25, "x": 1392.0, "y": 3856.0}, {"i": 26, "x": 1430.0, "y": 4186.0}, {"i": 27, "x": 1444.0, "y": 7418.0}, {"i": 28, "x": 1510.0, "y": 7530.0}, {"i": 29, "x": 1512.0, "y": 4182.0}, {"i": 30, "x": 1520.0, "y": 4154.0}, {"i": 31, "x": 1544.0, "y": 4848.0}, {"i": 32, "x": 1644.0, "y": 3820.0}, {"i": 33, "x": 1696.0, "y": 3726.0}, {"i": 34, "x": 1746.0, "y": 3718.0}, {"i": 35, "x": 1774.0, "y": 3740.0}, {"i": 36, "x": 1790.0, "y": 3812.0}, {"i": 37, "x": 1800.0, "y": 3752.0}, {"i": 38, "x": 1832.0, "y": 3646.0}, {"i": 39, "x": 1854.0, "y": 3662.0}, {"i": 40, "x": 1990.0, "y": 3522.0}, {"i": 41, "x": 2002.0, "y": 9470.0}, {"i": 42, "x": 2010.0, "y": 3798.0}, {"i": 43, "x": 2082.0, "y": 3338.0}, {"i": 44, "x": 2116.0, "y": 7478.0}, {"i": 45, "x": 2134.0, "y": 9500.0}, {"i": 46, "x": 2196.0, "y": 6638.0}, {"i": 47, "x": 2244.0, "y": 3060.0}, {"i": 48, "x": 2314.0, "y": 7724.0}, {"i": 49, "x": 2508.0, "y": 3506.0}, {"i": 50, "x": 2512.0, "y": 3466.0}, {"i": 51, "x": 2536.0, "y": 3404.0}, {"i": 52, "x": 2546.0, "y": 3372.0}, {"i": 53, "x": 2610.0, "y": 4364.0}, {"i": 54, "x": 2670.0, "y": 4344.0}, {"i": 55, "x": 2754.0, "y": 4354.0}, {"i": 56, "x": 2854.0, "y": 6350.0}, {"i": 57, "x": 2980.0, "y": 8838.0}, {"i": 58, "x": 2982.0, "y": 9608.0}, {"i": 59, "x": 2988.0, "y": 6316.0}, {"i": 60, "x": 3012.0, "y": 8806.0}, {"i": 61, "x": 3028.0, "y": 8854.0}, {"i": 62, "x": 3042.0, "y": 9526.0}, {"i": 63, "x": 3158.0, "y": 8860.0}, {"i": 64, "x": 3280.0, "y": 9534.0}, {"i": 65, "x": 3282.0, "y": 4858.0}, {"i": 66, "x": 3298.0, "y": 9602.0}, {"i": 67, "x": 3330.0, "y": 8758.0}, {"i": 68, "x": 3488.0, "y": 8150.0}, {"i": 69, "x": 3598.0, "y": 5946.0}, {"i": 70, "x": 3636.0, "y": 5716.0}, {"i": 71, "x": 3642.0, "y": 5240.0}, {"i": 72, "x": 3658.0, "y": 3614.0}, {"i": 73, "x": 3666.0, "y": 5554.0}, {"i": 74, "x": 3666.0, "y": 5674.0}, {"i": 75, "x": 3676.0, "y": 9396.0}, {"i": 76, "x": 3726.0, "y": 3514.0}, {"i": 77, "x": 3800.0, "y": 3536.0}, {"i": 78, "x": 3878.0, "y": 8762.0}, {"i": 79, "x": 3890.0, "y": 2282.0}, {"i": 80, "x": 3980.0, "y": 3226.0}, {"i": 81, "x": 4194.0, "y": 3834.0}, {"i": 82, "x": 4220.0, "y": 1822.0}, {"i": 83, "x": 4436.0, "y": 4736.0}, {"i": 84, "x": 4570.0, "y": 4220.0}, {"i": 85, "x": 4666.0, "y": 5284.0}, {"i": 86, "x": 4712.0, "y": 4572.0}, {"i": 87, "x": 4752.0, "y": 4594.0}, {"i": 88, "x": 4842.0, "y": 5330.0}, {"i": 89, "x": 5000.0, "y": 2098.0}, {"i": 90, "x": 5180.0, "y": 3972.0}, {"i": 91, "x": 5212.0, "y": 3170.0}, {"i": 92, "x": 5216.0, "y": 3132.0}, {"i": 93, "x": 5334.0, "y": 516.0}, {"i": 94, "x": 5410.0, "y": 3438.0}, {"i": 95, "x": 5448.0, "y": 7484.0}, {"i": 96, "x": 5562.0, "y": 5484.0}, {"i": 97, "x": 5580.0, "y": 1822.0}, {"i": 98, "x": 5602.0, "y": 6670.0}, {"i": 99, "x": 5720.0, "y": 5506.0}, {"i": 100, "x": 5724.0, "y": 5888.0}, {"i": 101, "x": 5740.0, "y": 5556.0}, {"i": 102, "x": 5764.0, "y": 7688.0}, {"i": 103, "x": 5832.0, "y": 8198.0}, {"i": 104, "x": 5866.0, "y": 1022.0}, {"i": 105, "x": 5924.0, "y": 8712.0}, {"i": 106, "x": 6028.0, "y": 3358.0}, {"i": 107, "x": 6030.0, "y": 7932.0}, {"i": 108, "x": 6112.0, "y": 7990.0}, {"i": 109, "x": 6136.0, "y": 1226.0}, {"i": 110, "x": 6162.0, "y": 744.0}, {"i": 111, "x": 6172.0, "y": 3116.0}, {"i": 112, "x": 6176.0, "y": 7992.0}, {"i": 113, "x": 6180.0, "y": 8204.0}, {"i": 114, "x": 6202.0, "y": 3884.0}, {"i": 115, "x": 6204.0, "y": 8068.0}, {"i": 116, "x": 6206.0, "y": 3016.0}, {"i": 117, "x": 6216.0, "y": 8000.0}, {"i": 118, "x": 6226.0, "y": 9342.0}, {"i": 119, "x": 6246.0, "y": 9100.0}, {"i": 120, "x": 6268.0, "y": 8006.0}, {"i": 121, "x": 6302.0, "y": 7946.0}, {"i": 122, "x": 6304.0, "y": 8054.0}, {"i": 123, "x": 6318.0, "y": 8462.0}, {"i": 124, "x": 6340.0, "y": 7850.0}, {"i": 125, "x": 6350.0, "y": 7876.0}, {"i": 126, "x": 6414.0, "y": 8020.0}, {"i": 127, "x": 6416.0, "y": 7858.0}, {"i": 128, "x": 6508.0, "y": 3114.0}, {"i": 129, "x": 6512.0, "y": 8442.0}, {"i": 130, "x": 6602.0, "y": 3634.0}, {"i": 131, "x": 6622.0, "y": 410.0}, {"i": 132, "x": 6642.0, "y": 4132.0}, {"i": 133, "x": 6792.0, "y": 4600.0}, {"i": 134, "x": 6920.0, "y": 1198.0}, {"i": 135, "x": 6946.0, "y": 350.0}, {"i": 136, "x": 6956.0, "y": 4462.0}, {"i": 137, "x": 6956.0, "y": 8268.0}, {"i": 138, "x": 7102.0, "y": 1014.0}, {"i": 139, "x": 7142.0, "y": 1324.0}, {"i": 140, "x": 7160.0, "y": 1308.0}, {"i": 141, "x": 7184.0, "y": 8516.0}, {"i": 142, "x": 7224.0, "y": 8204.0}, {"i": 143, "x": 7490.0, "y": 3128.0}, {"i": 144, "x": 7546.0, "y": 2162.0}, {"i": 145, "x": 7556.0, "y": 8552.0}, {"i": 146, "x": 7602.0, "y": 5698.0}, {"i": 147, "x": 7632.0, "y": 1434.0}, {"i": 148, "x": 7634.0, "y": 7212.0}, {"i": 149, "x": 7646.0, "y": 3712.0}, {"i": 150, "x": 7650.0, "y": 3980.0}, {"i": 151, "x": 7658.0, "y": 3978.0}, {"i": 152, "x": 7670.0, "y": 1388.0}, {"i": 153, "x": 7762.0, "y": 1530.0}, {"i": 154, "x": 7772.0, "y": 4272.0}, {"i": 155, "x": 7814.0, "y": 4984.0}, {"i": 156, "x": 7816.0, "y": 2526.0}, {"i": 157, "x": 7836.0, "y": 2566.0}, {"i": 158, "x": 7836.0, "y": 3630.0}, {"i": 159, "x": 7854.0, "y": 4140.0}, {"i": 160, "x": 7870.0, "y": 2254.0}, {"i": 161, "x": 7872.0, "y": 1438.0}, {"i": 162, "x": 7872.0, "y": 2654.0}, {"i": 163, "x": 7874.0, "y": 2244.0}, {"i": 164, "x": 7890.0, "y": 2696.0}, {"i": 165, "x": 7894.0, "y": 2070.0}, {"i": 166, "x": 7944.0, "y": 1372.0}, {"i": 167, "x": 7946.0, "y": 2680.0}, {"i": 168, "x": 7946.0, "y": 4958.0}, {"i": 169, "x": 7968.0, "y": 1304.0}, {"i": 170, "x": 7982.0, "y": 2994.0}, {"i": 171, "x": 7984.0, "y": 3162.0}, {"i": 172, "x": 8002.0, "y": 2592.0}, {"i": 173, "x": 8008.0, "y": 2898.0}, {"i": 174, "x": 8022.0, "y": 8822.0}, {"i": 175, "x": 8026.0, "y": 8486.0}, {"i": 176, "x": 8032.0, "y": 8514.0}, {"i": 177, "x": 8060.0, "y": 3026.0}, {"i": 178, "x": 8064.0, "y": 3910.0}, {"i": 179, "x": 8096.0, "y": 7936.0}, {"i": 180, "x": 8144.0, "y": 3360.0}, {"i": 181, "x": 8176.0, "y": 5276.0}, {"i": 182, "x": 8178.0, "y": 2566.0}, {"i": 183, "x": 8186.0, "y": 2824.0}, {"i": 184, "x": 8186.0, "y": 5784.0}, {"i": 185, "x": 8214.0, "y": 5802.0}, {"i": 186, "x": 8224.0, "y": 2980.0}, {"i": 187, "x": 8258.0, "y": 6292.0}, {"i": 188, "x": 8288.0, "y": 5782.0}, {"i": 189, "x": 8296.0, "y": 5958.0}, {"i": 190, "x": 8318.0, "y": 7984.0}, {"i": 191, "x": 8332.0, "y": 6060.0}, {"i": 192, "x": 8346.0, "y": 7982.0}, {"i": 193, "x": 8358.0, "y": 3346.0}, {"i": 194, "x": 8362.0, "y": 5912.0}, {"i": 195, "x": 8390.0, "y": 2324.0}, {"i": 196, "x": 8394.0, "y": 3238.0}, {"i": 197, "x": 8410.0, "y": 4580.0}, {"i": 198, "x": 8446.0, "y": 7688.0}, {"i": 199, "x": 8528.0, "y": 7492.0}, {"i": 200, "x": 8566.0, "y": 2446.0}, {"i": 201, "x": 8568.0, "y": 2268.0}, {"i": 202, "x": 8568.0, "y": 2594.0}, {"i": 203, "x": 8594.0, "y": 2462.0}, {"i": 204, "x": 8660.0, "y": 4222.0}, {"i": 205, "x": 8670.0, "y": 7642.0}, {"i": 206, "x": 8694.0, "y": 2402.0}, {"i": 207, "x": 8758.0, "y": 3246.0}, {"i": 208, "x": 8766.0, "y": 4524.0}, {"i": 209, "x": 8782.0, "y": 5216.0}, {"i": 210, "x": 8794.0, "y": 5294.0}, {"i": 211, "x": 8844.0, "y": 8476.0}, {"i": 212, "x": 8858.0, "y": 5318.0}, {"i": 213, "x": 8874.0, "y": 5192.0}, {"i": 214, "x": 8890.0, "y": 5146.0}, {"i": 215, "x": 8896.0, "y": 4350.0}, {"i": 216, "x": 8900.0, "y": 3592.0}, {"i": 217, "x": 8928.0, "y": 5388.0}, {"i": 218, "x": 9000.0, "y": 7504.0}, {"i": 219, "x": 9002.0, "y": 9100.0}, {"i": 220, "x": 9012.0, "y": 6012.0}, {"i": 221, "x": 9044.0, "y": 2742.0}, {"i": 222, "x": 9058.0, "y": 7150.0}, {"i": 223, "x": 9068.0, "y": 2626.0}, {"i": 224, "x": 9078.0, "y": 4702.0}, {"i": 225, "x": 9094.0, "y": 6174.0}, {"i": 226, "x": 9098.0, "y": 3380.0}, {"i": 227, "x": 9138.0, "y": 6490.0}, {"i": 228, "x": 9150.0, "y": 6016.0}, {"i": 229, "x": 9166.0, "y": 4710.0}, {"i": 230, "x": 9206.0, "y": 7048.0}, {"i": 231, "x": 9208.0, "y": 4144.0}, {"i": 232, "x": 9294.0, "y": 5938.0}, {"i": 233, "x": 9394.0, "y": 3536.0}, {"i": 234, "x": 9424.0, "y": 5142.0}, {"i": 235, "x": 9428.0, "y": 3954.0}, {"i": 236, "x": 9450.0, "y": 6758.0}, {"i": 237, "x": 9460.0, "y": 2966.0}, {"i": 238, "x": 9468.0, "y": 3990.0}, {"i": 239, "x": 9476.0, "y": 4452.0}, {"i": 240, "x": 9494.0, "y": 3908.0}, {"i": 241, "x": 9498.0, "y": 7898.0}, {"i": 242, "x": 9508.0, "y": 5252.0}, {"i": 243, "x": 9570.0, "y": 5146.0}, {"i": 244, "x": 9584.0, "y": 2618.0}, {"i": 245, "x": 9592.0, "y": 3302.0}, {"i": 246, "x": 9636.0, "y": 7026.0}, {"i": 247, "x": 9660.0, "y": 4188.0}, {"i": 248, "x": 9724.0, "y": 3050.0}, {"i": 249, "x": 9732.0, "y": 6004.0}, {"i": 250, "x": 9736.0, "y": 2502.0}, {"i": 251, "x": 9784.0, "y": 7356.0}, {"i": 252, "x": 9794.0, "y": 6998.0}, {"i": 253, "x": 9810.0, "y": 7044.0}, {"i": 254, "x": 9822.0, "y": 2636.0}, {"i": 255, "x": 9828.0, "y": 2660.0}, {"i": 256, "x": 9860.0, "y": 2652.0}, {"i": 257, "x": 9890.0, "y": 5208.0}, {"i": 258, "x": 9894.0, "y": 2458.0}, {"i": 259, "x": 9900.0, "y": 2624.0}, {"i": 260, "x": 9914.0, "y": 7040.0}, {"i": 261, "x": 9918.0, "y": 2688.0}, {"i": 262, "x": 9986.0, "y": 3406.0}, {"i": 263, "x": 10002.0, "y": 2432.0}, {"i": 264, "x": 10006.0, "y": 5682.0}, {"i": 265, "x": 10018.0, "y": 5992.0}, {"i": 266, "x": 10022.0, "y": 2568.0}, {"i": 267, "x": 10024.0, "y": 2730.0}, {"i": 268, "x": 10074.0, "y": 2936.0}, {"i": 269, "x": 10080.0, "y": 5068.0}, {"i": 270, "x": 10094.0, "y": 3232.0}, {"i": 271, "x": 10096.0, "y": 5846.0}, {"i": 272, "x": 10106.0, "y": 2568.0}, {"i": 273, "x": 10108.0, "y": 2548.0}, {"i": 274, "x": 10116.0, "y": 6026.0}, {"i": 275, "x": 10196.0, "y": 6104.0}, {"i": 276, "x": 10204.0, "y": 2546.0}, {"i": 277, "x": 10230.0, "y": 4396.0}, {"i": 278, "x": 10266.0, "y": 4332.0}, {"i": 279, "x": 10310.0, "y": 4084.0}, {"i": 280, "x": 10334.0, "y": 3270.0}, {"i": 281, "x": 10358.0, "y": 5752.0}, {"i": 282, "x": 10398.0, "y": 2984.0}, {"i": 283, "x": 10402.0, "y": 2700.0}, {"i": 284, "x": 10408.0, "y": 6504.0}, {"i": 285, "x": 10422.0, "y": 5558.0}, {"i": 286, "x": 10454.0, "y": 7102.0}, {"i": 287, "x": 10508.0, "y": 5066.0}, {"i": 288, "x": 10508.0, "y": 5720.0}, {"i": 289, "x": 10510.0, "y": 4904.0}, {"i": 290, "x": 10522.0, "y": 5870.0}, {"i": 291, "x": 10542.0, "y": 4882.0}, {"i": 292, "x": 10570.0, "y": 3868.0}, {"i": 293, "x": 10574.0, "y": 6874.0}, {"i": 294, "x": 10576.0, "y": 6128.0}, {"i": 295, "x": 10600.0, "y": 5956.0}, {"i": 296, "x": 10606.0, "y": 6132.0}, {"i": 297, "x": 10642.0, "y": 5582.0}, {"i": 298, "x": 10644.0, "y": 6116.0}, {"i": 299, "x": 10644.0, "y": 6826.0}, {"i": 300, "x": 10664.0, "y": 6040.0}, {"i": 301, "x": 10688.0, "y": 5700.0}, {"i": 302, "x": 10692.0, "y": 6064.0}, {"i": 303, "x": 10720.0, "y": 6070.0}, {"i": 304, "x": 10734.0, "y": 2736.0}, {"i": 305, "x": 10738.0, "y": 6256.0}, {"i": 306, "x": 10750.0, "y": 6476.0}, {"i": 307, "x": 10758.0, "y": 5932.0}, {"i": 308, "x": 10762.0, "y": 6180.0}, {"i": 309, "x": 10774.0, "y": 6170.0}, {"i": 310, "x": 10780.0, "y": 6136.0}, {"i": 311, "x": 10798.0, "y": 6210.0}, {"i": 312, "x": 10800.0, "y": 6210.0}, {"i": 313, "x": 10806.0, "y": 6056.0}, {"i": 314, "x": 10808.0, "y": 6042.0}, {"i": 315, "x": 10812.0, "y": 6330.0}, {"i": 316, "x": 10826.0, "y": 3554.0}, {"i": 317, "x": 10828.0, "y": 6078.0}, {"i": 318, "x": 10830.0, "y": 5894.0}, {"i": 319, "x": 10832.0, "y": 6494.0}, {"i": 320, "x": 10844.0, "y": 2736.0}, {"i": 321, "x": 10850.0, "y": 6154.0}, {"i": 322, "x": 10862.0, "y": 6180.0}, {"i": 323, "x": 10870.0, "y": 6020.0}, {"i": 324, "x": 10912.0, "y": 6050.0}, {"i": 325, "x": 10918.0, "y": 6052.0}, {"i": 326, "x": 10934.0, "y": 3838.0}, {"i": 327, "x": 10938.0, "y": 6130.0}, {"i": 328, "x": 10996.0, "y": 4498.0}, {"i": 329, "x": 11124.0, "y": 6022.0}, {"i": 330, "x": 11130.0, "y": 3644.0}, {"i": 331, "x": 11154.0, "y": 5410.0}, {"i": 332, "x": 11176.0, "y": 2972.0}, {"i": 333, "x": 11176.0, "y": 3612.0}, {"i": 334, "x": 11184.0, "y": 3964.0}, {"i": 335, "x": 11184.0, "y": 4346.0}, {"i": 336, "x": 11194.0, "y": 4730.0}, {"i": 337, "x": 11212.0, "y": 4480.0}, {"i": 338, "x": 11256.0, "y": 5550.0}, {"i": 339, "x": 11288.0, "y": 4660.0}, {"i": 340, "x": 11292.0, "y": 5508.0}, {"i": 341, "x": 11296.0, "y": 6076.0}, {"i": 342, "x": 11322.0, "y": 2676.0}, {"i": 343, "x": 11346.0, "y": 5484.0}, {"i": 344, "x": 11362.0, "y": 4958.0}, {"i": 345, "x": 11366.0, "y": 4202.0}, {"i": 346, "x": 11396.0, "y": 5560.0}, {"i": 347, "x": 11416.0, "y": 3388.0}, {"i": 348, "x": 11416.0, "y": 4412.0}, {"i": 349, "x": 11420.0, "y": 6418.0}, {"i": 350, "x": 11426.0, "y": 4962.0}, {"i": 351, "x": 11430.0, "y": 4986.0}, {"i": 352, "x": 11450.0, "y": 3456.0}, {"i": 353, "x": 11452.0, "y": 2616.0}, {"i": 354, "x": 11458.0, "y": 5166.0}, {"i": 355, "x": 11466.0, "y": 2954.0}, {"i": 356, "x": 11466.0, "y": 3706.0}, {"i": 357, "x": 11468.0, "y": 4278.0}, {"i": 358, "x": 11472.0, "y": 3276.0}, {"i": 359, "x": 11474.0, "y": 6234.0}, {"i": 360, "x": 11482.0, "y": 5194.0}, {"i": 361, "x": 11504.0, "y": 5206.0}, {"i": 362, "x": 11530.0, "y": 6458.0}, {"i": 363, "x": 11534.0, "y": 5004.0}, {"i": 364, "x": 11536.0, "y": 5592.0}, {"i": 365, "x": 11558.0, "y": 4398.0}, {"i": 366, "x": 11564.0, "y": 5446.0}, {"i": 367, "x": 11576.0, "y": 2936.0}, {"i": 368, "x": 11578.0, "y": 5354.0}, {"i": 369, "x": 11596.0, "y": 4470.0}, {"i": 370, "x": 11648.0, "y": 5868.0}, {"i": 371, "x": 11670.0, "y": 5956.0}, {"i": 372, "x": 11680.0, "y": 4320.0}, {"i": 373, "x": 11714.0, "y": 3666.0}, {"i": 374, "x": 11716.0, "y": 3666.0}, {"i": 375, "x": 11740.0, "y": 5948.0}, {"i": 376, "x": 11742.0, "y": 5482.0}, {"i": 377, "x": 11796.0, "y": 5234.0}, {"i": 378, "x": 11822.0, "y": 3606.0}, {"i": 379, "x": 11844.0, "y": 5420.0}, {"i": 380, "x": 11864.0, "y": 5410.0}, {"i": 381, "x": 11878.0, "y": 4472.0}, {"i": 382, "x": 11884.0, "y": 6216.0}, {"i": 383, "x": 11886.0, "y": 5198.0}, {"i": 384, "x": 11888.0, "y": 6372.0}, {"i": 385, "x": 11894.0, "y": 4212.0}, {"i": 386, "x": 11926.0, "y": 6246.0}, {"i": 387, "x": 11928.0, "y": 2714.0}, {"i": 388, "x": 11930.0, "y": 6638.0}, {"i": 389, "x": 11934.0, "y": 5452.0}, {"i": 390, "x": 11944.0, "y": 6454.0}, {"i": 391, "x": 12000.0, "y": 3698.0}, {"i": 392, "x": 12004.0, "y": 3588.0}, {"i": 393, "x": 12016.0, "y": 6622.0}, {"i": 394, "x": 12050.0, "y": 5144.0}, {"i": 395, "x": 12054.0, "y": 3298.0}, {"i": 396, "x": 12058.0, "y": 3366.0}, {"i": 397, "x": 12062.0, "y": 3826.0}, {"i": 398, "x": 12076.0, "y": 5246.0}, {"i": 399, "x": 12088.0, "y": 3790.0}, {"i": 400, "x": 12104.0, "y": 6042.0}, {"i": 401, "x": 12142.0, "y": 6076.0}, {"i": 402, "x": 12180.0, "y": 3334.0}, {"i": 403, "x": 12186.0, "y": 6340.0}, {"i": 404, "x": 12220.0, "y": 3930.0}, {"i": 405, "x": 12246.0, "y": 3400.0}, {"i": 406, "x": 12250.0, "y": 3414.0}, {"i": 407, "x": 12276.0, "y": 4440.0}, {"i": 408, "x": 12332.0, "y": 5486.0}, {"i": 409, "x": 12334.0, "y": 2692.0}, {"i": 410, "x": 12342.0, "y": 5586.0}, {"i": 411, "x": 12396.0, "y": 1980.0}, {"i": 412, "x": 12408.0, "y": 1878.0}, {"i": 413, "x": 12410.0, "y": 5276.0}, {"i": 414, "x": 12412.0, "y": 4654.0}, {"i": 415, "x": 12440.0, "y": 2242.0}, {"i": 416, "x": 12452.0, "y": 5792.0}, {"i": 417, "x": 12454.0, "y": 2126.0}, {"i": 418, "x": 12460.0, "y": 5050.0}, {"i": 419, "x": 12484.0, "y": 2488.0}, {"i": 420, "x": 12490.0, "y": 3098.0}, {"i": 421, "x": 12502.0, "y": 4468.0}, {"i": 422, "x": 12504.0, "y": 5814.0}, {"i": 423, "x": 12554.0, "y": 5956.0}, {"i": 424, "x": 12562.0, "y": 5994.0}, {"i": 425, "x": 12576.0, "y": 1952.0}, {"i": 426, "x": 12592.0, "y": 1678.0}, {"i": 427, "x": 12592.0, "y": 5882.0}, {"i": 428, "x": 12594.0, "y": 2488.0}, {"i": 429, "x": 12596.0, "y": 2598.0}, {"i": 430, "x": 12598.0, "y": 3542.0}, {"i": 431, "x": 12610.0, "y": 4044.0}, {"i": 432, "x": 12624.0, "y": 4150.0}, {"i": 433, "x": 12632.0, "y": 2126.0}, {"i": 434, "x": 12642.0, "y": 5798.0}, {"i": 435, "x": 12646.0, "y": 3204.0}, {"i": 436, "x": 12648.0, "y": 1566.0}, {"i": 437, "x": 12656.0, "y": 6020.0}, {"i": 438, "x": 12664.0, "y": 2636.0}, {"i": 439, "x": 12666.0, "y": 1492.0}, {"i": 440, "x": 12694.0, "y": 2600.0}, {"i": 441, "x": 12696.0, "y": 2212.0}, {"i": 442, "x": 12712.0, "y": 5786.0}, {"i": 443, "x": 12716.0, "y": 5056.0}, {"i": 444, "x": 12724.0, "y": 2488.0}, {"i": 445, "x": 12754.0, "y": 5716.0}, {"i": 446, "x": 12760.0, "y": 3820.0}, {"i": 447, "x": 12762.0, "y": 2142.0}, {"i": 448, "x": 12788.0, "y": 2504.0}, {"i": 449, "x": 12806.0, "y": 6456.0}, {"i": 450, "x": 12812.0, "y": 3802.0}, {"i": 451, "x": 12856.0, "y": 4084.0}, {"i": 452, "x": 12858.0, "y": 6454.0}, {"i": 453, "x": 12866.0, "y": 5854.0}, {"i": 454, "x": 12900.0, "y": 3180.0}, {"i": 455, "x": 12914.0, "y": 3250.0}, {"i": 456, "x": 12914.0, "y": 5922.0}, {"i": 457, "x": 12938.0, "y": 2118.0}, {"i": 458, "x": 12982.0, "y": 4110.0}, {"i": 459, "x": 12994.0, "y": 5566.0}, {"i": 460, "x": 13000.0, "y": 4392.0}, {"i": 461, "x": 13016.0, "y": 4234.0}, {"i": 462, "x": 13020.0, "y": 5776.0}, {"i": 463, "x": 13020.0, "y": 5846.0}, {"i": 464, "x": 13032.0, "y": 3524.0}, {"i": 465, "x": 13056.0, "y": 1220.0}, {"i": 466, "x": 13088.0, "y": 1352.0}, {"i": 467, "x": 13092.0, "y": 1760.0}, {"i": 468, "x": 13134.0, "y": 4348.0}, {"i": 469, "x": 13148.0, "y": 5380.0}, {"i": 470, "x": 13158.0, "y": 1298.0}, {"i": 471, "x": 13160.0, "y": 5768.0}, {"i": 472, "x": 13162.0, "y": 5526.0}, {"i": 473, "x": 13164.0, "y": 1414.0}, {"i": 474, "x": 13180.0, "y": 1494.0}, {"i": 475, "x": 13190.0, "y": 4344.0}, {"i": 476, "x": 13204.0, "y": 5586.0}, {"i": 477, "x": 13210.0, "y": 5810.0}, {"i": 478, "x": 13228.0, "y": 6626.0}, {"i": 479, "x": 13230.0, "y": 5550.0}, {"i": 480, "x": 13244.0, "y": 5236.0}, {"i": 481, "x": 13258.0, "y": 6696.0}, {"i": 482, "x": 13266.0, "y": 3432.0}, {"i": 483, "x": 13268.0, "y": 5732.0}, {"i": 484, "x": 13286.0, "y": 4812.0}, {"i": 485, "x": 13288.0, "y": 4514.0}, {"i": 486, "x": 13300.0, "y": 254.0}, {"i": 487, "x": 13338.0, "y": 6648.0}, {"i": 488, "x": 13370.0, "y": 5678.0}, {"i": 489, "x": 13396.0, "y": 6714.0}, {"i": 490, "x": 13400.0, "y": 4166.0}, {"i": 491, "x": 13402.0, "y": 4780.0}, {"i": 492, "x": 13442.0, "y": 6694.0}, {"i": 493, "x": 13444.0, "y": 4198.0}, {"i": 494, "x": 13462.0, "y": 4212.0}, {"i": 495, "x": 13474.0, "y": 6346.0}, {"i": 496, "x": 13478.0, "y": 8014.0}, {"i": 497, "x": 13486.0, "y": 6718.0}, {"i": 498, "x": 13498.0, "y": 4348.0}, {"i": 499, "x": 13506.0, "y": 4062.0}, {"i": 500, "x": 13508.0, "y": 6356.0}, {"i": 501, "x": 13520.0, "y": 4764.0}, {"i": 502, "x": 13532.0, "y": 4024.0}, {"i": 503, "x": 13546.0, "y": 3668.0}, {"i": 504, "x": 13546.0, "y": 6380.0}, {"i": 505, "x": 13570.0, "y": 3698.0}, {"i": 506, "x": 13600.0, "y": 4292.0}, {"i": 507, "x": 13648.0, "y": 4066.0}, {"i": 508, "x": 13662.0, "y": 6100.0}, {"i": 509, "x": 13700.0, "y": 4382.0}, {"i": 510, "x": 13820.0, "y": 4286.0}, {"i": 511, "x": 13868.0, "y": 3846.0}, {"i": 512, "x": 13892.0, "y": 5538.0}, {"i": 513, "x": 13932.0, "y": 4242.0}, {"i": 514, "x": 13958.0, "y": 4308.0}, {"i": 515, "x": 13966.0, "y": 5194.0}, {"i": 516, "x": 13970.0, "y": 6812.0}, {"i": 517, "x": 13972.0, "y": 6464.0}, {"i": 518, "x": 13986.0, "y": 3936.0}, {"i": 519, "x": 13988.0, "y": 5116.0}, {"i": 520, "x": 13994.0, "y": 6478.0}, {"i": 521, "x": 14024.0, "y": 4224.0}, {"i": 522, "x": 14032.0, "y": 5096.0}, {"i": 523, "x": 14058.0, "y": 4288.0}, {"i": 524, "x": 14172.0, "y": 5164.0}, {"i": 525, "x": 14184.0, "y": 5586.0}, {"i": 526, "x": 14200.0, "y": 5672.0}, {"i": 527, "x": 14204.0, "y": 4750.0}, {"i": 528, "x": 14236.0, "y": 5596.0}, {"i": 529, "x": 14252.0, "y": 6292.0}, {"i": 530, "x": 14256.0, "y": 5310.0}, {"i": 531, "x": 14276.0, "y": 5640.0}, {"i": 532, "x": 14284.0, "y": 7188.0}, {"i": 533, "x": 14338.0, "y": 4634.0}, {"i": 534, "x": 14350.0, "y": 5904.0}, {"i": 535, "x": 14404.0, "y": 6198.0}, {"i": 536, "x": 14416.0, "y": 5902.0}, {"i": 537, "x": 14452.0, "y": 5840.0}, {"i": 538, "x": 14454.0, "y": 5958.0}, {"i": 539, "x": 14472.0, "y": 5496.0}, {"i": 540, "x": 14484.0, "y": 5422.0}, {"i": 541, "x": 14488.0, "y": 7162.0}, {"i": 542, "x": 14492.0, "y": 5042.0}, {"i": 543, "x": 14522.0, "y": 5094.0}, {"i": 544, "x": 14522.0, "y": 7154.0}, {"i": 545, "x": 14528.0, "y": 5406.0}, {"i": 546, "x": 14530.0, "y": 5088.0}, {"i": 547, "x": 14534.0, "y": 5694.0}, {"i": 548, "x": 14540.0, "y": 5060.0}, {"i": 549, "x": 14548.0, "y": 6474.0}, {"i": 550, "x": 14564.0, "y": 5246.0}, {"i": 551, "x": 14584.0, "y": 5208.0}, {"i": 552, "x": 14614.0, "y": 5574.0}, {"i": 553, "x": 14624.0, "y": 5590.0}, {"i": 554, "x": 14716.0, "y": 5648.0}, {"i": 555, "x": 14718.0, "y": 5504.0}, {"i": 556, "x": 14734.0, "y": 6468.0}, {"i": 557, "x": 14742.0, "y": 7036.0}, {"i": 558, "x": 14776.0, "y": 5508.0}, {"i": 559, "x": 14776.0, "y": 5616.0}, {"i": 560, "x": 14806.0, "y": 5672.0}, {"i": 561, "x": 14806.0, "y": 5766.0}, {"i": 562, "x": 14818.0, "y": 5636.0}, {"i": 563, "x": 14832.0, "y": 5370.0}, {"i": 564, "x": 14838.0, "y": 5704.0}, {"i": 565, "x": 14854.0, "y": 5914.0}, {"i": 566, "x": 14914.0, "y": 7366.0}, {"i": 567, "x": 14924.0, "y": 5686.0}, {"i": 568, "x": 14930.0, "y": 5708.0}, {"i": 569, "x": 14930.0, "y": 7136.0}, {"i": 570, "x": 14962.0, "y": 5574.0}, {"i": 571, "x": 14966.0, "y": 7144.0}, {"i": 572, "x": 14992.0, "y": 5922.0}, {"i": 573, "x": 15014.0, "y": 6404.0}, {"i": 574, "x": 15064.0, "y": 7120.0}, {"i": 575, "x": 15080.0, "y": 5912.0}, {"i": 576, "x": 15198.0, "y": 7332.0}, {"i": 577, "x": 15204.0, "y": 5802.0}, {"i": 578, "x": 15212.0, "y": 7218.0}, {"i": 579, "x": 15216.0, "y": 5814.0}, {"i": 580, "x": 15216.0, "y": 7354.0}, {"i": 581, "x": 15294.0, "y": 7418.0}, {"i": 582, "x": 15362.0, "y": 7788.0}, {"i": 583, "x": 15376.0, "y": 7204.0}, {"i": 584, "x": 15412.0, "y": 6282.0}, {"i": 585, "x": 15454.0, "y": 6816.0}, {"i": 586, "x": 15600.0, "y": 8050.0}, {"i": 587, "x": 15626.0, "y": 7576.0}, {"i": 588, "x": 15704.0, "y": 6594.0}, {"i": 589, "x": 15712.0, "y": 6034.0}, {"i": 590, "x": 15748.0, "y": 6188.0}, {"i": 591, "x": 15756.0, "y": 6518.0}, {"i": 592, "x": 15770.0, "y": 6096.0}, {"i": 593, "x": 15790.0, "y": 6422.0}, {"i": 594, "x": 15812.0, "y": 7090.0}, {"i": 595, "x": 15846.0, "y": 8054.0}, {"i": 596, "x": 15928.0, "y": 6422.0}, {"i": 597, "x": 16110.0, "y": 6700.0}, {"i": 598, "x": 16890.0, "y": 7668.0}, {"i": 599, "x": 16958.0, "y": 8198.0}], "type": "Instance", "name": "us-night-0000600", "meta": {"comment": "HIP even point set instance (600 points) sampled from image ", "faces_in_delaunay": 1181}}