{"points": [{"i": 0, "x": 282.0, "y": 6698.0}, {"i": 1, "x": 590.0, "y": 7980.0}, {"i": 2, "x": 624.0, "y": 4740.0}, {"i": 3, "x": 1324.0, "y": 4564.0}, {"i": 4, "x": 1468.0, "y": 4428.0}, {"i": 5, "x": 1892.0, "y": 4232.0}, {"i": 6, "x": 2338.0, "y": 3634.0}, {"i": 7, "x": 2886.0, "y": 8022.0}, {"i": 8, "x": 3494.0, "y": 6518.0}, {"i": 9, "x": 3572.0, "y": 5708.0}, {"i": 10, "x": 3588.0, "y": 5770.0}, {"i": 11, "x": 3946.0, "y": 9296.0}, {"i": 12, "x": 4284.0, "y": 3446.0}, {"i": 13, "x": 4450.0, "y": 1530.0}, {"i": 14, "x": 4690.0, "y": 5520.0}, {"i": 15, "x": 5228.0, "y": 4122.0}, {"i": 16, "x": 5276.0, "y": 3136.0}, {"i": 17, "x": 5352.0, "y": 3064.0}, {"i": 18, "x": 5620.0, "y": 6684.0}, {"i": 19, "x": 5646.0, "y": 1908.0}, {"i": 20, "x": 5676.0, "y": 5520.0}, {"i": 21, "x": 5716.0, "y": 5660.0}, {"i": 22, "x": 5742.0, "y": 5432.0}, {"i": 23, "x": 6184.0, "y": 1264.0}, {"i": 24, "x": 6518.0, "y": 8492.0}, {"i": 25, "x": 6898.0, "y": 4956.0}, {"i": 26, "x": 7278.0, "y": 458.0}, {"i": 27, "x": 7340.0, "y": 3600.0}, {"i": 28, "x": 7698.0, "y": 5844.0}, {"i": 29, "x": 7900.0, "y": 4160.0}, {"i": 30, "x": 7978.0, "y": 4148.0}, {"i": 31, "x": 7984.0, "y": 1918.0}, {"i": 32, "x": 8620.0, "y": 2510.0}, {"i": 33, "x": 8724.0, "y": 2502.0}, {"i": 34, "x": 8820.0, "y": 5444.0}, {"i": 35, "x": 8942.0, "y": 5126.0}, {"i": 36, "x": 9076.0, "y": 3270.0}, {"i": 37, "x": 9194.0, "y": 7068.0}, {"i": 38, "x": 9396.0, "y": 3148.0}, {"i": 39, "x": 9438.0, "y": 4002.0}, {"i": 40, "x": 9482.0, "y": 6322.0}, {"i": 41, "x": 9590.0, "y": 2628.0}, {"i": 42, "x": 9598.0, "y": 2546.0}, {"i": 43, "x": 9734.0, "y": 5854.0}, {"i": 44, "x": 9778.0, "y": 6474.0}, {"i": 45, "x": 9900.0, "y": 2896.0}, {"i": 46, "x": 10006.0, "y": 3586.0}, {"i": 47, "x": 10204.0, "y": 4530.0}, {"i": 48, "x": 10618.0, "y": 6890.0}, {"i": 49, "x": 10642.0, "y": 5294.0}, {"i": 50, "x": 10702.0, "y": 3592.0}, {"i": 51, "x": 10726.0, "y": 2680.0}, {"i": 52, "x": 10750.0, "y": 6512.0}, {"i": 53, "x": 10778.0, "y": 6938.0}, {"i": 54, "x": 10834.0, "y": 2878.0}, {"i": 55, "x": 10910.0, "y": 4948.0}, {"i": 56, "x": 10972.0, "y": 4714.0}, {"i": 57, "x": 10992.0, "y": 2712.0}, {"i": 58, "x": 11290.0, "y": 4342.0}, {"i": 59, "x": 11306.0, "y": 3582.0}, {"i": 60, "x": 11306.0, "y": 4294.0}, {"i": 61, "x": 11378.0, "y": 4654.0}, {"i": 62, "x": 11500.0, "y": 6462.0}, {"i": 63, "x": 12086.0, "y": 286.0}, {"i": 64, "x": 12134.0, "y": 6050.0}, {"i": 65, "x": 12142.0, "y": 6044.0}, {"i": 66, "x": 12154.0, "y": 6408.0}, {"i": 67, "x": 12194.0, "y": 4824.0}, {"i": 68, "x": 12222.0, "y": 2922.0}, {"i": 69, "x": 12426.0, "y": 5554.0}, {"i": 70, "x": 12484.0, "y": 2478.0}, {"i": 71, "x": 12548.0, "y": 1916.0}, {"i": 72, "x": 12594.0, "y": 1956.0}, {"i": 73, "x": 12618.0, "y": 4024.0}, {"i": 74, "x": 12674.0, "y": 5046.0}, {"i": 75, "x": 12768.0, "y": 2018.0}, {"i": 76, "x": 12794.0, "y": 2504.0}, {"i": 77, "x": 12856.0, "y": 4100.0}, {"i": 78, "x": 13012.0, "y": 1984.0}, {"i": 79, "x": 13014.0, "y": 4106.0}, {"i": 80, "x": 13018.0, "y": 5234.0}, {"i": 81, "x": 13138.0, "y": 6888.0}, {"i": 82, "x": 13150.0, "y": 3468.0}, {"i": 83, "x": 13164.0, "y": 1620.0}, {"i": 84, "x": 13472.0, "y": 4098.0}, {"i": 85, "x": 13478.0, "y": 3900.0}, {"i": 86, "x": 13646.0, "y": 4274.0}, {"i": 87, "x": 13854.0, "y": 5804.0}, {"i": 88, "x": 13976.0, "y": 4810.0}, {"i": 89, "x": 14040.0, "y": 5266.0}, {"i": 90, "x": 14114.0, "y": 5270.0}, {"i": 91, "x": 14180.0, "y": 5622.0}, {"i": 92, "x": 14304.0, "y": 5664.0}, {"i": 93, "x": 14386.0, "y": 6482.0}, {"i": 94, "x": 14506.0, "y": 5702.0}, {"i": 95, "x": 14640.0, "y": 6538.0}, {"i": 96, "x": 14714.0, "y": 6346.0}, {"i": 97, "x": 14948.0, "y": 6016.0}, {"i": 98, "x": 15004.0, "y": 5642.0}, {"i": 99, "x": 15164.0, "y": 5830.0}], "type": "Instance", "name": "us-night-0000100", "meta": {"comment": "HIP even point set instance (100 points) sampled from image ", "faces_in_delaunay": 188}}