{"points": [{"i": 0, "x": 1776.0, "y": 3734.0}, {"i": 1, "x": 3872.0, "y": 3272.0}, {"i": 2, "x": 3976.0, "y": 8544.0}, {"i": 3, "x": 7970.0, "y": 4148.0}, {"i": 4, "x": 8008.0, "y": 2292.0}, {"i": 5, "x": 8766.0, "y": 6626.0}, {"i": 6, "x": 9072.0, "y": 2606.0}, {"i": 7, "x": 10190.0, "y": 2558.0}, {"i": 8, "x": 10312.0, "y": 2746.0}, {"i": 9, "x": 10688.0, "y": 3598.0}, {"i": 10, "x": 10764.0, "y": 6524.0}, {"i": 11, "x": 11094.0, "y": 2760.0}, {"i": 12, "x": 11214.0, "y": 3330.0}, {"i": 13, "x": 11346.0, "y": 5454.0}, {"i": 14, "x": 11462.0, "y": 4136.0}, {"i": 15, "x": 12164.0, "y": 6092.0}, {"i": 16, "x": 12520.0, "y": 3220.0}, {"i": 17, "x": 12672.0, "y": 2646.0}, {"i": 18, "x": 14338.0, "y": 6968.0}, {"i": 19, "x": 15046.0, "y": 5866.0}], "type": "Instance", "name": "us-night-0000020", "meta": {"comment": "HIP even point set instance (20 points) sampled from image ", "faces_in_delaunay": 32}}