{"points": [{"i": 0, "x": 364.0, "y": 8286.0}, {"i": 1, "x": 3624.0, "y": 3660.0}, {"i": 2, "x": 3708.0, "y": 3432.0}, {"i": 3, "x": 3854.0, "y": 6368.0}, {"i": 4, "x": 3924.0, "y": 3234.0}, {"i": 5, "x": 5278.0, "y": 3132.0}, {"i": 6, "x": 6260.0, "y": 1326.0}, {"i": 7, "x": 6296.0, "y": 8354.0}, {"i": 8, "x": 6934.0, "y": 7610.0}, {"i": 9, "x": 8012.0, "y": 3356.0}, {"i": 10, "x": 8022.0, "y": 3382.0}, {"i": 11, "x": 8058.0, "y": 3542.0}, {"i": 12, "x": 8076.0, "y": 3516.0}, {"i": 13, "x": 8102.0, "y": 3468.0}, {"i": 14, "x": 8326.0, "y": 2956.0}, {"i": 15, "x": 8432.0, "y": 7332.0}, {"i": 16, "x": 8614.0, "y": 3140.0}, {"i": 17, "x": 8632.0, "y": 3252.0}, {"i": 18, "x": 8664.0, "y": 2658.0}, {"i": 19, "x": 9180.0, "y": 3214.0}, {"i": 20, "x": 9516.0, "y": 6290.0}, {"i": 21, "x": 9560.0, "y": 3066.0}, {"i": 22, "x": 9954.0, "y": 5174.0}, {"i": 23, "x": 10410.0, "y": 5946.0}, {"i": 24, "x": 10488.0, "y": 6298.0}, {"i": 25, "x": 10624.0, "y": 4038.0}, {"i": 26, "x": 10676.0, "y": 5786.0}, {"i": 27, "x": 11556.0, "y": 5038.0}, {"i": 28, "x": 11942.0, "y": 4282.0}, {"i": 29, "x": 12052.0, "y": 3654.0}, {"i": 30, "x": 12626.0, "y": 5516.0}, {"i": 31, "x": 13002.0, "y": 5878.0}, {"i": 32, "x": 13058.0, "y": 1792.0}, {"i": 33, "x": 13130.0, "y": 5726.0}, {"i": 34, "x": 13546.0, "y": 6436.0}, {"i": 35, "x": 13632.0, "y": 6396.0}, {"i": 36, "x": 14240.0, "y": 5298.0}, {"i": 37, "x": 14364.0, "y": 5776.0}, {"i": 38, "x": 14532.0, "y": 6404.0}, {"i": 39, "x": 14624.0, "y": 5668.0}, {"i": 40, "x": 14866.0, "y": 5698.0}, {"i": 41, "x": 14986.0, "y": 5744.0}, {"i": 42, "x": 15372.0, "y": 6168.0}, {"i": 43, "x": 16298.0, "y": 7042.0}, {"i": 44, "x": 16452.0, "y": 7902.0}], "type": "Instance", "name": "us-night-0000045", "meta": {"comment": "HIP even point set instance (45 points) sampled from image ", "faces_in_delaunay": 80}}