{"points": [{"i": 0, "x": 1410.0, "y": 4292.0}, {"i": 1, "x": 2518.0, "y": 8918.0}, {"i": 2, "x": 3114.0, "y": 8740.0}, {"i": 3, "x": 5884.0, "y": 3408.0}, {"i": 4, "x": 6174.0, "y": 8028.0}, {"i": 5, "x": 8374.0, "y": 6498.0}, {"i": 6, "x": 8492.0, "y": 2504.0}, {"i": 7, "x": 8956.0, "y": 4498.0}, {"i": 8, "x": 9854.0, "y": 2638.0}, {"i": 9, "x": 10192.0, "y": 5228.0}, {"i": 10, "x": 10220.0, "y": 2520.0}, {"i": 11, "x": 10300.0, "y": 7010.0}, {"i": 12, "x": 10410.0, "y": 6502.0}, {"i": 13, "x": 11112.0, "y": 4374.0}, {"i": 14, "x": 11222.0, "y": 5304.0}, {"i": 15, "x": 11566.0, "y": 6828.0}, {"i": 16, "x": 11704.0, "y": 5902.0}, {"i": 17, "x": 11818.0, "y": 3776.0}, {"i": 18, "x": 12214.0, "y": 6000.0}, {"i": 19, "x": 12728.0, "y": 2096.0}, {"i": 20, "x": 13162.0, "y": 1646.0}, {"i": 21, "x": 14026.0, "y": 4812.0}, {"i": 22, "x": 14090.0, "y": 5928.0}, {"i": 23, "x": 14192.0, "y": 5054.0}, {"i": 24, "x": 14952.0, "y": 7086.0}, {"i": 25, "x": 15378.0, "y": 6002.0}, {"i": 26, "x": 15388.0, "y": 5808.0}, {"i": 27, "x": 15482.0, "y": 7474.0}, {"i": 28, "x": 15752.0, "y": 6470.0}, {"i": 29, "x": 15754.0, "y": 6458.0}], "type": "Instance", "name": "us-night-0000030", "meta": {"comment": "HIP even point set instance (30 points) sampled from image ", "faces_in_delaunay": 51}}