{"points": [{"i": 0, "x": 324.0, "y": 7584.0}, {"i": 1, "x": 626.0, "y": 4786.0}, {"i": 2, "x": 970.0, "y": 4610.0}, {"i": 3, "x": 1054.0, "y": 4762.0}, {"i": 4, "x": 1440.0, "y": 4448.0}, {"i": 5, "x": 2026.0, "y": 3414.0}, {"i": 6, "x": 2812.0, "y": 9102.0}, {"i": 7, "x": 3520.0, "y": 5932.0}, {"i": 8, "x": 4956.0, "y": 1000.0}, {"i": 9, "x": 6672.0, "y": 3644.0}, {"i": 10, "x": 8308.0, "y": 3332.0}, {"i": 11, "x": 8462.0, "y": 4406.0}, {"i": 12, "x": 8744.0, "y": 7348.0}, {"i": 13, "x": 8886.0, "y": 5256.0}, {"i": 14, "x": 9104.0, "y": 6034.0}, {"i": 15, "x": 9156.0, "y": 6024.0}, {"i": 16, "x": 9608.0, "y": 4656.0}, {"i": 17, "x": 9704.0, "y": 6088.0}, {"i": 18, "x": 10116.0, "y": 5054.0}, {"i": 19, "x": 10674.0, "y": 4252.0}, {"i": 20, "x": 10688.0, "y": 5618.0}, {"i": 21, "x": 10818.0, "y": 6052.0}, {"i": 22, "x": 10864.0, "y": 6024.0}, {"i": 23, "x": 10948.0, "y": 4562.0}, {"i": 24, "x": 11162.0, "y": 4194.0}, {"i": 25, "x": 11188.0, "y": 4532.0}, {"i": 26, "x": 11288.0, "y": 3298.0}, {"i": 27, "x": 11320.0, "y": 3070.0}, {"i": 28, "x": 11376.0, "y": 3332.0}, {"i": 29, "x": 11408.0, "y": 6058.0}, {"i": 30, "x": 11428.0, "y": 5560.0}, {"i": 31, "x": 11702.0, "y": 3334.0}, {"i": 32, "x": 11770.0, "y": 3492.0}, {"i": 33, "x": 11950.0, "y": 3760.0}, {"i": 34, "x": 11964.0, "y": 3006.0}, {"i": 35, "x": 11988.0, "y": 5472.0}, {"i": 36, "x": 12084.0, "y": 6250.0}, {"i": 37, "x": 12136.0, "y": 4360.0}, {"i": 38, "x": 12306.0, "y": 3324.0}, {"i": 39, "x": 12346.0, "y": 5188.0}, {"i": 40, "x": 12398.0, "y": 2588.0}, {"i": 41, "x": 12484.0, "y": 1856.0}, {"i": 42, "x": 12484.0, "y": 5074.0}, {"i": 43, "x": 12604.0, "y": 4098.0}, {"i": 44, "x": 12654.0, "y": 1984.0}, {"i": 45, "x": 12750.0, "y": 4096.0}, {"i": 46, "x": 12750.0, "y": 4920.0}, {"i": 47, "x": 12798.0, "y": 5820.0}, {"i": 48, "x": 12954.0, "y": 5856.0}, {"i": 49, "x": 12970.0, "y": 6424.0}, {"i": 50, "x": 12980.0, "y": 4126.0}, {"i": 51, "x": 13034.0, "y": 4336.0}, {"i": 52, "x": 13078.0, "y": 5422.0}, {"i": 53, "x": 13112.0, "y": 5692.0}, {"i": 54, "x": 13140.0, "y": 1304.0}, {"i": 55, "x": 13228.0, "y": 4496.0}, {"i": 56, "x": 13568.0, "y": 6464.0}, {"i": 57, "x": 13602.0, "y": 3936.0}, {"i": 58, "x": 13762.0, "y": 5612.0}, {"i": 59, "x": 13818.0, "y": 4308.0}, {"i": 60, "x": 13828.0, "y": 5806.0}, {"i": 61, "x": 13972.0, "y": 6530.0}, {"i": 62, "x": 14110.0, "y": 4362.0}, {"i": 63, "x": 14166.0, "y": 5196.0}, {"i": 64, "x": 14216.0, "y": 5294.0}, {"i": 65, "x": 14262.0, "y": 6596.0}, {"i": 66, "x": 14382.0, "y": 5594.0}, {"i": 67, "x": 14536.0, "y": 7190.0}, {"i": 68, "x": 14810.0, "y": 5574.0}, {"i": 69, "x": 14946.0, "y": 5750.0}, {"i": 70, "x": 14972.0, "y": 5534.0}, {"i": 71, "x": 15058.0, "y": 5874.0}, {"i": 72, "x": 15136.0, "y": 7166.0}, {"i": 73, "x": 15668.0, "y": 8132.0}, {"i": 74, "x": 15738.0, "y": 6184.0}, {"i": 75, "x": 15802.0, "y": 6240.0}, {"i": 76, "x": 15942.0, "y": 6452.0}, {"i": 77, "x": 16036.0, "y": 6926.0}, {"i": 78, "x": 16336.0, "y": 7908.0}, {"i": 79, "x": 16894.0, "y": 8122.0}], "type": "Instance", "name": "us-night-0000080", "meta": {"comment": "HIP even point set instance (80 points) sampled from image ", "faces_in_delaunay": 151}}