{"points": [{"i": 0, "x": 408.0, "y": 5032.0}, {"i": 1, "x": 530.0, "y": 7782.0}, {"i": 2, "x": 546.0, "y": 5284.0}, {"i": 3, "x": 1408.0, "y": 4448.0}, {"i": 4, "x": 1408.0, "y": 4500.0}, {"i": 5, "x": 1912.0, "y": 3748.0}, {"i": 6, "x": 3570.0, "y": 3640.0}, {"i": 7, "x": 3996.0, "y": 8552.0}, {"i": 8, "x": 4340.0, "y": 5696.0}, {"i": 9, "x": 4498.0, "y": 1706.0}, {"i": 10, "x": 5580.0, "y": 290.0}, {"i": 11, "x": 7176.0, "y": 8516.0}, {"i": 12, "x": 7546.0, "y": 2330.0}, {"i": 13, "x": 7920.0, "y": 8366.0}, {"i": 14, "x": 8326.0, "y": 6334.0}, {"i": 15, "x": 8522.0, "y": 5578.0}, {"i": 16, "x": 8538.0, "y": 2232.0}, {"i": 17, "x": 8776.0, "y": 6656.0}, {"i": 18, "x": 8800.0, "y": 2496.0}, {"i": 19, "x": 9278.0, "y": 2536.0}, {"i": 20, "x": 9930.0, "y": 2684.0}, {"i": 21, "x": 10076.0, "y": 5094.0}, {"i": 22, "x": 10096.0, "y": 3612.0}, {"i": 23, "x": 10100.0, "y": 3322.0}, {"i": 24, "x": 10128.0, "y": 6092.0}, {"i": 25, "x": 10528.0, "y": 4264.0}, {"i": 26, "x": 10618.0, "y": 4668.0}, {"i": 27, "x": 10696.0, "y": 6526.0}, {"i": 28, "x": 10702.0, "y": 6242.0}, {"i": 29, "x": 10774.0, "y": 6402.0}, {"i": 30, "x": 10774.0, "y": 6406.0}, {"i": 31, "x": 11172.0, "y": 4026.0}, {"i": 32, "x": 11404.0, "y": 4296.0}, {"i": 33, "x": 11418.0, "y": 4654.0}, {"i": 34, "x": 11604.0, "y": 4694.0}, {"i": 35, "x": 11742.0, "y": 3818.0}, {"i": 36, "x": 12068.0, "y": 6316.0}, {"i": 37, "x": 12124.0, "y": 6270.0}, {"i": 38, "x": 12210.0, "y": 2828.0}, {"i": 39, "x": 12218.0, "y": 6190.0}, {"i": 40, "x": 12606.0, "y": 4840.0}, {"i": 41, "x": 12950.0, "y": 4078.0}, {"i": 42, "x": 14548.0, "y": 5512.0}, {"i": 43, "x": 14780.0, "y": 5318.0}, {"i": 44, "x": 14960.0, "y": 5692.0}, {"i": 45, "x": 15182.0, "y": 7302.0}, {"i": 46, "x": 15358.0, "y": 7186.0}, {"i": 47, "x": 15366.0, "y": 6080.0}, {"i": 48, "x": 15400.0, "y": 5846.0}, {"i": 49, "x": 15422.0, "y": 6152.0}], "type": "Instance", "name": "us-night-0000050", "meta": {"comment": "HIP even point set instance (50 points) sampled from image ", "faces_in_delaunay": 88}}