{"points": [{"i": 0, "x": 300.0, "y": 7034.0}, {"i": 1, "x": 400.0, "y": 7696.0}, {"i": 2, "x": 510.0, "y": 7934.0}, {"i": 3, "x": 806.0, "y": 4992.0}, {"i": 4, "x": 1216.0, "y": 5416.0}, {"i": 5, "x": 1392.0, "y": 4424.0}, {"i": 6, "x": 1424.0, "y": 3822.0}, {"i": 7, "x": 1998.0, "y": 4062.0}, {"i": 8, "x": 2062.0, "y": 5010.0}, {"i": 9, "x": 3952.0, "y": 5440.0}, {"i": 10, "x": 4820.0, "y": 1208.0}, {"i": 11, "x": 6146.0, "y": 8114.0}, {"i": 12, "x": 7218.0, "y": 3012.0}, {"i": 13, "x": 7674.0, "y": 4312.0}, {"i": 14, "x": 7832.0, "y": 4444.0}, {"i": 15, "x": 8006.0, "y": 3486.0}, {"i": 16, "x": 8018.0, "y": 4870.0}, {"i": 17, "x": 8086.0, "y": 7146.0}, {"i": 18, "x": 8184.0, "y": 3186.0}, {"i": 19, "x": 8200.0, "y": 4592.0}, {"i": 20, "x": 8254.0, "y": 3364.0}, {"i": 21, "x": 8332.0, "y": 3462.0}, {"i": 22, "x": 8612.0, "y": 2416.0}, {"i": 23, "x": 8684.0, "y": 4310.0}, {"i": 24, "x": 8790.0, "y": 1640.0}, {"i": 25, "x": 8890.0, "y": 7368.0}, {"i": 26, "x": 8910.0, "y": 5232.0}, {"i": 27, "x": 8942.0, "y": 6992.0}, {"i": 28, "x": 9140.0, "y": 6024.0}, {"i": 29, "x": 9274.0, "y": 4158.0}, {"i": 30, "x": 9434.0, "y": 3952.0}, {"i": 31, "x": 9574.0, "y": 2710.0}, {"i": 32, "x": 9788.0, "y": 4704.0}, {"i": 33, "x": 10514.0, "y": 4864.0}, {"i": 34, "x": 10540.0, "y": 6222.0}, {"i": 35, "x": 10772.0, "y": 6228.0}, {"i": 36, "x": 10864.0, "y": 6206.0}, {"i": 37, "x": 10986.0, "y": 4594.0}, {"i": 38, "x": 11010.0, "y": 3546.0}, {"i": 39, "x": 11040.0, "y": 3432.0}, {"i": 40, "x": 11086.0, "y": 2728.0}, {"i": 41, "x": 11344.0, "y": 5444.0}, {"i": 42, "x": 11504.0, "y": 5390.0}, {"i": 43, "x": 11596.0, "y": 5904.0}, {"i": 44, "x": 11912.0, "y": 4362.0}, {"i": 45, "x": 11934.0, "y": 3610.0}, {"i": 46, "x": 12006.0, "y": 3540.0}, {"i": 47, "x": 12154.0, "y": 6290.0}, {"i": 48, "x": 12170.0, "y": 3434.0}, {"i": 49, "x": 12496.0, "y": 4532.0}, {"i": 50, "x": 12766.0, "y": 4292.0}, {"i": 51, "x": 12774.0, "y": 436.0}, {"i": 52, "x": 12880.0, "y": 4958.0}, {"i": 53, "x": 13026.0, "y": 4082.0}, {"i": 54, "x": 13118.0, "y": 6916.0}, {"i": 55, "x": 13254.0, "y": 6554.0}, {"i": 56, "x": 13356.0, "y": 6664.0}, {"i": 57, "x": 13382.0, "y": 6516.0}, {"i": 58, "x": 13396.0, "y": 6710.0}, {"i": 59, "x": 13814.0, "y": 4260.0}, {"i": 60, "x": 14182.0, "y": 5290.0}, {"i": 61, "x": 14226.0, "y": 6558.0}, {"i": 62, "x": 14878.0, "y": 5778.0}, {"i": 63, "x": 14976.0, "y": 7318.0}, {"i": 64, "x": 15062.0, "y": 6046.0}, {"i": 65, "x": 15078.0, "y": 7188.0}, {"i": 66, "x": 15098.0, "y": 6322.0}, {"i": 67, "x": 15106.0, "y": 6540.0}, {"i": 68, "x": 15652.0, "y": 6588.0}, {"i": 69, "x": 15858.0, "y": 6382.0}], "type": "Instance", "name": "us-night-0000070", "meta": {"comment": "HIP even point set instance (70 points) sampled from image ", "faces_in_delaunay": 128}}