{"points": [{"i": 0, "x": 500.0, "y": 7164.0}, {"i": 1, "x": 540.0, "y": 7846.0}, {"i": 2, "x": 602.0, "y": 4752.0}, {"i": 3, "x": 640.0, "y": 5094.0}, {"i": 4, "x": 682.0, "y": 4868.0}, {"i": 5, "x": 888.0, "y": 6948.0}, {"i": 6, "x": 1380.0, "y": 8572.0}, {"i": 7, "x": 1782.0, "y": 3704.0}, {"i": 8, "x": 1946.0, "y": 7838.0}, {"i": 9, "x": 2302.0, "y": 3666.0}, {"i": 10, "x": 2714.0, "y": 9526.0}, {"i": 11, "x": 3400.0, "y": 7358.0}, {"i": 12, "x": 3400.0, "y": 8536.0}, {"i": 13, "x": 3700.0, "y": 3608.0}, {"i": 14, "x": 4000.0, "y": 4532.0}, {"i": 15, "x": 4008.0, "y": 9502.0}, {"i": 16, "x": 4650.0, "y": 5276.0}, {"i": 17, "x": 5364.0, "y": 3010.0}, {"i": 18, "x": 5882.0, "y": 8710.0}, {"i": 19, "x": 6394.0, "y": 7976.0}, {"i": 20, "x": 6646.0, "y": 3628.0}, {"i": 21, "x": 6658.0, "y": 7724.0}, {"i": 22, "x": 6758.0, "y": 4572.0}, {"i": 23, "x": 7106.0, "y": 6866.0}, {"i": 24, "x": 7494.0, "y": 2082.0}, {"i": 25, "x": 7728.0, "y": 1480.0}, {"i": 26, "x": 7748.0, "y": 5790.0}, {"i": 27, "x": 7822.0, "y": 4158.0}, {"i": 28, "x": 7890.0, "y": 3298.0}, {"i": 29, "x": 8070.0, "y": 2716.0}, {"i": 30, "x": 8242.0, "y": 8512.0}, {"i": 31, "x": 8368.0, "y": 4416.0}, {"i": 32, "x": 8376.0, "y": 3088.0}, {"i": 33, "x": 8438.0, "y": 7910.0}, {"i": 34, "x": 8454.0, "y": 5920.0}, {"i": 35, "x": 8558.0, "y": 4288.0}, {"i": 36, "x": 8710.0, "y": 4568.0}, {"i": 37, "x": 8716.0, "y": 2352.0}, {"i": 38, "x": 8734.0, "y": 3330.0}, {"i": 39, "x": 9134.0, "y": 3280.0}, {"i": 40, "x": 10006.0, "y": 2358.0}, {"i": 41, "x": 10040.0, "y": 5994.0}, {"i": 42, "x": 10060.0, "y": 5196.0}, {"i": 43, "x": 10096.0, "y": 5174.0}, {"i": 44, "x": 10490.0, "y": 6230.0}, {"i": 45, "x": 10848.0, "y": 6020.0}, {"i": 46, "x": 10876.0, "y": 6714.0}, {"i": 47, "x": 10942.0, "y": 6040.0}, {"i": 48, "x": 10956.0, "y": 6940.0}, {"i": 49, "x": 11080.0, "y": 4246.0}, {"i": 50, "x": 11144.0, "y": 3692.0}, {"i": 51, "x": 11228.0, "y": 4468.0}, {"i": 52, "x": 11304.0, "y": 3632.0}, {"i": 53, "x": 11468.0, "y": 5006.0}, {"i": 54, "x": 11606.0, "y": 5032.0}, {"i": 55, "x": 11634.0, "y": 6246.0}, {"i": 56, "x": 11758.0, "y": 5300.0}, {"i": 57, "x": 11796.0, "y": 4192.0}, {"i": 58, "x": 11818.0, "y": 6642.0}, {"i": 59, "x": 11906.0, "y": 6016.0}, {"i": 60, "x": 11934.0, "y": 5732.0}, {"i": 61, "x": 11942.0, "y": 3698.0}, {"i": 62, "x": 11962.0, "y": 5564.0}, {"i": 63, "x": 12066.0, "y": 3714.0}, {"i": 64, "x": 12116.0, "y": 6258.0}, {"i": 65, "x": 12264.0, "y": 6310.0}, {"i": 66, "x": 12276.0, "y": 5572.0}, {"i": 67, "x": 12504.0, "y": 2504.0}, {"i": 68, "x": 12590.0, "y": 3592.0}, {"i": 69, "x": 12636.0, "y": 3904.0}, {"i": 70, "x": 12694.0, "y": 5522.0}, {"i": 71, "x": 12736.0, "y": 5922.0}, {"i": 72, "x": 12740.0, "y": 5952.0}, {"i": 73, "x": 12820.0, "y": 2132.0}, {"i": 74, "x": 12910.0, "y": 4126.0}, {"i": 75, "x": 13002.0, "y": 3842.0}, {"i": 76, "x": 13064.0, "y": 1358.0}, {"i": 77, "x": 13100.0, "y": 5782.0}, {"i": 78, "x": 13132.0, "y": 4398.0}, {"i": 79, "x": 13158.0, "y": 4128.0}, {"i": 80, "x": 13210.0, "y": 3554.0}, {"i": 81, "x": 13324.0, "y": 4388.0}, {"i": 82, "x": 13898.0, "y": 4188.0}, {"i": 83, "x": 14042.0, "y": 5602.0}, {"i": 84, "x": 14510.0, "y": 5340.0}, {"i": 85, "x": 14888.0, "y": 5862.0}, {"i": 86, "x": 15062.0, "y": 7202.0}, {"i": 87, "x": 15118.0, "y": 7298.0}, {"i": 88, "x": 15446.0, "y": 6108.0}, {"i": 89, "x": 15626.0, "y": 7290.0}], "type": "Instance", "name": "us-night-0000090", "meta": {"comment": "HIP even point set instance (90 points) sampled from image ", "faces_in_delaunay": 167}}