{"points": [{"i": 0, "x": 7940.0, "y": 2668.0}, {"i": 1, "x": 9502.0, "y": 5244.0}, {"i": 2, "x": 10670.0, "y": 6094.0}, {"i": 3, "x": 11124.0, "y": 5570.0}, {"i": 4, "x": 11218.0, "y": 4556.0}, {"i": 5, "x": 11232.0, "y": 3326.0}, {"i": 6, "x": 11304.0, "y": 3352.0}, {"i": 7, "x": 11812.0, "y": 2828.0}, {"i": 8, "x": 12482.0, "y": 3992.0}, {"i": 9, "x": 15164.0, "y": 6000.0}], "type": "Instance", "name": "us-night-0000010", "meta": {"comment": "HIP even point set instance (10 points) sampled from image ", "faces_in_delaunay": 13}}