{"points": [{"i": 0, "x": 824.0, "y": 4940.0}, {"i": 1, "x": 2862.0, "y": 8690.0}, {"i": 2, "x": 7570.0, "y": 2130.0}, {"i": 3, "x": 8024.0, "y": 8528.0}, {"i": 4, "x": 8216.0, "y": 5784.0}, {"i": 5, "x": 8366.0, "y": 3882.0}, {"i": 6, "x": 8502.0, "y": 4374.0}, {"i": 7, "x": 8512.0, "y": 3318.0}, {"i": 8, "x": 8700.0, "y": 2632.0}, {"i": 9, "x": 8800.0, "y": 5604.0}, {"i": 10, "x": 8868.0, "y": 5284.0}, {"i": 11, "x": 8988.0, "y": 4476.0}, {"i": 12, "x": 9282.0, "y": 6980.0}, {"i": 13, "x": 9424.0, "y": 3546.0}, {"i": 14, "x": 9456.0, "y": 6760.0}, {"i": 15, "x": 9540.0, "y": 4130.0}, {"i": 16, "x": 10046.0, "y": 2794.0}, {"i": 17, "x": 10096.0, "y": 5126.0}, {"i": 18, "x": 10274.0, "y": 2622.0}, {"i": 19, "x": 10702.0, "y": 5998.0}, {"i": 20, "x": 10736.0, "y": 5996.0}, {"i": 21, "x": 10814.0, "y": 6320.0}, {"i": 22, "x": 11114.0, "y": 5990.0}, {"i": 23, "x": 11124.0, "y": 2692.0}, {"i": 24, "x": 11146.0, "y": 3544.0}, {"i": 25, "x": 11772.0, "y": 3682.0}, {"i": 26, "x": 11800.0, "y": 3550.0}, {"i": 27, "x": 12214.0, "y": 6392.0}, {"i": 28, "x": 12380.0, "y": 1998.0}, {"i": 29, "x": 12562.0, "y": 6440.0}, {"i": 30, "x": 12748.0, "y": 5402.0}, {"i": 31, "x": 12780.0, "y": 5362.0}, {"i": 32, "x": 13038.0, "y": 3276.0}, {"i": 33, "x": 13136.0, "y": 4364.0}, {"i": 34, "x": 13242.0, "y": 6522.0}, {"i": 35, "x": 13408.0, "y": 4168.0}, {"i": 36, "x": 15184.0, "y": 7460.0}, {"i": 37, "x": 15466.0, "y": 7344.0}, {"i": 38, "x": 15756.0, "y": 6468.0}, {"i": 39, "x": 16460.0, "y": 6814.0}], "type": "Instance", "name": "us-night-0000040", "meta": {"comment": "HIP even point set instance (40 points) sampled from image ", "faces_in_delaunay": 70}}