{"points": [{"i": 0, "x": 204.0, "y": 7534.0}, {"i": 1, "x": 208.0, "y": 6620.0}, {"i": 2, "x": 210.0, "y": 8098.0}, {"i": 3, "x": 232.0, "y": 8290.0}, {"i": 4, "x": 234.0, "y": 8292.0}, {"i": 5, "x": 254.0, "y": 7980.0}, {"i": 6, "x": 276.0, "y": 7042.0}, {"i": 7, "x": 300.0, "y": 7034.0}, {"i": 8, "x": 312.0, "y": 7410.0}, {"i": 9, "x": 362.0, "y": 8342.0}, {"i": 10, "x": 380.0, "y": 7194.0}, {"i": 11, "x": 380.0, "y": 7864.0}, {"i": 12, "x": 408.0, "y": 5094.0}, {"i": 13, "x": 416.0, "y": 7182.0}, {"i": 14, "x": 418.0, "y": 7816.0}, {"i": 15, "x": 496.0, "y": 5716.0}, {"i": 16, "x": 500.0, "y": 4834.0}, {"i": 17, "x": 502.0, "y": 4952.0}, {"i": 18, "x": 520.0, "y": 7818.0}, {"i": 19, "x": 566.0, "y": 5024.0}, {"i": 20, "x": 612.0, "y": 4794.0}, {"i": 21, "x": 622.0, "y": 4968.0}, {"i": 22, "x": 630.0, "y": 4832.0}, {"i": 23, "x": 668.0, "y": 4588.0}, {"i": 24, "x": 674.0, "y": 4864.0}, {"i": 25, "x": 678.0, "y": 5116.0}, {"i": 26, "x": 688.0, "y": 4972.0}, {"i": 27, "x": 736.0, "y": 5176.0}, {"i": 28, "x": 758.0, "y": 5162.0}, {"i": 29, "x": 772.0, "y": 5128.0}, {"i": 30, "x": 792.0, "y": 5126.0}, {"i": 31, "x": 800.0, "y": 5194.0}, {"i": 32, "x": 818.0, "y": 5084.0}, {"i": 33, "x": 830.0, "y": 5024.0}, {"i": 34, "x": 958.0, "y": 4850.0}, {"i": 35, "x": 1016.0, "y": 4094.0}, {"i": 36, "x": 1036.0, "y": 4980.0}, {"i": 37, "x": 1048.0, "y": 7564.0}, {"i": 38, "x": 1222.0, "y": 4550.0}, {"i": 39, "x": 1240.0, "y": 4580.0}, {"i": 40, "x": 1274.0, "y": 4596.0}, {"i": 41, "x": 1300.0, "y": 5418.0}, {"i": 42, "x": 1318.0, "y": 5420.0}, {"i": 43, "x": 1324.0, "y": 4478.0}, {"i": 44, "x": 1336.0, "y": 5168.0}, {"i": 45, "x": 1408.0, "y": 4370.0}, {"i": 46, "x": 1412.0, "y": 3856.0}, {"i": 47, "x": 1484.0, "y": 4192.0}, {"i": 48, "x": 1516.0, "y": 8472.0}, {"i": 49, "x": 1622.0, "y": 3876.0}, {"i": 50, "x": 1650.0, "y": 3838.0}, {"i": 51, "x": 1720.0, "y": 3742.0}, {"i": 52, "x": 1736.0, "y": 3760.0}, {"i": 53, "x": 1748.0, "y": 3792.0}, {"i": 54, "x": 1750.0, "y": 5648.0}, {"i": 55, "x": 1758.0, "y": 3738.0}, {"i": 56, "x": 1772.0, "y": 3692.0}, {"i": 57, "x": 1772.0, "y": 3752.0}, {"i": 58, "x": 1864.0, "y": 3770.0}, {"i": 59, "x": 1950.0, "y": 5846.0}, {"i": 60, "x": 2004.0, "y": 4060.0}, {"i": 61, "x": 2038.0, "y": 3720.0}, {"i": 62, "x": 2080.0, "y": 3268.0}, {"i": 63, "x": 2096.0, "y": 3628.0}, {"i": 64, "x": 2106.0, "y": 7580.0}, {"i": 65, "x": 2134.0, "y": 3400.0}, {"i": 66, "x": 2178.0, "y": 7892.0}, {"i": 67, "x": 2308.0, "y": 3818.0}, {"i": 68, "x": 2336.0, "y": 5780.0}, {"i": 69, "x": 2506.0, "y": 9544.0}, {"i": 70, "x": 2514.0, "y": 3392.0}, {"i": 71, "x": 2552.0, "y": 3358.0}, {"i": 72, "x": 2576.0, "y": 3348.0}, {"i": 73, "x": 2606.0, "y": 4394.0}, {"i": 74, "x": 2612.0, "y": 4448.0}, {"i": 75, "x": 2732.0, "y": 3242.0}, {"i": 76, "x": 2794.0, "y": 9480.0}, {"i": 77, "x": 2820.0, "y": 3338.0}, {"i": 78, "x": 2850.0, "y": 3360.0}, {"i": 79, "x": 2880.0, "y": 3412.0}, {"i": 80, "x": 2924.0, "y": 9350.0}, {"i": 81, "x": 2962.0, "y": 9080.0}, {"i": 82, "x": 2972.0, "y": 8898.0}, {"i": 83, "x": 3030.0, "y": 8900.0}, {"i": 84, "x": 3036.0, "y": 9618.0}, {"i": 85, "x": 3048.0, "y": 8876.0}, {"i": 86, "x": 3060.0, "y": 9536.0}, {"i": 87, "x": 3118.0, "y": 9356.0}, {"i": 88, "x": 3142.0, "y": 9310.0}, {"i": 89, "x": 3176.0, "y": 8876.0}, {"i": 90, "x": 3178.0, "y": 8834.0}, {"i": 91, "x": 3216.0, "y": 9542.0}, {"i": 92, "x": 3218.0, "y": 9584.0}, {"i": 93, "x": 3256.0, "y": 4484.0}, {"i": 94, "x": 3350.0, "y": 6398.0}, {"i": 95, "x": 3384.0, "y": 8506.0}, {"i": 96, "x": 3438.0, "y": 3688.0}, {"i": 97, "x": 3488.0, "y": 3052.0}, {"i": 98, "x": 3506.0, "y": 3942.0}, {"i": 99, "x": 3516.0, "y": 5010.0}, {"i": 100, "x": 3542.0, "y": 3650.0}, {"i": 101, "x": 3570.0, "y": 3552.0}, {"i": 102, "x": 3578.0, "y": 5876.0}, {"i": 103, "x": 3588.0, "y": 3590.0}, {"i": 104, "x": 3590.0, "y": 5650.0}, {"i": 105, "x": 3596.0, "y": 6012.0}, {"i": 106, "x": 3608.0, "y": 5864.0}, {"i": 107, "x": 3654.0, "y": 3564.0}, {"i": 108, "x": 3680.0, "y": 5576.0}, {"i": 109, "x": 3872.0, "y": 3286.0}, {"i": 110, "x": 3950.0, "y": 5426.0}, {"i": 111, "x": 3976.0, "y": 8574.0}, {"i": 112, "x": 4108.0, "y": 5490.0}, {"i": 113, "x": 4174.0, "y": 5644.0}, {"i": 114, "x": 4176.0, "y": 5616.0}, {"i": 115, "x": 4336.0, "y": 9570.0}, {"i": 116, "x": 4412.0, "y": 9478.0}, {"i": 117, "x": 4486.0, "y": 1318.0}, {"i": 118, "x": 4492.0, "y": 1378.0}, {"i": 119, "x": 4626.0, "y": 2288.0}, {"i": 120, "x": 4722.0, "y": 5374.0}, {"i": 121, "x": 4736.0, "y": 4570.0}, {"i": 122, "x": 4770.0, "y": 4580.0}, {"i": 123, "x": 4896.0, "y": 2330.0}, {"i": 124, "x": 4920.0, "y": 7288.0}, {"i": 125, "x": 4990.0, "y": 1014.0}, {"i": 126, "x": 5206.0, "y": 9166.0}, {"i": 127, "x": 5212.0, "y": 4098.0}, {"i": 128, "x": 5240.0, "y": 4086.0}, {"i": 129, "x": 5242.0, "y": 4058.0}, {"i": 130, "x": 5428.0, "y": 9508.0}, {"i": 131, "x": 5428.0, "y": 9516.0}, {"i": 132, "x": 5498.0, "y": 1640.0}, {"i": 133, "x": 5542.0, "y": 5482.0}, {"i": 134, "x": 5542.0, "y": 8672.0}, {"i": 135, "x": 5566.0, "y": 9070.0}, {"i": 136, "x": 5572.0, "y": 2060.0}, {"i": 137, "x": 5580.0, "y": 6608.0}, {"i": 138, "x": 5624.0, "y": 5496.0}, {"i": 139, "x": 5666.0, "y": 5620.0}, {"i": 140, "x": 5686.0, "y": 5608.0}, {"i": 141, "x": 5694.0, "y": 5702.0}, {"i": 142, "x": 5700.0, "y": 5548.0}, {"i": 143, "x": 5754.0, "y": 5560.0}, {"i": 144, "x": 5756.0, "y": 5436.0}, {"i": 145, "x": 5760.0, "y": 5554.0}, {"i": 146, "x": 5762.0, "y": 5426.0}, {"i": 147, "x": 5770.0, "y": 5492.0}, {"i": 148, "x": 5778.0, "y": 5242.0}, {"i": 149, "x": 5798.0, "y": 5524.0}, {"i": 150, "x": 5840.0, "y": 748.0}, {"i": 151, "x": 5840.0, "y": 3562.0}, {"i": 152, "x": 5902.0, "y": 5060.0}, {"i": 153, "x": 5920.0, "y": 3276.0}, {"i": 154, "x": 6024.0, "y": 8396.0}, {"i": 155, "x": 6038.0, "y": 3214.0}, {"i": 156, "x": 6102.0, "y": 7952.0}, {"i": 157, "x": 6106.0, "y": 8232.0}, {"i": 158, "x": 6112.0, "y": 8254.0}, {"i": 159, "x": 6114.0, "y": 7988.0}, {"i": 160, "x": 6116.0, "y": 8248.0}, {"i": 161, "x": 6120.0, "y": 7916.0}, {"i": 162, "x": 6124.0, "y": 7904.0}, {"i": 163, "x": 6170.0, "y": 1204.0}, {"i": 164, "x": 6198.0, "y": 3820.0}, {"i": 165, "x": 6212.0, "y": 8212.0}, {"i": 166, "x": 6258.0, "y": 8010.0}, {"i": 167, "x": 6270.0, "y": 7880.0}, {"i": 168, "x": 6296.0, "y": 7972.0}, {"i": 169, "x": 6430.0, "y": 7910.0}, {"i": 170, "x": 6452.0, "y": 8002.0}, {"i": 171, "x": 6480.0, "y": 3122.0}, {"i": 172, "x": 6486.0, "y": 3790.0}, {"i": 173, "x": 6496.0, "y": 7864.0}, {"i": 174, "x": 6612.0, "y": 240.0}, {"i": 175, "x": 6620.0, "y": 4070.0}, {"i": 176, "x": 6638.0, "y": 4116.0}, {"i": 177, "x": 6658.0, "y": 3116.0}, {"i": 178, "x": 6668.0, "y": 102.0}, {"i": 179, "x": 6668.0, "y": 4150.0}, {"i": 180, "x": 6726.0, "y": 4412.0}, {"i": 181, "x": 6736.0, "y": 1678.0}, {"i": 182, "x": 6748.0, "y": 1636.0}, {"i": 183, "x": 6832.0, "y": 8490.0}, {"i": 184, "x": 6890.0, "y": 4210.0}, {"i": 185, "x": 6924.0, "y": 184.0}, {"i": 186, "x": 6982.0, "y": 7618.0}, {"i": 187, "x": 7004.0, "y": 2732.0}, {"i": 188, "x": 7026.0, "y": 2148.0}, {"i": 189, "x": 7032.0, "y": 2208.0}, {"i": 190, "x": 7034.0, "y": 1278.0}, {"i": 191, "x": 7062.0, "y": 1300.0}, {"i": 192, "x": 7088.0, "y": 4902.0}, {"i": 193, "x": 7168.0, "y": 1326.0}, {"i": 194, "x": 7178.0, "y": 1974.0}, {"i": 195, "x": 7196.0, "y": 866.0}, {"i": 196, "x": 7210.0, "y": 1214.0}, {"i": 197, "x": 7240.0, "y": 2122.0}, {"i": 198, "x": 7246.0, "y": 1976.0}, {"i": 199, "x": 7272.0, "y": 2018.0}, {"i": 200, "x": 7290.0, "y": 8494.0}, {"i": 201, "x": 7306.0, "y": 1976.0}, {"i": 202, "x": 7310.0, "y": 1270.0}, {"i": 203, "x": 7322.0, "y": 3956.0}, {"i": 204, "x": 7446.0, "y": 666.0}, {"i": 205, "x": 7460.0, "y": 2032.0}, {"i": 206, "x": 7480.0, "y": 2118.0}, {"i": 207, "x": 7498.0, "y": 1882.0}, {"i": 208, "x": 7500.0, "y": 2094.0}, {"i": 209, "x": 7532.0, "y": 2118.0}, {"i": 210, "x": 7594.0, "y": 3710.0}, {"i": 211, "x": 7624.0, "y": 1422.0}, {"i": 212, "x": 7626.0, "y": 8420.0}, {"i": 213, "x": 7652.0, "y": 2146.0}, {"i": 214, "x": 7654.0, "y": 2402.0}, {"i": 215, "x": 7656.0, "y": 7192.0}, {"i": 216, "x": 7672.0, "y": 4480.0}, {"i": 217, "x": 7674.0, "y": 5134.0}, {"i": 218, "x": 7698.0, "y": 1426.0}, {"i": 219, "x": 7706.0, "y": 2436.0}, {"i": 220, "x": 7720.0, "y": 1446.0}, {"i": 221, "x": 7722.0, "y": 2442.0}, {"i": 222, "x": 7726.0, "y": 2424.0}, {"i": 223, "x": 7736.0, "y": 1470.0}, {"i": 224, "x": 7774.0, "y": 2198.0}, {"i": 225, "x": 7798.0, "y": 2690.0}, {"i": 226, "x": 7800.0, "y": 3410.0}, {"i": 227, "x": 7814.0, "y": 286.0}, {"i": 228, "x": 7822.0, "y": 2226.0}, {"i": 229, "x": 7822.0, "y": 2900.0}, {"i": 230, "x": 7842.0, "y": 2612.0}, {"i": 231, "x": 7842.0, "y": 2710.0}, {"i": 232, "x": 7842.0, "y": 3624.0}, {"i": 233, "x": 7844.0, "y": 4490.0}, {"i": 234, "x": 7862.0, "y": 8314.0}, {"i": 235, "x": 7868.0, "y": 244.0}, {"i": 236, "x": 7892.0, "y": 4296.0}, {"i": 237, "x": 7894.0, "y": 2662.0}, {"i": 238, "x": 7924.0, "y": 5208.0}, {"i": 239, "x": 7940.0, "y": 1350.0}, {"i": 240, "x": 7944.0, "y": 4196.0}, {"i": 241, "x": 7964.0, "y": 1354.0}, {"i": 242, "x": 7964.0, "y": 4842.0}, {"i": 243, "x": 7966.0, "y": 3354.0}, {"i": 244, "x": 7976.0, "y": 2340.0}, {"i": 245, "x": 7992.0, "y": 2952.0}, {"i": 246, "x": 7998.0, "y": 3276.0}, {"i": 247, "x": 8004.0, "y": 5988.0}, {"i": 248, "x": 8014.0, "y": 2288.0}, {"i": 249, "x": 8032.0, "y": 6932.0}, {"i": 250, "x": 8038.0, "y": 4154.0}, {"i": 251, "x": 8042.0, "y": 3032.0}, {"i": 252, "x": 8042.0, "y": 5064.0}, {"i": 253, "x": 8094.0, "y": 3288.0}, {"i": 254, "x": 8108.0, "y": 3364.0}, {"i": 255, "x": 8136.0, "y": 3366.0}, {"i": 256, "x": 8152.0, "y": 3456.0}, {"i": 257, "x": 8188.0, "y": 3414.0}, {"i": 258, "x": 8210.0, "y": 3744.0}, {"i": 259, "x": 8238.0, "y": 3176.0}, {"i": 260, "x": 8298.0, "y": 6280.0}, {"i": 261, "x": 8302.0, "y": 6754.0}, {"i": 262, "x": 8372.0, "y": 4360.0}, {"i": 263, "x": 8400.0, "y": 4246.0}, {"i": 264, "x": 8402.0, "y": 3498.0}, {"i": 265, "x": 8402.0, "y": 4538.0}, {"i": 266, "x": 8406.0, "y": 4252.0}, {"i": 267, "x": 8438.0, "y": 5862.0}, {"i": 268, "x": 8450.0, "y": 2410.0}, {"i": 269, "x": 8450.0, "y": 2452.0}, {"i": 270, "x": 8478.0, "y": 3084.0}, {"i": 271, "x": 8490.0, "y": 4432.0}, {"i": 272, "x": 8512.0, "y": 3392.0}, {"i": 273, "x": 8520.0, "y": 2462.0}, {"i": 274, "x": 8534.0, "y": 4016.0}, {"i": 275, "x": 8550.0, "y": 2762.0}, {"i": 276, "x": 8552.0, "y": 2600.0}, {"i": 277, "x": 8572.0, "y": 3304.0}, {"i": 278, "x": 8576.0, "y": 2434.0}, {"i": 279, "x": 8580.0, "y": 2272.0}, {"i": 280, "x": 8586.0, "y": 2242.0}, {"i": 281, "x": 8594.0, "y": 2542.0}, {"i": 282, "x": 8618.0, "y": 3342.0}, {"i": 283, "x": 8628.0, "y": 2514.0}, {"i": 284, "x": 8672.0, "y": 2396.0}, {"i": 285, "x": 8674.0, "y": 2456.0}, {"i": 286, "x": 8698.0, "y": 4332.0}, {"i": 287, "x": 8704.0, "y": 3490.0}, {"i": 288, "x": 8750.0, "y": 3222.0}, {"i": 289, "x": 8770.0, "y": 2372.0}, {"i": 290, "x": 8784.0, "y": 5292.0}, {"i": 291, "x": 8794.0, "y": 3058.0}, {"i": 292, "x": 8846.0, "y": 4910.0}, {"i": 293, "x": 8878.0, "y": 5328.0}, {"i": 294, "x": 8888.0, "y": 7384.0}, {"i": 295, "x": 8896.0, "y": 3328.0}, {"i": 296, "x": 8942.0, "y": 4370.0}, {"i": 297, "x": 8990.0, "y": 4148.0}, {"i": 298, "x": 9004.0, "y": 6842.0}, {"i": 299, "x": 9014.0, "y": 4632.0}, {"i": 300, "x": 9018.0, "y": 6872.0}, {"i": 301, "x": 9038.0, "y": 2558.0}, {"i": 302, "x": 9054.0, "y": 2594.0}, {"i": 303, "x": 9094.0, "y": 6012.0}, {"i": 304, "x": 9096.0, "y": 7042.0}, {"i": 305, "x": 9106.0, "y": 3310.0}, {"i": 306, "x": 9114.0, "y": 6012.0}, {"i": 307, "x": 9114.0, "y": 7104.0}, {"i": 308, "x": 9128.0, "y": 4470.0}, {"i": 309, "x": 9156.0, "y": 7084.0}, {"i": 310, "x": 9186.0, "y": 2630.0}, {"i": 311, "x": 9198.0, "y": 7018.0}, {"i": 312, "x": 9202.0, "y": 7070.0}, {"i": 313, "x": 9204.0, "y": 2704.0}, {"i": 314, "x": 9218.0, "y": 4548.0}, {"i": 315, "x": 9222.0, "y": 2640.0}, {"i": 316, "x": 9244.0, "y": 4448.0}, {"i": 317, "x": 9244.0, "y": 5294.0}, {"i": 318, "x": 9252.0, "y": 6956.0}, {"i": 319, "x": 9260.0, "y": 4430.0}, {"i": 320, "x": 9260.0, "y": 4686.0}, {"i": 321, "x": 9262.0, "y": 2606.0}, {"i": 322, "x": 9282.0, "y": 6952.0}, {"i": 323, "x": 9290.0, "y": 6974.0}, {"i": 324, "x": 9302.0, "y": 7030.0}, {"i": 325, "x": 9342.0, "y": 6984.0}, {"i": 326, "x": 9356.0, "y": 5194.0}, {"i": 327, "x": 9360.0, "y": 8496.0}, {"i": 328, "x": 9400.0, "y": 5944.0}, {"i": 329, "x": 9462.0, "y": 3918.0}, {"i": 330, "x": 9488.0, "y": 2436.0}, {"i": 331, "x": 9496.0, "y": 6478.0}, {"i": 332, "x": 9504.0, "y": 4074.0}, {"i": 333, "x": 9506.0, "y": 5240.0}, {"i": 334, "x": 9512.0, "y": 3964.0}, {"i": 335, "x": 9544.0, "y": 2642.0}, {"i": 336, "x": 9576.0, "y": 3290.0}, {"i": 337, "x": 9578.0, "y": 4208.0}, {"i": 338, "x": 9708.0, "y": 6080.0}, {"i": 339, "x": 9712.0, "y": 4292.0}, {"i": 340, "x": 9722.0, "y": 3904.0}, {"i": 341, "x": 9760.0, "y": 4180.0}, {"i": 342, "x": 9798.0, "y": 2654.0}, {"i": 343, "x": 9816.0, "y": 2664.0}, {"i": 344, "x": 9820.0, "y": 6718.0}, {"i": 345, "x": 9834.0, "y": 2788.0}, {"i": 346, "x": 9836.0, "y": 2662.0}, {"i": 347, "x": 9840.0, "y": 2686.0}, {"i": 348, "x": 9858.0, "y": 2646.0}, {"i": 349, "x": 9864.0, "y": 6032.0}, {"i": 350, "x": 9868.0, "y": 5960.0}, {"i": 351, "x": 9874.0, "y": 2662.0}, {"i": 352, "x": 9874.0, "y": 6724.0}, {"i": 353, "x": 9902.0, "y": 5090.0}, {"i": 354, "x": 9916.0, "y": 2690.0}, {"i": 355, "x": 9930.0, "y": 2566.0}, {"i": 356, "x": 9938.0, "y": 2680.0}, {"i": 357, "x": 9940.0, "y": 2578.0}, {"i": 358, "x": 9948.0, "y": 3264.0}, {"i": 359, "x": 9982.0, "y": 1760.0}, {"i": 360, "x": 9996.0, "y": 3270.0}, {"i": 361, "x": 9996.0, "y": 5022.0}, {"i": 362, "x": 9998.0, "y": 3928.0}, {"i": 363, "x": 10018.0, "y": 4612.0}, {"i": 364, "x": 10020.0, "y": 2376.0}, {"i": 365, "x": 10026.0, "y": 5706.0}, {"i": 366, "x": 10042.0, "y": 2746.0}, {"i": 367, "x": 10054.0, "y": 5100.0}, {"i": 368, "x": 10074.0, "y": 5044.0}, {"i": 369, "x": 10078.0, "y": 5068.0}, {"i": 370, "x": 10092.0, "y": 5150.0}, {"i": 371, "x": 10108.0, "y": 2944.0}, {"i": 372, "x": 10134.0, "y": 3248.0}, {"i": 373, "x": 10138.0, "y": 4108.0}, {"i": 374, "x": 10150.0, "y": 5154.0}, {"i": 375, "x": 10170.0, "y": 6510.0}, {"i": 376, "x": 10180.0, "y": 4958.0}, {"i": 377, "x": 10188.0, "y": 4106.0}, {"i": 378, "x": 10194.0, "y": 5102.0}, {"i": 379, "x": 10210.0, "y": 4108.0}, {"i": 380, "x": 10232.0, "y": 4130.0}, {"i": 381, "x": 10240.0, "y": 5216.0}, {"i": 382, "x": 10242.0, "y": 4606.0}, {"i": 383, "x": 10266.0, "y": 2666.0}, {"i": 384, "x": 10272.0, "y": 4202.0}, {"i": 385, "x": 10272.0, "y": 5500.0}, {"i": 386, "x": 10274.0, "y": 3614.0}, {"i": 387, "x": 10282.0, "y": 4072.0}, {"i": 388, "x": 10306.0, "y": 4784.0}, {"i": 389, "x": 10318.0, "y": 5720.0}, {"i": 390, "x": 10326.0, "y": 6920.0}, {"i": 391, "x": 10336.0, "y": 2318.0}, {"i": 392, "x": 10340.0, "y": 5512.0}, {"i": 393, "x": 10362.0, "y": 4630.0}, {"i": 394, "x": 10370.0, "y": 6514.0}, {"i": 395, "x": 10374.0, "y": 2910.0}, {"i": 396, "x": 10378.0, "y": 5990.0}, {"i": 397, "x": 10384.0, "y": 3278.0}, {"i": 398, "x": 10386.0, "y": 6416.0}, {"i": 399, "x": 10388.0, "y": 6442.0}, {"i": 400, "x": 10408.0, "y": 4228.0}, {"i": 401, "x": 10418.0, "y": 3088.0}, {"i": 402, "x": 10462.0, "y": 3076.0}, {"i": 403, "x": 10468.0, "y": 6412.0}, {"i": 404, "x": 10478.0, "y": 5964.0}, {"i": 405, "x": 10480.0, "y": 2686.0}, {"i": 406, "x": 10482.0, "y": 6280.0}, {"i": 407, "x": 10492.0, "y": 3442.0}, {"i": 408, "x": 10502.0, "y": 4424.0}, {"i": 409, "x": 10520.0, "y": 4890.0}, {"i": 410, "x": 10534.0, "y": 5048.0}, {"i": 411, "x": 10540.0, "y": 2686.0}, {"i": 412, "x": 10588.0, "y": 3286.0}, {"i": 413, "x": 10594.0, "y": 6122.0}, {"i": 414, "x": 10616.0, "y": 3784.0}, {"i": 415, "x": 10624.0, "y": 6994.0}, {"i": 416, "x": 10628.0, "y": 6826.0}, {"i": 417, "x": 10636.0, "y": 2452.0}, {"i": 418, "x": 10638.0, "y": 5280.0}, {"i": 419, "x": 10638.0, "y": 6804.0}, {"i": 420, "x": 10642.0, "y": 6796.0}, {"i": 421, "x": 10644.0, "y": 2838.0}, {"i": 422, "x": 10648.0, "y": 6064.0}, {"i": 423, "x": 10650.0, "y": 4052.0}, {"i": 424, "x": 10662.0, "y": 3092.0}, {"i": 425, "x": 10690.0, "y": 6504.0}, {"i": 426, "x": 10704.0, "y": 2782.0}, {"i": 427, "x": 10712.0, "y": 4556.0}, {"i": 428, "x": 10714.0, "y": 6486.0}, {"i": 429, "x": 10722.0, "y": 6216.0}, {"i": 430, "x": 10724.0, "y": 2780.0}, {"i": 431, "x": 10728.0, "y": 2708.0}, {"i": 432, "x": 10730.0, "y": 2676.0}, {"i": 433, "x": 10742.0, "y": 2810.0}, {"i": 434, "x": 10748.0, "y": 3186.0}, {"i": 435, "x": 10748.0, "y": 5656.0}, {"i": 436, "x": 10756.0, "y": 3892.0}, {"i": 437, "x": 10774.0, "y": 4754.0}, {"i": 438, "x": 10784.0, "y": 2940.0}, {"i": 439, "x": 10786.0, "y": 2938.0}, {"i": 440, "x": 10788.0, "y": 2744.0}, {"i": 441, "x": 10792.0, "y": 4664.0}, {"i": 442, "x": 10796.0, "y": 3794.0}, {"i": 443, "x": 10802.0, "y": 3572.0}, {"i": 444, "x": 10802.0, "y": 5790.0}, {"i": 445, "x": 10812.0, "y": 4370.0}, {"i": 446, "x": 10816.0, "y": 6608.0}, {"i": 447, "x": 10818.0, "y": 6052.0}, {"i": 448, "x": 10820.0, "y": 7508.0}, {"i": 449, "x": 10860.0, "y": 3974.0}, {"i": 450, "x": 10866.0, "y": 6386.0}, {"i": 451, "x": 10870.0, "y": 5792.0}, {"i": 452, "x": 10880.0, "y": 4940.0}, {"i": 453, "x": 10894.0, "y": 3322.0}, {"i": 454, "x": 10908.0, "y": 6086.0}, {"i": 455, "x": 10928.0, "y": 4948.0}, {"i": 456, "x": 10942.0, "y": 2868.0}, {"i": 457, "x": 10954.0, "y": 6024.0}, {"i": 458, "x": 10986.0, "y": 4946.0}, {"i": 459, "x": 10990.0, "y": 6058.0}, {"i": 460, "x": 10992.0, "y": 5998.0}, {"i": 461, "x": 10994.0, "y": 6036.0}, {"i": 462, "x": 11004.0, "y": 3544.0}, {"i": 463, "x": 11020.0, "y": 5594.0}, {"i": 464, "x": 11036.0, "y": 2684.0}, {"i": 465, "x": 11038.0, "y": 4226.0}, {"i": 466, "x": 11044.0, "y": 4478.0}, {"i": 467, "x": 11056.0, "y": 2660.0}, {"i": 468, "x": 11070.0, "y": 2760.0}, {"i": 469, "x": 11104.0, "y": 3908.0}, {"i": 470, "x": 11118.0, "y": 4502.0}, {"i": 471, "x": 11130.0, "y": 5062.0}, {"i": 472, "x": 11130.0, "y": 5924.0}, {"i": 473, "x": 11138.0, "y": 4416.0}, {"i": 474, "x": 11138.0, "y": 4794.0}, {"i": 475, "x": 11144.0, "y": 4002.0}, {"i": 476, "x": 11168.0, "y": 3984.0}, {"i": 477, "x": 11172.0, "y": 4928.0}, {"i": 478, "x": 11190.0, "y": 4034.0}, {"i": 479, "x": 11212.0, "y": 4576.0}, {"i": 480, "x": 11220.0, "y": 2806.0}, {"i": 481, "x": 11236.0, "y": 3936.0}, {"i": 482, "x": 11242.0, "y": 4392.0}, {"i": 483, "x": 11256.0, "y": 4488.0}, {"i": 484, "x": 11270.0, "y": 4658.0}, {"i": 485, "x": 11276.0, "y": 5214.0}, {"i": 486, "x": 11276.0, "y": 5472.0}, {"i": 487, "x": 11294.0, "y": 5728.0}, {"i": 488, "x": 11300.0, "y": 6254.0}, {"i": 489, "x": 11304.0, "y": 3610.0}, {"i": 490, "x": 11314.0, "y": 6062.0}, {"i": 491, "x": 11320.0, "y": 5466.0}, {"i": 492, "x": 11328.0, "y": 3290.0}, {"i": 493, "x": 11342.0, "y": 4846.0}, {"i": 494, "x": 11346.0, "y": 6514.0}, {"i": 495, "x": 11350.0, "y": 3584.0}, {"i": 496, "x": 11350.0, "y": 6154.0}, {"i": 497, "x": 11366.0, "y": 5142.0}, {"i": 498, "x": 11382.0, "y": 5406.0}, {"i": 499, "x": 11400.0, "y": 3642.0}, {"i": 500, "x": 11410.0, "y": 3096.0}, {"i": 501, "x": 11420.0, "y": 3638.0}, {"i": 502, "x": 11422.0, "y": 3448.0}, {"i": 503, "x": 11442.0, "y": 4656.0}, {"i": 504, "x": 11458.0, "y": 5074.0}, {"i": 505, "x": 11476.0, "y": 3286.0}, {"i": 506, "x": 11480.0, "y": 6504.0}, {"i": 507, "x": 11512.0, "y": 4966.0}, {"i": 508, "x": 11512.0, "y": 4992.0}, {"i": 509, "x": 11520.0, "y": 6224.0}, {"i": 510, "x": 11532.0, "y": 6096.0}, {"i": 511, "x": 11534.0, "y": 3988.0}, {"i": 512, "x": 11534.0, "y": 6384.0}, {"i": 513, "x": 11568.0, "y": 4154.0}, {"i": 514, "x": 11576.0, "y": 2898.0}, {"i": 515, "x": 11584.0, "y": 4980.0}, {"i": 516, "x": 11588.0, "y": 5852.0}, {"i": 517, "x": 11590.0, "y": 4038.0}, {"i": 518, "x": 11620.0, "y": 3664.0}, {"i": 519, "x": 11626.0, "y": 2784.0}, {"i": 520, "x": 11626.0, "y": 4050.0}, {"i": 521, "x": 11638.0, "y": 4116.0}, {"i": 522, "x": 11638.0, "y": 4584.0}, {"i": 523, "x": 11646.0, "y": 4088.0}, {"i": 524, "x": 11648.0, "y": 5908.0}, {"i": 525, "x": 11660.0, "y": 3646.0}, {"i": 526, "x": 11704.0, "y": 5038.0}, {"i": 527, "x": 11708.0, "y": 3642.0}, {"i": 528, "x": 11710.0, "y": 4046.0}, {"i": 529, "x": 11714.0, "y": 5814.0}, {"i": 530, "x": 11716.0, "y": 3994.0}, {"i": 531, "x": 11726.0, "y": 3898.0}, {"i": 532, "x": 11730.0, "y": 6504.0}, {"i": 533, "x": 11750.0, "y": 5174.0}, {"i": 534, "x": 11770.0, "y": 4678.0}, {"i": 535, "x": 11784.0, "y": 5838.0}, {"i": 536, "x": 11792.0, "y": 5322.0}, {"i": 537, "x": 11792.0, "y": 5530.0}, {"i": 538, "x": 11800.0, "y": 6210.0}, {"i": 539, "x": 11808.0, "y": 4996.0}, {"i": 540, "x": 11816.0, "y": 3674.0}, {"i": 541, "x": 11816.0, "y": 5292.0}, {"i": 542, "x": 11828.0, "y": 6042.0}, {"i": 543, "x": 11830.0, "y": 5506.0}, {"i": 544, "x": 11840.0, "y": 3692.0}, {"i": 545, "x": 11844.0, "y": 2688.0}, {"i": 546, "x": 11850.0, "y": 3680.0}, {"i": 547, "x": 11854.0, "y": 3822.0}, {"i": 548, "x": 11858.0, "y": 5258.0}, {"i": 549, "x": 11860.0, "y": 6380.0}, {"i": 550, "x": 11872.0, "y": 3746.0}, {"i": 551, "x": 11874.0, "y": 3088.0}, {"i": 552, "x": 11874.0, "y": 7520.0}, {"i": 553, "x": 11878.0, "y": 5370.0}, {"i": 554, "x": 11900.0, "y": 3742.0}, {"i": 555, "x": 11902.0, "y": 4912.0}, {"i": 556, "x": 11904.0, "y": 3674.0}, {"i": 557, "x": 11908.0, "y": 4354.0}, {"i": 558, "x": 11912.0, "y": 5458.0}, {"i": 559, "x": 11948.0, "y": 5982.0}, {"i": 560, "x": 11954.0, "y": 5646.0}, {"i": 561, "x": 11962.0, "y": 4348.0}, {"i": 562, "x": 11974.0, "y": 3644.0}, {"i": 563, "x": 11982.0, "y": 2858.0}, {"i": 564, "x": 11994.0, "y": 3610.0}, {"i": 565, "x": 11994.0, "y": 3654.0}, {"i": 566, "x": 12000.0, "y": 3664.0}, {"i": 567, "x": 12000.0, "y": 4348.0}, {"i": 568, "x": 12002.0, "y": 5782.0}, {"i": 569, "x": 12004.0, "y": 3784.0}, {"i": 570, "x": 12022.0, "y": 3628.0}, {"i": 571, "x": 12034.0, "y": 2996.0}, {"i": 572, "x": 12034.0, "y": 6028.0}, {"i": 573, "x": 12036.0, "y": 3870.0}, {"i": 574, "x": 12056.0, "y": 3760.0}, {"i": 575, "x": 12062.0, "y": 3690.0}, {"i": 576, "x": 12064.0, "y": 2916.0}, {"i": 577, "x": 12078.0, "y": 4336.0}, {"i": 578, "x": 12078.0, "y": 4538.0}, {"i": 579, "x": 12080.0, "y": 3966.0}, {"i": 580, "x": 12112.0, "y": 3332.0}, {"i": 581, "x": 12114.0, "y": 4310.0}, {"i": 582, "x": 12148.0, "y": 4444.0}, {"i": 583, "x": 12152.0, "y": 2996.0}, {"i": 584, "x": 12178.0, "y": 6356.0}, {"i": 585, "x": 12184.0, "y": 6130.0}, {"i": 586, "x": 12188.0, "y": 6168.0}, {"i": 587, "x": 12200.0, "y": 3756.0}, {"i": 588, "x": 12206.0, "y": 6370.0}, {"i": 589, "x": 12216.0, "y": 3768.0}, {"i": 590, "x": 12228.0, "y": 5930.0}, {"i": 591, "x": 12260.0, "y": 6300.0}, {"i": 592, "x": 12270.0, "y": 6346.0}, {"i": 593, "x": 12294.0, "y": 6434.0}, {"i": 594, "x": 12314.0, "y": 5220.0}, {"i": 595, "x": 12314.0, "y": 5580.0}, {"i": 596, "x": 12318.0, "y": 5576.0}, {"i": 597, "x": 12336.0, "y": 5600.0}, {"i": 598, "x": 12340.0, "y": 4700.0}, {"i": 599, "x": 12342.0, "y": 2548.0}, {"i": 600, "x": 12344.0, "y": 5594.0}, {"i": 601, "x": 12348.0, "y": 5534.0}, {"i": 602, "x": 12356.0, "y": 4878.0}, {"i": 603, "x": 12362.0, "y": 5512.0}, {"i": 604, "x": 12370.0, "y": 2010.0}, {"i": 605, "x": 12378.0, "y": 5494.0}, {"i": 606, "x": 12380.0, "y": 2062.0}, {"i": 607, "x": 12380.0, "y": 3910.0}, {"i": 608, "x": 12384.0, "y": 2618.0}, {"i": 609, "x": 12384.0, "y": 4216.0}, {"i": 610, "x": 12388.0, "y": 5086.0}, {"i": 611, "x": 12396.0, "y": 2026.0}, {"i": 612, "x": 12402.0, "y": 4750.0}, {"i": 613, "x": 12404.0, "y": 1966.0}, {"i": 614, "x": 12404.0, "y": 2396.0}, {"i": 615, "x": 12406.0, "y": 5016.0}, {"i": 616, "x": 12406.0, "y": 5952.0}, {"i": 617, "x": 12414.0, "y": 3126.0}, {"i": 618, "x": 12420.0, "y": 3926.0}, {"i": 619, "x": 12432.0, "y": 2012.0}, {"i": 620, "x": 12438.0, "y": 4188.0}, {"i": 621, "x": 12448.0, "y": 1746.0}, {"i": 622, "x": 12460.0, "y": 1958.0}, {"i": 623, "x": 12472.0, "y": 2232.0}, {"i": 624, "x": 12476.0, "y": 5102.0}, {"i": 625, "x": 12478.0, "y": 4448.0}, {"i": 626, "x": 12494.0, "y": 4636.0}, {"i": 627, "x": 12524.0, "y": 5814.0}, {"i": 628, "x": 12566.0, "y": 2282.0}, {"i": 629, "x": 12582.0, "y": 2502.0}, {"i": 630, "x": 12608.0, "y": 2002.0}, {"i": 631, "x": 12608.0, "y": 3910.0}, {"i": 632, "x": 12610.0, "y": 4052.0}, {"i": 633, "x": 12612.0, "y": 4064.0}, {"i": 634, "x": 12616.0, "y": 1496.0}, {"i": 635, "x": 12622.0, "y": 4134.0}, {"i": 636, "x": 12628.0, "y": 4850.0}, {"i": 637, "x": 12632.0, "y": 5872.0}, {"i": 638, "x": 12648.0, "y": 3714.0}, {"i": 639, "x": 12650.0, "y": 3712.0}, {"i": 640, "x": 12668.0, "y": 3640.0}, {"i": 641, "x": 12684.0, "y": 4420.0}, {"i": 642, "x": 12688.0, "y": 5852.0}, {"i": 643, "x": 12694.0, "y": 5688.0}, {"i": 644, "x": 12698.0, "y": 6012.0}, {"i": 645, "x": 12700.0, "y": 1968.0}, {"i": 646, "x": 12714.0, "y": 2058.0}, {"i": 647, "x": 12716.0, "y": 2586.0}, {"i": 648, "x": 12724.0, "y": 5050.0}, {"i": 649, "x": 12726.0, "y": 2072.0}, {"i": 650, "x": 12730.0, "y": 1428.0}, {"i": 651, "x": 12734.0, "y": 2942.0}, {"i": 652, "x": 12738.0, "y": 5778.0}, {"i": 653, "x": 12740.0, "y": 5994.0}, {"i": 654, "x": 12744.0, "y": 3108.0}, {"i": 655, "x": 12752.0, "y": 4478.0}, {"i": 656, "x": 12764.0, "y": 5364.0}, {"i": 657, "x": 12768.0, "y": 2204.0}, {"i": 658, "x": 12786.0, "y": 5810.0}, {"i": 659, "x": 12790.0, "y": 5846.0}, {"i": 660, "x": 12804.0, "y": 4268.0}, {"i": 661, "x": 12808.0, "y": 3566.0}, {"i": 662, "x": 12812.0, "y": 2022.0}, {"i": 663, "x": 12824.0, "y": 3250.0}, {"i": 664, "x": 12828.0, "y": 3184.0}, {"i": 665, "x": 12834.0, "y": 4068.0}, {"i": 666, "x": 12840.0, "y": 3156.0}, {"i": 667, "x": 12840.0, "y": 3364.0}, {"i": 668, "x": 12840.0, "y": 4782.0}, {"i": 669, "x": 12844.0, "y": 3152.0}, {"i": 670, "x": 12864.0, "y": 2168.0}, {"i": 671, "x": 12868.0, "y": 4854.0}, {"i": 672, "x": 12870.0, "y": 3156.0}, {"i": 673, "x": 12872.0, "y": 3416.0}, {"i": 674, "x": 12878.0, "y": 3868.0}, {"i": 675, "x": 12882.0, "y": 4050.0}, {"i": 676, "x": 12888.0, "y": 5564.0}, {"i": 677, "x": 12894.0, "y": 2122.0}, {"i": 678, "x": 12894.0, "y": 3782.0}, {"i": 679, "x": 12902.0, "y": 2318.0}, {"i": 680, "x": 12924.0, "y": 6932.0}, {"i": 681, "x": 12938.0, "y": 3802.0}, {"i": 682, "x": 12942.0, "y": 3160.0}, {"i": 683, "x": 12944.0, "y": 5466.0}, {"i": 684, "x": 12956.0, "y": 3840.0}, {"i": 685, "x": 12972.0, "y": 3962.0}, {"i": 686, "x": 12972.0, "y": 5832.0}, {"i": 687, "x": 12988.0, "y": 5824.0}, {"i": 688, "x": 12996.0, "y": 4146.0}, {"i": 689, "x": 12996.0, "y": 5062.0}, {"i": 690, "x": 12998.0, "y": 1564.0}, {"i": 691, "x": 13024.0, "y": 4704.0}, {"i": 692, "x": 13028.0, "y": 4216.0}, {"i": 693, "x": 13030.0, "y": 4304.0}, {"i": 694, "x": 13030.0, "y": 4698.0}, {"i": 695, "x": 13032.0, "y": 4514.0}, {"i": 696, "x": 13034.0, "y": 5742.0}, {"i": 697, "x": 13070.0, "y": 1208.0}, {"i": 698, "x": 13076.0, "y": 1260.0}, {"i": 699, "x": 13078.0, "y": 5420.0}, {"i": 700, "x": 13092.0, "y": 5976.0}, {"i": 701, "x": 13096.0, "y": 3736.0}, {"i": 702, "x": 13098.0, "y": 3702.0}, {"i": 703, "x": 13100.0, "y": 3754.0}, {"i": 704, "x": 13106.0, "y": 2634.0}, {"i": 705, "x": 13120.0, "y": 4378.0}, {"i": 706, "x": 13120.0, "y": 6414.0}, {"i": 707, "x": 13132.0, "y": 3756.0}, {"i": 708, "x": 13134.0, "y": 5406.0}, {"i": 709, "x": 13150.0, "y": 1532.0}, {"i": 710, "x": 13174.0, "y": 5742.0}, {"i": 711, "x": 13178.0, "y": 4462.0}, {"i": 712, "x": 13178.0, "y": 5718.0}, {"i": 713, "x": 13190.0, "y": 6916.0}, {"i": 714, "x": 13208.0, "y": 3412.0}, {"i": 715, "x": 13216.0, "y": 5554.0}, {"i": 716, "x": 13216.0, "y": 6588.0}, {"i": 717, "x": 13226.0, "y": 3832.0}, {"i": 718, "x": 13228.0, "y": 5648.0}, {"i": 719, "x": 13232.0, "y": 4550.0}, {"i": 720, "x": 13232.0, "y": 4774.0}, {"i": 721, "x": 13232.0, "y": 5730.0}, {"i": 722, "x": 13238.0, "y": 4356.0}, {"i": 723, "x": 13256.0, "y": 6568.0}, {"i": 724, "x": 13262.0, "y": 4034.0}, {"i": 725, "x": 13266.0, "y": 3412.0}, {"i": 726, "x": 13276.0, "y": 5618.0}, {"i": 727, "x": 13278.0, "y": 6692.0}, {"i": 728, "x": 13294.0, "y": 7814.0}, {"i": 729, "x": 13296.0, "y": 5742.0}, {"i": 730, "x": 13300.0, "y": 3814.0}, {"i": 731, "x": 13300.0, "y": 6524.0}, {"i": 732, "x": 13302.0, "y": 6648.0}, {"i": 733, "x": 13332.0, "y": 5604.0}, {"i": 734, "x": 13332.0, "y": 6518.0}, {"i": 735, "x": 13336.0, "y": 6074.0}, {"i": 736, "x": 13352.0, "y": 6462.0}, {"i": 737, "x": 13372.0, "y": 4538.0}, {"i": 738, "x": 13382.0, "y": 6682.0}, {"i": 739, "x": 13384.0, "y": 3826.0}, {"i": 740, "x": 13404.0, "y": 6644.0}, {"i": 741, "x": 13410.0, "y": 4536.0}, {"i": 742, "x": 13414.0, "y": 6792.0}, {"i": 743, "x": 13416.0, "y": 3964.0}, {"i": 744, "x": 13424.0, "y": 5820.0}, {"i": 745, "x": 13428.0, "y": 7224.0}, {"i": 746, "x": 13430.0, "y": 5718.0}, {"i": 747, "x": 13434.0, "y": 3984.0}, {"i": 748, "x": 13448.0, "y": 4380.0}, {"i": 749, "x": 13452.0, "y": 3698.0}, {"i": 750, "x": 13470.0, "y": 4334.0}, {"i": 751, "x": 13474.0, "y": 4998.0}, {"i": 752, "x": 13496.0, "y": 6424.0}, {"i": 753, "x": 13500.0, "y": 4584.0}, {"i": 754, "x": 13514.0, "y": 3662.0}, {"i": 755, "x": 13532.0, "y": 4102.0}, {"i": 756, "x": 13540.0, "y": 4104.0}, {"i": 757, "x": 13544.0, "y": 5450.0}, {"i": 758, "x": 13550.0, "y": 6750.0}, {"i": 759, "x": 13556.0, "y": 6402.0}, {"i": 760, "x": 13568.0, "y": 6436.0}, {"i": 761, "x": 13578.0, "y": 116.0}, {"i": 762, "x": 13578.0, "y": 4394.0}, {"i": 763, "x": 13602.0, "y": 4148.0}, {"i": 764, "x": 13604.0, "y": 4210.0}, {"i": 765, "x": 13612.0, "y": 4200.0}, {"i": 766, "x": 13632.0, "y": 4250.0}, {"i": 767, "x": 13634.0, "y": 4212.0}, {"i": 768, "x": 13636.0, "y": 4550.0}, {"i": 769, "x": 13652.0, "y": 6334.0}, {"i": 770, "x": 13728.0, "y": 4952.0}, {"i": 771, "x": 13806.0, "y": 5804.0}, {"i": 772, "x": 13824.0, "y": 3810.0}, {"i": 773, "x": 13896.0, "y": 4812.0}, {"i": 774, "x": 13898.0, "y": 6496.0}, {"i": 775, "x": 13908.0, "y": 5504.0}, {"i": 776, "x": 13914.0, "y": 5242.0}, {"i": 777, "x": 13924.0, "y": 5382.0}, {"i": 778, "x": 13928.0, "y": 5188.0}, {"i": 779, "x": 13940.0, "y": 4978.0}, {"i": 780, "x": 13942.0, "y": 4146.0}, {"i": 781, "x": 13942.0, "y": 5390.0}, {"i": 782, "x": 13956.0, "y": 4196.0}, {"i": 783, "x": 13966.0, "y": 4932.0}, {"i": 784, "x": 13968.0, "y": 5024.0}, {"i": 785, "x": 13970.0, "y": 6480.0}, {"i": 786, "x": 13972.0, "y": 5420.0}, {"i": 787, "x": 13978.0, "y": 4866.0}, {"i": 788, "x": 13980.0, "y": 4238.0}, {"i": 789, "x": 13998.0, "y": 4838.0}, {"i": 790, "x": 14010.0, "y": 6260.0}, {"i": 791, "x": 14036.0, "y": 5512.0}, {"i": 792, "x": 14046.0, "y": 7300.0}, {"i": 793, "x": 14054.0, "y": 4154.0}, {"i": 794, "x": 14060.0, "y": 5232.0}, {"i": 795, "x": 14078.0, "y": 5322.0}, {"i": 796, "x": 14082.0, "y": 4810.0}, {"i": 797, "x": 14092.0, "y": 5172.0}, {"i": 798, "x": 14100.0, "y": 4564.0}, {"i": 799, "x": 14112.0, "y": 6426.0}, {"i": 800, "x": 14124.0, "y": 5148.0}, {"i": 801, "x": 14136.0, "y": 5392.0}, {"i": 802, "x": 14150.0, "y": 5928.0}, {"i": 803, "x": 14196.0, "y": 5220.0}, {"i": 804, "x": 14204.0, "y": 5368.0}, {"i": 805, "x": 14210.0, "y": 5312.0}, {"i": 806, "x": 14212.0, "y": 5528.0}, {"i": 807, "x": 14234.0, "y": 4696.0}, {"i": 808, "x": 14248.0, "y": 5326.0}, {"i": 809, "x": 14256.0, "y": 4678.0}, {"i": 810, "x": 14268.0, "y": 5380.0}, {"i": 811, "x": 14274.0, "y": 4644.0}, {"i": 812, "x": 14282.0, "y": 4852.0}, {"i": 813, "x": 14360.0, "y": 6434.0}, {"i": 814, "x": 14390.0, "y": 7146.0}, {"i": 815, "x": 14404.0, "y": 5694.0}, {"i": 816, "x": 14408.0, "y": 7164.0}, {"i": 817, "x": 14432.0, "y": 4442.0}, {"i": 818, "x": 14436.0, "y": 7148.0}, {"i": 819, "x": 14454.0, "y": 5650.0}, {"i": 820, "x": 14466.0, "y": 5392.0}, {"i": 821, "x": 14474.0, "y": 5294.0}, {"i": 822, "x": 14478.0, "y": 5968.0}, {"i": 823, "x": 14510.0, "y": 5672.0}, {"i": 824, "x": 14522.0, "y": 5736.0}, {"i": 825, "x": 14544.0, "y": 5500.0}, {"i": 826, "x": 14560.0, "y": 4940.0}, {"i": 827, "x": 14572.0, "y": 5688.0}, {"i": 828, "x": 14586.0, "y": 7512.0}, {"i": 829, "x": 14594.0, "y": 7084.0}, {"i": 830, "x": 14624.0, "y": 7180.0}, {"i": 831, "x": 14630.0, "y": 5602.0}, {"i": 832, "x": 14680.0, "y": 7326.0}, {"i": 833, "x": 14722.0, "y": 5954.0}, {"i": 834, "x": 14732.0, "y": 7226.0}, {"i": 835, "x": 14744.0, "y": 5516.0}, {"i": 836, "x": 14750.0, "y": 5590.0}, {"i": 837, "x": 14778.0, "y": 7076.0}, {"i": 838, "x": 14806.0, "y": 5422.0}, {"i": 839, "x": 14836.0, "y": 5572.0}, {"i": 840, "x": 14840.0, "y": 5748.0}, {"i": 841, "x": 14856.0, "y": 5736.0}, {"i": 842, "x": 14860.0, "y": 8860.0}, {"i": 843, "x": 14872.0, "y": 5714.0}, {"i": 844, "x": 14892.0, "y": 5680.0}, {"i": 845, "x": 14902.0, "y": 5762.0}, {"i": 846, "x": 14914.0, "y": 5756.0}, {"i": 847, "x": 14914.0, "y": 7186.0}, {"i": 848, "x": 14956.0, "y": 5572.0}, {"i": 849, "x": 14962.0, "y": 5774.0}, {"i": 850, "x": 15010.0, "y": 6370.0}, {"i": 851, "x": 15018.0, "y": 5770.0}, {"i": 852, "x": 15020.0, "y": 6344.0}, {"i": 853, "x": 15022.0, "y": 6038.0}, {"i": 854, "x": 15034.0, "y": 7442.0}, {"i": 855, "x": 15052.0, "y": 5782.0}, {"i": 856, "x": 15056.0, "y": 5864.0}, {"i": 857, "x": 15058.0, "y": 5892.0}, {"i": 858, "x": 15060.0, "y": 7196.0}, {"i": 859, "x": 15070.0, "y": 6428.0}, {"i": 860, "x": 15088.0, "y": 7348.0}, {"i": 861, "x": 15150.0, "y": 7416.0}, {"i": 862, "x": 15166.0, "y": 7254.0}, {"i": 863, "x": 15194.0, "y": 6430.0}, {"i": 864, "x": 15228.0, "y": 7460.0}, {"i": 865, "x": 15238.0, "y": 7206.0}, {"i": 866, "x": 15284.0, "y": 6038.0}, {"i": 867, "x": 15308.0, "y": 7458.0}, {"i": 868, "x": 15366.0, "y": 6038.0}, {"i": 869, "x": 15380.0, "y": 7482.0}, {"i": 870, "x": 15382.0, "y": 7174.0}, {"i": 871, "x": 15384.0, "y": 6186.0}, {"i": 872, "x": 15400.0, "y": 6114.0}, {"i": 873, "x": 15418.0, "y": 7378.0}, {"i": 874, "x": 15420.0, "y": 7176.0}, {"i": 875, "x": 15430.0, "y": 7170.0}, {"i": 876, "x": 15440.0, "y": 6202.0}, {"i": 877, "x": 15466.0, "y": 8220.0}, {"i": 878, "x": 15520.0, "y": 7358.0}, {"i": 879, "x": 15740.0, "y": 6330.0}, {"i": 880, "x": 15800.0, "y": 6144.0}, {"i": 881, "x": 15820.0, "y": 6366.0}, {"i": 882, "x": 15822.0, "y": 7588.0}, {"i": 883, "x": 15838.0, "y": 6144.0}, {"i": 884, "x": 15840.0, "y": 6376.0}, {"i": 885, "x": 15880.0, "y": 6246.0}, {"i": 886, "x": 15918.0, "y": 8062.0}, {"i": 887, "x": 15930.0, "y": 6202.0}, {"i": 888, "x": 15934.0, "y": 6230.0}, {"i": 889, "x": 15936.0, "y": 7232.0}, {"i": 890, "x": 15956.0, "y": 7422.0}, {"i": 891, "x": 16000.0, "y": 7622.0}, {"i": 892, "x": 16124.0, "y": 7720.0}, {"i": 893, "x": 16494.0, "y": 6890.0}, {"i": 894, "x": 16572.0, "y": 6990.0}, {"i": 895, "x": 16730.0, "y": 7766.0}, {"i": 896, "x": 16794.0, "y": 7562.0}, {"i": 897, "x": 16850.0, "y": 7630.0}, {"i": 898, "x": 16924.0, "y": 8100.0}, {"i": 899, "x": 17072.0, "y": 9398.0}], "type": "Instance", "name": "us-night-0000900", "meta": {"comment": "HIP even point set instance (900 points) sampled from image ", "faces_in_delaunay": 1779}}