{"points": [{"i": 0, "x": 3496.0, "y": 3628.0}, {"i": 1, "x": 3740.0, "y": 3502.0}, {"i": 2, "x": 5656.0, "y": 9234.0}, {"i": 3, "x": 6400.0, "y": 7928.0}, {"i": 4, "x": 7812.0, "y": 3958.0}, {"i": 5, "x": 8520.0, "y": 5254.0}, {"i": 6, "x": 8656.0, "y": 2578.0}, {"i": 7, "x": 10866.0, "y": 6376.0}, {"i": 8, "x": 12210.0, "y": 2814.0}, {"i": 9, "x": 12476.0, "y": 496.0}, {"i": 10, "x": 12638.0, "y": 5546.0}, {"i": 11, "x": 12720.0, "y": 4142.0}, {"i": 12, "x": 13140.0, "y": 1496.0}, {"i": 13, "x": 14996.0, "y": 7390.0}, {"i": 14, "x": 16228.0, "y": 7618.0}], "type": "Instance", "name": "us-night-0000015", "meta": {"comment": "HIP even point set instance (15 points) sampled from image ", "faces_in_delaunay": 22}}