{"points": [{"i": 0, "x": 12.0, "y": 6946.0}, {"i": 1, "x": 282.0, "y": 7732.0}, {"i": 2, "x": 284.0, "y": 8318.0}, {"i": 3, "x": 288.0, "y": 6766.0}, {"i": 4, "x": 310.0, "y": 7382.0}, {"i": 5, "x": 338.0, "y": 7168.0}, {"i": 6, "x": 354.0, "y": 6298.0}, {"i": 7, "x": 362.0, "y": 7002.0}, {"i": 8, "x": 398.0, "y": 7180.0}, {"i": 9, "x": 434.0, "y": 7286.0}, {"i": 10, "x": 450.0, "y": 7160.0}, {"i": 11, "x": 450.0, "y": 8222.0}, {"i": 12, "x": 456.0, "y": 5718.0}, {"i": 13, "x": 460.0, "y": 4842.0}, {"i": 14, "x": 478.0, "y": 5756.0}, {"i": 15, "x": 488.0, "y": 5748.0}, {"i": 16, "x": 488.0, "y": 7208.0}, {"i": 17, "x": 508.0, "y": 5706.0}, {"i": 18, "x": 508.0, "y": 5944.0}, {"i": 19, "x": 520.0, "y": 5688.0}, {"i": 20, "x": 520.0, "y": 8000.0}, {"i": 21, "x": 536.0, "y": 4956.0}, {"i": 22, "x": 538.0, "y": 5336.0}, {"i": 23, "x": 544.0, "y": 7804.0}, {"i": 24, "x": 548.0, "y": 7830.0}, {"i": 25, "x": 550.0, "y": 7956.0}, {"i": 26, "x": 560.0, "y": 7798.0}, {"i": 27, "x": 586.0, "y": 4824.0}, {"i": 28, "x": 594.0, "y": 8300.0}, {"i": 29, "x": 610.0, "y": 5066.0}, {"i": 30, "x": 694.0, "y": 4572.0}, {"i": 31, "x": 716.0, "y": 5386.0}, {"i": 32, "x": 764.0, "y": 5306.0}, {"i": 33, "x": 812.0, "y": 4926.0}, {"i": 34, "x": 812.0, "y": 5104.0}, {"i": 35, "x": 842.0, "y": 8730.0}, {"i": 36, "x": 852.0, "y": 6844.0}, {"i": 37, "x": 892.0, "y": 4710.0}, {"i": 38, "x": 914.0, "y": 4916.0}, {"i": 39, "x": 928.0, "y": 4772.0}, {"i": 40, "x": 994.0, "y": 4240.0}, {"i": 41, "x": 1054.0, "y": 4768.0}, {"i": 42, "x": 1124.0, "y": 5306.0}, {"i": 43, "x": 1158.0, "y": 7762.0}, {"i": 44, "x": 1160.0, "y": 5600.0}, {"i": 45, "x": 1250.0, "y": 3884.0}, {"i": 46, "x": 1252.0, "y": 4462.0}, {"i": 47, "x": 1302.0, "y": 4158.0}, {"i": 48, "x": 1312.0, "y": 4564.0}, {"i": 49, "x": 1406.0, "y": 4452.0}, {"i": 50, "x": 1412.0, "y": 4418.0}, {"i": 51, "x": 1440.0, "y": 3798.0}, {"i": 52, "x": 1456.0, "y": 8728.0}, {"i": 53, "x": 1510.0, "y": 4180.0}, {"i": 54, "x": 1544.0, "y": 4126.0}, {"i": 55, "x": 1546.0, "y": 4136.0}, {"i": 56, "x": 1596.0, "y": 7252.0}, {"i": 57, "x": 1682.0, "y": 3710.0}, {"i": 58, "x": 1704.0, "y": 3686.0}, {"i": 59, "x": 1728.0, "y": 3820.0}, {"i": 60, "x": 1738.0, "y": 3796.0}, {"i": 61, "x": 1758.0, "y": 3932.0}, {"i": 62, "x": 1804.0, "y": 3700.0}, {"i": 63, "x": 1820.0, "y": 3802.0}, {"i": 64, "x": 1836.0, "y": 3782.0}, {"i": 65, "x": 1854.0, "y": 3752.0}, {"i": 66, "x": 1880.0, "y": 3770.0}, {"i": 67, "x": 1910.0, "y": 7852.0}, {"i": 68, "x": 1970.0, "y": 7872.0}, {"i": 69, "x": 1978.0, "y": 3820.0}, {"i": 70, "x": 1980.0, "y": 3774.0}, {"i": 71, "x": 2010.0, "y": 3524.0}, {"i": 72, "x": 2010.0, "y": 8274.0}, {"i": 73, "x": 2038.0, "y": 3392.0}, {"i": 74, "x": 2042.0, "y": 3838.0}, {"i": 75, "x": 2052.0, "y": 3386.0}, {"i": 76, "x": 2074.0, "y": 7868.0}, {"i": 77, "x": 2086.0, "y": 3674.0}, {"i": 78, "x": 2096.0, "y": 7868.0}, {"i": 79, "x": 2226.0, "y": 3084.0}, {"i": 80, "x": 2264.0, "y": 3790.0}, {"i": 81, "x": 2288.0, "y": 3686.0}, {"i": 82, "x": 2340.0, "y": 6644.0}, {"i": 83, "x": 2426.0, "y": 4394.0}, {"i": 84, "x": 2610.0, "y": 3340.0}, {"i": 85, "x": 2616.0, "y": 4396.0}, {"i": 86, "x": 2700.0, "y": 4364.0}, {"i": 87, "x": 2868.0, "y": 9442.0}, {"i": 88, "x": 2926.0, "y": 9348.0}, {"i": 89, "x": 2934.0, "y": 8874.0}, {"i": 90, "x": 2968.0, "y": 7838.0}, {"i": 91, "x": 2992.0, "y": 8978.0}, {"i": 92, "x": 3006.0, "y": 9604.0}, {"i": 93, "x": 3014.0, "y": 8880.0}, {"i": 94, "x": 3028.0, "y": 8838.0}, {"i": 95, "x": 3048.0, "y": 8878.0}, {"i": 96, "x": 3050.0, "y": 8850.0}, {"i": 97, "x": 3120.0, "y": 9564.0}, {"i": 98, "x": 3130.0, "y": 9360.0}, {"i": 99, "x": 3136.0, "y": 4686.0}, {"i": 100, "x": 3170.0, "y": 9464.0}, {"i": 101, "x": 3172.0, "y": 9444.0}, {"i": 102, "x": 3174.0, "y": 9442.0}, {"i": 103, "x": 3202.0, "y": 9430.0}, {"i": 104, "x": 3210.0, "y": 9554.0}, {"i": 105, "x": 3234.0, "y": 8826.0}, {"i": 106, "x": 3330.0, "y": 9256.0}, {"i": 107, "x": 3452.0, "y": 3560.0}, {"i": 108, "x": 3560.0, "y": 9294.0}, {"i": 109, "x": 3568.0, "y": 3536.0}, {"i": 110, "x": 3574.0, "y": 3646.0}, {"i": 111, "x": 3582.0, "y": 3476.0}, {"i": 112, "x": 3590.0, "y": 5728.0}, {"i": 113, "x": 3598.0, "y": 3664.0}, {"i": 114, "x": 3606.0, "y": 7680.0}, {"i": 115, "x": 3634.0, "y": 7538.0}, {"i": 116, "x": 3682.0, "y": 9390.0}, {"i": 117, "x": 3694.0, "y": 5634.0}, {"i": 118, "x": 3720.0, "y": 3592.0}, {"i": 119, "x": 3722.0, "y": 3584.0}, {"i": 120, "x": 3748.0, "y": 7822.0}, {"i": 121, "x": 3932.0, "y": 3580.0}, {"i": 122, "x": 3954.0, "y": 1944.0}, {"i": 123, "x": 3970.0, "y": 8556.0}, {"i": 124, "x": 4178.0, "y": 8760.0}, {"i": 125, "x": 4212.0, "y": 432.0}, {"i": 126, "x": 4236.0, "y": 4608.0}, {"i": 127, "x": 4326.0, "y": 9606.0}, {"i": 128, "x": 4370.0, "y": 1686.0}, {"i": 129, "x": 4380.0, "y": 8926.0}, {"i": 130, "x": 4388.0, "y": 3466.0}, {"i": 131, "x": 4414.0, "y": 1516.0}, {"i": 132, "x": 4418.0, "y": 9032.0}, {"i": 133, "x": 4420.0, "y": 9484.0}, {"i": 134, "x": 4512.0, "y": 1328.0}, {"i": 135, "x": 4648.0, "y": 8398.0}, {"i": 136, "x": 4674.0, "y": 4598.0}, {"i": 137, "x": 4722.0, "y": 7342.0}, {"i": 138, "x": 4772.0, "y": 4606.0}, {"i": 139, "x": 5016.0, "y": 994.0}, {"i": 140, "x": 5092.0, "y": 5366.0}, {"i": 141, "x": 5142.0, "y": 9192.0}, {"i": 142, "x": 5174.0, "y": 1502.0}, {"i": 143, "x": 5244.0, "y": 9224.0}, {"i": 144, "x": 5276.0, "y": 3078.0}, {"i": 145, "x": 5290.0, "y": 3096.0}, {"i": 146, "x": 5292.0, "y": 516.0}, {"i": 147, "x": 5294.0, "y": 4322.0}, {"i": 148, "x": 5302.0, "y": 6404.0}, {"i": 149, "x": 5344.0, "y": 3032.0}, {"i": 150, "x": 5360.0, "y": 2972.0}, {"i": 151, "x": 5362.0, "y": 3114.0}, {"i": 152, "x": 5376.0, "y": 3414.0}, {"i": 153, "x": 5478.0, "y": 468.0}, {"i": 154, "x": 5494.0, "y": 3566.0}, {"i": 155, "x": 5612.0, "y": 142.0}, {"i": 156, "x": 5616.0, "y": 6406.0}, {"i": 157, "x": 5654.0, "y": 9222.0}, {"i": 158, "x": 5662.0, "y": 9228.0}, {"i": 159, "x": 5666.0, "y": 5706.0}, {"i": 160, "x": 5744.0, "y": 5284.0}, {"i": 161, "x": 5752.0, "y": 5214.0}, {"i": 162, "x": 5764.0, "y": 5228.0}, {"i": 163, "x": 5766.0, "y": 5520.0}, {"i": 164, "x": 5784.0, "y": 5036.0}, {"i": 165, "x": 5790.0, "y": 5690.0}, {"i": 166, "x": 5838.0, "y": 3574.0}, {"i": 167, "x": 5842.0, "y": 5200.0}, {"i": 168, "x": 5940.0, "y": 8704.0}, {"i": 169, "x": 5944.0, "y": 3400.0}, {"i": 170, "x": 5952.0, "y": 4806.0}, {"i": 171, "x": 5974.0, "y": 7966.0}, {"i": 172, "x": 5998.0, "y": 5666.0}, {"i": 173, "x": 6000.0, "y": 3238.0}, {"i": 174, "x": 6006.0, "y": 8052.0}, {"i": 175, "x": 6048.0, "y": 3214.0}, {"i": 176, "x": 6062.0, "y": 1092.0}, {"i": 177, "x": 6102.0, "y": 2962.0}, {"i": 178, "x": 6104.0, "y": 3062.0}, {"i": 179, "x": 6110.0, "y": 1266.0}, {"i": 180, "x": 6116.0, "y": 3110.0}, {"i": 181, "x": 6154.0, "y": 426.0}, {"i": 182, "x": 6168.0, "y": 7706.0}, {"i": 183, "x": 6172.0, "y": 1274.0}, {"i": 184, "x": 6176.0, "y": 1330.0}, {"i": 185, "x": 6186.0, "y": 1204.0}, {"i": 186, "x": 6194.0, "y": 8012.0}, {"i": 187, "x": 6204.0, "y": 8050.0}, {"i": 188, "x": 6206.0, "y": 8230.0}, {"i": 189, "x": 6212.0, "y": 6792.0}, {"i": 190, "x": 6216.0, "y": 3860.0}, {"i": 191, "x": 6218.0, "y": 7920.0}, {"i": 192, "x": 6226.0, "y": 8090.0}, {"i": 193, "x": 6244.0, "y": 8614.0}, {"i": 194, "x": 6292.0, "y": 1290.0}, {"i": 195, "x": 6356.0, "y": 8832.0}, {"i": 196, "x": 6380.0, "y": 3222.0}, {"i": 197, "x": 6382.0, "y": 8022.0}, {"i": 198, "x": 6386.0, "y": 8240.0}, {"i": 199, "x": 6398.0, "y": 7844.0}, {"i": 200, "x": 6420.0, "y": 7978.0}, {"i": 201, "x": 6424.0, "y": 7880.0}, {"i": 202, "x": 6448.0, "y": 7930.0}, {"i": 203, "x": 6478.0, "y": 8140.0}, {"i": 204, "x": 6504.0, "y": 470.0}, {"i": 205, "x": 6504.0, "y": 7952.0}, {"i": 206, "x": 6512.0, "y": 3126.0}, {"i": 207, "x": 6636.0, "y": 4094.0}, {"i": 208, "x": 6652.0, "y": 3614.0}, {"i": 209, "x": 6656.0, "y": 948.0}, {"i": 210, "x": 6662.0, "y": 280.0}, {"i": 211, "x": 6678.0, "y": 8814.0}, {"i": 212, "x": 6692.0, "y": 8434.0}, {"i": 213, "x": 6712.0, "y": 3276.0}, {"i": 214, "x": 6838.0, "y": 2768.0}, {"i": 215, "x": 6902.0, "y": 8510.0}, {"i": 216, "x": 7006.0, "y": 630.0}, {"i": 217, "x": 7034.0, "y": 3290.0}, {"i": 218, "x": 7080.0, "y": 3312.0}, {"i": 219, "x": 7142.0, "y": 1280.0}, {"i": 220, "x": 7176.0, "y": 1224.0}, {"i": 221, "x": 7214.0, "y": 1286.0}, {"i": 222, "x": 7236.0, "y": 5264.0}, {"i": 223, "x": 7238.0, "y": 2124.0}, {"i": 224, "x": 7294.0, "y": 8504.0}, {"i": 225, "x": 7338.0, "y": 1778.0}, {"i": 226, "x": 7342.0, "y": 8798.0}, {"i": 227, "x": 7368.0, "y": 2102.0}, {"i": 228, "x": 7382.0, "y": 2104.0}, {"i": 229, "x": 7402.0, "y": 8516.0}, {"i": 230, "x": 7456.0, "y": 7076.0}, {"i": 231, "x": 7502.0, "y": 8542.0}, {"i": 232, "x": 7536.0, "y": 38.0}, {"i": 233, "x": 7552.0, "y": 5064.0}, {"i": 234, "x": 7590.0, "y": 2150.0}, {"i": 235, "x": 7590.0, "y": 2778.0}, {"i": 236, "x": 7606.0, "y": 2114.0}, {"i": 237, "x": 7624.0, "y": 2138.0}, {"i": 238, "x": 7630.0, "y": 2132.0}, {"i": 239, "x": 7646.0, "y": 3572.0}, {"i": 240, "x": 7650.0, "y": 7156.0}, {"i": 241, "x": 7654.0, "y": 6670.0}, {"i": 242, "x": 7656.0, "y": 2354.0}, {"i": 243, "x": 7662.0, "y": 3944.0}, {"i": 244, "x": 7664.0, "y": 7186.0}, {"i": 245, "x": 7666.0, "y": 5732.0}, {"i": 246, "x": 7670.0, "y": 3198.0}, {"i": 247, "x": 7676.0, "y": 1398.0}, {"i": 248, "x": 7692.0, "y": 7976.0}, {"i": 249, "x": 7720.0, "y": 2450.0}, {"i": 250, "x": 7746.0, "y": 4626.0}, {"i": 251, "x": 7760.0, "y": 2320.0}, {"i": 252, "x": 7762.0, "y": 3408.0}, {"i": 253, "x": 7774.0, "y": 1514.0}, {"i": 254, "x": 7790.0, "y": 2254.0}, {"i": 255, "x": 7802.0, "y": 1434.0}, {"i": 256, "x": 7824.0, "y": 316.0}, {"i": 257, "x": 7826.0, "y": 2728.0}, {"i": 258, "x": 7830.0, "y": 1980.0}, {"i": 259, "x": 7830.0, "y": 2222.0}, {"i": 260, "x": 7832.0, "y": 2258.0}, {"i": 261, "x": 7838.0, "y": 2260.0}, {"i": 262, "x": 7838.0, "y": 3284.0}, {"i": 263, "x": 7840.0, "y": 2674.0}, {"i": 264, "x": 7856.0, "y": 2700.0}, {"i": 265, "x": 7866.0, "y": 696.0}, {"i": 266, "x": 7874.0, "y": 3520.0}, {"i": 267, "x": 7874.0, "y": 4122.0}, {"i": 268, "x": 7876.0, "y": 3230.0}, {"i": 269, "x": 7890.0, "y": 1896.0}, {"i": 270, "x": 7908.0, "y": 3406.0}, {"i": 271, "x": 7914.0, "y": 4134.0}, {"i": 272, "x": 7916.0, "y": 1434.0}, {"i": 273, "x": 7932.0, "y": 4826.0}, {"i": 274, "x": 7946.0, "y": 1906.0}, {"i": 275, "x": 7964.0, "y": 4256.0}, {"i": 276, "x": 7972.0, "y": 3380.0}, {"i": 277, "x": 7974.0, "y": 1954.0}, {"i": 278, "x": 7974.0, "y": 2822.0}, {"i": 279, "x": 7976.0, "y": 2468.0}, {"i": 280, "x": 7990.0, "y": 4888.0}, {"i": 281, "x": 8014.0, "y": 2584.0}, {"i": 282, "x": 8016.0, "y": 3406.0}, {"i": 283, "x": 8046.0, "y": 7980.0}, {"i": 284, "x": 8060.0, "y": 5374.0}, {"i": 285, "x": 8080.0, "y": 3348.0}, {"i": 286, "x": 8084.0, "y": 3288.0}, {"i": 287, "x": 8086.0, "y": 7960.0}, {"i": 288, "x": 8088.0, "y": 8554.0}, {"i": 289, "x": 8096.0, "y": 3640.0}, {"i": 290, "x": 8096.0, "y": 6230.0}, {"i": 291, "x": 8096.0, "y": 8522.0}, {"i": 292, "x": 8098.0, "y": 8750.0}, {"i": 293, "x": 8100.0, "y": 3466.0}, {"i": 294, "x": 8102.0, "y": 4722.0}, {"i": 295, "x": 8118.0, "y": 5032.0}, {"i": 296, "x": 8124.0, "y": 3440.0}, {"i": 297, "x": 8124.0, "y": 7924.0}, {"i": 298, "x": 8130.0, "y": 3498.0}, {"i": 299, "x": 8136.0, "y": 8482.0}, {"i": 300, "x": 8138.0, "y": 4348.0}, {"i": 301, "x": 8152.0, "y": 3526.0}, {"i": 302, "x": 8152.0, "y": 7590.0}, {"i": 303, "x": 8154.0, "y": 3804.0}, {"i": 304, "x": 8156.0, "y": 3290.0}, {"i": 305, "x": 8178.0, "y": 3422.0}, {"i": 306, "x": 8184.0, "y": 7228.0}, {"i": 307, "x": 8196.0, "y": 5812.0}, {"i": 308, "x": 8198.0, "y": 3490.0}, {"i": 309, "x": 8216.0, "y": 3396.0}, {"i": 310, "x": 8220.0, "y": 3408.0}, {"i": 311, "x": 8240.0, "y": 7428.0}, {"i": 312, "x": 8242.0, "y": 3686.0}, {"i": 313, "x": 8248.0, "y": 3424.0}, {"i": 314, "x": 8256.0, "y": 4446.0}, {"i": 315, "x": 8258.0, "y": 6122.0}, {"i": 316, "x": 8272.0, "y": 5378.0}, {"i": 317, "x": 8288.0, "y": 6324.0}, {"i": 318, "x": 8290.0, "y": 3450.0}, {"i": 319, "x": 8294.0, "y": 3776.0}, {"i": 320, "x": 8296.0, "y": 3586.0}, {"i": 321, "x": 8316.0, "y": 2754.0}, {"i": 322, "x": 8326.0, "y": 4350.0}, {"i": 323, "x": 8334.0, "y": 5914.0}, {"i": 324, "x": 8340.0, "y": 3058.0}, {"i": 325, "x": 8344.0, "y": 4366.0}, {"i": 326, "x": 8354.0, "y": 5860.0}, {"i": 327, "x": 8372.0, "y": 3486.0}, {"i": 328, "x": 8380.0, "y": 4368.0}, {"i": 329, "x": 8380.0, "y": 8610.0}, {"i": 330, "x": 8390.0, "y": 6448.0}, {"i": 331, "x": 8398.0, "y": 4290.0}, {"i": 332, "x": 8400.0, "y": 2512.0}, {"i": 333, "x": 8444.0, "y": 2548.0}, {"i": 334, "x": 8452.0, "y": 2440.0}, {"i": 335, "x": 8470.0, "y": 2580.0}, {"i": 336, "x": 8478.0, "y": 3068.0}, {"i": 337, "x": 8480.0, "y": 4432.0}, {"i": 338, "x": 8488.0, "y": 7834.0}, {"i": 339, "x": 8510.0, "y": 2580.0}, {"i": 340, "x": 8512.0, "y": 2526.0}, {"i": 341, "x": 8516.0, "y": 7164.0}, {"i": 342, "x": 8566.0, "y": 2614.0}, {"i": 343, "x": 8586.0, "y": 2416.0}, {"i": 344, "x": 8600.0, "y": 7120.0}, {"i": 345, "x": 8612.0, "y": 2358.0}, {"i": 346, "x": 8622.0, "y": 2446.0}, {"i": 347, "x": 8632.0, "y": 2482.0}, {"i": 348, "x": 8640.0, "y": 3212.0}, {"i": 349, "x": 8652.0, "y": 2398.0}, {"i": 350, "x": 8666.0, "y": 5234.0}, {"i": 351, "x": 8706.0, "y": 5252.0}, {"i": 352, "x": 8706.0, "y": 5292.0}, {"i": 353, "x": 8708.0, "y": 5678.0}, {"i": 354, "x": 8710.0, "y": 2540.0}, {"i": 355, "x": 8712.0, "y": 5350.0}, {"i": 356, "x": 8716.0, "y": 2526.0}, {"i": 357, "x": 8718.0, "y": 2488.0}, {"i": 358, "x": 8722.0, "y": 5350.0}, {"i": 359, "x": 8738.0, "y": 5214.0}, {"i": 360, "x": 8742.0, "y": 3284.0}, {"i": 361, "x": 8746.0, "y": 5186.0}, {"i": 362, "x": 8758.0, "y": 3286.0}, {"i": 363, "x": 8758.0, "y": 5214.0}, {"i": 364, "x": 8782.0, "y": 6656.0}, {"i": 365, "x": 8784.0, "y": 5218.0}, {"i": 366, "x": 8806.0, "y": 5322.0}, {"i": 367, "x": 8812.0, "y": 4618.0}, {"i": 368, "x": 8824.0, "y": 5254.0}, {"i": 369, "x": 8834.0, "y": 5264.0}, {"i": 370, "x": 8834.0, "y": 7202.0}, {"i": 371, "x": 8844.0, "y": 3314.0}, {"i": 372, "x": 8858.0, "y": 5326.0}, {"i": 373, "x": 8872.0, "y": 5702.0}, {"i": 374, "x": 8890.0, "y": 7474.0}, {"i": 375, "x": 8908.0, "y": 5258.0}, {"i": 376, "x": 8938.0, "y": 6312.0}, {"i": 377, "x": 8952.0, "y": 4464.0}, {"i": 378, "x": 8968.0, "y": 4476.0}, {"i": 379, "x": 8974.0, "y": 4412.0}, {"i": 380, "x": 8976.0, "y": 7228.0}, {"i": 381, "x": 8992.0, "y": 3320.0}, {"i": 382, "x": 9056.0, "y": 8878.0}, {"i": 383, "x": 9092.0, "y": 3430.0}, {"i": 384, "x": 9094.0, "y": 3266.0}, {"i": 385, "x": 9110.0, "y": 7126.0}, {"i": 386, "x": 9114.0, "y": 3322.0}, {"i": 387, "x": 9116.0, "y": 7162.0}, {"i": 388, "x": 9166.0, "y": 3426.0}, {"i": 389, "x": 9172.0, "y": 3396.0}, {"i": 390, "x": 9180.0, "y": 4548.0}, {"i": 391, "x": 9188.0, "y": 7072.0}, {"i": 392, "x": 9200.0, "y": 7042.0}, {"i": 393, "x": 9206.0, "y": 4734.0}, {"i": 394, "x": 9210.0, "y": 4516.0}, {"i": 395, "x": 9214.0, "y": 2880.0}, {"i": 396, "x": 9218.0, "y": 6996.0}, {"i": 397, "x": 9220.0, "y": 7142.0}, {"i": 398, "x": 9230.0, "y": 2654.0}, {"i": 399, "x": 9230.0, "y": 4066.0}, {"i": 400, "x": 9230.0, "y": 6946.0}, {"i": 401, "x": 9232.0, "y": 2582.0}, {"i": 402, "x": 9250.0, "y": 7042.0}, {"i": 403, "x": 9262.0, "y": 4730.0}, {"i": 404, "x": 9266.0, "y": 6266.0}, {"i": 405, "x": 9288.0, "y": 7048.0}, {"i": 406, "x": 9314.0, "y": 2598.0}, {"i": 407, "x": 9358.0, "y": 8504.0}, {"i": 408, "x": 9366.0, "y": 5012.0}, {"i": 409, "x": 9384.0, "y": 3326.0}, {"i": 410, "x": 9398.0, "y": 4894.0}, {"i": 411, "x": 9400.0, "y": 4854.0}, {"i": 412, "x": 9406.0, "y": 3974.0}, {"i": 413, "x": 9434.0, "y": 3782.0}, {"i": 414, "x": 9440.0, "y": 3926.0}, {"i": 415, "x": 9476.0, "y": 3706.0}, {"i": 416, "x": 9484.0, "y": 3964.0}, {"i": 417, "x": 9516.0, "y": 5228.0}, {"i": 418, "x": 9526.0, "y": 3990.0}, {"i": 419, "x": 9540.0, "y": 3972.0}, {"i": 420, "x": 9540.0, "y": 4034.0}, {"i": 421, "x": 9554.0, "y": 2704.0}, {"i": 422, "x": 9556.0, "y": 4318.0}, {"i": 423, "x": 9598.0, "y": 4048.0}, {"i": 424, "x": 9602.0, "y": 2556.0}, {"i": 425, "x": 9602.0, "y": 6674.0}, {"i": 426, "x": 9656.0, "y": 4938.0}, {"i": 427, "x": 9670.0, "y": 6140.0}, {"i": 428, "x": 9712.0, "y": 4380.0}, {"i": 429, "x": 9732.0, "y": 4288.0}, {"i": 430, "x": 9766.0, "y": 6990.0}, {"i": 431, "x": 9806.0, "y": 2474.0}, {"i": 432, "x": 9814.0, "y": 2702.0}, {"i": 433, "x": 9838.0, "y": 6706.0}, {"i": 434, "x": 9864.0, "y": 6732.0}, {"i": 435, "x": 9876.0, "y": 3608.0}, {"i": 436, "x": 9888.0, "y": 2540.0}, {"i": 437, "x": 9890.0, "y": 5126.0}, {"i": 438, "x": 9906.0, "y": 2674.0}, {"i": 439, "x": 9920.0, "y": 4236.0}, {"i": 440, "x": 9942.0, "y": 2498.0}, {"i": 441, "x": 9968.0, "y": 3690.0}, {"i": 442, "x": 9970.0, "y": 5138.0}, {"i": 443, "x": 9974.0, "y": 2626.0}, {"i": 444, "x": 9980.0, "y": 2484.0}, {"i": 445, "x": 9980.0, "y": 3922.0}, {"i": 446, "x": 9986.0, "y": 4232.0}, {"i": 447, "x": 9994.0, "y": 4854.0}, {"i": 448, "x": 10002.0, "y": 5070.0}, {"i": 449, "x": 10018.0, "y": 5032.0}, {"i": 450, "x": 10024.0, "y": 5596.0}, {"i": 451, "x": 10026.0, "y": 6018.0}, {"i": 452, "x": 10044.0, "y": 5124.0}, {"i": 453, "x": 10054.0, "y": 2728.0}, {"i": 454, "x": 10066.0, "y": 2588.0}, {"i": 455, "x": 10074.0, "y": 5056.0}, {"i": 456, "x": 10078.0, "y": 5800.0}, {"i": 457, "x": 10084.0, "y": 3236.0}, {"i": 458, "x": 10100.0, "y": 5098.0}, {"i": 459, "x": 10102.0, "y": 5846.0}, {"i": 460, "x": 10102.0, "y": 6032.0}, {"i": 461, "x": 10132.0, "y": 6120.0}, {"i": 462, "x": 10152.0, "y": 3304.0}, {"i": 463, "x": 10152.0, "y": 5120.0}, {"i": 464, "x": 10160.0, "y": 2518.0}, {"i": 465, "x": 10182.0, "y": 2324.0}, {"i": 466, "x": 10188.0, "y": 4482.0}, {"i": 467, "x": 10202.0, "y": 4346.0}, {"i": 468, "x": 10226.0, "y": 2570.0}, {"i": 469, "x": 10232.0, "y": 5052.0}, {"i": 470, "x": 10244.0, "y": 2818.0}, {"i": 471, "x": 10244.0, "y": 3726.0}, {"i": 472, "x": 10246.0, "y": 2782.0}, {"i": 473, "x": 10280.0, "y": 4140.0}, {"i": 474, "x": 10302.0, "y": 7392.0}, {"i": 475, "x": 10306.0, "y": 6398.0}, {"i": 476, "x": 10310.0, "y": 4294.0}, {"i": 477, "x": 10320.0, "y": 6026.0}, {"i": 478, "x": 10338.0, "y": 5126.0}, {"i": 479, "x": 10342.0, "y": 5762.0}, {"i": 480, "x": 10346.0, "y": 2812.0}, {"i": 481, "x": 10356.0, "y": 6242.0}, {"i": 482, "x": 10366.0, "y": 6500.0}, {"i": 483, "x": 10368.0, "y": 3994.0}, {"i": 484, "x": 10402.0, "y": 3102.0}, {"i": 485, "x": 10402.0, "y": 6512.0}, {"i": 486, "x": 10414.0, "y": 7342.0}, {"i": 487, "x": 10422.0, "y": 7334.0}, {"i": 488, "x": 10440.0, "y": 5070.0}, {"i": 489, "x": 10444.0, "y": 3712.0}, {"i": 490, "x": 10446.0, "y": 3872.0}, {"i": 491, "x": 10460.0, "y": 6714.0}, {"i": 492, "x": 10468.0, "y": 5714.0}, {"i": 493, "x": 10488.0, "y": 5518.0}, {"i": 494, "x": 10492.0, "y": 6114.0}, {"i": 495, "x": 10496.0, "y": 4378.0}, {"i": 496, "x": 10516.0, "y": 4834.0}, {"i": 497, "x": 10526.0, "y": 4042.0}, {"i": 498, "x": 10528.0, "y": 6488.0}, {"i": 499, "x": 10534.0, "y": 4906.0}, {"i": 500, "x": 10544.0, "y": 3592.0}, {"i": 501, "x": 10544.0, "y": 5492.0}, {"i": 502, "x": 10550.0, "y": 4310.0}, {"i": 503, "x": 10610.0, "y": 3268.0}, {"i": 504, "x": 10612.0, "y": 4552.0}, {"i": 505, "x": 10622.0, "y": 4910.0}, {"i": 506, "x": 10622.0, "y": 6804.0}, {"i": 507, "x": 10626.0, "y": 6748.0}, {"i": 508, "x": 10636.0, "y": 4402.0}, {"i": 509, "x": 10648.0, "y": 5158.0}, {"i": 510, "x": 10668.0, "y": 3132.0}, {"i": 511, "x": 10676.0, "y": 4362.0}, {"i": 512, "x": 10678.0, "y": 4668.0}, {"i": 513, "x": 10680.0, "y": 3310.0}, {"i": 514, "x": 10692.0, "y": 6440.0}, {"i": 515, "x": 10700.0, "y": 6436.0}, {"i": 516, "x": 10704.0, "y": 6840.0}, {"i": 517, "x": 10708.0, "y": 5602.0}, {"i": 518, "x": 10714.0, "y": 6346.0}, {"i": 519, "x": 10720.0, "y": 6036.0}, {"i": 520, "x": 10728.0, "y": 2752.0}, {"i": 521, "x": 10756.0, "y": 3722.0}, {"i": 522, "x": 10756.0, "y": 4372.0}, {"i": 523, "x": 10756.0, "y": 6014.0}, {"i": 524, "x": 10776.0, "y": 2934.0}, {"i": 525, "x": 10778.0, "y": 7300.0}, {"i": 526, "x": 10796.0, "y": 6528.0}, {"i": 527, "x": 10802.0, "y": 5306.0}, {"i": 528, "x": 10806.0, "y": 4372.0}, {"i": 529, "x": 10808.0, "y": 6270.0}, {"i": 530, "x": 10816.0, "y": 6644.0}, {"i": 531, "x": 10826.0, "y": 5614.0}, {"i": 532, "x": 10862.0, "y": 5994.0}, {"i": 533, "x": 10872.0, "y": 6696.0}, {"i": 534, "x": 10878.0, "y": 6216.0}, {"i": 535, "x": 10886.0, "y": 6202.0}, {"i": 536, "x": 10922.0, "y": 5588.0}, {"i": 537, "x": 10928.0, "y": 4900.0}, {"i": 538, "x": 10938.0, "y": 5978.0}, {"i": 539, "x": 10954.0, "y": 4722.0}, {"i": 540, "x": 10958.0, "y": 5410.0}, {"i": 541, "x": 10968.0, "y": 4606.0}, {"i": 542, "x": 10968.0, "y": 5396.0}, {"i": 543, "x": 11000.0, "y": 7270.0}, {"i": 544, "x": 11056.0, "y": 4804.0}, {"i": 545, "x": 11060.0, "y": 4736.0}, {"i": 546, "x": 11062.0, "y": 4876.0}, {"i": 547, "x": 11074.0, "y": 5400.0}, {"i": 548, "x": 11108.0, "y": 4238.0}, {"i": 549, "x": 11130.0, "y": 3624.0}, {"i": 550, "x": 11136.0, "y": 5720.0}, {"i": 551, "x": 11158.0, "y": 5782.0}, {"i": 552, "x": 11168.0, "y": 3808.0}, {"i": 553, "x": 11170.0, "y": 4446.0}, {"i": 554, "x": 11190.0, "y": 3650.0}, {"i": 555, "x": 11200.0, "y": 3426.0}, {"i": 556, "x": 11212.0, "y": 3992.0}, {"i": 557, "x": 11214.0, "y": 3864.0}, {"i": 558, "x": 11214.0, "y": 6122.0}, {"i": 559, "x": 11218.0, "y": 4444.0}, {"i": 560, "x": 11220.0, "y": 3664.0}, {"i": 561, "x": 11226.0, "y": 5648.0}, {"i": 562, "x": 11228.0, "y": 3950.0}, {"i": 563, "x": 11254.0, "y": 4500.0}, {"i": 564, "x": 11258.0, "y": 2962.0}, {"i": 565, "x": 11258.0, "y": 3748.0}, {"i": 566, "x": 11268.0, "y": 4336.0}, {"i": 567, "x": 11288.0, "y": 4474.0}, {"i": 568, "x": 11304.0, "y": 4670.0}, {"i": 569, "x": 11356.0, "y": 5778.0}, {"i": 570, "x": 11358.0, "y": 5480.0}, {"i": 571, "x": 11374.0, "y": 3104.0}, {"i": 572, "x": 11376.0, "y": 5534.0}, {"i": 573, "x": 11378.0, "y": 5436.0}, {"i": 574, "x": 11394.0, "y": 6132.0}, {"i": 575, "x": 11402.0, "y": 5326.0}, {"i": 576, "x": 11416.0, "y": 5332.0}, {"i": 577, "x": 11458.0, "y": 6070.0}, {"i": 578, "x": 11466.0, "y": 4890.0}, {"i": 579, "x": 11476.0, "y": 5414.0}, {"i": 580, "x": 11502.0, "y": 4654.0}, {"i": 581, "x": 11520.0, "y": 4984.0}, {"i": 582, "x": 11524.0, "y": 6450.0}, {"i": 583, "x": 11548.0, "y": 6442.0}, {"i": 584, "x": 11552.0, "y": 2568.0}, {"i": 585, "x": 11566.0, "y": 5118.0}, {"i": 586, "x": 11602.0, "y": 4758.0}, {"i": 587, "x": 11614.0, "y": 4088.0}, {"i": 588, "x": 11638.0, "y": 4082.0}, {"i": 589, "x": 11642.0, "y": 4084.0}, {"i": 590, "x": 11648.0, "y": 5914.0}, {"i": 591, "x": 11682.0, "y": 4000.0}, {"i": 592, "x": 11700.0, "y": 3646.0}, {"i": 593, "x": 11702.0, "y": 3718.0}, {"i": 594, "x": 11704.0, "y": 3232.0}, {"i": 595, "x": 11704.0, "y": 4094.0}, {"i": 596, "x": 11710.0, "y": 5166.0}, {"i": 597, "x": 11748.0, "y": 3328.0}, {"i": 598, "x": 11750.0, "y": 3736.0}, {"i": 599, "x": 11754.0, "y": 3528.0}, {"i": 600, "x": 11756.0, "y": 5004.0}, {"i": 601, "x": 11758.0, "y": 4008.0}, {"i": 602, "x": 11760.0, "y": 3680.0}, {"i": 603, "x": 11766.0, "y": 6636.0}, {"i": 604, "x": 11772.0, "y": 6382.0}, {"i": 605, "x": 11798.0, "y": 3188.0}, {"i": 606, "x": 11808.0, "y": 4972.0}, {"i": 607, "x": 11810.0, "y": 2838.0}, {"i": 608, "x": 11848.0, "y": 5710.0}, {"i": 609, "x": 11850.0, "y": 5022.0}, {"i": 610, "x": 11856.0, "y": 3566.0}, {"i": 611, "x": 11886.0, "y": 4300.0}, {"i": 612, "x": 11900.0, "y": 6172.0}, {"i": 613, "x": 11908.0, "y": 5508.0}, {"i": 614, "x": 11914.0, "y": 2726.0}, {"i": 615, "x": 11922.0, "y": 5436.0}, {"i": 616, "x": 11926.0, "y": 3568.0}, {"i": 617, "x": 11926.0, "y": 4466.0}, {"i": 618, "x": 11936.0, "y": 4452.0}, {"i": 619, "x": 11956.0, "y": 5248.0}, {"i": 620, "x": 11960.0, "y": 5364.0}, {"i": 621, "x": 11962.0, "y": 2684.0}, {"i": 622, "x": 11968.0, "y": 5980.0}, {"i": 623, "x": 11972.0, "y": 6620.0}, {"i": 624, "x": 11978.0, "y": 2906.0}, {"i": 625, "x": 11986.0, "y": 4306.0}, {"i": 626, "x": 11988.0, "y": 3632.0}, {"i": 627, "x": 11996.0, "y": 4462.0}, {"i": 628, "x": 11998.0, "y": 3914.0}, {"i": 629, "x": 11998.0, "y": 5520.0}, {"i": 630, "x": 12002.0, "y": 3584.0}, {"i": 631, "x": 12016.0, "y": 5448.0}, {"i": 632, "x": 12018.0, "y": 3722.0}, {"i": 633, "x": 12018.0, "y": 4776.0}, {"i": 634, "x": 12020.0, "y": 3146.0}, {"i": 635, "x": 12032.0, "y": 5702.0}, {"i": 636, "x": 12036.0, "y": 2916.0}, {"i": 637, "x": 12044.0, "y": 3624.0}, {"i": 638, "x": 12046.0, "y": 3732.0}, {"i": 639, "x": 12060.0, "y": 4714.0}, {"i": 640, "x": 12066.0, "y": 5146.0}, {"i": 641, "x": 12080.0, "y": 6510.0}, {"i": 642, "x": 12088.0, "y": 3398.0}, {"i": 643, "x": 12098.0, "y": 6158.0}, {"i": 644, "x": 12108.0, "y": 4492.0}, {"i": 645, "x": 12114.0, "y": 6420.0}, {"i": 646, "x": 12124.0, "y": 5646.0}, {"i": 647, "x": 12128.0, "y": 3908.0}, {"i": 648, "x": 12130.0, "y": 3898.0}, {"i": 649, "x": 12148.0, "y": 2828.0}, {"i": 650, "x": 12152.0, "y": 6458.0}, {"i": 651, "x": 12210.0, "y": 4602.0}, {"i": 652, "x": 12228.0, "y": 4316.0}, {"i": 653, "x": 12240.0, "y": 2660.0}, {"i": 654, "x": 12244.0, "y": 6268.0}, {"i": 655, "x": 12270.0, "y": 5976.0}, {"i": 656, "x": 12274.0, "y": 6256.0}, {"i": 657, "x": 12280.0, "y": 6304.0}, {"i": 658, "x": 12288.0, "y": 5572.0}, {"i": 659, "x": 12290.0, "y": 6334.0}, {"i": 660, "x": 12314.0, "y": 4902.0}, {"i": 661, "x": 12352.0, "y": 4012.0}, {"i": 662, "x": 12362.0, "y": 5988.0}, {"i": 663, "x": 12364.0, "y": 4616.0}, {"i": 664, "x": 12366.0, "y": 1980.0}, {"i": 665, "x": 12372.0, "y": 6392.0}, {"i": 666, "x": 12388.0, "y": 4824.0}, {"i": 667, "x": 12400.0, "y": 1952.0}, {"i": 668, "x": 12410.0, "y": 6360.0}, {"i": 669, "x": 12416.0, "y": 3598.0}, {"i": 670, "x": 12418.0, "y": 3782.0}, {"i": 671, "x": 12430.0, "y": 1994.0}, {"i": 672, "x": 12432.0, "y": 1822.0}, {"i": 673, "x": 12438.0, "y": 2128.0}, {"i": 674, "x": 12438.0, "y": 5766.0}, {"i": 675, "x": 12446.0, "y": 5540.0}, {"i": 676, "x": 12448.0, "y": 2192.0}, {"i": 677, "x": 12450.0, "y": 4124.0}, {"i": 678, "x": 12452.0, "y": 2230.0}, {"i": 679, "x": 12452.0, "y": 3936.0}, {"i": 680, "x": 12468.0, "y": 4474.0}, {"i": 681, "x": 12468.0, "y": 5806.0}, {"i": 682, "x": 12470.0, "y": 5038.0}, {"i": 683, "x": 12474.0, "y": 1988.0}, {"i": 684, "x": 12474.0, "y": 6414.0}, {"i": 685, "x": 12480.0, "y": 1996.0}, {"i": 686, "x": 12496.0, "y": 5806.0}, {"i": 687, "x": 12520.0, "y": 2622.0}, {"i": 688, "x": 12542.0, "y": 1980.0}, {"i": 689, "x": 12544.0, "y": 3554.0}, {"i": 690, "x": 12560.0, "y": 2344.0}, {"i": 691, "x": 12566.0, "y": 5230.0}, {"i": 692, "x": 12576.0, "y": 2234.0}, {"i": 693, "x": 12588.0, "y": 3558.0}, {"i": 694, "x": 12596.0, "y": 3534.0}, {"i": 695, "x": 12606.0, "y": 1980.0}, {"i": 696, "x": 12608.0, "y": 4262.0}, {"i": 697, "x": 12616.0, "y": 2766.0}, {"i": 698, "x": 12628.0, "y": 4082.0}, {"i": 699, "x": 12640.0, "y": 2176.0}, {"i": 700, "x": 12640.0, "y": 2590.0}, {"i": 701, "x": 12642.0, "y": 5944.0}, {"i": 702, "x": 12644.0, "y": 2678.0}, {"i": 703, "x": 12648.0, "y": 4980.0}, {"i": 704, "x": 12650.0, "y": 1474.0}, {"i": 705, "x": 12654.0, "y": 4944.0}, {"i": 706, "x": 12656.0, "y": 3284.0}, {"i": 707, "x": 12656.0, "y": 3694.0}, {"i": 708, "x": 12660.0, "y": 4876.0}, {"i": 709, "x": 12666.0, "y": 5952.0}, {"i": 710, "x": 12670.0, "y": 5964.0}, {"i": 711, "x": 12680.0, "y": 1498.0}, {"i": 712, "x": 12684.0, "y": 2598.0}, {"i": 713, "x": 12688.0, "y": 5676.0}, {"i": 714, "x": 12710.0, "y": 4158.0}, {"i": 715, "x": 12718.0, "y": 4320.0}, {"i": 716, "x": 12718.0, "y": 5848.0}, {"i": 717, "x": 12724.0, "y": 5552.0}, {"i": 718, "x": 12734.0, "y": 2746.0}, {"i": 719, "x": 12738.0, "y": 5768.0}, {"i": 720, "x": 12748.0, "y": 5856.0}, {"i": 721, "x": 12760.0, "y": 4296.0}, {"i": 722, "x": 12764.0, "y": 4130.0}, {"i": 723, "x": 12766.0, "y": 5946.0}, {"i": 724, "x": 12770.0, "y": 4234.0}, {"i": 725, "x": 12776.0, "y": 2590.0}, {"i": 726, "x": 12778.0, "y": 3770.0}, {"i": 727, "x": 12786.0, "y": 5956.0}, {"i": 728, "x": 12790.0, "y": 4298.0}, {"i": 729, "x": 12796.0, "y": 3808.0}, {"i": 730, "x": 12796.0, "y": 7536.0}, {"i": 731, "x": 12812.0, "y": 3622.0}, {"i": 732, "x": 12814.0, "y": 2030.0}, {"i": 733, "x": 12816.0, "y": 5750.0}, {"i": 734, "x": 12818.0, "y": 2146.0}, {"i": 735, "x": 12832.0, "y": 2066.0}, {"i": 736, "x": 12832.0, "y": 3186.0}, {"i": 737, "x": 12836.0, "y": 2424.0}, {"i": 738, "x": 12836.0, "y": 3216.0}, {"i": 739, "x": 12836.0, "y": 4094.0}, {"i": 740, "x": 12850.0, "y": 2214.0}, {"i": 741, "x": 12850.0, "y": 4058.0}, {"i": 742, "x": 12866.0, "y": 5930.0}, {"i": 743, "x": 12872.0, "y": 2310.0}, {"i": 744, "x": 12872.0, "y": 5874.0}, {"i": 745, "x": 12880.0, "y": 3140.0}, {"i": 746, "x": 12894.0, "y": 3972.0}, {"i": 747, "x": 12898.0, "y": 4308.0}, {"i": 748, "x": 12902.0, "y": 4188.0}, {"i": 749, "x": 12904.0, "y": 5344.0}, {"i": 750, "x": 12934.0, "y": 3240.0}, {"i": 751, "x": 12936.0, "y": 4154.0}, {"i": 752, "x": 12948.0, "y": 6126.0}, {"i": 753, "x": 12950.0, "y": 4234.0}, {"i": 754, "x": 12950.0, "y": 5466.0}, {"i": 755, "x": 12964.0, "y": 5880.0}, {"i": 756, "x": 12982.0, "y": 6568.0}, {"i": 757, "x": 13002.0, "y": 8140.0}, {"i": 758, "x": 13010.0, "y": 5024.0}, {"i": 759, "x": 13014.0, "y": 3830.0}, {"i": 760, "x": 13016.0, "y": 5742.0}, {"i": 761, "x": 13026.0, "y": 6584.0}, {"i": 762, "x": 13030.0, "y": 6618.0}, {"i": 763, "x": 13032.0, "y": 5816.0}, {"i": 764, "x": 13036.0, "y": 4202.0}, {"i": 765, "x": 13038.0, "y": 6614.0}, {"i": 766, "x": 13042.0, "y": 5666.0}, {"i": 767, "x": 13068.0, "y": 4148.0}, {"i": 768, "x": 13070.0, "y": 1284.0}, {"i": 769, "x": 13074.0, "y": 1196.0}, {"i": 770, "x": 13080.0, "y": 1288.0}, {"i": 771, "x": 13086.0, "y": 4246.0}, {"i": 772, "x": 13088.0, "y": 6092.0}, {"i": 773, "x": 13090.0, "y": 5606.0}, {"i": 774, "x": 13094.0, "y": 6566.0}, {"i": 775, "x": 13100.0, "y": 1764.0}, {"i": 776, "x": 13108.0, "y": 4406.0}, {"i": 777, "x": 13122.0, "y": 4296.0}, {"i": 778, "x": 13128.0, "y": 3624.0}, {"i": 779, "x": 13128.0, "y": 3668.0}, {"i": 780, "x": 13130.0, "y": 5398.0}, {"i": 781, "x": 13142.0, "y": 1304.0}, {"i": 782, "x": 13158.0, "y": 4398.0}, {"i": 783, "x": 13158.0, "y": 5382.0}, {"i": 784, "x": 13158.0, "y": 5802.0}, {"i": 785, "x": 13162.0, "y": 1298.0}, {"i": 786, "x": 13174.0, "y": 6550.0}, {"i": 787, "x": 13176.0, "y": 6178.0}, {"i": 788, "x": 13176.0, "y": 6684.0}, {"i": 789, "x": 13182.0, "y": 6654.0}, {"i": 790, "x": 13192.0, "y": 6592.0}, {"i": 791, "x": 13194.0, "y": 4730.0}, {"i": 792, "x": 13196.0, "y": 5918.0}, {"i": 793, "x": 13202.0, "y": 3408.0}, {"i": 794, "x": 13204.0, "y": 5168.0}, {"i": 795, "x": 13208.0, "y": 5524.0}, {"i": 796, "x": 13218.0, "y": 6594.0}, {"i": 797, "x": 13232.0, "y": 3798.0}, {"i": 798, "x": 13232.0, "y": 4380.0}, {"i": 799, "x": 13256.0, "y": 4258.0}, {"i": 800, "x": 13258.0, "y": 6692.0}, {"i": 801, "x": 13264.0, "y": 3430.0}, {"i": 802, "x": 13264.0, "y": 6616.0}, {"i": 803, "x": 13268.0, "y": 5412.0}, {"i": 804, "x": 13290.0, "y": 5670.0}, {"i": 805, "x": 13304.0, "y": 6776.0}, {"i": 806, "x": 13314.0, "y": 5600.0}, {"i": 807, "x": 13314.0, "y": 6850.0}, {"i": 808, "x": 13324.0, "y": 5734.0}, {"i": 809, "x": 13324.0, "y": 6502.0}, {"i": 810, "x": 13332.0, "y": 5626.0}, {"i": 811, "x": 13336.0, "y": 6642.0}, {"i": 812, "x": 13350.0, "y": 5716.0}, {"i": 813, "x": 13360.0, "y": 4382.0}, {"i": 814, "x": 13362.0, "y": 5458.0}, {"i": 815, "x": 13368.0, "y": 7460.0}, {"i": 816, "x": 13374.0, "y": 6706.0}, {"i": 817, "x": 13376.0, "y": 3846.0}, {"i": 818, "x": 13382.0, "y": 3902.0}, {"i": 819, "x": 13384.0, "y": 4382.0}, {"i": 820, "x": 13436.0, "y": 8198.0}, {"i": 821, "x": 13440.0, "y": 4160.0}, {"i": 822, "x": 13446.0, "y": 4052.0}, {"i": 823, "x": 13446.0, "y": 6198.0}, {"i": 824, "x": 13492.0, "y": 3970.0}, {"i": 825, "x": 13500.0, "y": 4100.0}, {"i": 826, "x": 13502.0, "y": 3930.0}, {"i": 827, "x": 13516.0, "y": 3946.0}, {"i": 828, "x": 13518.0, "y": 4102.0}, {"i": 829, "x": 13530.0, "y": 4048.0}, {"i": 830, "x": 13542.0, "y": 6382.0}, {"i": 831, "x": 13552.0, "y": 4760.0}, {"i": 832, "x": 13552.0, "y": 5734.0}, {"i": 833, "x": 13576.0, "y": 3804.0}, {"i": 834, "x": 13592.0, "y": 5356.0}, {"i": 835, "x": 13604.0, "y": 4310.0}, {"i": 836, "x": 13612.0, "y": 190.0}, {"i": 837, "x": 13640.0, "y": 4346.0}, {"i": 838, "x": 13662.0, "y": 6180.0}, {"i": 839, "x": 13678.0, "y": 4440.0}, {"i": 840, "x": 13682.0, "y": 4248.0}, {"i": 841, "x": 13696.0, "y": 4060.0}, {"i": 842, "x": 13708.0, "y": 4870.0}, {"i": 843, "x": 13810.0, "y": 5036.0}, {"i": 844, "x": 13820.0, "y": 3850.0}, {"i": 845, "x": 13890.0, "y": 5294.0}, {"i": 846, "x": 13898.0, "y": 4790.0}, {"i": 847, "x": 13920.0, "y": 4236.0}, {"i": 848, "x": 13924.0, "y": 5066.0}, {"i": 849, "x": 13928.0, "y": 6520.0}, {"i": 850, "x": 13950.0, "y": 4448.0}, {"i": 851, "x": 13952.0, "y": 5272.0}, {"i": 852, "x": 13960.0, "y": 6478.0}, {"i": 853, "x": 13962.0, "y": 4924.0}, {"i": 854, "x": 14000.0, "y": 5134.0}, {"i": 855, "x": 14020.0, "y": 5516.0}, {"i": 856, "x": 14028.0, "y": 5244.0}, {"i": 857, "x": 14050.0, "y": 5234.0}, {"i": 858, "x": 14058.0, "y": 4492.0}, {"i": 859, "x": 14064.0, "y": 5258.0}, {"i": 860, "x": 14064.0, "y": 5634.0}, {"i": 861, "x": 14068.0, "y": 5300.0}, {"i": 862, "x": 14072.0, "y": 6816.0}, {"i": 863, "x": 14078.0, "y": 6450.0}, {"i": 864, "x": 14084.0, "y": 5364.0}, {"i": 865, "x": 14096.0, "y": 5638.0}, {"i": 866, "x": 14102.0, "y": 5234.0}, {"i": 867, "x": 14108.0, "y": 5724.0}, {"i": 868, "x": 14120.0, "y": 5416.0}, {"i": 869, "x": 14150.0, "y": 4756.0}, {"i": 870, "x": 14150.0, "y": 4826.0}, {"i": 871, "x": 14156.0, "y": 4156.0}, {"i": 872, "x": 14194.0, "y": 5262.0}, {"i": 873, "x": 14208.0, "y": 5598.0}, {"i": 874, "x": 14212.0, "y": 4640.0}, {"i": 875, "x": 14216.0, "y": 4650.0}, {"i": 876, "x": 14228.0, "y": 5336.0}, {"i": 877, "x": 14238.0, "y": 4634.0}, {"i": 878, "x": 14246.0, "y": 5572.0}, {"i": 879, "x": 14254.0, "y": 4632.0}, {"i": 880, "x": 14270.0, "y": 5274.0}, {"i": 881, "x": 14274.0, "y": 6598.0}, {"i": 882, "x": 14278.0, "y": 4382.0}, {"i": 883, "x": 14324.0, "y": 5252.0}, {"i": 884, "x": 14358.0, "y": 5406.0}, {"i": 885, "x": 14362.0, "y": 5604.0}, {"i": 886, "x": 14384.0, "y": 5670.0}, {"i": 887, "x": 14386.0, "y": 4542.0}, {"i": 888, "x": 14404.0, "y": 5468.0}, {"i": 889, "x": 14476.0, "y": 5560.0}, {"i": 890, "x": 14478.0, "y": 5452.0}, {"i": 891, "x": 14480.0, "y": 7164.0}, {"i": 892, "x": 14492.0, "y": 7180.0}, {"i": 893, "x": 14498.0, "y": 5636.0}, {"i": 894, "x": 14500.0, "y": 7202.0}, {"i": 895, "x": 14510.0, "y": 5054.0}, {"i": 896, "x": 14522.0, "y": 5076.0}, {"i": 897, "x": 14542.0, "y": 5948.0}, {"i": 898, "x": 14546.0, "y": 5328.0}, {"i": 899, "x": 14564.0, "y": 6538.0}, {"i": 900, "x": 14570.0, "y": 6180.0}, {"i": 901, "x": 14578.0, "y": 5714.0}, {"i": 902, "x": 14580.0, "y": 5616.0}, {"i": 903, "x": 14592.0, "y": 6494.0}, {"i": 904, "x": 14594.0, "y": 5906.0}, {"i": 905, "x": 14600.0, "y": 5568.0}, {"i": 906, "x": 14622.0, "y": 5756.0}, {"i": 907, "x": 14656.0, "y": 5862.0}, {"i": 908, "x": 14658.0, "y": 5638.0}, {"i": 909, "x": 14668.0, "y": 5564.0}, {"i": 910, "x": 14684.0, "y": 5518.0}, {"i": 911, "x": 14694.0, "y": 5616.0}, {"i": 912, "x": 14710.0, "y": 5602.0}, {"i": 913, "x": 14774.0, "y": 5600.0}, {"i": 914, "x": 14786.0, "y": 5808.0}, {"i": 915, "x": 14814.0, "y": 5340.0}, {"i": 916, "x": 14854.0, "y": 5856.0}, {"i": 917, "x": 14860.0, "y": 5734.0}, {"i": 918, "x": 14862.0, "y": 5372.0}, {"i": 919, "x": 14884.0, "y": 7086.0}, {"i": 920, "x": 14888.0, "y": 5728.0}, {"i": 921, "x": 14904.0, "y": 5750.0}, {"i": 922, "x": 14908.0, "y": 5750.0}, {"i": 923, "x": 14908.0, "y": 5934.0}, {"i": 924, "x": 14938.0, "y": 5776.0}, {"i": 925, "x": 14946.0, "y": 5900.0}, {"i": 926, "x": 14956.0, "y": 5468.0}, {"i": 927, "x": 14960.0, "y": 5676.0}, {"i": 928, "x": 14970.0, "y": 7272.0}, {"i": 929, "x": 14972.0, "y": 5682.0}, {"i": 930, "x": 14990.0, "y": 5922.0}, {"i": 931, "x": 14996.0, "y": 5904.0}, {"i": 932, "x": 15002.0, "y": 5836.0}, {"i": 933, "x": 15014.0, "y": 5750.0}, {"i": 934, "x": 15036.0, "y": 5838.0}, {"i": 935, "x": 15042.0, "y": 5754.0}, {"i": 936, "x": 15056.0, "y": 7270.0}, {"i": 937, "x": 15080.0, "y": 7200.0}, {"i": 938, "x": 15100.0, "y": 5880.0}, {"i": 939, "x": 15108.0, "y": 7366.0}, {"i": 940, "x": 15110.0, "y": 6384.0}, {"i": 941, "x": 15116.0, "y": 5966.0}, {"i": 942, "x": 15132.0, "y": 7314.0}, {"i": 943, "x": 15134.0, "y": 7224.0}, {"i": 944, "x": 15134.0, "y": 7236.0}, {"i": 945, "x": 15136.0, "y": 6350.0}, {"i": 946, "x": 15178.0, "y": 6968.0}, {"i": 947, "x": 15202.0, "y": 7240.0}, {"i": 948, "x": 15238.0, "y": 7452.0}, {"i": 949, "x": 15246.0, "y": 7232.0}, {"i": 950, "x": 15274.0, "y": 5812.0}, {"i": 951, "x": 15284.0, "y": 5824.0}, {"i": 952, "x": 15300.0, "y": 7150.0}, {"i": 953, "x": 15310.0, "y": 5792.0}, {"i": 954, "x": 15312.0, "y": 5972.0}, {"i": 955, "x": 15318.0, "y": 5976.0}, {"i": 956, "x": 15330.0, "y": 7314.0}, {"i": 957, "x": 15332.0, "y": 6064.0}, {"i": 958, "x": 15334.0, "y": 5790.0}, {"i": 959, "x": 15340.0, "y": 5944.0}, {"i": 960, "x": 15350.0, "y": 6018.0}, {"i": 961, "x": 15360.0, "y": 6194.0}, {"i": 962, "x": 15382.0, "y": 7142.0}, {"i": 963, "x": 15384.0, "y": 7450.0}, {"i": 964, "x": 15440.0, "y": 6200.0}, {"i": 965, "x": 15444.0, "y": 8180.0}, {"i": 966, "x": 15500.0, "y": 7226.0}, {"i": 967, "x": 15600.0, "y": 6324.0}, {"i": 968, "x": 15622.0, "y": 6204.0}, {"i": 969, "x": 15630.0, "y": 7170.0}, {"i": 970, "x": 15650.0, "y": 6260.0}, {"i": 971, "x": 15670.0, "y": 7422.0}, {"i": 972, "x": 15694.0, "y": 6114.0}, {"i": 973, "x": 15708.0, "y": 7610.0}, {"i": 974, "x": 15728.0, "y": 6266.0}, {"i": 975, "x": 15734.0, "y": 6534.0}, {"i": 976, "x": 15760.0, "y": 7594.0}, {"i": 977, "x": 15780.0, "y": 7666.0}, {"i": 978, "x": 15796.0, "y": 6258.0}, {"i": 979, "x": 15812.0, "y": 8096.0}, {"i": 980, "x": 15822.0, "y": 6042.0}, {"i": 981, "x": 15834.0, "y": 6242.0}, {"i": 982, "x": 15834.0, "y": 6332.0}, {"i": 983, "x": 15854.0, "y": 6088.0}, {"i": 984, "x": 15854.0, "y": 8058.0}, {"i": 985, "x": 15864.0, "y": 6294.0}, {"i": 986, "x": 15874.0, "y": 8076.0}, {"i": 987, "x": 15892.0, "y": 6310.0}, {"i": 988, "x": 15920.0, "y": 6042.0}, {"i": 989, "x": 15922.0, "y": 7474.0}, {"i": 990, "x": 15932.0, "y": 6414.0}, {"i": 991, "x": 15934.0, "y": 6182.0}, {"i": 992, "x": 15936.0, "y": 6174.0}, {"i": 993, "x": 15936.0, "y": 6524.0}, {"i": 994, "x": 15938.0, "y": 6190.0}, {"i": 995, "x": 15946.0, "y": 6190.0}, {"i": 996, "x": 16008.0, "y": 7406.0}, {"i": 997, "x": 16126.0, "y": 6788.0}, {"i": 998, "x": 16648.0, "y": 7172.0}, {"i": 999, "x": 16946.0, "y": 8116.0}], "type": "Instance", "name": "us-night-0001000", "meta": {"comment": "HIP even point set instance (1000 points) sampled from image ", "faces_in_delaunay": 1985}}