{"points": [{"i": 0, "x": 278.0, "y": 6768.0}, {"i": 1, "x": 380.0, "y": 7190.0}, {"i": 2, "x": 1534.0, "y": 4004.0}, {"i": 3, "x": 2030.0, "y": 3714.0}, {"i": 4, "x": 6628.0, "y": 5356.0}, {"i": 5, "x": 7394.0, "y": 6694.0}, {"i": 6, "x": 7672.0, "y": 5738.0}, {"i": 7, "x": 8258.0, "y": 2778.0}, {"i": 8, "x": 8438.0, "y": 7690.0}, {"i": 9, "x": 8666.0, "y": 2386.0}, {"i": 10, "x": 8916.0, "y": 3204.0}, {"i": 11, "x": 9774.0, "y": 7032.0}, {"i": 12, "x": 10764.0, "y": 6444.0}, {"i": 13, "x": 11134.0, "y": 4796.0}, {"i": 14, "x": 11136.0, "y": 4860.0}, {"i": 15, "x": 11284.0, "y": 3300.0}, {"i": 16, "x": 11718.0, "y": 4008.0}, {"i": 17, "x": 12132.0, "y": 6224.0}, {"i": 18, "x": 12528.0, "y": 4488.0}, {"i": 19, "x": 12816.0, "y": 1634.0}, {"i": 20, "x": 13950.0, "y": 5158.0}, {"i": 21, "x": 14478.0, "y": 5508.0}, {"i": 22, "x": 15430.0, "y": 5996.0}, {"i": 23, "x": 15648.0, "y": 6544.0}, {"i": 24, "x": 16272.0, "y": 6830.0}], "type": "Instance", "name": "us-night-0000025", "meta": {"comment": "HIP even point set instance (25 points) sampled from image ", "faces_in_delaunay": 40}}