{"points": [{"i": 0, "x": 90.0, "y": 16604.0}, {"i": 1, "x": 298.0, "y": 16182.0}, {"i": 2, "x": 354.0, "y": 14804.0}, {"i": 3, "x": 370.0, "y": 13012.0}, {"i": 4, "x": 380.0, "y": 16162.0}, {"i": 5, "x": 436.0, "y": 15348.0}, {"i": 6, "x": 488.0, "y": 16958.0}, {"i": 7, "x": 490.0, "y": 13674.0}, {"i": 8, "x": 524.0, "y": 16554.0}, {"i": 9, "x": 530.0, "y": 16716.0}, {"i": 10, "x": 540.0, "y": 16960.0}, {"i": 11, "x": 562.0, "y": 14052.0}, {"i": 12, "x": 580.0, "y": 13550.0}, {"i": 13, "x": 624.0, "y": 15336.0}, {"i": 14, "x": 626.0, "y": 15366.0}, {"i": 15, "x": 642.0, "y": 14044.0}, {"i": 16, "x": 648.0, "y": 15102.0}, {"i": 17, "x": 654.0, "y": 16670.0}, {"i": 18, "x": 658.0, "y": 14420.0}, {"i": 19, "x": 662.0, "y": 12572.0}, {"i": 20, "x": 708.0, "y": 14404.0}, {"i": 21, "x": 752.0, "y": 14434.0}, {"i": 22, "x": 764.0, "y": 15308.0}, {"i": 23, "x": 818.0, "y": 16228.0}, {"i": 24, "x": 830.0, "y": 10068.0}, {"i": 25, "x": 840.0, "y": 16658.0}, {"i": 26, "x": 842.0, "y": 9914.0}, {"i": 27, "x": 866.0, "y": 15436.0}, {"i": 28, "x": 876.0, "y": 15454.0}, {"i": 29, "x": 886.0, "y": 14220.0}, {"i": 30, "x": 888.0, "y": 9784.0}, {"i": 31, "x": 892.0, "y": 16496.0}, {"i": 32, "x": 894.0, "y": 15646.0}, {"i": 33, "x": 958.0, "y": 9670.0}, {"i": 34, "x": 968.0, "y": 9660.0}, {"i": 35, "x": 974.0, "y": 9906.0}, {"i": 36, "x": 986.0, "y": 11426.0}, {"i": 37, "x": 996.0, "y": 15554.0}, {"i": 38, "x": 998.0, "y": 14448.0}, {"i": 39, "x": 1002.0, "y": 15496.0}, {"i": 40, "x": 1008.0, "y": 9644.0}, {"i": 41, "x": 1008.0, "y": 16210.0}, {"i": 42, "x": 1012.0, "y": 9640.0}, {"i": 43, "x": 1020.0, "y": 15722.0}, {"i": 44, "x": 1058.0, "y": 9646.0}, {"i": 45, "x": 1064.0, "y": 15688.0}, {"i": 46, "x": 1070.0, "y": 15730.0}, {"i": 47, "x": 1072.0, "y": 15570.0}, {"i": 48, "x": 1076.0, "y": 10960.0}, {"i": 49, "x": 1088.0, "y": 16044.0}, {"i": 50, "x": 1094.0, "y": 15660.0}, {"i": 51, "x": 1100.0, "y": 15852.0}, {"i": 52, "x": 1110.0, "y": 10062.0}, {"i": 53, "x": 1124.0, "y": 15536.0}, {"i": 54, "x": 1130.0, "y": 9920.0}, {"i": 55, "x": 1134.0, "y": 9558.0}, {"i": 56, "x": 1172.0, "y": 9850.0}, {"i": 57, "x": 1188.0, "y": 9828.0}, {"i": 58, "x": 1194.0, "y": 12204.0}, {"i": 59, "x": 1198.0, "y": 15534.0}, {"i": 60, "x": 1202.0, "y": 10620.0}, {"i": 61, "x": 1310.0, "y": 9114.0}, {"i": 62, "x": 1314.0, "y": 12460.0}, {"i": 63, "x": 1336.0, "y": 16630.0}, {"i": 64, "x": 1372.0, "y": 13204.0}, {"i": 65, "x": 1388.0, "y": 9888.0}, {"i": 66, "x": 1426.0, "y": 10344.0}, {"i": 67, "x": 1486.0, "y": 10290.0}, {"i": 68, "x": 1518.0, "y": 10344.0}, {"i": 69, "x": 1522.0, "y": 13416.0}, {"i": 70, "x": 1600.0, "y": 10082.0}, {"i": 71, "x": 1634.0, "y": 10436.0}, {"i": 72, "x": 1662.0, "y": 11296.0}, {"i": 73, "x": 1776.0, "y": 10318.0}, {"i": 74, "x": 1796.0, "y": 9626.0}, {"i": 75, "x": 1806.0, "y": 9494.0}, {"i": 76, "x": 1872.0, "y": 9738.0}, {"i": 77, "x": 1880.0, "y": 9602.0}, {"i": 78, "x": 1952.0, "y": 14534.0}, {"i": 79, "x": 1956.0, "y": 9648.0}, {"i": 80, "x": 1980.0, "y": 8222.0}, {"i": 81, "x": 2026.0, "y": 7902.0}, {"i": 82, "x": 2062.0, "y": 8138.0}, {"i": 83, "x": 2072.0, "y": 11364.0}, {"i": 84, "x": 2102.0, "y": 9228.0}, {"i": 85, "x": 2160.0, "y": 17536.0}, {"i": 86, "x": 2166.0, "y": 15056.0}, {"i": 87, "x": 2246.0, "y": 9898.0}, {"i": 88, "x": 2352.0, "y": 9276.0}, {"i": 89, "x": 2452.0, "y": 15950.0}, {"i": 90, "x": 2498.0, "y": 10820.0}, {"i": 91, "x": 2510.0, "y": 14836.0}, {"i": 92, "x": 2548.0, "y": 16972.0}, {"i": 93, "x": 2588.0, "y": 9216.0}, {"i": 94, "x": 2620.0, "y": 15052.0}, {"i": 95, "x": 2626.0, "y": 8250.0}, {"i": 96, "x": 2632.0, "y": 9222.0}, {"i": 97, "x": 2676.0, "y": 8422.0}, {"i": 98, "x": 2702.0, "y": 8206.0}, {"i": 99, "x": 2760.0, "y": 8468.0}, {"i": 100, "x": 2778.0, "y": 17068.0}, {"i": 101, "x": 2824.0, "y": 7712.0}, {"i": 102, "x": 2828.0, "y": 14922.0}, {"i": 103, "x": 2830.0, "y": 8926.0}, {"i": 104, "x": 2848.0, "y": 8416.0}, {"i": 105, "x": 2878.0, "y": 17248.0}, {"i": 106, "x": 2886.0, "y": 14636.0}, {"i": 107, "x": 2914.0, "y": 8756.0}, {"i": 108, "x": 2922.0, "y": 14822.0}, {"i": 109, "x": 2934.0, "y": 14846.0}, {"i": 110, "x": 2936.0, "y": 8364.0}, {"i": 111, "x": 2948.0, "y": 8756.0}, {"i": 112, "x": 2972.0, "y": 8282.0}, {"i": 113, "x": 2974.0, "y": 8418.0}, {"i": 114, "x": 2996.0, "y": 15906.0}, {"i": 115, "x": 3150.0, "y": 7590.0}, {"i": 116, "x": 3186.0, "y": 8010.0}, {"i": 117, "x": 3268.0, "y": 7686.0}, {"i": 118, "x": 3274.0, "y": 7622.0}, {"i": 119, "x": 3296.0, "y": 7710.0}, {"i": 120, "x": 3382.0, "y": 7634.0}, {"i": 121, "x": 3384.0, "y": 7356.0}, {"i": 122, "x": 3398.0, "y": 7822.0}, {"i": 123, "x": 3440.0, "y": 7598.0}, {"i": 124, "x": 3470.0, "y": 7356.0}, {"i": 125, "x": 3472.0, "y": 7956.0}, {"i": 126, "x": 3474.0, "y": 7642.0}, {"i": 127, "x": 3506.0, "y": 15704.0}, {"i": 128, "x": 3526.0, "y": 7368.0}, {"i": 129, "x": 3556.0, "y": 7422.0}, {"i": 130, "x": 3614.0, "y": 7330.0}, {"i": 131, "x": 3618.0, "y": 7624.0}, {"i": 132, "x": 3652.0, "y": 7296.0}, {"i": 133, "x": 3688.0, "y": 7876.0}, {"i": 134, "x": 3756.0, "y": 7528.0}, {"i": 135, "x": 3788.0, "y": 7278.0}, {"i": 136, "x": 3792.0, "y": 15700.0}, {"i": 137, "x": 3808.0, "y": 7242.0}, {"i": 138, "x": 3816.0, "y": 16694.0}, {"i": 139, "x": 3822.0, "y": 7434.0}, {"i": 140, "x": 3842.0, "y": 7588.0}, {"i": 141, "x": 3854.0, "y": 8122.0}, {"i": 142, "x": 3856.0, "y": 7400.0}, {"i": 143, "x": 3862.0, "y": 15638.0}, {"i": 144, "x": 3868.0, "y": 7458.0}, {"i": 145, "x": 3872.0, "y": 7532.0}, {"i": 146, "x": 3886.0, "y": 7762.0}, {"i": 147, "x": 3896.0, "y": 15672.0}, {"i": 148, "x": 3910.0, "y": 7624.0}, {"i": 149, "x": 3918.0, "y": 15772.0}, {"i": 150, "x": 3956.0, "y": 7520.0}, {"i": 151, "x": 3984.0, "y": 7576.0}, {"i": 152, "x": 4008.0, "y": 7268.0}, {"i": 153, "x": 4022.0, "y": 7502.0}, {"i": 154, "x": 4046.0, "y": 7072.0}, {"i": 155, "x": 4052.0, "y": 9746.0}, {"i": 156, "x": 4078.0, "y": 6814.0}, {"i": 157, "x": 4092.0, "y": 7308.0}, {"i": 158, "x": 4096.0, "y": 7230.0}, {"i": 159, "x": 4104.0, "y": 7022.0}, {"i": 160, "x": 4114.0, "y": 7260.0}, {"i": 161, "x": 4118.0, "y": 11420.0}, {"i": 162, "x": 4130.0, "y": 7222.0}, {"i": 163, "x": 4146.0, "y": 6612.0}, {"i": 164, "x": 4170.0, "y": 6676.0}, {"i": 165, "x": 4198.0, "y": 6554.0}, {"i": 166, "x": 4198.0, "y": 14984.0}, {"i": 167, "x": 4200.0, "y": 13454.0}, {"i": 168, "x": 4210.0, "y": 6640.0}, {"i": 169, "x": 4238.0, "y": 6764.0}, {"i": 170, "x": 4260.0, "y": 15526.0}, {"i": 171, "x": 4266.0, "y": 15804.0}, {"i": 172, "x": 4320.0, "y": 18960.0}, {"i": 173, "x": 4330.0, "y": 18960.0}, {"i": 174, "x": 4416.0, "y": 8280.0}, {"i": 175, "x": 4474.0, "y": 7430.0}, {"i": 176, "x": 4474.0, "y": 15516.0}, {"i": 177, "x": 4496.0, "y": 15390.0}, {"i": 178, "x": 4504.0, "y": 7506.0}, {"i": 179, "x": 4562.0, "y": 13244.0}, {"i": 180, "x": 4594.0, "y": 14750.0}, {"i": 181, "x": 4642.0, "y": 17400.0}, {"i": 182, "x": 4724.0, "y": 12302.0}, {"i": 183, "x": 4808.0, "y": 8818.0}, {"i": 184, "x": 4810.0, "y": 5524.0}, {"i": 185, "x": 5052.0, "y": 6914.0}, {"i": 186, "x": 5092.0, "y": 6904.0}, {"i": 187, "x": 5124.0, "y": 8436.0}, {"i": 188, "x": 5256.0, "y": 15206.0}, {"i": 189, "x": 5260.0, "y": 6556.0}, {"i": 190, "x": 5298.0, "y": 8810.0}, {"i": 191, "x": 5332.0, "y": 8846.0}, {"i": 192, "x": 5348.0, "y": 18712.0}, {"i": 193, "x": 5364.0, "y": 6618.0}, {"i": 194, "x": 5376.0, "y": 8804.0}, {"i": 195, "x": 5386.0, "y": 8732.0}, {"i": 196, "x": 5414.0, "y": 18564.0}, {"i": 197, "x": 5718.0, "y": 19182.0}, {"i": 198, "x": 5772.0, "y": 18516.0}, {"i": 199, "x": 5798.0, "y": 17740.0}, {"i": 200, "x": 5816.0, "y": 18514.0}, {"i": 201, "x": 5818.0, "y": 7792.0}, {"i": 202, "x": 5846.0, "y": 8478.0}, {"i": 203, "x": 5880.0, "y": 17740.0}, {"i": 204, "x": 5880.0, "y": 17800.0}, {"i": 205, "x": 5886.0, "y": 17752.0}, {"i": 206, "x": 5914.0, "y": 17880.0}, {"i": 207, "x": 5944.0, "y": 18514.0}, {"i": 208, "x": 5966.0, "y": 18520.0}, {"i": 209, "x": 5982.0, "y": 18308.0}, {"i": 210, "x": 5990.0, "y": 17830.0}, {"i": 211, "x": 5994.0, "y": 17940.0}, {"i": 212, "x": 5996.0, "y": 6776.0}, {"i": 213, "x": 6120.0, "y": 12676.0}, {"i": 214, "x": 6142.0, "y": 12634.0}, {"i": 215, "x": 6168.0, "y": 18464.0}, {"i": 216, "x": 6174.0, "y": 19202.0}, {"i": 217, "x": 6218.0, "y": 18204.0}, {"i": 218, "x": 6240.0, "y": 5920.0}, {"i": 219, "x": 6284.0, "y": 19086.0}, {"i": 220, "x": 6296.0, "y": 18528.0}, {"i": 221, "x": 6334.0, "y": 18922.0}, {"i": 222, "x": 6342.0, "y": 8446.0}, {"i": 223, "x": 6360.0, "y": 19116.0}, {"i": 224, "x": 6384.0, "y": 19186.0}, {"i": 225, "x": 6446.0, "y": 18418.0}, {"i": 226, "x": 6552.0, "y": 19228.0}, {"i": 227, "x": 6566.0, "y": 9758.0}, {"i": 228, "x": 6666.0, "y": 16828.0}, {"i": 229, "x": 6676.0, "y": 16922.0}, {"i": 230, "x": 6678.0, "y": 16762.0}, {"i": 231, "x": 6722.0, "y": 6242.0}, {"i": 232, "x": 6754.0, "y": 6852.0}, {"i": 233, "x": 6774.0, "y": 19128.0}, {"i": 234, "x": 6776.0, "y": 18516.0}, {"i": 235, "x": 6828.0, "y": 14244.0}, {"i": 236, "x": 6942.0, "y": 7302.0}, {"i": 237, "x": 6974.0, "y": 7214.0}, {"i": 238, "x": 6974.0, "y": 7320.0}, {"i": 239, "x": 6984.0, "y": 11420.0}, {"i": 240, "x": 7042.0, "y": 7844.0}, {"i": 241, "x": 7058.0, "y": 19060.0}, {"i": 242, "x": 7068.0, "y": 7212.0}, {"i": 243, "x": 7144.0, "y": 16610.0}, {"i": 244, "x": 7146.0, "y": 7308.0}, {"i": 245, "x": 7178.0, "y": 7138.0}, {"i": 246, "x": 7188.0, "y": 11746.0}, {"i": 247, "x": 7192.0, "y": 7044.0}, {"i": 248, "x": 7204.0, "y": 11360.0}, {"i": 249, "x": 7206.0, "y": 7382.0}, {"i": 250, "x": 7228.0, "y": 7394.0}, {"i": 251, "x": 7246.0, "y": 10870.0}, {"i": 252, "x": 7248.0, "y": 6976.0}, {"i": 253, "x": 7248.0, "y": 7092.0}, {"i": 254, "x": 7284.0, "y": 7290.0}, {"i": 255, "x": 7290.0, "y": 18792.0}, {"i": 256, "x": 7318.0, "y": 7036.0}, {"i": 257, "x": 7350.0, "y": 17442.0}, {"i": 258, "x": 7372.0, "y": 12710.0}, {"i": 259, "x": 7388.0, "y": 11300.0}, {"i": 260, "x": 7390.0, "y": 7060.0}, {"i": 261, "x": 7422.0, "y": 11230.0}, {"i": 262, "x": 7468.0, "y": 7016.0}, {"i": 263, "x": 7494.0, "y": 7174.0}, {"i": 264, "x": 7668.0, "y": 5384.0}, {"i": 265, "x": 7726.0, "y": 7084.0}, {"i": 266, "x": 7804.0, "y": 6244.0}, {"i": 267, "x": 7846.0, "y": 17048.0}, {"i": 268, "x": 7852.0, "y": 6402.0}, {"i": 269, "x": 7854.0, "y": 12010.0}, {"i": 270, "x": 7860.0, "y": 7188.0}, {"i": 271, "x": 7892.0, "y": 18808.0}, {"i": 272, "x": 7952.0, "y": 6392.0}, {"i": 273, "x": 8086.0, "y": 9050.0}, {"i": 274, "x": 8188.0, "y": 11216.0}, {"i": 275, "x": 8198.0, "y": 11328.0}, {"i": 276, "x": 8346.0, "y": 19124.0}, {"i": 277, "x": 8458.0, "y": 11314.0}, {"i": 278, "x": 8458.0, "y": 18346.0}, {"i": 279, "x": 8520.0, "y": 5112.0}, {"i": 280, "x": 8556.0, "y": 922.0}, {"i": 281, "x": 8572.0, "y": 952.0}, {"i": 282, "x": 8638.0, "y": 11376.0}, {"i": 283, "x": 8668.0, "y": 5912.0}, {"i": 284, "x": 8710.0, "y": 5920.0}, {"i": 285, "x": 8740.0, "y": 18360.0}, {"i": 286, "x": 8750.0, "y": 19088.0}, {"i": 287, "x": 8808.0, "y": 5058.0}, {"i": 288, "x": 8848.0, "y": 3816.0}, {"i": 289, "x": 8966.0, "y": 8566.0}, {"i": 290, "x": 8986.0, "y": 2578.0}, {"i": 291, "x": 9060.0, "y": 10096.0}, {"i": 292, "x": 9122.0, "y": 17152.0}, {"i": 293, "x": 9134.0, "y": 19032.0}, {"i": 294, "x": 9158.0, "y": 11746.0}, {"i": 295, "x": 9180.0, "y": 15918.0}, {"i": 296, "x": 9258.0, "y": 10542.0}, {"i": 297, "x": 9510.0, "y": 14534.0}, {"i": 298, "x": 9512.0, "y": 2180.0}, {"i": 299, "x": 9550.0, "y": 9192.0}, {"i": 300, "x": 9554.0, "y": 8336.0}, {"i": 301, "x": 9694.0, "y": 4132.0}, {"i": 302, "x": 9950.0, "y": 4088.0}, {"i": 303, "x": 10018.0, "y": 1908.0}, {"i": 304, "x": 10058.0, "y": 17374.0}, {"i": 305, "x": 10216.0, "y": 13988.0}, {"i": 306, "x": 10248.0, "y": 7562.0}, {"i": 307, "x": 10266.0, "y": 18814.0}, {"i": 308, "x": 10268.0, "y": 4152.0}, {"i": 309, "x": 10330.0, "y": 8020.0}, {"i": 310, "x": 10360.0, "y": 18410.0}, {"i": 311, "x": 10386.0, "y": 18306.0}, {"i": 312, "x": 10400.0, "y": 8126.0}, {"i": 313, "x": 10410.0, "y": 6236.0}, {"i": 314, "x": 10420.0, "y": 18314.0}, {"i": 315, "x": 10422.0, "y": 8142.0}, {"i": 316, "x": 10430.0, "y": 8230.0}, {"i": 317, "x": 10432.0, "y": 6172.0}, {"i": 318, "x": 10440.0, "y": 6242.0}, {"i": 319, "x": 10482.0, "y": 18532.0}, {"i": 320, "x": 10542.0, "y": 18392.0}, {"i": 321, "x": 10560.0, "y": 6098.0}, {"i": 322, "x": 10568.0, "y": 10906.0}, {"i": 323, "x": 10604.0, "y": 6064.0}, {"i": 324, "x": 10610.0, "y": 6262.0}, {"i": 325, "x": 10616.0, "y": 18712.0}, {"i": 326, "x": 10636.0, "y": 6100.0}, {"i": 327, "x": 10668.0, "y": 4346.0}, {"i": 328, "x": 10686.0, "y": 10738.0}, {"i": 329, "x": 10700.0, "y": 10746.0}, {"i": 330, "x": 10734.0, "y": 8698.0}, {"i": 331, "x": 10790.0, "y": 8100.0}, {"i": 332, "x": 10806.0, "y": 9420.0}, {"i": 333, "x": 10938.0, "y": 19072.0}, {"i": 334, "x": 10964.0, "y": 18708.0}, {"i": 335, "x": 10990.0, "y": 1298.0}, {"i": 336, "x": 11068.0, "y": 17356.0}, {"i": 337, "x": 11076.0, "y": 13682.0}, {"i": 338, "x": 11252.0, "y": 10956.0}, {"i": 339, "x": 11280.0, "y": 10192.0}, {"i": 340, "x": 11284.0, "y": 6282.0}, {"i": 341, "x": 11312.0, "y": 10174.0}, {"i": 342, "x": 11316.0, "y": 10888.0}, {"i": 343, "x": 11352.0, "y": 11360.0}, {"i": 344, "x": 11366.0, "y": 11126.0}, {"i": 345, "x": 11372.0, "y": 10940.0}, {"i": 346, "x": 11414.0, "y": 11146.0}, {"i": 347, "x": 11422.0, "y": 10866.0}, {"i": 348, "x": 11430.0, "y": 8994.0}, {"i": 349, "x": 11432.0, "y": 10840.0}, {"i": 350, "x": 11470.0, "y": 10782.0}, {"i": 351, "x": 11506.0, "y": 10552.0}, {"i": 352, "x": 11516.0, "y": 10954.0}, {"i": 353, "x": 11520.0, "y": 10914.0}, {"i": 354, "x": 11532.0, "y": 10826.0}, {"i": 355, "x": 11536.0, "y": 11208.0}, {"i": 356, "x": 11568.0, "y": 10468.0}, {"i": 357, "x": 11596.0, "y": 10324.0}, {"i": 358, "x": 11606.0, "y": 8088.0}, {"i": 359, "x": 11616.0, "y": 11372.0}, {"i": 360, "x": 11624.0, "y": 536.0}, {"i": 361, "x": 11632.0, "y": 11236.0}, {"i": 362, "x": 11716.0, "y": 10722.0}, {"i": 363, "x": 11756.0, "y": 11328.0}, {"i": 364, "x": 11764.0, "y": 11688.0}, {"i": 365, "x": 11812.0, "y": 11418.0}, {"i": 366, "x": 11814.0, "y": 12268.0}, {"i": 367, "x": 11884.0, "y": 15312.0}, {"i": 368, "x": 11892.0, "y": 940.0}, {"i": 369, "x": 11898.0, "y": 15730.0}, {"i": 370, "x": 11980.0, "y": 6180.0}, {"i": 371, "x": 11984.0, "y": 18820.0}, {"i": 372, "x": 12002.0, "y": 19144.0}, {"i": 373, "x": 12058.0, "y": 15932.0}, {"i": 374, "x": 12072.0, "y": 16000.0}, {"i": 375, "x": 12086.0, "y": 16006.0}, {"i": 376, "x": 12094.0, "y": 16006.0}, {"i": 377, "x": 12130.0, "y": 18274.0}, {"i": 378, "x": 12182.0, "y": 15842.0}, {"i": 379, "x": 12192.0, "y": 6374.0}, {"i": 380, "x": 12194.0, "y": 16002.0}, {"i": 381, "x": 12220.0, "y": 19092.0}, {"i": 382, "x": 12222.0, "y": 5756.0}, {"i": 383, "x": 12234.0, "y": 6146.0}, {"i": 384, "x": 12244.0, "y": 15896.0}, {"i": 385, "x": 12270.0, "y": 16436.0}, {"i": 386, "x": 12290.0, "y": 2528.0}, {"i": 387, "x": 12296.0, "y": 15960.0}, {"i": 388, "x": 12302.0, "y": 6510.0}, {"i": 389, "x": 12310.0, "y": 16142.0}, {"i": 390, "x": 12330.0, "y": 14738.0}, {"i": 391, "x": 12358.0, "y": 5876.0}, {"i": 392, "x": 12364.0, "y": 6602.0}, {"i": 393, "x": 12372.0, "y": 2416.0}, {"i": 394, "x": 12378.0, "y": 16166.0}, {"i": 395, "x": 12396.0, "y": 2534.0}, {"i": 396, "x": 12396.0, "y": 16258.0}, {"i": 397, "x": 12424.0, "y": 2576.0}, {"i": 398, "x": 12452.0, "y": 15690.0}, {"i": 399, "x": 12452.0, "y": 18066.0}, {"i": 400, "x": 12488.0, "y": 16186.0}, {"i": 401, "x": 12512.0, "y": 15960.0}, {"i": 402, "x": 12576.0, "y": 6276.0}, {"i": 403, "x": 12576.0, "y": 16156.0}, {"i": 404, "x": 12594.0, "y": 11856.0}, {"i": 405, "x": 12626.0, "y": 2330.0}, {"i": 406, "x": 12642.0, "y": 16876.0}, {"i": 407, "x": 12702.0, "y": 15348.0}, {"i": 408, "x": 12708.0, "y": 16318.0}, {"i": 409, "x": 12720.0, "y": 15746.0}, {"i": 410, "x": 12762.0, "y": 15494.0}, {"i": 411, "x": 12768.0, "y": 15674.0}, {"i": 412, "x": 12768.0, "y": 15986.0}, {"i": 413, "x": 12798.0, "y": 16702.0}, {"i": 414, "x": 12806.0, "y": 6744.0}, {"i": 415, "x": 12806.0, "y": 15926.0}, {"i": 416, "x": 12814.0, "y": 6730.0}, {"i": 417, "x": 12818.0, "y": 17188.0}, {"i": 418, "x": 12820.0, "y": 6152.0}, {"i": 419, "x": 12828.0, "y": 5994.0}, {"i": 420, "x": 12828.0, "y": 15758.0}, {"i": 421, "x": 12842.0, "y": 6312.0}, {"i": 422, "x": 12876.0, "y": 15768.0}, {"i": 423, "x": 12888.0, "y": 15926.0}, {"i": 424, "x": 12900.0, "y": 812.0}, {"i": 425, "x": 12902.0, "y": 15748.0}, {"i": 426, "x": 12904.0, "y": 15948.0}, {"i": 427, "x": 12916.0, "y": 16714.0}, {"i": 428, "x": 12922.0, "y": 8030.0}, {"i": 429, "x": 12970.0, "y": 7252.0}, {"i": 430, "x": 13004.0, "y": 15946.0}, {"i": 431, "x": 13032.0, "y": 17008.0}, {"i": 432, "x": 13092.0, "y": 7400.0}, {"i": 433, "x": 13126.0, "y": 15890.0}, {"i": 434, "x": 13250.0, "y": 8160.0}, {"i": 435, "x": 13250.0, "y": 8200.0}, {"i": 436, "x": 13262.0, "y": 8116.0}, {"i": 437, "x": 13270.0, "y": 17502.0}, {"i": 438, "x": 13336.0, "y": 7236.0}, {"i": 439, "x": 13342.0, "y": 7622.0}, {"i": 440, "x": 13350.0, "y": 7638.0}, {"i": 441, "x": 13354.0, "y": 6276.0}, {"i": 442, "x": 13396.0, "y": 8278.0}, {"i": 443, "x": 13476.0, "y": 18282.0}, {"i": 444, "x": 13550.0, "y": 3212.0}, {"i": 445, "x": 13568.0, "y": 450.0}, {"i": 446, "x": 13620.0, "y": 3704.0}, {"i": 447, "x": 13630.0, "y": 3272.0}, {"i": 448, "x": 13740.0, "y": 16852.0}, {"i": 449, "x": 13758.0, "y": 15974.0}, {"i": 450, "x": 13778.0, "y": 17378.0}, {"i": 451, "x": 13782.0, "y": 15484.0}, {"i": 452, "x": 13812.0, "y": 454.0}, {"i": 453, "x": 13842.0, "y": 2438.0}, {"i": 454, "x": 13862.0, "y": 352.0}, {"i": 455, "x": 13862.0, "y": 6886.0}, {"i": 456, "x": 13940.0, "y": 4190.0}, {"i": 457, "x": 13988.0, "y": 18760.0}, {"i": 458, "x": 14034.0, "y": 17388.0}, {"i": 459, "x": 14110.0, "y": 10210.0}, {"i": 460, "x": 14126.0, "y": 5960.0}, {"i": 461, "x": 14184.0, "y": 2506.0}, {"i": 462, "x": 14188.0, "y": 13728.0}, {"i": 463, "x": 14250.0, "y": 14884.0}, {"i": 464, "x": 14286.0, "y": 644.0}, {"i": 465, "x": 14288.0, "y": 5950.0}, {"i": 466, "x": 14306.0, "y": 2372.0}, {"i": 467, "x": 14306.0, "y": 2586.0}, {"i": 468, "x": 14380.0, "y": 2442.0}, {"i": 469, "x": 14398.0, "y": 17042.0}, {"i": 470, "x": 14400.0, "y": 4088.0}, {"i": 471, "x": 14404.0, "y": 2336.0}, {"i": 472, "x": 14404.0, "y": 7144.0}, {"i": 473, "x": 14404.0, "y": 11628.0}, {"i": 474, "x": 14416.0, "y": 17022.0}, {"i": 475, "x": 14488.0, "y": 2450.0}, {"i": 476, "x": 14500.0, "y": 16410.0}, {"i": 477, "x": 14520.0, "y": 4106.0}, {"i": 478, "x": 14594.0, "y": 6568.0}, {"i": 479, "x": 14660.0, "y": 6712.0}, {"i": 480, "x": 14738.0, "y": 8982.0}, {"i": 481, "x": 14810.0, "y": 4222.0}, {"i": 482, "x": 14822.0, "y": 4252.0}, {"i": 483, "x": 14882.0, "y": 8324.0}, {"i": 484, "x": 14908.0, "y": 7896.0}, {"i": 485, "x": 14924.0, "y": 4460.0}, {"i": 486, "x": 14988.0, "y": 10674.0}, {"i": 487, "x": 14996.0, "y": 4196.0}, {"i": 488, "x": 15012.0, "y": 6114.0}, {"i": 489, "x": 15076.0, "y": 3780.0}, {"i": 490, "x": 15084.0, "y": 2964.0}, {"i": 491, "x": 15110.0, "y": 6568.0}, {"i": 492, "x": 15148.0, "y": 4778.0}, {"i": 493, "x": 15214.0, "y": 4774.0}, {"i": 494, "x": 15226.0, "y": 4838.0}, {"i": 495, "x": 15228.0, "y": 4774.0}, {"i": 496, "x": 15232.0, "y": 8752.0}, {"i": 497, "x": 15248.0, "y": 8750.0}, {"i": 498, "x": 15282.0, "y": 7482.0}, {"i": 499, "x": 15286.0, "y": 7882.0}, {"i": 500, "x": 15292.0, "y": 9270.0}, {"i": 501, "x": 15320.0, "y": 2898.0}, {"i": 502, "x": 15340.0, "y": 18162.0}, {"i": 503, "x": 15360.0, "y": 9170.0}, {"i": 504, "x": 15374.0, "y": 4718.0}, {"i": 505, "x": 15384.0, "y": 4754.0}, {"i": 506, "x": 15396.0, "y": 2760.0}, {"i": 507, "x": 15396.0, "y": 9292.0}, {"i": 508, "x": 15414.0, "y": 4360.0}, {"i": 509, "x": 15440.0, "y": 8982.0}, {"i": 510, "x": 15444.0, "y": 6456.0}, {"i": 511, "x": 15446.0, "y": 8132.0}, {"i": 512, "x": 15470.0, "y": 7412.0}, {"i": 513, "x": 15474.0, "y": 2798.0}, {"i": 514, "x": 15486.0, "y": 7966.0}, {"i": 515, "x": 15492.0, "y": 13748.0}, {"i": 516, "x": 15524.0, "y": 3542.0}, {"i": 517, "x": 15544.0, "y": 16166.0}, {"i": 518, "x": 15546.0, "y": 4452.0}, {"i": 519, "x": 15572.0, "y": 3788.0}, {"i": 520, "x": 15574.0, "y": 9984.0}, {"i": 521, "x": 15586.0, "y": 7810.0}, {"i": 522, "x": 15588.0, "y": 4446.0}, {"i": 523, "x": 15600.0, "y": 4900.0}, {"i": 524, "x": 15602.0, "y": 5762.0}, {"i": 525, "x": 15604.0, "y": 8480.0}, {"i": 526, "x": 15612.0, "y": 4362.0}, {"i": 527, "x": 15624.0, "y": 16604.0}, {"i": 528, "x": 15628.0, "y": 566.0}, {"i": 529, "x": 15628.0, "y": 5370.0}, {"i": 530, "x": 15630.0, "y": 5292.0}, {"i": 531, "x": 15632.0, "y": 5310.0}, {"i": 532, "x": 15636.0, "y": 8976.0}, {"i": 533, "x": 15648.0, "y": 2808.0}, {"i": 534, "x": 15660.0, "y": 5092.0}, {"i": 535, "x": 15674.0, "y": 470.0}, {"i": 536, "x": 15690.0, "y": 4450.0}, {"i": 537, "x": 15696.0, "y": 6806.0}, {"i": 538, "x": 15706.0, "y": 3886.0}, {"i": 539, "x": 15710.0, "y": 496.0}, {"i": 540, "x": 15714.0, "y": 2864.0}, {"i": 541, "x": 15716.0, "y": 5448.0}, {"i": 542, "x": 15716.0, "y": 6622.0}, {"i": 543, "x": 15726.0, "y": 2592.0}, {"i": 544, "x": 15730.0, "y": 500.0}, {"i": 545, "x": 15736.0, "y": 6762.0}, {"i": 546, "x": 15758.0, "y": 5280.0}, {"i": 547, "x": 15758.0, "y": 8470.0}, {"i": 548, "x": 15764.0, "y": 5502.0}, {"i": 549, "x": 15772.0, "y": 2758.0}, {"i": 550, "x": 15774.0, "y": 7142.0}, {"i": 551, "x": 15778.0, "y": 6890.0}, {"i": 552, "x": 15780.0, "y": 2802.0}, {"i": 553, "x": 15802.0, "y": 2750.0}, {"i": 554, "x": 15806.0, "y": 9552.0}, {"i": 555, "x": 15808.0, "y": 5476.0}, {"i": 556, "x": 15810.0, "y": 6874.0}, {"i": 557, "x": 15812.0, "y": 2634.0}, {"i": 558, "x": 15814.0, "y": 8374.0}, {"i": 559, "x": 15838.0, "y": 2840.0}, {"i": 560, "x": 15838.0, "y": 4594.0}, {"i": 561, "x": 15840.0, "y": 6194.0}, {"i": 562, "x": 15878.0, "y": 2730.0}, {"i": 563, "x": 15908.0, "y": 8402.0}, {"i": 564, "x": 15920.0, "y": 11612.0}, {"i": 565, "x": 15924.0, "y": 11656.0}, {"i": 566, "x": 15934.0, "y": 12846.0}, {"i": 567, "x": 15946.0, "y": 6960.0}, {"i": 568, "x": 15966.0, "y": 12848.0}, {"i": 569, "x": 15970.0, "y": 8142.0}, {"i": 570, "x": 15980.0, "y": 6326.0}, {"i": 571, "x": 15982.0, "y": 8492.0}, {"i": 572, "x": 15996.0, "y": 8368.0}, {"i": 573, "x": 16014.0, "y": 17198.0}, {"i": 574, "x": 16028.0, "y": 6574.0}, {"i": 575, "x": 16034.0, "y": 4736.0}, {"i": 576, "x": 16036.0, "y": 6676.0}, {"i": 577, "x": 16056.0, "y": 6834.0}, {"i": 578, "x": 16066.0, "y": 17112.0}, {"i": 579, "x": 16072.0, "y": 6568.0}, {"i": 580, "x": 16076.0, "y": 16268.0}, {"i": 581, "x": 16078.0, "y": 6086.0}, {"i": 582, "x": 16090.0, "y": 17014.0}, {"i": 583, "x": 16092.0, "y": 6086.0}, {"i": 584, "x": 16100.0, "y": 4866.0}, {"i": 585, "x": 16100.0, "y": 15868.0}, {"i": 586, "x": 16102.0, "y": 6764.0}, {"i": 587, "x": 16118.0, "y": 6730.0}, {"i": 588, "x": 16128.0, "y": 14872.0}, {"i": 589, "x": 16152.0, "y": 3918.0}, {"i": 590, "x": 16152.0, "y": 8352.0}, {"i": 591, "x": 16164.0, "y": 8808.0}, {"i": 592, "x": 16178.0, "y": 4432.0}, {"i": 593, "x": 16178.0, "y": 6778.0}, {"i": 594, "x": 16208.0, "y": 7666.0}, {"i": 595, "x": 16216.0, "y": 17060.0}, {"i": 596, "x": 16224.0, "y": 17060.0}, {"i": 597, "x": 16248.0, "y": 15830.0}, {"i": 598, "x": 16268.0, "y": 8294.0}, {"i": 599, "x": 16272.0, "y": 15192.0}, {"i": 600, "x": 16274.0, "y": 5078.0}, {"i": 601, "x": 16304.0, "y": 15652.0}, {"i": 602, "x": 16306.0, "y": 16050.0}, {"i": 603, "x": 16312.0, "y": 7070.0}, {"i": 604, "x": 16326.0, "y": 16036.0}, {"i": 605, "x": 16328.0, "y": 16056.0}, {"i": 606, "x": 16342.0, "y": 6992.0}, {"i": 607, "x": 16342.0, "y": 13306.0}, {"i": 608, "x": 16362.0, "y": 8686.0}, {"i": 609, "x": 16364.0, "y": 6690.0}, {"i": 610, "x": 16366.0, "y": 7206.0}, {"i": 611, "x": 16372.0, "y": 6792.0}, {"i": 612, "x": 16372.0, "y": 6816.0}, {"i": 613, "x": 16384.0, "y": 10604.0}, {"i": 614, "x": 16388.0, "y": 7428.0}, {"i": 615, "x": 16398.0, "y": 11202.0}, {"i": 616, "x": 16400.0, "y": 6794.0}, {"i": 617, "x": 16444.0, "y": 14252.0}, {"i": 618, "x": 16462.0, "y": 7194.0}, {"i": 619, "x": 16484.0, "y": 6930.0}, {"i": 620, "x": 16492.0, "y": 11976.0}, {"i": 621, "x": 16498.0, "y": 12060.0}, {"i": 622, "x": 16500.0, "y": 6746.0}, {"i": 623, "x": 16522.0, "y": 14304.0}, {"i": 624, "x": 16532.0, "y": 6766.0}, {"i": 625, "x": 16572.0, "y": 7448.0}, {"i": 626, "x": 16606.0, "y": 13528.0}, {"i": 627, "x": 16628.0, "y": 6906.0}, {"i": 628, "x": 16648.0, "y": 11860.0}, {"i": 629, "x": 16650.0, "y": 12456.0}, {"i": 630, "x": 16674.0, "y": 11344.0}, {"i": 631, "x": 16708.0, "y": 14890.0}, {"i": 632, "x": 16716.0, "y": 6746.0}, {"i": 633, "x": 16716.0, "y": 8756.0}, {"i": 634, "x": 16732.0, "y": 8754.0}, {"i": 635, "x": 16760.0, "y": 6206.0}, {"i": 636, "x": 16784.0, "y": 14230.0}, {"i": 637, "x": 16788.0, "y": 6464.0}, {"i": 638, "x": 16798.0, "y": 15810.0}, {"i": 639, "x": 16808.0, "y": 8938.0}, {"i": 640, "x": 16826.0, "y": 15510.0}, {"i": 641, "x": 16862.0, "y": 15386.0}, {"i": 642, "x": 16866.0, "y": 6436.0}, {"i": 643, "x": 16874.0, "y": 6108.0}, {"i": 644, "x": 16890.0, "y": 4750.0}, {"i": 645, "x": 16902.0, "y": 6446.0}, {"i": 646, "x": 16902.0, "y": 8710.0}, {"i": 647, "x": 16906.0, "y": 5120.0}, {"i": 648, "x": 16940.0, "y": 16418.0}, {"i": 649, "x": 16990.0, "y": 5016.0}, {"i": 650, "x": 16994.0, "y": 4580.0}, {"i": 651, "x": 17000.0, "y": 16538.0}, {"i": 652, "x": 17020.0, "y": 5182.0}, {"i": 653, "x": 17024.0, "y": 5382.0}, {"i": 654, "x": 17026.0, "y": 13298.0}, {"i": 655, "x": 17040.0, "y": 14698.0}, {"i": 656, "x": 17056.0, "y": 4502.0}, {"i": 657, "x": 17070.0, "y": 12880.0}, {"i": 658, "x": 17098.0, "y": 5268.0}, {"i": 659, "x": 17098.0, "y": 7312.0}, {"i": 660, "x": 17104.0, "y": 8276.0}, {"i": 661, "x": 17114.0, "y": 8550.0}, {"i": 662, "x": 17132.0, "y": 5900.0}, {"i": 663, "x": 17156.0, "y": 5630.0}, {"i": 664, "x": 17166.0, "y": 4824.0}, {"i": 665, "x": 17174.0, "y": 16498.0}, {"i": 666, "x": 17178.0, "y": 14516.0}, {"i": 667, "x": 17180.0, "y": 5132.0}, {"i": 668, "x": 17224.0, "y": 5180.0}, {"i": 669, "x": 17236.0, "y": 8874.0}, {"i": 670, "x": 17304.0, "y": 5260.0}, {"i": 671, "x": 17318.0, "y": 5040.0}, {"i": 672, "x": 17324.0, "y": 10870.0}, {"i": 673, "x": 17332.0, "y": 6666.0}, {"i": 674, "x": 17398.0, "y": 4938.0}, {"i": 675, "x": 17402.0, "y": 14262.0}, {"i": 676, "x": 17412.0, "y": 14258.0}, {"i": 677, "x": 17416.0, "y": 7020.0}, {"i": 678, "x": 17422.0, "y": 4842.0}, {"i": 679, "x": 17432.0, "y": 4784.0}, {"i": 680, "x": 17434.0, "y": 9142.0}, {"i": 681, "x": 17434.0, "y": 14240.0}, {"i": 682, "x": 17492.0, "y": 11320.0}, {"i": 683, "x": 17508.0, "y": 8844.0}, {"i": 684, "x": 17514.0, "y": 10542.0}, {"i": 685, "x": 17514.0, "y": 13494.0}, {"i": 686, "x": 17532.0, "y": 6600.0}, {"i": 687, "x": 17558.0, "y": 10964.0}, {"i": 688, "x": 17578.0, "y": 4980.0}, {"i": 689, "x": 17590.0, "y": 10450.0}, {"i": 690, "x": 17598.0, "y": 12754.0}, {"i": 691, "x": 17600.0, "y": 10694.0}, {"i": 692, "x": 17610.0, "y": 6102.0}, {"i": 693, "x": 17610.0, "y": 10502.0}, {"i": 694, "x": 17628.0, "y": 12614.0}, {"i": 695, "x": 17676.0, "y": 10562.0}, {"i": 696, "x": 17684.0, "y": 15354.0}, {"i": 697, "x": 17710.0, "y": 10526.0}, {"i": 698, "x": 17726.0, "y": 8916.0}, {"i": 699, "x": 17730.0, "y": 10490.0}, {"i": 700, "x": 17756.0, "y": 8372.0}, {"i": 701, "x": 17764.0, "y": 5008.0}, {"i": 702, "x": 17774.0, "y": 14506.0}, {"i": 703, "x": 17780.0, "y": 16978.0}, {"i": 704, "x": 17784.0, "y": 10286.0}, {"i": 705, "x": 17784.0, "y": 13674.0}, {"i": 706, "x": 17794.0, "y": 8740.0}, {"i": 707, "x": 17818.0, "y": 13550.0}, {"i": 708, "x": 17838.0, "y": 8990.0}, {"i": 709, "x": 17840.0, "y": 10590.0}, {"i": 710, "x": 17854.0, "y": 5182.0}, {"i": 711, "x": 17856.0, "y": 12340.0}, {"i": 712, "x": 17862.0, "y": 9006.0}, {"i": 713, "x": 17870.0, "y": 8882.0}, {"i": 714, "x": 17874.0, "y": 8890.0}, {"i": 715, "x": 17876.0, "y": 14482.0}, {"i": 716, "x": 17878.0, "y": 14510.0}, {"i": 717, "x": 17884.0, "y": 8710.0}, {"i": 718, "x": 17898.0, "y": 6188.0}, {"i": 719, "x": 17902.0, "y": 5096.0}, {"i": 720, "x": 17910.0, "y": 12340.0}, {"i": 721, "x": 17920.0, "y": 13310.0}, {"i": 722, "x": 17948.0, "y": 7106.0}, {"i": 723, "x": 17960.0, "y": 5138.0}, {"i": 724, "x": 17972.0, "y": 5070.0}, {"i": 725, "x": 17972.0, "y": 7180.0}, {"i": 726, "x": 17998.0, "y": 4600.0}, {"i": 727, "x": 18002.0, "y": 12602.0}, {"i": 728, "x": 18004.0, "y": 9266.0}, {"i": 729, "x": 18028.0, "y": 6478.0}, {"i": 730, "x": 18034.0, "y": 11464.0}, {"i": 731, "x": 18046.0, "y": 13204.0}, {"i": 732, "x": 18108.0, "y": 10150.0}, {"i": 733, "x": 18112.0, "y": 14010.0}, {"i": 734, "x": 18112.0, "y": 17762.0}, {"i": 735, "x": 18118.0, "y": 12072.0}, {"i": 736, "x": 18144.0, "y": 6668.0}, {"i": 737, "x": 18148.0, "y": 12068.0}, {"i": 738, "x": 18162.0, "y": 10564.0}, {"i": 739, "x": 18182.0, "y": 6130.0}, {"i": 740, "x": 18188.0, "y": 5202.0}, {"i": 741, "x": 18220.0, "y": 12062.0}, {"i": 742, "x": 18228.0, "y": 9090.0}, {"i": 743, "x": 18228.0, "y": 14148.0}, {"i": 744, "x": 18230.0, "y": 11170.0}, {"i": 745, "x": 18242.0, "y": 13946.0}, {"i": 746, "x": 18276.0, "y": 13178.0}, {"i": 747, "x": 18294.0, "y": 6150.0}, {"i": 748, "x": 18298.0, "y": 7134.0}, {"i": 749, "x": 18302.0, "y": 14142.0}, {"i": 750, "x": 18318.0, "y": 9338.0}, {"i": 751, "x": 18326.0, "y": 13982.0}, {"i": 752, "x": 18356.0, "y": 14066.0}, {"i": 753, "x": 18358.0, "y": 9692.0}, {"i": 754, "x": 18366.0, "y": 9162.0}, {"i": 755, "x": 18394.0, "y": 5816.0}, {"i": 756, "x": 18412.0, "y": 6640.0}, {"i": 757, "x": 18414.0, "y": 9132.0}, {"i": 758, "x": 18418.0, "y": 5232.0}, {"i": 759, "x": 18430.0, "y": 9278.0}, {"i": 760, "x": 18436.0, "y": 14052.0}, {"i": 761, "x": 18436.0, "y": 14092.0}, {"i": 762, "x": 18440.0, "y": 13510.0}, {"i": 763, "x": 18440.0, "y": 14092.0}, {"i": 764, "x": 18450.0, "y": 13586.0}, {"i": 765, "x": 18474.0, "y": 14198.0}, {"i": 766, "x": 18476.0, "y": 14172.0}, {"i": 767, "x": 18482.0, "y": 8170.0}, {"i": 768, "x": 18498.0, "y": 9534.0}, {"i": 769, "x": 18506.0, "y": 13956.0}, {"i": 770, "x": 18506.0, "y": 13994.0}, {"i": 771, "x": 18510.0, "y": 5128.0}, {"i": 772, "x": 18514.0, "y": 13948.0}, {"i": 773, "x": 18516.0, "y": 14020.0}, {"i": 774, "x": 18528.0, "y": 9698.0}, {"i": 775, "x": 18550.0, "y": 14048.0}, {"i": 776, "x": 18554.0, "y": 8348.0}, {"i": 777, "x": 18560.0, "y": 6644.0}, {"i": 778, "x": 18564.0, "y": 14074.0}, {"i": 779, "x": 18570.0, "y": 13944.0}, {"i": 780, "x": 18578.0, "y": 8906.0}, {"i": 781, "x": 18588.0, "y": 14336.0}, {"i": 782, "x": 18606.0, "y": 10182.0}, {"i": 783, "x": 18606.0, "y": 14434.0}, {"i": 784, "x": 18644.0, "y": 14128.0}, {"i": 785, "x": 18650.0, "y": 11968.0}, {"i": 786, "x": 18670.0, "y": 11554.0}, {"i": 787, "x": 18732.0, "y": 9974.0}, {"i": 788, "x": 18774.0, "y": 6624.0}, {"i": 789, "x": 18782.0, "y": 14188.0}, {"i": 790, "x": 18796.0, "y": 5284.0}, {"i": 791, "x": 18820.0, "y": 7018.0}, {"i": 792, "x": 18846.0, "y": 12312.0}, {"i": 793, "x": 18862.0, "y": 8276.0}, {"i": 794, "x": 18864.0, "y": 8614.0}, {"i": 795, "x": 18884.0, "y": 5910.0}, {"i": 796, "x": 18912.0, "y": 7890.0}, {"i": 797, "x": 18916.0, "y": 5394.0}, {"i": 798, "x": 18924.0, "y": 13492.0}, {"i": 799, "x": 18936.0, "y": 8186.0}, {"i": 800, "x": 18938.0, "y": 13548.0}, {"i": 801, "x": 18966.0, "y": 7722.0}, {"i": 802, "x": 18980.0, "y": 11718.0}, {"i": 803, "x": 18982.0, "y": 14292.0}, {"i": 804, "x": 18992.0, "y": 10500.0}, {"i": 805, "x": 19036.0, "y": 7944.0}, {"i": 806, "x": 19050.0, "y": 5520.0}, {"i": 807, "x": 19058.0, "y": 15224.0}, {"i": 808, "x": 19078.0, "y": 8042.0}, {"i": 809, "x": 19090.0, "y": 8136.0}, {"i": 810, "x": 19094.0, "y": 13616.0}, {"i": 811, "x": 19116.0, "y": 7970.0}, {"i": 812, "x": 19118.0, "y": 5096.0}, {"i": 813, "x": 19122.0, "y": 7772.0}, {"i": 814, "x": 19134.0, "y": 5108.0}, {"i": 815, "x": 19146.0, "y": 6732.0}, {"i": 816, "x": 19154.0, "y": 6382.0}, {"i": 817, "x": 19180.0, "y": 8394.0}, {"i": 818, "x": 19184.0, "y": 11392.0}, {"i": 819, "x": 19204.0, "y": 6630.0}, {"i": 820, "x": 19214.0, "y": 5238.0}, {"i": 821, "x": 19224.0, "y": 8074.0}, {"i": 822, "x": 19232.0, "y": 5200.0}, {"i": 823, "x": 19252.0, "y": 12592.0}, {"i": 824, "x": 19256.0, "y": 17162.0}, {"i": 825, "x": 19258.0, "y": 10622.0}, {"i": 826, "x": 19274.0, "y": 7004.0}, {"i": 827, "x": 19282.0, "y": 6010.0}, {"i": 828, "x": 19306.0, "y": 8182.0}, {"i": 829, "x": 19318.0, "y": 9168.0}, {"i": 830, "x": 19324.0, "y": 12292.0}, {"i": 831, "x": 19326.0, "y": 10322.0}, {"i": 832, "x": 19328.0, "y": 8202.0}, {"i": 833, "x": 19328.0, "y": 9868.0}, {"i": 834, "x": 19350.0, "y": 6460.0}, {"i": 835, "x": 19352.0, "y": 8470.0}, {"i": 836, "x": 19354.0, "y": 11894.0}, {"i": 837, "x": 19364.0, "y": 6400.0}, {"i": 838, "x": 19392.0, "y": 12290.0}, {"i": 839, "x": 19398.0, "y": 5060.0}, {"i": 840, "x": 19424.0, "y": 12214.0}, {"i": 841, "x": 19434.0, "y": 13540.0}, {"i": 842, "x": 19456.0, "y": 5044.0}, {"i": 843, "x": 19478.0, "y": 9018.0}, {"i": 844, "x": 19480.0, "y": 5466.0}, {"i": 845, "x": 19502.0, "y": 8566.0}, {"i": 846, "x": 19538.0, "y": 10936.0}, {"i": 847, "x": 19572.0, "y": 5492.0}, {"i": 848, "x": 19660.0, "y": 5254.0}, {"i": 849, "x": 19674.0, "y": 6280.0}, {"i": 850, "x": 19676.0, "y": 13454.0}, {"i": 851, "x": 19720.0, "y": 5506.0}, {"i": 852, "x": 19754.0, "y": 10778.0}, {"i": 853, "x": 19768.0, "y": 6324.0}, {"i": 854, "x": 19780.0, "y": 5304.0}, {"i": 855, "x": 19780.0, "y": 10156.0}, {"i": 856, "x": 19806.0, "y": 14408.0}, {"i": 857, "x": 19838.0, "y": 12590.0}, {"i": 858, "x": 19874.0, "y": 13706.0}, {"i": 859, "x": 19898.0, "y": 5116.0}, {"i": 860, "x": 19918.0, "y": 12012.0}, {"i": 861, "x": 19944.0, "y": 5462.0}, {"i": 862, "x": 19950.0, "y": 5438.0}, {"i": 863, "x": 19950.0, "y": 6524.0}, {"i": 864, "x": 19962.0, "y": 10198.0}, {"i": 865, "x": 20016.0, "y": 9766.0}, {"i": 866, "x": 20016.0, "y": 12614.0}, {"i": 867, "x": 20026.0, "y": 5444.0}, {"i": 868, "x": 20028.0, "y": 12026.0}, {"i": 869, "x": 20040.0, "y": 7126.0}, {"i": 870, "x": 20040.0, "y": 11906.0}, {"i": 871, "x": 20044.0, "y": 10050.0}, {"i": 872, "x": 20046.0, "y": 4836.0}, {"i": 873, "x": 20046.0, "y": 5436.0}, {"i": 874, "x": 20060.0, "y": 7348.0}, {"i": 875, "x": 20070.0, "y": 5448.0}, {"i": 876, "x": 20098.0, "y": 11986.0}, {"i": 877, "x": 20114.0, "y": 10300.0}, {"i": 878, "x": 20120.0, "y": 6096.0}, {"i": 879, "x": 20122.0, "y": 12012.0}, {"i": 880, "x": 20124.0, "y": 12114.0}, {"i": 881, "x": 20160.0, "y": 5094.0}, {"i": 882, "x": 20164.0, "y": 5088.0}, {"i": 883, "x": 20164.0, "y": 6824.0}, {"i": 884, "x": 20190.0, "y": 10252.0}, {"i": 885, "x": 20226.0, "y": 10378.0}, {"i": 886, "x": 20252.0, "y": 9076.0}, {"i": 887, "x": 20294.0, "y": 12358.0}, {"i": 888, "x": 20298.0, "y": 10180.0}, {"i": 889, "x": 20300.0, "y": 5358.0}, {"i": 890, "x": 20308.0, "y": 8042.0}, {"i": 891, "x": 20324.0, "y": 10462.0}, {"i": 892, "x": 20338.0, "y": 3508.0}, {"i": 893, "x": 20342.0, "y": 14132.0}, {"i": 894, "x": 20356.0, "y": 9056.0}, {"i": 895, "x": 20364.0, "y": 8270.0}, {"i": 896, "x": 20366.0, "y": 10298.0}, {"i": 897, "x": 20380.0, "y": 8210.0}, {"i": 898, "x": 20382.0, "y": 10422.0}, {"i": 899, "x": 20388.0, "y": 8538.0}, {"i": 900, "x": 20410.0, "y": 10308.0}, {"i": 901, "x": 20410.0, "y": 10364.0}, {"i": 902, "x": 20412.0, "y": 6438.0}, {"i": 903, "x": 20418.0, "y": 10280.0}, {"i": 904, "x": 20422.0, "y": 5110.0}, {"i": 905, "x": 20424.0, "y": 8614.0}, {"i": 906, "x": 20436.0, "y": 8094.0}, {"i": 907, "x": 20442.0, "y": 10380.0}, {"i": 908, "x": 20478.0, "y": 10252.0}, {"i": 909, "x": 20484.0, "y": 5702.0}, {"i": 910, "x": 20512.0, "y": 10568.0}, {"i": 911, "x": 20534.0, "y": 7398.0}, {"i": 912, "x": 20534.0, "y": 8230.0}, {"i": 913, "x": 20538.0, "y": 8160.0}, {"i": 914, "x": 20552.0, "y": 13086.0}, {"i": 915, "x": 20556.0, "y": 10804.0}, {"i": 916, "x": 20562.0, "y": 8170.0}, {"i": 917, "x": 20586.0, "y": 5454.0}, {"i": 918, "x": 20586.0, "y": 8012.0}, {"i": 919, "x": 20592.0, "y": 8252.0}, {"i": 920, "x": 20612.0, "y": 9930.0}, {"i": 921, "x": 20624.0, "y": 8786.0}, {"i": 922, "x": 20642.0, "y": 10990.0}, {"i": 923, "x": 20656.0, "y": 12904.0}, {"i": 924, "x": 20668.0, "y": 4314.0}, {"i": 925, "x": 20670.0, "y": 7374.0}, {"i": 926, "x": 20682.0, "y": 10532.0}, {"i": 927, "x": 20684.0, "y": 9448.0}, {"i": 928, "x": 20684.0, "y": 12484.0}, {"i": 929, "x": 20722.0, "y": 11184.0}, {"i": 930, "x": 20738.0, "y": 5284.0}, {"i": 931, "x": 20744.0, "y": 7980.0}, {"i": 932, "x": 20750.0, "y": 8722.0}, {"i": 933, "x": 20766.0, "y": 12992.0}, {"i": 934, "x": 20784.0, "y": 12974.0}, {"i": 935, "x": 20806.0, "y": 5966.0}, {"i": 936, "x": 20840.0, "y": 7232.0}, {"i": 937, "x": 20840.0, "y": 16148.0}, {"i": 938, "x": 20846.0, "y": 9918.0}, {"i": 939, "x": 20848.0, "y": 9906.0}, {"i": 940, "x": 20878.0, "y": 12488.0}, {"i": 941, "x": 20902.0, "y": 6510.0}, {"i": 942, "x": 20902.0, "y": 9774.0}, {"i": 943, "x": 20904.0, "y": 5546.0}, {"i": 944, "x": 20904.0, "y": 6952.0}, {"i": 945, "x": 20932.0, "y": 8948.0}, {"i": 946, "x": 20934.0, "y": 8996.0}, {"i": 947, "x": 20940.0, "y": 10224.0}, {"i": 948, "x": 20966.0, "y": 9854.0}, {"i": 949, "x": 20972.0, "y": 6512.0}, {"i": 950, "x": 20976.0, "y": 12466.0}, {"i": 951, "x": 20980.0, "y": 7818.0}, {"i": 952, "x": 20988.0, "y": 7774.0}, {"i": 953, "x": 21008.0, "y": 11044.0}, {"i": 954, "x": 21010.0, "y": 11906.0}, {"i": 955, "x": 21024.0, "y": 12472.0}, {"i": 956, "x": 21070.0, "y": 8158.0}, {"i": 957, "x": 21078.0, "y": 10978.0}, {"i": 958, "x": 21100.0, "y": 8620.0}, {"i": 959, "x": 21100.0, "y": 8860.0}, {"i": 960, "x": 21140.0, "y": 7222.0}, {"i": 961, "x": 21144.0, "y": 6552.0}, {"i": 962, "x": 21144.0, "y": 12808.0}, {"i": 963, "x": 21146.0, "y": 8546.0}, {"i": 964, "x": 21162.0, "y": 11568.0}, {"i": 965, "x": 21176.0, "y": 7242.0}, {"i": 966, "x": 21206.0, "y": 9318.0}, {"i": 967, "x": 21216.0, "y": 9736.0}, {"i": 968, "x": 21218.0, "y": 11672.0}, {"i": 969, "x": 21242.0, "y": 12704.0}, {"i": 970, "x": 21272.0, "y": 7922.0}, {"i": 971, "x": 21284.0, "y": 10572.0}, {"i": 972, "x": 21284.0, "y": 15186.0}, {"i": 973, "x": 21288.0, "y": 13688.0}, {"i": 974, "x": 21290.0, "y": 5326.0}, {"i": 975, "x": 21306.0, "y": 10944.0}, {"i": 976, "x": 21312.0, "y": 10320.0}, {"i": 977, "x": 21320.0, "y": 7140.0}, {"i": 978, "x": 21322.0, "y": 13740.0}, {"i": 979, "x": 21334.0, "y": 7026.0}, {"i": 980, "x": 21350.0, "y": 12790.0}, {"i": 981, "x": 21358.0, "y": 13394.0}, {"i": 982, "x": 21364.0, "y": 12130.0}, {"i": 983, "x": 21372.0, "y": 12370.0}, {"i": 984, "x": 21382.0, "y": 11982.0}, {"i": 985, "x": 21388.0, "y": 7682.0}, {"i": 986, "x": 21406.0, "y": 5422.0}, {"i": 987, "x": 21428.0, "y": 12504.0}, {"i": 988, "x": 21436.0, "y": 13008.0}, {"i": 989, "x": 21444.0, "y": 10812.0}, {"i": 990, "x": 21450.0, "y": 11172.0}, {"i": 991, "x": 21466.0, "y": 9832.0}, {"i": 992, "x": 21486.0, "y": 12118.0}, {"i": 993, "x": 21486.0, "y": 13106.0}, {"i": 994, "x": 21498.0, "y": 13014.0}, {"i": 995, "x": 21504.0, "y": 5464.0}, {"i": 996, "x": 21510.0, "y": 11940.0}, {"i": 997, "x": 21512.0, "y": 12066.0}, {"i": 998, "x": 21516.0, "y": 8726.0}, {"i": 999, "x": 21516.0, "y": 12252.0}, {"i": 1000, "x": 21528.0, "y": 12546.0}, {"i": 1001, "x": 21540.0, "y": 12414.0}, {"i": 1002, "x": 21542.0, "y": 12494.0}, {"i": 1003, "x": 21556.0, "y": 5824.0}, {"i": 1004, "x": 21558.0, "y": 12072.0}, {"i": 1005, "x": 21558.0, "y": 12108.0}, {"i": 1006, "x": 21560.0, "y": 12190.0}, {"i": 1007, "x": 21566.0, "y": 12070.0}, {"i": 1008, "x": 21566.0, "y": 12604.0}, {"i": 1009, "x": 21572.0, "y": 12458.0}, {"i": 1010, "x": 21576.0, "y": 12132.0}, {"i": 1011, "x": 21580.0, "y": 13812.0}, {"i": 1012, "x": 21584.0, "y": 13174.0}, {"i": 1013, "x": 21598.0, "y": 5776.0}, {"i": 1014, "x": 21616.0, "y": 12442.0}, {"i": 1015, "x": 21618.0, "y": 12496.0}, {"i": 1016, "x": 21636.0, "y": 11786.0}, {"i": 1017, "x": 21652.0, "y": 12748.0}, {"i": 1018, "x": 21654.0, "y": 7688.0}, {"i": 1019, "x": 21660.0, "y": 9380.0}, {"i": 1020, "x": 21662.0, "y": 12304.0}, {"i": 1021, "x": 21670.0, "y": 13172.0}, {"i": 1022, "x": 21696.0, "y": 9012.0}, {"i": 1023, "x": 21700.0, "y": 12666.0}, {"i": 1024, "x": 21702.0, "y": 13426.0}, {"i": 1025, "x": 21706.0, "y": 12418.0}, {"i": 1026, "x": 21720.0, "y": 11776.0}, {"i": 1027, "x": 21734.0, "y": 12268.0}, {"i": 1028, "x": 21738.0, "y": 12220.0}, {"i": 1029, "x": 21752.0, "y": 12408.0}, {"i": 1030, "x": 21752.0, "y": 13566.0}, {"i": 1031, "x": 21756.0, "y": 12046.0}, {"i": 1032, "x": 21778.0, "y": 12252.0}, {"i": 1033, "x": 21794.0, "y": 7984.0}, {"i": 1034, "x": 21796.0, "y": 9952.0}, {"i": 1035, "x": 21796.0, "y": 14192.0}, {"i": 1036, "x": 21812.0, "y": 8794.0}, {"i": 1037, "x": 21824.0, "y": 12372.0}, {"i": 1038, "x": 21840.0, "y": 7430.0}, {"i": 1039, "x": 21858.0, "y": 6998.0}, {"i": 1040, "x": 21860.0, "y": 9866.0}, {"i": 1041, "x": 21860.0, "y": 11162.0}, {"i": 1042, "x": 21880.0, "y": 9160.0}, {"i": 1043, "x": 21884.0, "y": 6196.0}, {"i": 1044, "x": 21888.0, "y": 14536.0}, {"i": 1045, "x": 21900.0, "y": 6998.0}, {"i": 1046, "x": 21916.0, "y": 9968.0}, {"i": 1047, "x": 21922.0, "y": 9072.0}, {"i": 1048, "x": 21934.0, "y": 10794.0}, {"i": 1049, "x": 21956.0, "y": 10668.0}, {"i": 1050, "x": 21980.0, "y": 6980.0}, {"i": 1051, "x": 21984.0, "y": 9016.0}, {"i": 1052, "x": 21998.0, "y": 6014.0}, {"i": 1053, "x": 21998.0, "y": 9880.0}, {"i": 1054, "x": 22008.0, "y": 6022.0}, {"i": 1055, "x": 22026.0, "y": 12172.0}, {"i": 1056, "x": 22036.0, "y": 9028.0}, {"i": 1057, "x": 22060.0, "y": 11960.0}, {"i": 1058, "x": 22062.0, "y": 5408.0}, {"i": 1059, "x": 22110.0, "y": 7236.0}, {"i": 1060, "x": 22200.0, "y": 6520.0}, {"i": 1061, "x": 22202.0, "y": 8460.0}, {"i": 1062, "x": 22210.0, "y": 7068.0}, {"i": 1063, "x": 22220.0, "y": 10138.0}, {"i": 1064, "x": 22230.0, "y": 7172.0}, {"i": 1065, "x": 22242.0, "y": 8782.0}, {"i": 1066, "x": 22244.0, "y": 8978.0}, {"i": 1067, "x": 22248.0, "y": 8836.0}, {"i": 1068, "x": 22252.0, "y": 9226.0}, {"i": 1069, "x": 22254.0, "y": 7912.0}, {"i": 1070, "x": 22254.0, "y": 12126.0}, {"i": 1071, "x": 22260.0, "y": 9008.0}, {"i": 1072, "x": 22264.0, "y": 8934.0}, {"i": 1073, "x": 22266.0, "y": 7626.0}, {"i": 1074, "x": 22270.0, "y": 11160.0}, {"i": 1075, "x": 22274.0, "y": 7318.0}, {"i": 1076, "x": 22274.0, "y": 7414.0}, {"i": 1077, "x": 22278.0, "y": 10422.0}, {"i": 1078, "x": 22280.0, "y": 8580.0}, {"i": 1079, "x": 22282.0, "y": 11412.0}, {"i": 1080, "x": 22288.0, "y": 8560.0}, {"i": 1081, "x": 22288.0, "y": 8746.0}, {"i": 1082, "x": 22300.0, "y": 8376.0}, {"i": 1083, "x": 22308.0, "y": 7372.0}, {"i": 1084, "x": 22312.0, "y": 6998.0}, {"i": 1085, "x": 22314.0, "y": 7936.0}, {"i": 1086, "x": 22324.0, "y": 9878.0}, {"i": 1087, "x": 22348.0, "y": 8682.0}, {"i": 1088, "x": 22350.0, "y": 5356.0}, {"i": 1089, "x": 22356.0, "y": 9084.0}, {"i": 1090, "x": 22360.0, "y": 9082.0}, {"i": 1091, "x": 22362.0, "y": 8012.0}, {"i": 1092, "x": 22386.0, "y": 7988.0}, {"i": 1093, "x": 22388.0, "y": 8066.0}, {"i": 1094, "x": 22394.0, "y": 6214.0}, {"i": 1095, "x": 22396.0, "y": 7956.0}, {"i": 1096, "x": 22406.0, "y": 8890.0}, {"i": 1097, "x": 22454.0, "y": 8944.0}, {"i": 1098, "x": 22478.0, "y": 8882.0}, {"i": 1099, "x": 22482.0, "y": 10982.0}, {"i": 1100, "x": 22486.0, "y": 8680.0}, {"i": 1101, "x": 22486.0, "y": 10452.0}, {"i": 1102, "x": 22526.0, "y": 8658.0}, {"i": 1103, "x": 22528.0, "y": 9934.0}, {"i": 1104, "x": 22536.0, "y": 11800.0}, {"i": 1105, "x": 22540.0, "y": 6460.0}, {"i": 1106, "x": 22586.0, "y": 8602.0}, {"i": 1107, "x": 22594.0, "y": 9598.0}, {"i": 1108, "x": 22602.0, "y": 11084.0}, {"i": 1109, "x": 22638.0, "y": 7006.0}, {"i": 1110, "x": 22640.0, "y": 13654.0}, {"i": 1111, "x": 22644.0, "y": 7034.0}, {"i": 1112, "x": 22646.0, "y": 11520.0}, {"i": 1113, "x": 22650.0, "y": 13048.0}, {"i": 1114, "x": 22662.0, "y": 11384.0}, {"i": 1115, "x": 22682.0, "y": 8322.0}, {"i": 1116, "x": 22716.0, "y": 9844.0}, {"i": 1117, "x": 22732.0, "y": 6598.0}, {"i": 1118, "x": 22736.0, "y": 8868.0}, {"i": 1119, "x": 22736.0, "y": 11080.0}, {"i": 1120, "x": 22736.0, "y": 12752.0}, {"i": 1121, "x": 22738.0, "y": 11000.0}, {"i": 1122, "x": 22740.0, "y": 6720.0}, {"i": 1123, "x": 22740.0, "y": 11082.0}, {"i": 1124, "x": 22742.0, "y": 5402.0}, {"i": 1125, "x": 22746.0, "y": 10990.0}, {"i": 1126, "x": 22750.0, "y": 10996.0}, {"i": 1127, "x": 22756.0, "y": 7474.0}, {"i": 1128, "x": 22756.0, "y": 7910.0}, {"i": 1129, "x": 22758.0, "y": 7440.0}, {"i": 1130, "x": 22762.0, "y": 12184.0}, {"i": 1131, "x": 22768.0, "y": 11038.0}, {"i": 1132, "x": 22772.0, "y": 12040.0}, {"i": 1133, "x": 22792.0, "y": 5288.0}, {"i": 1134, "x": 22796.0, "y": 12206.0}, {"i": 1135, "x": 22804.0, "y": 6214.0}, {"i": 1136, "x": 22810.0, "y": 10062.0}, {"i": 1137, "x": 22814.0, "y": 11130.0}, {"i": 1138, "x": 22818.0, "y": 6862.0}, {"i": 1139, "x": 22860.0, "y": 6624.0}, {"i": 1140, "x": 22880.0, "y": 10346.0}, {"i": 1141, "x": 22882.0, "y": 11156.0}, {"i": 1142, "x": 22892.0, "y": 12916.0}, {"i": 1143, "x": 22900.0, "y": 10132.0}, {"i": 1144, "x": 22900.0, "y": 10574.0}, {"i": 1145, "x": 22900.0, "y": 11966.0}, {"i": 1146, "x": 22902.0, "y": 10108.0}, {"i": 1147, "x": 22910.0, "y": 12964.0}, {"i": 1148, "x": 22914.0, "y": 9784.0}, {"i": 1149, "x": 22916.0, "y": 11194.0}, {"i": 1150, "x": 22934.0, "y": 11150.0}, {"i": 1151, "x": 22956.0, "y": 10164.0}, {"i": 1152, "x": 22960.0, "y": 7794.0}, {"i": 1153, "x": 22964.0, "y": 11156.0}, {"i": 1154, "x": 22968.0, "y": 6074.0}, {"i": 1155, "x": 22988.0, "y": 12776.0}, {"i": 1156, "x": 22994.0, "y": 11428.0}, {"i": 1157, "x": 22998.0, "y": 9968.0}, {"i": 1158, "x": 23010.0, "y": 5176.0}, {"i": 1159, "x": 23010.0, "y": 12442.0}, {"i": 1160, "x": 23014.0, "y": 12904.0}, {"i": 1161, "x": 23026.0, "y": 13154.0}, {"i": 1162, "x": 23038.0, "y": 12460.0}, {"i": 1163, "x": 23038.0, "y": 12892.0}, {"i": 1164, "x": 23062.0, "y": 10026.0}, {"i": 1165, "x": 23068.0, "y": 5566.0}, {"i": 1166, "x": 23090.0, "y": 10364.0}, {"i": 1167, "x": 23104.0, "y": 5866.0}, {"i": 1168, "x": 23124.0, "y": 6706.0}, {"i": 1169, "x": 23128.0, "y": 6674.0}, {"i": 1170, "x": 23128.0, "y": 11134.0}, {"i": 1171, "x": 23134.0, "y": 11176.0}, {"i": 1172, "x": 23162.0, "y": 13658.0}, {"i": 1173, "x": 23166.0, "y": 5820.0}, {"i": 1174, "x": 23184.0, "y": 11210.0}, {"i": 1175, "x": 23186.0, "y": 11218.0}, {"i": 1176, "x": 23188.0, "y": 9982.0}, {"i": 1177, "x": 23196.0, "y": 10050.0}, {"i": 1178, "x": 23206.0, "y": 6670.0}, {"i": 1179, "x": 23206.0, "y": 10130.0}, {"i": 1180, "x": 23210.0, "y": 11720.0}, {"i": 1181, "x": 23230.0, "y": 10564.0}, {"i": 1182, "x": 23254.0, "y": 12904.0}, {"i": 1183, "x": 23266.0, "y": 9858.0}, {"i": 1184, "x": 23300.0, "y": 7664.0}, {"i": 1185, "x": 23304.0, "y": 10908.0}, {"i": 1186, "x": 23306.0, "y": 12536.0}, {"i": 1187, "x": 23308.0, "y": 11068.0}, {"i": 1188, "x": 23310.0, "y": 8166.0}, {"i": 1189, "x": 23312.0, "y": 11922.0}, {"i": 1190, "x": 23316.0, "y": 6634.0}, {"i": 1191, "x": 23320.0, "y": 11786.0}, {"i": 1192, "x": 23322.0, "y": 6934.0}, {"i": 1193, "x": 23366.0, "y": 6618.0}, {"i": 1194, "x": 23400.0, "y": 6602.0}, {"i": 1195, "x": 23404.0, "y": 7910.0}, {"i": 1196, "x": 23410.0, "y": 7602.0}, {"i": 1197, "x": 23422.0, "y": 6536.0}, {"i": 1198, "x": 23428.0, "y": 8232.0}, {"i": 1199, "x": 23432.0, "y": 7750.0}, {"i": 1200, "x": 23438.0, "y": 5940.0}, {"i": 1201, "x": 23438.0, "y": 9922.0}, {"i": 1202, "x": 23458.0, "y": 11738.0}, {"i": 1203, "x": 23462.0, "y": 7992.0}, {"i": 1204, "x": 23466.0, "y": 7812.0}, {"i": 1205, "x": 23478.0, "y": 10992.0}, {"i": 1206, "x": 23492.0, "y": 10614.0}, {"i": 1207, "x": 23508.0, "y": 7926.0}, {"i": 1208, "x": 23510.0, "y": 8288.0}, {"i": 1209, "x": 23512.0, "y": 10668.0}, {"i": 1210, "x": 23524.0, "y": 12476.0}, {"i": 1211, "x": 23528.0, "y": 7472.0}, {"i": 1212, "x": 23532.0, "y": 8016.0}, {"i": 1213, "x": 23538.0, "y": 10634.0}, {"i": 1214, "x": 23546.0, "y": 10746.0}, {"i": 1215, "x": 23570.0, "y": 7150.0}, {"i": 1216, "x": 23592.0, "y": 8866.0}, {"i": 1217, "x": 23600.0, "y": 7098.0}, {"i": 1218, "x": 23600.0, "y": 10900.0}, {"i": 1219, "x": 23612.0, "y": 14132.0}, {"i": 1220, "x": 23626.0, "y": 7408.0}, {"i": 1221, "x": 23630.0, "y": 6302.0}, {"i": 1222, "x": 23636.0, "y": 8382.0}, {"i": 1223, "x": 23636.0, "y": 13702.0}, {"i": 1224, "x": 23644.0, "y": 10468.0}, {"i": 1225, "x": 23648.0, "y": 11456.0}, {"i": 1226, "x": 23656.0, "y": 5644.0}, {"i": 1227, "x": 23658.0, "y": 10626.0}, {"i": 1228, "x": 23662.0, "y": 9918.0}, {"i": 1229, "x": 23664.0, "y": 10556.0}, {"i": 1230, "x": 23666.0, "y": 7142.0}, {"i": 1231, "x": 23688.0, "y": 7846.0}, {"i": 1232, "x": 23696.0, "y": 7368.0}, {"i": 1233, "x": 23702.0, "y": 7930.0}, {"i": 1234, "x": 23706.0, "y": 7484.0}, {"i": 1235, "x": 23708.0, "y": 9952.0}, {"i": 1236, "x": 23712.0, "y": 7486.0}, {"i": 1237, "x": 23712.0, "y": 9932.0}, {"i": 1238, "x": 23714.0, "y": 7798.0}, {"i": 1239, "x": 23718.0, "y": 12476.0}, {"i": 1240, "x": 23720.0, "y": 7432.0}, {"i": 1241, "x": 23722.0, "y": 7702.0}, {"i": 1242, "x": 23724.0, "y": 7884.0}, {"i": 1243, "x": 23728.0, "y": 5868.0}, {"i": 1244, "x": 23732.0, "y": 7262.0}, {"i": 1245, "x": 23732.0, "y": 7756.0}, {"i": 1246, "x": 23732.0, "y": 11450.0}, {"i": 1247, "x": 23736.0, "y": 7236.0}, {"i": 1248, "x": 23744.0, "y": 5458.0}, {"i": 1249, "x": 23748.0, "y": 9694.0}, {"i": 1250, "x": 23756.0, "y": 11894.0}, {"i": 1251, "x": 23776.0, "y": 7138.0}, {"i": 1252, "x": 23776.0, "y": 9808.0}, {"i": 1253, "x": 23786.0, "y": 6988.0}, {"i": 1254, "x": 23786.0, "y": 7364.0}, {"i": 1255, "x": 23794.0, "y": 7064.0}, {"i": 1256, "x": 23796.0, "y": 10806.0}, {"i": 1257, "x": 23802.0, "y": 15050.0}, {"i": 1258, "x": 23812.0, "y": 11114.0}, {"i": 1259, "x": 23814.0, "y": 11416.0}, {"i": 1260, "x": 23822.0, "y": 11618.0}, {"i": 1261, "x": 23848.0, "y": 5460.0}, {"i": 1262, "x": 23850.0, "y": 7542.0}, {"i": 1263, "x": 23850.0, "y": 12032.0}, {"i": 1264, "x": 23860.0, "y": 8510.0}, {"i": 1265, "x": 23872.0, "y": 6088.0}, {"i": 1266, "x": 23882.0, "y": 13280.0}, {"i": 1267, "x": 23888.0, "y": 11072.0}, {"i": 1268, "x": 23892.0, "y": 8632.0}, {"i": 1269, "x": 23900.0, "y": 11062.0}, {"i": 1270, "x": 23902.0, "y": 11058.0}, {"i": 1271, "x": 23910.0, "y": 9288.0}, {"i": 1272, "x": 23914.0, "y": 13246.0}, {"i": 1273, "x": 23922.0, "y": 11058.0}, {"i": 1274, "x": 23924.0, "y": 11510.0}, {"i": 1275, "x": 23942.0, "y": 8554.0}, {"i": 1276, "x": 23948.0, "y": 10890.0}, {"i": 1277, "x": 23950.0, "y": 8756.0}, {"i": 1278, "x": 23954.0, "y": 12132.0}, {"i": 1279, "x": 23966.0, "y": 7106.0}, {"i": 1280, "x": 23982.0, "y": 7276.0}, {"i": 1281, "x": 23992.0, "y": 7850.0}, {"i": 1282, "x": 23994.0, "y": 7620.0}, {"i": 1283, "x": 24034.0, "y": 8768.0}, {"i": 1284, "x": 24040.0, "y": 13164.0}, {"i": 1285, "x": 24054.0, "y": 10996.0}, {"i": 1286, "x": 24056.0, "y": 13116.0}, {"i": 1287, "x": 24062.0, "y": 13274.0}, {"i": 1288, "x": 24070.0, "y": 7240.0}, {"i": 1289, "x": 24072.0, "y": 7522.0}, {"i": 1290, "x": 24072.0, "y": 8098.0}, {"i": 1291, "x": 24072.0, "y": 8612.0}, {"i": 1292, "x": 24092.0, "y": 7218.0}, {"i": 1293, "x": 24102.0, "y": 7698.0}, {"i": 1294, "x": 24110.0, "y": 10956.0}, {"i": 1295, "x": 24136.0, "y": 12488.0}, {"i": 1296, "x": 24150.0, "y": 576.0}, {"i": 1297, "x": 24152.0, "y": 12112.0}, {"i": 1298, "x": 24168.0, "y": 8736.0}, {"i": 1299, "x": 24176.0, "y": 12124.0}, {"i": 1300, "x": 24184.0, "y": 12666.0}, {"i": 1301, "x": 24184.0, "y": 12914.0}, {"i": 1302, "x": 24186.0, "y": 7824.0}, {"i": 1303, "x": 24196.0, "y": 11792.0}, {"i": 1304, "x": 24198.0, "y": 12630.0}, {"i": 1305, "x": 24206.0, "y": 11726.0}, {"i": 1306, "x": 24208.0, "y": 7596.0}, {"i": 1307, "x": 24214.0, "y": 6136.0}, {"i": 1308, "x": 24220.0, "y": 6722.0}, {"i": 1309, "x": 24220.0, "y": 12656.0}, {"i": 1310, "x": 24240.0, "y": 12504.0}, {"i": 1311, "x": 24242.0, "y": 11780.0}, {"i": 1312, "x": 24260.0, "y": 12608.0}, {"i": 1313, "x": 24270.0, "y": 7470.0}, {"i": 1314, "x": 24286.0, "y": 12040.0}, {"i": 1315, "x": 24292.0, "y": 12616.0}, {"i": 1316, "x": 24300.0, "y": 12110.0}, {"i": 1317, "x": 24302.0, "y": 12614.0}, {"i": 1318, "x": 24314.0, "y": 12044.0}, {"i": 1319, "x": 24328.0, "y": 6484.0}, {"i": 1320, "x": 24338.0, "y": 13196.0}, {"i": 1321, "x": 24340.0, "y": 12386.0}, {"i": 1322, "x": 24350.0, "y": 11326.0}, {"i": 1323, "x": 24362.0, "y": 12284.0}, {"i": 1324, "x": 24368.0, "y": 12480.0}, {"i": 1325, "x": 24370.0, "y": 8392.0}, {"i": 1326, "x": 24378.0, "y": 5666.0}, {"i": 1327, "x": 24380.0, "y": 7874.0}, {"i": 1328, "x": 24400.0, "y": 12008.0}, {"i": 1329, "x": 24404.0, "y": 9212.0}, {"i": 1330, "x": 24412.0, "y": 12630.0}, {"i": 1331, "x": 24416.0, "y": 12930.0}, {"i": 1332, "x": 24420.0, "y": 11984.0}, {"i": 1333, "x": 24422.0, "y": 9846.0}, {"i": 1334, "x": 24426.0, "y": 12452.0}, {"i": 1335, "x": 24428.0, "y": 11792.0}, {"i": 1336, "x": 24438.0, "y": 6984.0}, {"i": 1337, "x": 24446.0, "y": 5366.0}, {"i": 1338, "x": 24448.0, "y": 6424.0}, {"i": 1339, "x": 24462.0, "y": 8790.0}, {"i": 1340, "x": 24478.0, "y": 9476.0}, {"i": 1341, "x": 24488.0, "y": 8686.0}, {"i": 1342, "x": 24490.0, "y": 5706.0}, {"i": 1343, "x": 24514.0, "y": 12834.0}, {"i": 1344, "x": 24528.0, "y": 11062.0}, {"i": 1345, "x": 24534.0, "y": 12734.0}, {"i": 1346, "x": 24538.0, "y": 12650.0}, {"i": 1347, "x": 24540.0, "y": 12446.0}, {"i": 1348, "x": 24546.0, "y": 9478.0}, {"i": 1349, "x": 24550.0, "y": 11280.0}, {"i": 1350, "x": 24570.0, "y": 12794.0}, {"i": 1351, "x": 24572.0, "y": 12754.0}, {"i": 1352, "x": 24576.0, "y": 12710.0}, {"i": 1353, "x": 24582.0, "y": 8464.0}, {"i": 1354, "x": 24584.0, "y": 12024.0}, {"i": 1355, "x": 24598.0, "y": 6544.0}, {"i": 1356, "x": 24612.0, "y": 8974.0}, {"i": 1357, "x": 24614.0, "y": 12456.0}, {"i": 1358, "x": 24620.0, "y": 10894.0}, {"i": 1359, "x": 24620.0, "y": 12732.0}, {"i": 1360, "x": 24622.0, "y": 9448.0}, {"i": 1361, "x": 24642.0, "y": 11054.0}, {"i": 1362, "x": 24668.0, "y": 12432.0}, {"i": 1363, "x": 24674.0, "y": 6038.0}, {"i": 1364, "x": 24678.0, "y": 9428.0}, {"i": 1365, "x": 24682.0, "y": 6984.0}, {"i": 1366, "x": 24690.0, "y": 11152.0}, {"i": 1367, "x": 24694.0, "y": 9546.0}, {"i": 1368, "x": 24698.0, "y": 6348.0}, {"i": 1369, "x": 24710.0, "y": 8432.0}, {"i": 1370, "x": 24714.0, "y": 7946.0}, {"i": 1371, "x": 24716.0, "y": 11316.0}, {"i": 1372, "x": 24722.0, "y": 9812.0}, {"i": 1373, "x": 24724.0, "y": 9306.0}, {"i": 1374, "x": 24732.0, "y": 7966.0}, {"i": 1375, "x": 24744.0, "y": 11124.0}, {"i": 1376, "x": 24748.0, "y": 7704.0}, {"i": 1377, "x": 24772.0, "y": 11100.0}, {"i": 1378, "x": 24792.0, "y": 9258.0}, {"i": 1379, "x": 24796.0, "y": 4532.0}, {"i": 1380, "x": 24798.0, "y": 4148.0}, {"i": 1381, "x": 24798.0, "y": 7820.0}, {"i": 1382, "x": 24800.0, "y": 11574.0}, {"i": 1383, "x": 24800.0, "y": 12734.0}, {"i": 1384, "x": 24804.0, "y": 10976.0}, {"i": 1385, "x": 24816.0, "y": 13074.0}, {"i": 1386, "x": 24824.0, "y": 7764.0}, {"i": 1387, "x": 24828.0, "y": 7942.0}, {"i": 1388, "x": 24834.0, "y": 3782.0}, {"i": 1389, "x": 24836.0, "y": 786.0}, {"i": 1390, "x": 24836.0, "y": 10150.0}, {"i": 1391, "x": 24838.0, "y": 3578.0}, {"i": 1392, "x": 24872.0, "y": 3518.0}, {"i": 1393, "x": 24880.0, "y": 11150.0}, {"i": 1394, "x": 24892.0, "y": 3672.0}, {"i": 1395, "x": 24892.0, "y": 11360.0}, {"i": 1396, "x": 24904.0, "y": 1140.0}, {"i": 1397, "x": 24916.0, "y": 3918.0}, {"i": 1398, "x": 24924.0, "y": 6460.0}, {"i": 1399, "x": 24926.0, "y": 7800.0}, {"i": 1400, "x": 24926.0, "y": 10076.0}, {"i": 1401, "x": 24930.0, "y": 7362.0}, {"i": 1402, "x": 24936.0, "y": 6498.0}, {"i": 1403, "x": 24936.0, "y": 9566.0}, {"i": 1404, "x": 24942.0, "y": 9042.0}, {"i": 1405, "x": 24944.0, "y": 7596.0}, {"i": 1406, "x": 24948.0, "y": 9174.0}, {"i": 1407, "x": 24952.0, "y": 8280.0}, {"i": 1408, "x": 24982.0, "y": 3928.0}, {"i": 1409, "x": 24988.0, "y": 11904.0}, {"i": 1410, "x": 24990.0, "y": 4630.0}, {"i": 1411, "x": 25000.0, "y": 11916.0}, {"i": 1412, "x": 25004.0, "y": 984.0}, {"i": 1413, "x": 25004.0, "y": 7194.0}, {"i": 1414, "x": 25018.0, "y": 9030.0}, {"i": 1415, "x": 25020.0, "y": 9510.0}, {"i": 1416, "x": 25030.0, "y": 10402.0}, {"i": 1417, "x": 25038.0, "y": 7204.0}, {"i": 1418, "x": 25040.0, "y": 9100.0}, {"i": 1419, "x": 25040.0, "y": 11168.0}, {"i": 1420, "x": 25042.0, "y": 6942.0}, {"i": 1421, "x": 25046.0, "y": 4098.0}, {"i": 1422, "x": 25064.0, "y": 3290.0}, {"i": 1423, "x": 25066.0, "y": 3944.0}, {"i": 1424, "x": 25066.0, "y": 11822.0}, {"i": 1425, "x": 25068.0, "y": 1000.0}, {"i": 1426, "x": 25068.0, "y": 7092.0}, {"i": 1427, "x": 25070.0, "y": 4718.0}, {"i": 1428, "x": 25078.0, "y": 9004.0}, {"i": 1429, "x": 25078.0, "y": 11990.0}, {"i": 1430, "x": 25080.0, "y": 7918.0}, {"i": 1431, "x": 25084.0, "y": 4906.0}, {"i": 1432, "x": 25084.0, "y": 8090.0}, {"i": 1433, "x": 25086.0, "y": 9726.0}, {"i": 1434, "x": 25094.0, "y": 4510.0}, {"i": 1435, "x": 25100.0, "y": 7278.0}, {"i": 1436, "x": 25106.0, "y": 8000.0}, {"i": 1437, "x": 25122.0, "y": 11512.0}, {"i": 1438, "x": 25138.0, "y": 7980.0}, {"i": 1439, "x": 25182.0, "y": 11950.0}, {"i": 1440, "x": 25190.0, "y": 10274.0}, {"i": 1441, "x": 25192.0, "y": 4430.0}, {"i": 1442, "x": 25196.0, "y": 3922.0}, {"i": 1443, "x": 25210.0, "y": 7114.0}, {"i": 1444, "x": 25214.0, "y": 8166.0}, {"i": 1445, "x": 25216.0, "y": 8096.0}, {"i": 1446, "x": 25224.0, "y": 8092.0}, {"i": 1447, "x": 25226.0, "y": 9144.0}, {"i": 1448, "x": 25230.0, "y": 4504.0}, {"i": 1449, "x": 25242.0, "y": 11886.0}, {"i": 1450, "x": 25266.0, "y": 11994.0}, {"i": 1451, "x": 25280.0, "y": 10444.0}, {"i": 1452, "x": 25296.0, "y": 3176.0}, {"i": 1453, "x": 25298.0, "y": 11992.0}, {"i": 1454, "x": 25318.0, "y": 7264.0}, {"i": 1455, "x": 25318.0, "y": 9328.0}, {"i": 1456, "x": 25320.0, "y": 8584.0}, {"i": 1457, "x": 25326.0, "y": 4040.0}, {"i": 1458, "x": 25330.0, "y": 11678.0}, {"i": 1459, "x": 25344.0, "y": 4218.0}, {"i": 1460, "x": 25348.0, "y": 8166.0}, {"i": 1461, "x": 25350.0, "y": 4418.0}, {"i": 1462, "x": 25362.0, "y": 4246.0}, {"i": 1463, "x": 25374.0, "y": 11488.0}, {"i": 1464, "x": 25380.0, "y": 12020.0}, {"i": 1465, "x": 25390.0, "y": 8124.0}, {"i": 1466, "x": 25392.0, "y": 10096.0}, {"i": 1467, "x": 25396.0, "y": 12094.0}, {"i": 1468, "x": 25402.0, "y": 4194.0}, {"i": 1469, "x": 25412.0, "y": 11412.0}, {"i": 1470, "x": 25418.0, "y": 3930.0}, {"i": 1471, "x": 25444.0, "y": 4466.0}, {"i": 1472, "x": 25448.0, "y": 5582.0}, {"i": 1473, "x": 25450.0, "y": 2848.0}, {"i": 1474, "x": 25454.0, "y": 4052.0}, {"i": 1475, "x": 25456.0, "y": 3870.0}, {"i": 1476, "x": 25458.0, "y": 4410.0}, {"i": 1477, "x": 25460.0, "y": 12080.0}, {"i": 1478, "x": 25462.0, "y": 12014.0}, {"i": 1479, "x": 25474.0, "y": 3770.0}, {"i": 1480, "x": 25480.0, "y": 4284.0}, {"i": 1481, "x": 25480.0, "y": 11074.0}, {"i": 1482, "x": 25486.0, "y": 10620.0}, {"i": 1483, "x": 25498.0, "y": 11632.0}, {"i": 1484, "x": 25516.0, "y": 11864.0}, {"i": 1485, "x": 25520.0, "y": 10628.0}, {"i": 1486, "x": 25524.0, "y": 11860.0}, {"i": 1487, "x": 25534.0, "y": 4404.0}, {"i": 1488, "x": 25542.0, "y": 3600.0}, {"i": 1489, "x": 25542.0, "y": 16206.0}, {"i": 1490, "x": 25566.0, "y": 8564.0}, {"i": 1491, "x": 25566.0, "y": 12074.0}, {"i": 1492, "x": 25568.0, "y": 7064.0}, {"i": 1493, "x": 25574.0, "y": 11398.0}, {"i": 1494, "x": 25582.0, "y": 16204.0}, {"i": 1495, "x": 25586.0, "y": 3506.0}, {"i": 1496, "x": 25594.0, "y": 12152.0}, {"i": 1497, "x": 25598.0, "y": 6298.0}, {"i": 1498, "x": 25606.0, "y": 4552.0}, {"i": 1499, "x": 25608.0, "y": 4184.0}, {"i": 1500, "x": 25608.0, "y": 7672.0}, {"i": 1501, "x": 25610.0, "y": 5024.0}, {"i": 1502, "x": 25612.0, "y": 8396.0}, {"i": 1503, "x": 25618.0, "y": 11956.0}, {"i": 1504, "x": 25620.0, "y": 4060.0}, {"i": 1505, "x": 25626.0, "y": 13216.0}, {"i": 1506, "x": 25632.0, "y": 11542.0}, {"i": 1507, "x": 25636.0, "y": 8280.0}, {"i": 1508, "x": 25646.0, "y": 8828.0}, {"i": 1509, "x": 25646.0, "y": 10000.0}, {"i": 1510, "x": 25660.0, "y": 4274.0}, {"i": 1511, "x": 25666.0, "y": 9568.0}, {"i": 1512, "x": 25674.0, "y": 9776.0}, {"i": 1513, "x": 25686.0, "y": 6494.0}, {"i": 1514, "x": 25686.0, "y": 7982.0}, {"i": 1515, "x": 25694.0, "y": 7524.0}, {"i": 1516, "x": 25702.0, "y": 7424.0}, {"i": 1517, "x": 25706.0, "y": 9778.0}, {"i": 1518, "x": 25708.0, "y": 7126.0}, {"i": 1519, "x": 25720.0, "y": 3976.0}, {"i": 1520, "x": 25720.0, "y": 7598.0}, {"i": 1521, "x": 25722.0, "y": 6376.0}, {"i": 1522, "x": 25724.0, "y": 8340.0}, {"i": 1523, "x": 25732.0, "y": 11670.0}, {"i": 1524, "x": 25734.0, "y": 9904.0}, {"i": 1525, "x": 25758.0, "y": 6264.0}, {"i": 1526, "x": 25766.0, "y": 8214.0}, {"i": 1527, "x": 25770.0, "y": 7978.0}, {"i": 1528, "x": 25776.0, "y": 8236.0}, {"i": 1529, "x": 25776.0, "y": 12202.0}, {"i": 1530, "x": 25796.0, "y": 7298.0}, {"i": 1531, "x": 25802.0, "y": 7470.0}, {"i": 1532, "x": 25806.0, "y": 9280.0}, {"i": 1533, "x": 25818.0, "y": 8494.0}, {"i": 1534, "x": 25820.0, "y": 14984.0}, {"i": 1535, "x": 25836.0, "y": 3164.0}, {"i": 1536, "x": 25840.0, "y": 8320.0}, {"i": 1537, "x": 25844.0, "y": 7636.0}, {"i": 1538, "x": 25860.0, "y": 8518.0}, {"i": 1539, "x": 25868.0, "y": 12946.0}, {"i": 1540, "x": 25874.0, "y": 8506.0}, {"i": 1541, "x": 25888.0, "y": 8724.0}, {"i": 1542, "x": 25900.0, "y": 8850.0}, {"i": 1543, "x": 25902.0, "y": 8660.0}, {"i": 1544, "x": 25920.0, "y": 7282.0}, {"i": 1545, "x": 25924.0, "y": 7292.0}, {"i": 1546, "x": 25924.0, "y": 12264.0}, {"i": 1547, "x": 25956.0, "y": 12834.0}, {"i": 1548, "x": 25962.0, "y": 10316.0}, {"i": 1549, "x": 25964.0, "y": 4106.0}, {"i": 1550, "x": 25970.0, "y": 3916.0}, {"i": 1551, "x": 25972.0, "y": 7452.0}, {"i": 1552, "x": 25976.0, "y": 8136.0}, {"i": 1553, "x": 25984.0, "y": 7888.0}, {"i": 1554, "x": 26038.0, "y": 11224.0}, {"i": 1555, "x": 26050.0, "y": 8062.0}, {"i": 1556, "x": 26058.0, "y": 4160.0}, {"i": 1557, "x": 26078.0, "y": 8530.0}, {"i": 1558, "x": 26088.0, "y": 2136.0}, {"i": 1559, "x": 26094.0, "y": 3680.0}, {"i": 1560, "x": 26096.0, "y": 6856.0}, {"i": 1561, "x": 26106.0, "y": 11840.0}, {"i": 1562, "x": 26118.0, "y": 8476.0}, {"i": 1563, "x": 26130.0, "y": 3690.0}, {"i": 1564, "x": 26132.0, "y": 10798.0}, {"i": 1565, "x": 26138.0, "y": 2542.0}, {"i": 1566, "x": 26140.0, "y": 8516.0}, {"i": 1567, "x": 26142.0, "y": 10792.0}, {"i": 1568, "x": 26144.0, "y": 11934.0}, {"i": 1569, "x": 26146.0, "y": 8106.0}, {"i": 1570, "x": 26146.0, "y": 11286.0}, {"i": 1571, "x": 26150.0, "y": 2688.0}, {"i": 1572, "x": 26174.0, "y": 3588.0}, {"i": 1573, "x": 26208.0, "y": 8702.0}, {"i": 1574, "x": 26214.0, "y": 2728.0}, {"i": 1575, "x": 26224.0, "y": 12086.0}, {"i": 1576, "x": 26244.0, "y": 11482.0}, {"i": 1577, "x": 26260.0, "y": 6954.0}, {"i": 1578, "x": 26260.0, "y": 13802.0}, {"i": 1579, "x": 26266.0, "y": 2516.0}, {"i": 1580, "x": 26266.0, "y": 8842.0}, {"i": 1581, "x": 26268.0, "y": 11186.0}, {"i": 1582, "x": 26270.0, "y": 11458.0}, {"i": 1583, "x": 26274.0, "y": 12336.0}, {"i": 1584, "x": 26276.0, "y": 3222.0}, {"i": 1585, "x": 26284.0, "y": 11694.0}, {"i": 1586, "x": 26286.0, "y": 11312.0}, {"i": 1587, "x": 26292.0, "y": 13210.0}, {"i": 1588, "x": 26306.0, "y": 11482.0}, {"i": 1589, "x": 26308.0, "y": 2880.0}, {"i": 1590, "x": 26314.0, "y": 2876.0}, {"i": 1591, "x": 26324.0, "y": 2642.0}, {"i": 1592, "x": 26344.0, "y": 11598.0}, {"i": 1593, "x": 26350.0, "y": 6900.0}, {"i": 1594, "x": 26360.0, "y": 11256.0}, {"i": 1595, "x": 26380.0, "y": 11480.0}, {"i": 1596, "x": 26398.0, "y": 8802.0}, {"i": 1597, "x": 26402.0, "y": 9534.0}, {"i": 1598, "x": 26410.0, "y": 11542.0}, {"i": 1599, "x": 26412.0, "y": 9478.0}, {"i": 1600, "x": 26416.0, "y": 9792.0}, {"i": 1601, "x": 26428.0, "y": 10922.0}, {"i": 1602, "x": 26430.0, "y": 10900.0}, {"i": 1603, "x": 26438.0, "y": 8824.0}, {"i": 1604, "x": 26456.0, "y": 8468.0}, {"i": 1605, "x": 26456.0, "y": 13052.0}, {"i": 1606, "x": 26476.0, "y": 8734.0}, {"i": 1607, "x": 26490.0, "y": 11084.0}, {"i": 1608, "x": 26490.0, "y": 13026.0}, {"i": 1609, "x": 26498.0, "y": 13560.0}, {"i": 1610, "x": 26502.0, "y": 9130.0}, {"i": 1611, "x": 26518.0, "y": 8340.0}, {"i": 1612, "x": 26524.0, "y": 8106.0}, {"i": 1613, "x": 26528.0, "y": 530.0}, {"i": 1614, "x": 26532.0, "y": 13310.0}, {"i": 1615, "x": 26536.0, "y": 13202.0}, {"i": 1616, "x": 26540.0, "y": 7670.0}, {"i": 1617, "x": 26542.0, "y": 8548.0}, {"i": 1618, "x": 26542.0, "y": 8808.0}, {"i": 1619, "x": 26544.0, "y": 12030.0}, {"i": 1620, "x": 26556.0, "y": 8506.0}, {"i": 1621, "x": 26564.0, "y": 9004.0}, {"i": 1622, "x": 26566.0, "y": 11336.0}, {"i": 1623, "x": 26568.0, "y": 7676.0}, {"i": 1624, "x": 26568.0, "y": 9384.0}, {"i": 1625, "x": 26572.0, "y": 13136.0}, {"i": 1626, "x": 26600.0, "y": 11332.0}, {"i": 1627, "x": 26614.0, "y": 13278.0}, {"i": 1628, "x": 26626.0, "y": 13670.0}, {"i": 1629, "x": 26632.0, "y": 13488.0}, {"i": 1630, "x": 26680.0, "y": 11564.0}, {"i": 1631, "x": 26704.0, "y": 11486.0}, {"i": 1632, "x": 26704.0, "y": 13524.0}, {"i": 1633, "x": 26716.0, "y": 13232.0}, {"i": 1634, "x": 26718.0, "y": 13456.0}, {"i": 1635, "x": 26744.0, "y": 8244.0}, {"i": 1636, "x": 26770.0, "y": 11822.0}, {"i": 1637, "x": 26774.0, "y": 9760.0}, {"i": 1638, "x": 26776.0, "y": 9172.0}, {"i": 1639, "x": 26782.0, "y": 8240.0}, {"i": 1640, "x": 26790.0, "y": 11298.0}, {"i": 1641, "x": 26794.0, "y": 11520.0}, {"i": 1642, "x": 26796.0, "y": 12574.0}, {"i": 1643, "x": 26800.0, "y": 13442.0}, {"i": 1644, "x": 26816.0, "y": 7636.0}, {"i": 1645, "x": 26816.0, "y": 13542.0}, {"i": 1646, "x": 26826.0, "y": 12988.0}, {"i": 1647, "x": 26858.0, "y": 8348.0}, {"i": 1648, "x": 26872.0, "y": 10918.0}, {"i": 1649, "x": 26882.0, "y": 13500.0}, {"i": 1650, "x": 26882.0, "y": 13842.0}, {"i": 1651, "x": 26890.0, "y": 7666.0}, {"i": 1652, "x": 26900.0, "y": 13006.0}, {"i": 1653, "x": 26916.0, "y": 8756.0}, {"i": 1654, "x": 26916.0, "y": 16066.0}, {"i": 1655, "x": 26924.0, "y": 7942.0}, {"i": 1656, "x": 26926.0, "y": 11522.0}, {"i": 1657, "x": 26932.0, "y": 12656.0}, {"i": 1658, "x": 26934.0, "y": 13414.0}, {"i": 1659, "x": 26968.0, "y": 9992.0}, {"i": 1660, "x": 26968.0, "y": 16086.0}, {"i": 1661, "x": 26974.0, "y": 7906.0}, {"i": 1662, "x": 26994.0, "y": 12924.0}, {"i": 1663, "x": 26996.0, "y": 7940.0}, {"i": 1664, "x": 27002.0, "y": 11106.0}, {"i": 1665, "x": 27018.0, "y": 11150.0}, {"i": 1666, "x": 27020.0, "y": 8104.0}, {"i": 1667, "x": 27022.0, "y": 10132.0}, {"i": 1668, "x": 27028.0, "y": 7326.0}, {"i": 1669, "x": 27032.0, "y": 9964.0}, {"i": 1670, "x": 27038.0, "y": 7346.0}, {"i": 1671, "x": 27044.0, "y": 8108.0}, {"i": 1672, "x": 27058.0, "y": 11386.0}, {"i": 1673, "x": 27070.0, "y": 7542.0}, {"i": 1674, "x": 27088.0, "y": 8714.0}, {"i": 1675, "x": 27092.0, "y": 10182.0}, {"i": 1676, "x": 27096.0, "y": 11296.0}, {"i": 1677, "x": 27098.0, "y": 11270.0}, {"i": 1678, "x": 27106.0, "y": 8658.0}, {"i": 1679, "x": 27112.0, "y": 10282.0}, {"i": 1680, "x": 27122.0, "y": 13040.0}, {"i": 1681, "x": 27136.0, "y": 3038.0}, {"i": 1682, "x": 27144.0, "y": 8662.0}, {"i": 1683, "x": 27152.0, "y": 8204.0}, {"i": 1684, "x": 27162.0, "y": 12842.0}, {"i": 1685, "x": 27170.0, "y": 7466.0}, {"i": 1686, "x": 27176.0, "y": 11472.0}, {"i": 1687, "x": 27180.0, "y": 8600.0}, {"i": 1688, "x": 27184.0, "y": 13038.0}, {"i": 1689, "x": 27188.0, "y": 3010.0}, {"i": 1690, "x": 27200.0, "y": 8560.0}, {"i": 1691, "x": 27210.0, "y": 8360.0}, {"i": 1692, "x": 27220.0, "y": 8362.0}, {"i": 1693, "x": 27240.0, "y": 11382.0}, {"i": 1694, "x": 27246.0, "y": 7912.0}, {"i": 1695, "x": 27262.0, "y": 8488.0}, {"i": 1696, "x": 27278.0, "y": 8718.0}, {"i": 1697, "x": 27300.0, "y": 8278.0}, {"i": 1698, "x": 27308.0, "y": 13042.0}, {"i": 1699, "x": 27316.0, "y": 9210.0}, {"i": 1700, "x": 27320.0, "y": 8784.0}, {"i": 1701, "x": 27320.0, "y": 13044.0}, {"i": 1702, "x": 27324.0, "y": 8920.0}, {"i": 1703, "x": 27354.0, "y": 8370.0}, {"i": 1704, "x": 27418.0, "y": 11698.0}, {"i": 1705, "x": 27418.0, "y": 11708.0}, {"i": 1706, "x": 27420.0, "y": 7468.0}, {"i": 1707, "x": 27466.0, "y": 9910.0}, {"i": 1708, "x": 27512.0, "y": 8982.0}, {"i": 1709, "x": 27560.0, "y": 8334.0}, {"i": 1710, "x": 27560.0, "y": 8422.0}, {"i": 1711, "x": 27562.0, "y": 2206.0}, {"i": 1712, "x": 27574.0, "y": 11400.0}, {"i": 1713, "x": 27594.0, "y": 11426.0}, {"i": 1714, "x": 27640.0, "y": 9764.0}, {"i": 1715, "x": 27644.0, "y": 12262.0}, {"i": 1716, "x": 27648.0, "y": 8586.0}, {"i": 1717, "x": 27666.0, "y": 13636.0}, {"i": 1718, "x": 27698.0, "y": 12764.0}, {"i": 1719, "x": 27722.0, "y": 13120.0}, {"i": 1720, "x": 27764.0, "y": 10924.0}, {"i": 1721, "x": 27786.0, "y": 8962.0}, {"i": 1722, "x": 27786.0, "y": 9550.0}, {"i": 1723, "x": 27806.0, "y": 10566.0}, {"i": 1724, "x": 27814.0, "y": 11100.0}, {"i": 1725, "x": 27824.0, "y": 8654.0}, {"i": 1726, "x": 27832.0, "y": 8994.0}, {"i": 1727, "x": 27836.0, "y": 13008.0}, {"i": 1728, "x": 27838.0, "y": 9644.0}, {"i": 1729, "x": 27864.0, "y": 8062.0}, {"i": 1730, "x": 27870.0, "y": 10456.0}, {"i": 1731, "x": 27900.0, "y": 10072.0}, {"i": 1732, "x": 27900.0, "y": 10100.0}, {"i": 1733, "x": 27970.0, "y": 8472.0}, {"i": 1734, "x": 27972.0, "y": 10582.0}, {"i": 1735, "x": 27974.0, "y": 10306.0}, {"i": 1736, "x": 27976.0, "y": 7938.0}, {"i": 1737, "x": 27978.0, "y": 10206.0}, {"i": 1738, "x": 27998.0, "y": 9524.0}, {"i": 1739, "x": 28040.0, "y": 10810.0}, {"i": 1740, "x": 28060.0, "y": 10672.0}, {"i": 1741, "x": 28060.0, "y": 11032.0}, {"i": 1742, "x": 28088.0, "y": 9736.0}, {"i": 1743, "x": 28128.0, "y": 10636.0}, {"i": 1744, "x": 28130.0, "y": 10126.0}, {"i": 1745, "x": 28138.0, "y": 14594.0}, {"i": 1746, "x": 28146.0, "y": 11108.0}, {"i": 1747, "x": 28192.0, "y": 12974.0}, {"i": 1748, "x": 28202.0, "y": 10320.0}, {"i": 1749, "x": 28224.0, "y": 11160.0}, {"i": 1750, "x": 28226.0, "y": 10274.0}, {"i": 1751, "x": 28228.0, "y": 12394.0}, {"i": 1752, "x": 28246.0, "y": 10584.0}, {"i": 1753, "x": 28246.0, "y": 10590.0}, {"i": 1754, "x": 28258.0, "y": 11076.0}, {"i": 1755, "x": 28274.0, "y": 12852.0}, {"i": 1756, "x": 28290.0, "y": 12156.0}, {"i": 1757, "x": 28300.0, "y": 12866.0}, {"i": 1758, "x": 28322.0, "y": 10358.0}, {"i": 1759, "x": 28336.0, "y": 10206.0}, {"i": 1760, "x": 28350.0, "y": 10400.0}, {"i": 1761, "x": 28356.0, "y": 10270.0}, {"i": 1762, "x": 28366.0, "y": 9486.0}, {"i": 1763, "x": 28366.0, "y": 11322.0}, {"i": 1764, "x": 28404.0, "y": 11142.0}, {"i": 1765, "x": 28432.0, "y": 9140.0}, {"i": 1766, "x": 28442.0, "y": 9422.0}, {"i": 1767, "x": 28450.0, "y": 10974.0}, {"i": 1768, "x": 28494.0, "y": 11334.0}, {"i": 1769, "x": 28496.0, "y": 10626.0}, {"i": 1770, "x": 28512.0, "y": 10552.0}, {"i": 1771, "x": 28514.0, "y": 12622.0}, {"i": 1772, "x": 28516.0, "y": 10880.0}, {"i": 1773, "x": 28520.0, "y": 10112.0}, {"i": 1774, "x": 28522.0, "y": 10500.0}, {"i": 1775, "x": 28528.0, "y": 8836.0}, {"i": 1776, "x": 28544.0, "y": 11206.0}, {"i": 1777, "x": 28574.0, "y": 10662.0}, {"i": 1778, "x": 28582.0, "y": 9154.0}, {"i": 1779, "x": 28586.0, "y": 11736.0}, {"i": 1780, "x": 28590.0, "y": 11200.0}, {"i": 1781, "x": 28596.0, "y": 12132.0}, {"i": 1782, "x": 28602.0, "y": 8934.0}, {"i": 1783, "x": 28618.0, "y": 9174.0}, {"i": 1784, "x": 28646.0, "y": 8922.0}, {"i": 1785, "x": 28658.0, "y": 9190.0}, {"i": 1786, "x": 28686.0, "y": 12704.0}, {"i": 1787, "x": 28702.0, "y": 9252.0}, {"i": 1788, "x": 28706.0, "y": 12944.0}, {"i": 1789, "x": 28728.0, "y": 13052.0}, {"i": 1790, "x": 28760.0, "y": 10636.0}, {"i": 1791, "x": 28784.0, "y": 12938.0}, {"i": 1792, "x": 28786.0, "y": 8992.0}, {"i": 1793, "x": 28786.0, "y": 10940.0}, {"i": 1794, "x": 28802.0, "y": 14040.0}, {"i": 1795, "x": 28810.0, "y": 11458.0}, {"i": 1796, "x": 28810.0, "y": 11766.0}, {"i": 1797, "x": 28818.0, "y": 10244.0}, {"i": 1798, "x": 28828.0, "y": 11330.0}, {"i": 1799, "x": 28840.0, "y": 11104.0}, {"i": 1800, "x": 28844.0, "y": 10980.0}, {"i": 1801, "x": 28846.0, "y": 14302.0}, {"i": 1802, "x": 28856.0, "y": 10956.0}, {"i": 1803, "x": 28860.0, "y": 11318.0}, {"i": 1804, "x": 28866.0, "y": 10848.0}, {"i": 1805, "x": 28870.0, "y": 13804.0}, {"i": 1806, "x": 28884.0, "y": 12230.0}, {"i": 1807, "x": 28896.0, "y": 10894.0}, {"i": 1808, "x": 28904.0, "y": 12440.0}, {"i": 1809, "x": 28906.0, "y": 11082.0}, {"i": 1810, "x": 28916.0, "y": 10954.0}, {"i": 1811, "x": 28932.0, "y": 11954.0}, {"i": 1812, "x": 28942.0, "y": 14392.0}, {"i": 1813, "x": 28952.0, "y": 10994.0}, {"i": 1814, "x": 28966.0, "y": 9734.0}, {"i": 1815, "x": 28966.0, "y": 11116.0}, {"i": 1816, "x": 29004.0, "y": 11106.0}, {"i": 1817, "x": 29018.0, "y": 10832.0}, {"i": 1818, "x": 29026.0, "y": 14418.0}, {"i": 1819, "x": 29042.0, "y": 10146.0}, {"i": 1820, "x": 29050.0, "y": 10914.0}, {"i": 1821, "x": 29052.0, "y": 11520.0}, {"i": 1822, "x": 29068.0, "y": 14346.0}, {"i": 1823, "x": 29078.0, "y": 11116.0}, {"i": 1824, "x": 29084.0, "y": 11100.0}, {"i": 1825, "x": 29086.0, "y": 13056.0}, {"i": 1826, "x": 29096.0, "y": 12058.0}, {"i": 1827, "x": 29192.0, "y": 11694.0}, {"i": 1828, "x": 29196.0, "y": 10892.0}, {"i": 1829, "x": 29196.0, "y": 11494.0}, {"i": 1830, "x": 29214.0, "y": 13054.0}, {"i": 1831, "x": 29218.0, "y": 11570.0}, {"i": 1832, "x": 29242.0, "y": 10788.0}, {"i": 1833, "x": 29246.0, "y": 10774.0}, {"i": 1834, "x": 29268.0, "y": 11660.0}, {"i": 1835, "x": 29284.0, "y": 11532.0}, {"i": 1836, "x": 29304.0, "y": 10290.0}, {"i": 1837, "x": 29316.0, "y": 10170.0}, {"i": 1838, "x": 29324.0, "y": 10964.0}, {"i": 1839, "x": 29324.0, "y": 11090.0}, {"i": 1840, "x": 29324.0, "y": 11586.0}, {"i": 1841, "x": 29354.0, "y": 11036.0}, {"i": 1842, "x": 29372.0, "y": 11556.0}, {"i": 1843, "x": 29380.0, "y": 11820.0}, {"i": 1844, "x": 29392.0, "y": 10818.0}, {"i": 1845, "x": 29400.0, "y": 13340.0}, {"i": 1846, "x": 29402.0, "y": 13342.0}, {"i": 1847, "x": 29408.0, "y": 11248.0}, {"i": 1848, "x": 29466.0, "y": 10530.0}, {"i": 1849, "x": 29478.0, "y": 14964.0}, {"i": 1850, "x": 29562.0, "y": 11064.0}, {"i": 1851, "x": 29572.0, "y": 11190.0}, {"i": 1852, "x": 29572.0, "y": 12132.0}, {"i": 1853, "x": 29576.0, "y": 14802.0}, {"i": 1854, "x": 29596.0, "y": 11444.0}, {"i": 1855, "x": 29638.0, "y": 12098.0}, {"i": 1856, "x": 29680.0, "y": 11336.0}, {"i": 1857, "x": 29716.0, "y": 12054.0}, {"i": 1858, "x": 29766.0, "y": 11732.0}, {"i": 1859, "x": 29802.0, "y": 11138.0}, {"i": 1860, "x": 29816.0, "y": 12080.0}, {"i": 1861, "x": 29820.0, "y": 11300.0}, {"i": 1862, "x": 29822.0, "y": 13162.0}, {"i": 1863, "x": 29842.0, "y": 11514.0}, {"i": 1864, "x": 29846.0, "y": 11450.0}, {"i": 1865, "x": 29852.0, "y": 10860.0}, {"i": 1866, "x": 29866.0, "y": 11014.0}, {"i": 1867, "x": 29878.0, "y": 11102.0}, {"i": 1868, "x": 29878.0, "y": 11256.0}, {"i": 1869, "x": 29904.0, "y": 11904.0}, {"i": 1870, "x": 29926.0, "y": 11454.0}, {"i": 1871, "x": 29926.0, "y": 12344.0}, {"i": 1872, "x": 29934.0, "y": 12330.0}, {"i": 1873, "x": 29934.0, "y": 14700.0}, {"i": 1874, "x": 29942.0, "y": 11778.0}, {"i": 1875, "x": 29958.0, "y": 11544.0}, {"i": 1876, "x": 29958.0, "y": 14374.0}, {"i": 1877, "x": 29994.0, "y": 14652.0}, {"i": 1878, "x": 29996.0, "y": 11720.0}, {"i": 1879, "x": 30000.0, "y": 11794.0}, {"i": 1880, "x": 30002.0, "y": 13694.0}, {"i": 1881, "x": 30022.0, "y": 12046.0}, {"i": 1882, "x": 30046.0, "y": 14486.0}, {"i": 1883, "x": 30072.0, "y": 12868.0}, {"i": 1884, "x": 30076.0, "y": 12116.0}, {"i": 1885, "x": 30084.0, "y": 11738.0}, {"i": 1886, "x": 30094.0, "y": 11706.0}, {"i": 1887, "x": 30098.0, "y": 12922.0}, {"i": 1888, "x": 30104.0, "y": 14322.0}, {"i": 1889, "x": 30122.0, "y": 14288.0}, {"i": 1890, "x": 30126.0, "y": 14872.0}, {"i": 1891, "x": 30148.0, "y": 12744.0}, {"i": 1892, "x": 30150.0, "y": 11480.0}, {"i": 1893, "x": 30154.0, "y": 12830.0}, {"i": 1894, "x": 30156.0, "y": 14530.0}, {"i": 1895, "x": 30182.0, "y": 14440.0}, {"i": 1896, "x": 30206.0, "y": 11626.0}, {"i": 1897, "x": 30228.0, "y": 11622.0}, {"i": 1898, "x": 30232.0, "y": 14652.0}, {"i": 1899, "x": 30244.0, "y": 14594.0}, {"i": 1900, "x": 30254.0, "y": 11726.0}, {"i": 1901, "x": 30262.0, "y": 14340.0}, {"i": 1902, "x": 30268.0, "y": 14348.0}, {"i": 1903, "x": 30284.0, "y": 14288.0}, {"i": 1904, "x": 30296.0, "y": 13886.0}, {"i": 1905, "x": 30304.0, "y": 14304.0}, {"i": 1906, "x": 30316.0, "y": 14088.0}, {"i": 1907, "x": 30330.0, "y": 13428.0}, {"i": 1908, "x": 30344.0, "y": 14348.0}, {"i": 1909, "x": 30452.0, "y": 11964.0}, {"i": 1910, "x": 30456.0, "y": 12580.0}, {"i": 1911, "x": 30460.0, "y": 13814.0}, {"i": 1912, "x": 30472.0, "y": 11844.0}, {"i": 1913, "x": 30480.0, "y": 11814.0}, {"i": 1914, "x": 30482.0, "y": 12748.0}, {"i": 1915, "x": 30490.0, "y": 14474.0}, {"i": 1916, "x": 30512.0, "y": 14426.0}, {"i": 1917, "x": 30524.0, "y": 11644.0}, {"i": 1918, "x": 30526.0, "y": 14470.0}, {"i": 1919, "x": 30548.0, "y": 12070.0}, {"i": 1920, "x": 30558.0, "y": 12010.0}, {"i": 1921, "x": 30628.0, "y": 13806.0}, {"i": 1922, "x": 30640.0, "y": 11694.0}, {"i": 1923, "x": 30708.0, "y": 15076.0}, {"i": 1924, "x": 30734.0, "y": 12028.0}, {"i": 1925, "x": 30740.0, "y": 14328.0}, {"i": 1926, "x": 30782.0, "y": 14690.0}, {"i": 1927, "x": 30800.0, "y": 14530.0}, {"i": 1928, "x": 30818.0, "y": 11930.0}, {"i": 1929, "x": 30818.0, "y": 14606.0}, {"i": 1930, "x": 30856.0, "y": 14498.0}, {"i": 1931, "x": 30860.0, "y": 14322.0}, {"i": 1932, "x": 30872.0, "y": 11876.0}, {"i": 1933, "x": 30890.0, "y": 12198.0}, {"i": 1934, "x": 30890.0, "y": 12326.0}, {"i": 1935, "x": 30930.0, "y": 12366.0}, {"i": 1936, "x": 31006.0, "y": 11676.0}, {"i": 1937, "x": 31040.0, "y": 13564.0}, {"i": 1938, "x": 31058.0, "y": 12866.0}, {"i": 1939, "x": 31098.0, "y": 11960.0}, {"i": 1940, "x": 31106.0, "y": 15102.0}, {"i": 1941, "x": 31128.0, "y": 14292.0}, {"i": 1942, "x": 31192.0, "y": 14352.0}, {"i": 1943, "x": 31200.0, "y": 15120.0}, {"i": 1944, "x": 31218.0, "y": 12078.0}, {"i": 1945, "x": 31230.0, "y": 14380.0}, {"i": 1946, "x": 31240.0, "y": 12210.0}, {"i": 1947, "x": 31254.0, "y": 11920.0}, {"i": 1948, "x": 31390.0, "y": 16256.0}, {"i": 1949, "x": 31398.0, "y": 13540.0}, {"i": 1950, "x": 31400.0, "y": 12514.0}, {"i": 1951, "x": 31410.0, "y": 12582.0}, {"i": 1952, "x": 31472.0, "y": 16260.0}, {"i": 1953, "x": 31476.0, "y": 12786.0}, {"i": 1954, "x": 31516.0, "y": 12142.0}, {"i": 1955, "x": 31546.0, "y": 12242.0}, {"i": 1956, "x": 31550.0, "y": 15228.0}, {"i": 1957, "x": 31576.0, "y": 14752.0}, {"i": 1958, "x": 31610.0, "y": 12044.0}, {"i": 1959, "x": 31636.0, "y": 12486.0}, {"i": 1960, "x": 31646.0, "y": 12126.0}, {"i": 1961, "x": 31654.0, "y": 12656.0}, {"i": 1962, "x": 31668.0, "y": 12574.0}, {"i": 1963, "x": 31688.0, "y": 12772.0}, {"i": 1964, "x": 31692.0, "y": 16114.0}, {"i": 1965, "x": 31700.0, "y": 12582.0}, {"i": 1966, "x": 31704.0, "y": 12320.0}, {"i": 1967, "x": 31706.0, "y": 12822.0}, {"i": 1968, "x": 31712.0, "y": 12700.0}, {"i": 1969, "x": 31718.0, "y": 12440.0}, {"i": 1970, "x": 31734.0, "y": 12396.0}, {"i": 1971, "x": 31734.0, "y": 12458.0}, {"i": 1972, "x": 31744.0, "y": 12824.0}, {"i": 1973, "x": 31756.0, "y": 12646.0}, {"i": 1974, "x": 31756.0, "y": 12698.0}, {"i": 1975, "x": 31770.0, "y": 12450.0}, {"i": 1976, "x": 31826.0, "y": 15172.0}, {"i": 1977, "x": 31840.0, "y": 12106.0}, {"i": 1978, "x": 31846.0, "y": 12808.0}, {"i": 1979, "x": 31856.0, "y": 16134.0}, {"i": 1980, "x": 31872.0, "y": 12648.0}, {"i": 1981, "x": 31908.0, "y": 12860.0}, {"i": 1982, "x": 31940.0, "y": 13174.0}, {"i": 1983, "x": 31950.0, "y": 13168.0}, {"i": 1984, "x": 32010.0, "y": 14098.0}, {"i": 1985, "x": 32034.0, "y": 12130.0}, {"i": 1986, "x": 32102.0, "y": 13202.0}, {"i": 1987, "x": 32134.0, "y": 13320.0}, {"i": 1988, "x": 32148.0, "y": 13338.0}, {"i": 1989, "x": 32206.0, "y": 12114.0}, {"i": 1990, "x": 32310.0, "y": 12144.0}, {"i": 1991, "x": 32406.0, "y": 12234.0}, {"i": 1992, "x": 32512.0, "y": 13458.0}, {"i": 1993, "x": 33288.0, "y": 15496.0}, {"i": 1994, "x": 33288.0, "y": 16188.0}, {"i": 1995, "x": 33322.0, "y": 16128.0}, {"i": 1996, "x": 33428.0, "y": 16616.0}, {"i": 1997, "x": 33440.0, "y": 16638.0}, {"i": 1998, "x": 33464.0, "y": 16600.0}, {"i": 1999, "x": 34162.0, "y": 14160.0}], "type": "Instance", "name": "us-night-0002000", "meta": {"comment": "HIP even point set instance (2000 points) sampled from image ", "faces_in_delaunay": 3980}}