{"points": [{"i": 0, "x": 78.0, "y": 8204.0}, {"i": 1, "x": 114.0, "y": 8202.0}, {"i": 2, "x": 262.0, "y": 6780.0}, {"i": 3, "x": 266.0, "y": 8328.0}, {"i": 4, "x": 280.0, "y": 8338.0}, {"i": 5, "x": 318.0, "y": 6924.0}, {"i": 6, "x": 326.0, "y": 6244.0}, {"i": 7, "x": 334.0, "y": 5140.0}, {"i": 8, "x": 344.0, "y": 7160.0}, {"i": 9, "x": 344.0, "y": 7212.0}, {"i": 10, "x": 346.0, "y": 7164.0}, {"i": 11, "x": 384.0, "y": 7888.0}, {"i": 12, "x": 404.0, "y": 7696.0}, {"i": 13, "x": 416.0, "y": 7750.0}, {"i": 14, "x": 432.0, "y": 8258.0}, {"i": 15, "x": 448.0, "y": 8256.0}, {"i": 16, "x": 490.0, "y": 7234.0}, {"i": 17, "x": 510.0, "y": 7844.0}, {"i": 18, "x": 530.0, "y": 4990.0}, {"i": 19, "x": 574.0, "y": 4874.0}, {"i": 20, "x": 582.0, "y": 7722.0}, {"i": 21, "x": 592.0, "y": 7830.0}, {"i": 22, "x": 600.0, "y": 4654.0}, {"i": 23, "x": 642.0, "y": 4776.0}, {"i": 24, "x": 716.0, "y": 4564.0}, {"i": 25, "x": 818.0, "y": 4918.0}, {"i": 26, "x": 826.0, "y": 5230.0}, {"i": 27, "x": 830.0, "y": 5026.0}, {"i": 28, "x": 830.0, "y": 5162.0}, {"i": 29, "x": 842.0, "y": 4938.0}, {"i": 30, "x": 954.0, "y": 4808.0}, {"i": 31, "x": 1016.0, "y": 5356.0}, {"i": 32, "x": 1046.0, "y": 7476.0}, {"i": 33, "x": 1064.0, "y": 4060.0}, {"i": 34, "x": 1088.0, "y": 7526.0}, {"i": 35, "x": 1258.0, "y": 5388.0}, {"i": 36, "x": 1274.0, "y": 5428.0}, {"i": 37, "x": 1310.0, "y": 4472.0}, {"i": 38, "x": 1310.0, "y": 4536.0}, {"i": 39, "x": 1310.0, "y": 8508.0}, {"i": 40, "x": 1312.0, "y": 8404.0}, {"i": 41, "x": 1336.0, "y": 5426.0}, {"i": 42, "x": 1362.0, "y": 4448.0}, {"i": 43, "x": 1366.0, "y": 4240.0}, {"i": 44, "x": 1424.0, "y": 7296.0}, {"i": 45, "x": 1456.0, "y": 7426.0}, {"i": 46, "x": 1466.0, "y": 3816.0}, {"i": 47, "x": 1490.0, "y": 4406.0}, {"i": 48, "x": 1566.0, "y": 5406.0}, {"i": 49, "x": 1624.0, "y": 3854.0}, {"i": 50, "x": 1646.0, "y": 3762.0}, {"i": 51, "x": 1650.0, "y": 3832.0}, {"i": 52, "x": 1704.0, "y": 3666.0}, {"i": 53, "x": 1866.0, "y": 3686.0}, {"i": 54, "x": 1960.0, "y": 3930.0}, {"i": 55, "x": 1978.0, "y": 3938.0}, {"i": 56, "x": 1986.0, "y": 3670.0}, {"i": 57, "x": 1994.0, "y": 3984.0}, {"i": 58, "x": 2010.0, "y": 3652.0}, {"i": 59, "x": 2014.0, "y": 3882.0}, {"i": 60, "x": 2066.0, "y": 3634.0}, {"i": 61, "x": 2074.0, "y": 3476.0}, {"i": 62, "x": 2242.0, "y": 6612.0}, {"i": 63, "x": 2264.0, "y": 3732.0}, {"i": 64, "x": 2360.0, "y": 3798.0}, {"i": 65, "x": 2392.0, "y": 3572.0}, {"i": 66, "x": 2492.0, "y": 3398.0}, {"i": 67, "x": 2636.0, "y": 4374.0}, {"i": 68, "x": 2666.0, "y": 4362.0}, {"i": 69, "x": 2710.0, "y": 5336.0}, {"i": 70, "x": 2724.0, "y": 3316.0}, {"i": 71, "x": 2742.0, "y": 4346.0}, {"i": 72, "x": 2820.0, "y": 4560.0}, {"i": 73, "x": 2930.0, "y": 3416.0}, {"i": 74, "x": 2996.0, "y": 7628.0}, {"i": 75, "x": 3146.0, "y": 2962.0}, {"i": 76, "x": 3164.0, "y": 9516.0}, {"i": 77, "x": 3176.0, "y": 8478.0}, {"i": 78, "x": 3210.0, "y": 9606.0}, {"i": 79, "x": 3220.0, "y": 9578.0}, {"i": 80, "x": 3224.0, "y": 9540.0}, {"i": 81, "x": 3298.0, "y": 9390.0}, {"i": 82, "x": 3518.0, "y": 3578.0}, {"i": 83, "x": 3586.0, "y": 9332.0}, {"i": 84, "x": 3618.0, "y": 5770.0}, {"i": 85, "x": 3622.0, "y": 3688.0}, {"i": 86, "x": 3624.0, "y": 3696.0}, {"i": 87, "x": 3640.0, "y": 8114.0}, {"i": 88, "x": 3662.0, "y": 3518.0}, {"i": 89, "x": 3666.0, "y": 5792.0}, {"i": 90, "x": 3702.0, "y": 8864.0}, {"i": 91, "x": 3774.0, "y": 5720.0}, {"i": 92, "x": 3936.0, "y": 9392.0}, {"i": 93, "x": 3940.0, "y": 9404.0}, {"i": 94, "x": 3982.0, "y": 3568.0}, {"i": 95, "x": 4116.0, "y": 3028.0}, {"i": 96, "x": 4188.0, "y": 9564.0}, {"i": 97, "x": 4198.0, "y": 4376.0}, {"i": 98, "x": 4202.0, "y": 9552.0}, {"i": 99, "x": 4246.0, "y": 6384.0}, {"i": 100, "x": 4250.0, "y": 9406.0}, {"i": 101, "x": 4310.0, "y": 4574.0}, {"i": 102, "x": 4510.0, "y": 9568.0}, {"i": 103, "x": 4556.0, "y": 9518.0}, {"i": 104, "x": 4604.0, "y": 6738.0}, {"i": 105, "x": 4814.0, "y": 1200.0}, {"i": 106, "x": 4870.0, "y": 8646.0}, {"i": 107, "x": 4884.0, "y": 5378.0}, {"i": 108, "x": 5066.0, "y": 954.0}, {"i": 109, "x": 5066.0, "y": 2084.0}, {"i": 110, "x": 5120.0, "y": 9198.0}, {"i": 111, "x": 5212.0, "y": 9234.0}, {"i": 112, "x": 5236.0, "y": 9186.0}, {"i": 113, "x": 5272.0, "y": 3174.0}, {"i": 114, "x": 5280.0, "y": 3172.0}, {"i": 115, "x": 5282.0, "y": 3174.0}, {"i": 116, "x": 5306.0, "y": 3114.0}, {"i": 117, "x": 5374.0, "y": 4352.0}, {"i": 118, "x": 5414.0, "y": 5584.0}, {"i": 119, "x": 5434.0, "y": 7488.0}, {"i": 120, "x": 5438.0, "y": 2144.0}, {"i": 121, "x": 5518.0, "y": 3556.0}, {"i": 122, "x": 5522.0, "y": 7784.0}, {"i": 123, "x": 5638.0, "y": 5484.0}, {"i": 124, "x": 5652.0, "y": 5532.0}, {"i": 125, "x": 5664.0, "y": 5734.0}, {"i": 126, "x": 5678.0, "y": 5512.0}, {"i": 127, "x": 5704.0, "y": 7896.0}, {"i": 128, "x": 5722.0, "y": 5420.0}, {"i": 129, "x": 5722.0, "y": 5532.0}, {"i": 130, "x": 5754.0, "y": 5370.0}, {"i": 131, "x": 5772.0, "y": 5716.0}, {"i": 132, "x": 5776.0, "y": 5476.0}, {"i": 133, "x": 5812.0, "y": 6960.0}, {"i": 134, "x": 5824.0, "y": 5484.0}, {"i": 135, "x": 5836.0, "y": 5640.0}, {"i": 136, "x": 5846.0, "y": 3560.0}, {"i": 137, "x": 5878.0, "y": 8708.0}, {"i": 138, "x": 5898.0, "y": 5482.0}, {"i": 139, "x": 6030.0, "y": 7952.0}, {"i": 140, "x": 6042.0, "y": 6954.0}, {"i": 141, "x": 6044.0, "y": 8014.0}, {"i": 142, "x": 6196.0, "y": 1202.0}, {"i": 143, "x": 6232.0, "y": 4972.0}, {"i": 144, "x": 6256.0, "y": 1322.0}, {"i": 145, "x": 6268.0, "y": 7910.0}, {"i": 146, "x": 6290.0, "y": 4474.0}, {"i": 147, "x": 6368.0, "y": 8286.0}, {"i": 148, "x": 6388.0, "y": 9140.0}, {"i": 149, "x": 6472.0, "y": 7960.0}, {"i": 150, "x": 6504.0, "y": 2984.0}, {"i": 151, "x": 6506.0, "y": 3636.0}, {"i": 152, "x": 6626.0, "y": 8486.0}, {"i": 153, "x": 6672.0, "y": 3644.0}, {"i": 154, "x": 6706.0, "y": 8602.0}, {"i": 155, "x": 6720.0, "y": 4254.0}, {"i": 156, "x": 6734.0, "y": 3404.0}, {"i": 157, "x": 6756.0, "y": 1618.0}, {"i": 158, "x": 6762.0, "y": 3110.0}, {"i": 159, "x": 6762.0, "y": 3138.0}, {"i": 160, "x": 6824.0, "y": 2798.0}, {"i": 161, "x": 7006.0, "y": 650.0}, {"i": 162, "x": 7048.0, "y": 2182.0}, {"i": 163, "x": 7068.0, "y": 1506.0}, {"i": 164, "x": 7142.0, "y": 1502.0}, {"i": 165, "x": 7144.0, "y": 1242.0}, {"i": 166, "x": 7144.0, "y": 1342.0}, {"i": 167, "x": 7254.0, "y": 2008.0}, {"i": 168, "x": 7258.0, "y": 3278.0}, {"i": 169, "x": 7318.0, "y": 1800.0}, {"i": 170, "x": 7352.0, "y": 1426.0}, {"i": 171, "x": 7384.0, "y": 5774.0}, {"i": 172, "x": 7432.0, "y": 2056.0}, {"i": 173, "x": 7470.0, "y": 2094.0}, {"i": 174, "x": 7500.0, "y": 3060.0}, {"i": 175, "x": 7586.0, "y": 7630.0}, {"i": 176, "x": 7626.0, "y": 3478.0}, {"i": 177, "x": 7660.0, "y": 1458.0}, {"i": 178, "x": 7686.0, "y": 2726.0}, {"i": 179, "x": 7724.0, "y": 4078.0}, {"i": 180, "x": 7738.0, "y": 4648.0}, {"i": 181, "x": 7748.0, "y": 1468.0}, {"i": 182, "x": 7770.0, "y": 1858.0}, {"i": 183, "x": 7772.0, "y": 1350.0}, {"i": 184, "x": 7782.0, "y": 2502.0}, {"i": 185, "x": 7810.0, "y": 3902.0}, {"i": 186, "x": 7812.0, "y": 4060.0}, {"i": 187, "x": 7814.0, "y": 2662.0}, {"i": 188, "x": 7828.0, "y": 2570.0}, {"i": 189, "x": 7842.0, "y": 1792.0}, {"i": 190, "x": 7924.0, "y": 2282.0}, {"i": 191, "x": 7982.0, "y": 3298.0}, {"i": 192, "x": 7992.0, "y": 3380.0}, {"i": 193, "x": 8006.0, "y": 3414.0}, {"i": 194, "x": 8012.0, "y": 3448.0}, {"i": 195, "x": 8022.0, "y": 8510.0}, {"i": 196, "x": 8028.0, "y": 4852.0}, {"i": 197, "x": 8044.0, "y": 2996.0}, {"i": 198, "x": 8054.0, "y": 3346.0}, {"i": 199, "x": 8062.0, "y": 6576.0}, {"i": 200, "x": 8080.0, "y": 3420.0}, {"i": 201, "x": 8082.0, "y": 1990.0}, {"i": 202, "x": 8082.0, "y": 3182.0}, {"i": 203, "x": 8100.0, "y": 3320.0}, {"i": 204, "x": 8122.0, "y": 4898.0}, {"i": 205, "x": 8130.0, "y": 3520.0}, {"i": 206, "x": 8132.0, "y": 3264.0}, {"i": 207, "x": 8180.0, "y": 3372.0}, {"i": 208, "x": 8254.0, "y": 2916.0}, {"i": 209, "x": 8280.0, "y": 3314.0}, {"i": 210, "x": 8284.0, "y": 3664.0}, {"i": 211, "x": 8308.0, "y": 2784.0}, {"i": 212, "x": 8314.0, "y": 4388.0}, {"i": 213, "x": 8344.0, "y": 2198.0}, {"i": 214, "x": 8358.0, "y": 8002.0}, {"i": 215, "x": 8392.0, "y": 4350.0}, {"i": 216, "x": 8420.0, "y": 5758.0}, {"i": 217, "x": 8444.0, "y": 4342.0}, {"i": 218, "x": 8464.0, "y": 5282.0}, {"i": 219, "x": 8470.0, "y": 2426.0}, {"i": 220, "x": 8484.0, "y": 2238.0}, {"i": 221, "x": 8486.0, "y": 2676.0}, {"i": 222, "x": 8494.0, "y": 5290.0}, {"i": 223, "x": 8512.0, "y": 7146.0}, {"i": 224, "x": 8536.0, "y": 2410.0}, {"i": 225, "x": 8572.0, "y": 6300.0}, {"i": 226, "x": 8584.0, "y": 3252.0}, {"i": 227, "x": 8592.0, "y": 2478.0}, {"i": 228, "x": 8594.0, "y": 3154.0}, {"i": 229, "x": 8604.0, "y": 2652.0}, {"i": 230, "x": 8650.0, "y": 2410.0}, {"i": 231, "x": 8658.0, "y": 4394.0}, {"i": 232, "x": 8674.0, "y": 5646.0}, {"i": 233, "x": 8680.0, "y": 5778.0}, {"i": 234, "x": 8692.0, "y": 2472.0}, {"i": 235, "x": 8728.0, "y": 1396.0}, {"i": 236, "x": 8744.0, "y": 5536.0}, {"i": 237, "x": 8784.0, "y": 6916.0}, {"i": 238, "x": 8786.0, "y": 5340.0}, {"i": 239, "x": 8854.0, "y": 4680.0}, {"i": 240, "x": 8898.0, "y": 3318.0}, {"i": 241, "x": 8944.0, "y": 2646.0}, {"i": 242, "x": 8944.0, "y": 5232.0}, {"i": 243, "x": 9014.0, "y": 3452.0}, {"i": 244, "x": 9028.0, "y": 6042.0}, {"i": 245, "x": 9046.0, "y": 3230.0}, {"i": 246, "x": 9054.0, "y": 3298.0}, {"i": 247, "x": 9100.0, "y": 6986.0}, {"i": 248, "x": 9102.0, "y": 6030.0}, {"i": 249, "x": 9158.0, "y": 2702.0}, {"i": 250, "x": 9180.0, "y": 7080.0}, {"i": 251, "x": 9202.0, "y": 2852.0}, {"i": 252, "x": 9236.0, "y": 2612.0}, {"i": 253, "x": 9256.0, "y": 4692.0}, {"i": 254, "x": 9258.0, "y": 4146.0}, {"i": 255, "x": 9262.0, "y": 6980.0}, {"i": 256, "x": 9268.0, "y": 7026.0}, {"i": 257, "x": 9272.0, "y": 4426.0}, {"i": 258, "x": 9274.0, "y": 3086.0}, {"i": 259, "x": 9304.0, "y": 7008.0}, {"i": 260, "x": 9340.0, "y": 3862.0}, {"i": 261, "x": 9366.0, "y": 3648.0}, {"i": 262, "x": 9416.0, "y": 7816.0}, {"i": 263, "x": 9490.0, "y": 3958.0}, {"i": 264, "x": 9530.0, "y": 2634.0}, {"i": 265, "x": 9602.0, "y": 7130.0}, {"i": 266, "x": 9644.0, "y": 7928.0}, {"i": 267, "x": 9672.0, "y": 2562.0}, {"i": 268, "x": 9746.0, "y": 7360.0}, {"i": 269, "x": 9834.0, "y": 2460.0}, {"i": 270, "x": 9838.0, "y": 2706.0}, {"i": 271, "x": 9878.0, "y": 2696.0}, {"i": 272, "x": 9914.0, "y": 2732.0}, {"i": 273, "x": 9926.0, "y": 2792.0}, {"i": 274, "x": 9960.0, "y": 7046.0}, {"i": 275, "x": 9970.0, "y": 2568.0}, {"i": 276, "x": 9974.0, "y": 4058.0}, {"i": 277, "x": 9998.0, "y": 5688.0}, {"i": 278, "x": 10008.0, "y": 4892.0}, {"i": 279, "x": 10014.0, "y": 4320.0}, {"i": 280, "x": 10018.0, "y": 6678.0}, {"i": 281, "x": 10034.0, "y": 2570.0}, {"i": 282, "x": 10054.0, "y": 3894.0}, {"i": 283, "x": 10064.0, "y": 3370.0}, {"i": 284, "x": 10080.0, "y": 5046.0}, {"i": 285, "x": 10080.0, "y": 5118.0}, {"i": 286, "x": 10104.0, "y": 5190.0}, {"i": 287, "x": 10114.0, "y": 4176.0}, {"i": 288, "x": 10116.0, "y": 2576.0}, {"i": 289, "x": 10122.0, "y": 5238.0}, {"i": 290, "x": 10130.0, "y": 5172.0}, {"i": 291, "x": 10136.0, "y": 5232.0}, {"i": 292, "x": 10140.0, "y": 2572.0}, {"i": 293, "x": 10144.0, "y": 3250.0}, {"i": 294, "x": 10162.0, "y": 5294.0}, {"i": 295, "x": 10202.0, "y": 4090.0}, {"i": 296, "x": 10208.0, "y": 3428.0}, {"i": 297, "x": 10208.0, "y": 4560.0}, {"i": 298, "x": 10224.0, "y": 2664.0}, {"i": 299, "x": 10228.0, "y": 4340.0}, {"i": 300, "x": 10230.0, "y": 2654.0}, {"i": 301, "x": 10234.0, "y": 4298.0}, {"i": 302, "x": 10240.0, "y": 2954.0}, {"i": 303, "x": 10256.0, "y": 5304.0}, {"i": 304, "x": 10258.0, "y": 6630.0}, {"i": 305, "x": 10260.0, "y": 5294.0}, {"i": 306, "x": 10268.0, "y": 5130.0}, {"i": 307, "x": 10286.0, "y": 4098.0}, {"i": 308, "x": 10330.0, "y": 3034.0}, {"i": 309, "x": 10330.0, "y": 5798.0}, {"i": 310, "x": 10332.0, "y": 3378.0}, {"i": 311, "x": 10352.0, "y": 5714.0}, {"i": 312, "x": 10360.0, "y": 3270.0}, {"i": 313, "x": 10364.0, "y": 6508.0}, {"i": 314, "x": 10370.0, "y": 3994.0}, {"i": 315, "x": 10410.0, "y": 2686.0}, {"i": 316, "x": 10424.0, "y": 4964.0}, {"i": 317, "x": 10470.0, "y": 2694.0}, {"i": 318, "x": 10482.0, "y": 6866.0}, {"i": 319, "x": 10500.0, "y": 6410.0}, {"i": 320, "x": 10562.0, "y": 4038.0}, {"i": 321, "x": 10568.0, "y": 2680.0}, {"i": 322, "x": 10574.0, "y": 6520.0}, {"i": 323, "x": 10634.0, "y": 6808.0}, {"i": 324, "x": 10640.0, "y": 6814.0}, {"i": 325, "x": 10664.0, "y": 7584.0}, {"i": 326, "x": 10668.0, "y": 4034.0}, {"i": 327, "x": 10670.0, "y": 6184.0}, {"i": 328, "x": 10676.0, "y": 6804.0}, {"i": 329, "x": 10700.0, "y": 6270.0}, {"i": 330, "x": 10710.0, "y": 2116.0}, {"i": 331, "x": 10710.0, "y": 6466.0}, {"i": 332, "x": 10714.0, "y": 4714.0}, {"i": 333, "x": 10718.0, "y": 6830.0}, {"i": 334, "x": 10722.0, "y": 6434.0}, {"i": 335, "x": 10742.0, "y": 6444.0}, {"i": 336, "x": 10754.0, "y": 2740.0}, {"i": 337, "x": 10762.0, "y": 4438.0}, {"i": 338, "x": 10762.0, "y": 6196.0}, {"i": 339, "x": 10764.0, "y": 6408.0}, {"i": 340, "x": 10802.0, "y": 3294.0}, {"i": 341, "x": 10816.0, "y": 5532.0}, {"i": 342, "x": 10818.0, "y": 5472.0}, {"i": 343, "x": 10822.0, "y": 6564.0}, {"i": 344, "x": 10824.0, "y": 6522.0}, {"i": 345, "x": 10846.0, "y": 6038.0}, {"i": 346, "x": 10856.0, "y": 6060.0}, {"i": 347, "x": 10876.0, "y": 4948.0}, {"i": 348, "x": 10882.0, "y": 7090.0}, {"i": 349, "x": 10886.0, "y": 5446.0}, {"i": 350, "x": 10890.0, "y": 7100.0}, {"i": 351, "x": 10910.0, "y": 4956.0}, {"i": 352, "x": 10918.0, "y": 7184.0}, {"i": 353, "x": 10928.0, "y": 5160.0}, {"i": 354, "x": 10932.0, "y": 3934.0}, {"i": 355, "x": 10944.0, "y": 6000.0}, {"i": 356, "x": 10948.0, "y": 4032.0}, {"i": 357, "x": 10982.0, "y": 6026.0}, {"i": 358, "x": 10986.0, "y": 3012.0}, {"i": 359, "x": 11000.0, "y": 3538.0}, {"i": 360, "x": 11018.0, "y": 3680.0}, {"i": 361, "x": 11028.0, "y": 5428.0}, {"i": 362, "x": 11044.0, "y": 3712.0}, {"i": 363, "x": 11052.0, "y": 5802.0}, {"i": 364, "x": 11064.0, "y": 4476.0}, {"i": 365, "x": 11072.0, "y": 3958.0}, {"i": 366, "x": 11080.0, "y": 6014.0}, {"i": 367, "x": 11086.0, "y": 3282.0}, {"i": 368, "x": 11100.0, "y": 3900.0}, {"i": 369, "x": 11140.0, "y": 4484.0}, {"i": 370, "x": 11172.0, "y": 4394.0}, {"i": 371, "x": 11194.0, "y": 2792.0}, {"i": 372, "x": 11196.0, "y": 4414.0}, {"i": 373, "x": 11206.0, "y": 4470.0}, {"i": 374, "x": 11216.0, "y": 5452.0}, {"i": 375, "x": 11218.0, "y": 4106.0}, {"i": 376, "x": 11264.0, "y": 3322.0}, {"i": 377, "x": 11264.0, "y": 4324.0}, {"i": 378, "x": 11266.0, "y": 4452.0}, {"i": 379, "x": 11278.0, "y": 5450.0}, {"i": 380, "x": 11284.0, "y": 4394.0}, {"i": 381, "x": 11286.0, "y": 5404.0}, {"i": 382, "x": 11288.0, "y": 5556.0}, {"i": 383, "x": 11302.0, "y": 6114.0}, {"i": 384, "x": 11308.0, "y": 2938.0}, {"i": 385, "x": 11322.0, "y": 3336.0}, {"i": 386, "x": 11324.0, "y": 4316.0}, {"i": 387, "x": 11326.0, "y": 3488.0}, {"i": 388, "x": 11346.0, "y": 3058.0}, {"i": 389, "x": 11348.0, "y": 6390.0}, {"i": 390, "x": 11352.0, "y": 6180.0}, {"i": 391, "x": 11354.0, "y": 4144.0}, {"i": 392, "x": 11362.0, "y": 3612.0}, {"i": 393, "x": 11428.0, "y": 4738.0}, {"i": 394, "x": 11432.0, "y": 3450.0}, {"i": 395, "x": 11438.0, "y": 4858.0}, {"i": 396, "x": 11462.0, "y": 5546.0}, {"i": 397, "x": 11518.0, "y": 5990.0}, {"i": 398, "x": 11550.0, "y": 4392.0}, {"i": 399, "x": 11556.0, "y": 4324.0}, {"i": 400, "x": 11566.0, "y": 3508.0}, {"i": 401, "x": 11582.0, "y": 5892.0}, {"i": 402, "x": 11622.0, "y": 4004.0}, {"i": 403, "x": 11646.0, "y": 2844.0}, {"i": 404, "x": 11672.0, "y": 2908.0}, {"i": 405, "x": 11686.0, "y": 5974.0}, {"i": 406, "x": 11688.0, "y": 3302.0}, {"i": 407, "x": 11688.0, "y": 6580.0}, {"i": 408, "x": 11696.0, "y": 4072.0}, {"i": 409, "x": 11702.0, "y": 4100.0}, {"i": 410, "x": 11714.0, "y": 3298.0}, {"i": 411, "x": 11734.0, "y": 5526.0}, {"i": 412, "x": 11750.0, "y": 5322.0}, {"i": 413, "x": 11780.0, "y": 5994.0}, {"i": 414, "x": 11790.0, "y": 3424.0}, {"i": 415, "x": 11810.0, "y": 4692.0}, {"i": 416, "x": 11814.0, "y": 4206.0}, {"i": 417, "x": 11822.0, "y": 4920.0}, {"i": 418, "x": 11828.0, "y": 4384.0}, {"i": 419, "x": 11830.0, "y": 3648.0}, {"i": 420, "x": 11838.0, "y": 5336.0}, {"i": 421, "x": 11840.0, "y": 3580.0}, {"i": 422, "x": 11842.0, "y": 5290.0}, {"i": 423, "x": 11844.0, "y": 5890.0}, {"i": 424, "x": 11872.0, "y": 5322.0}, {"i": 425, "x": 11886.0, "y": 3580.0}, {"i": 426, "x": 11900.0, "y": 4014.0}, {"i": 427, "x": 11908.0, "y": 4334.0}, {"i": 428, "x": 11914.0, "y": 4362.0}, {"i": 429, "x": 11924.0, "y": 3196.0}, {"i": 430, "x": 11932.0, "y": 5476.0}, {"i": 431, "x": 11938.0, "y": 5510.0}, {"i": 432, "x": 11950.0, "y": 3082.0}, {"i": 433, "x": 11976.0, "y": 2906.0}, {"i": 434, "x": 12012.0, "y": 5758.0}, {"i": 435, "x": 12016.0, "y": 3798.0}, {"i": 436, "x": 12022.0, "y": 5554.0}, {"i": 437, "x": 12024.0, "y": 5922.0}, {"i": 438, "x": 12032.0, "y": 4354.0}, {"i": 439, "x": 12050.0, "y": 3782.0}, {"i": 440, "x": 12054.0, "y": 5392.0}, {"i": 441, "x": 12062.0, "y": 5614.0}, {"i": 442, "x": 12064.0, "y": 6380.0}, {"i": 443, "x": 12094.0, "y": 6194.0}, {"i": 444, "x": 12108.0, "y": 6256.0}, {"i": 445, "x": 12116.0, "y": 3760.0}, {"i": 446, "x": 12124.0, "y": 3806.0}, {"i": 447, "x": 12140.0, "y": 6010.0}, {"i": 448, "x": 12148.0, "y": 3734.0}, {"i": 449, "x": 12166.0, "y": 5010.0}, {"i": 450, "x": 12174.0, "y": 5996.0}, {"i": 451, "x": 12192.0, "y": 6176.0}, {"i": 452, "x": 12200.0, "y": 3922.0}, {"i": 453, "x": 12202.0, "y": 4402.0}, {"i": 454, "x": 12204.0, "y": 6446.0}, {"i": 455, "x": 12216.0, "y": 6352.0}, {"i": 456, "x": 12226.0, "y": 3338.0}, {"i": 457, "x": 12230.0, "y": 6302.0}, {"i": 458, "x": 12250.0, "y": 3210.0}, {"i": 459, "x": 12268.0, "y": 3884.0}, {"i": 460, "x": 12298.0, "y": 5804.0}, {"i": 461, "x": 12302.0, "y": 6288.0}, {"i": 462, "x": 12354.0, "y": 6296.0}, {"i": 463, "x": 12364.0, "y": 5778.0}, {"i": 464, "x": 12374.0, "y": 1898.0}, {"i": 465, "x": 12374.0, "y": 3956.0}, {"i": 466, "x": 12378.0, "y": 5878.0}, {"i": 467, "x": 12384.0, "y": 2012.0}, {"i": 468, "x": 12392.0, "y": 4208.0}, {"i": 469, "x": 12396.0, "y": 1872.0}, {"i": 470, "x": 12428.0, "y": 4546.0}, {"i": 471, "x": 12436.0, "y": 4748.0}, {"i": 472, "x": 12454.0, "y": 5306.0}, {"i": 473, "x": 12460.0, "y": 5084.0}, {"i": 474, "x": 12466.0, "y": 4446.0}, {"i": 475, "x": 12468.0, "y": 4452.0}, {"i": 476, "x": 12480.0, "y": 3898.0}, {"i": 477, "x": 12494.0, "y": 1690.0}, {"i": 478, "x": 12496.0, "y": 4472.0}, {"i": 479, "x": 12508.0, "y": 2022.0}, {"i": 480, "x": 12512.0, "y": 454.0}, {"i": 481, "x": 12518.0, "y": 2952.0}, {"i": 482, "x": 12556.0, "y": 4510.0}, {"i": 483, "x": 12558.0, "y": 2192.0}, {"i": 484, "x": 12562.0, "y": 3996.0}, {"i": 485, "x": 12610.0, "y": 5814.0}, {"i": 486, "x": 12614.0, "y": 5086.0}, {"i": 487, "x": 12656.0, "y": 936.0}, {"i": 488, "x": 12656.0, "y": 1468.0}, {"i": 489, "x": 12672.0, "y": 2666.0}, {"i": 490, "x": 12682.0, "y": 3564.0}, {"i": 491, "x": 12694.0, "y": 5890.0}, {"i": 492, "x": 12708.0, "y": 2056.0}, {"i": 493, "x": 12736.0, "y": 3732.0}, {"i": 494, "x": 12736.0, "y": 5852.0}, {"i": 495, "x": 12748.0, "y": 5778.0}, {"i": 496, "x": 12760.0, "y": 3934.0}, {"i": 497, "x": 12770.0, "y": 3254.0}, {"i": 498, "x": 12786.0, "y": 2502.0}, {"i": 499, "x": 12802.0, "y": 2124.0}, {"i": 500, "x": 12814.0, "y": 5900.0}, {"i": 501, "x": 12816.0, "y": 6076.0}, {"i": 502, "x": 12824.0, "y": 3204.0}, {"i": 503, "x": 12830.0, "y": 5776.0}, {"i": 504, "x": 12832.0, "y": 4408.0}, {"i": 505, "x": 12848.0, "y": 2378.0}, {"i": 506, "x": 12866.0, "y": 3146.0}, {"i": 507, "x": 12866.0, "y": 4164.0}, {"i": 508, "x": 12880.0, "y": 4212.0}, {"i": 509, "x": 12890.0, "y": 3228.0}, {"i": 510, "x": 12894.0, "y": 3398.0}, {"i": 511, "x": 12904.0, "y": 3824.0}, {"i": 512, "x": 12916.0, "y": 4568.0}, {"i": 513, "x": 12922.0, "y": 3804.0}, {"i": 514, "x": 12934.0, "y": 7520.0}, {"i": 515, "x": 12936.0, "y": 4270.0}, {"i": 516, "x": 12948.0, "y": 4116.0}, {"i": 517, "x": 12952.0, "y": 1830.0}, {"i": 518, "x": 12956.0, "y": 2128.0}, {"i": 519, "x": 12964.0, "y": 6382.0}, {"i": 520, "x": 12986.0, "y": 4118.0}, {"i": 521, "x": 12992.0, "y": 5676.0}, {"i": 522, "x": 13000.0, "y": 3438.0}, {"i": 523, "x": 13010.0, "y": 4080.0}, {"i": 524, "x": 13016.0, "y": 4156.0}, {"i": 525, "x": 13020.0, "y": 5914.0}, {"i": 526, "x": 13022.0, "y": 4706.0}, {"i": 527, "x": 13054.0, "y": 5632.0}, {"i": 528, "x": 13056.0, "y": 5266.0}, {"i": 529, "x": 13076.0, "y": 4002.0}, {"i": 530, "x": 13078.0, "y": 1262.0}, {"i": 531, "x": 13080.0, "y": 1354.0}, {"i": 532, "x": 13080.0, "y": 3682.0}, {"i": 533, "x": 13090.0, "y": 3748.0}, {"i": 534, "x": 13094.0, "y": 4696.0}, {"i": 535, "x": 13096.0, "y": 3884.0}, {"i": 536, "x": 13102.0, "y": 5766.0}, {"i": 537, "x": 13104.0, "y": 4310.0}, {"i": 538, "x": 13106.0, "y": 4380.0}, {"i": 539, "x": 13106.0, "y": 6574.0}, {"i": 540, "x": 13110.0, "y": 1342.0}, {"i": 541, "x": 13116.0, "y": 5590.0}, {"i": 542, "x": 13120.0, "y": 6596.0}, {"i": 543, "x": 13132.0, "y": 3818.0}, {"i": 544, "x": 13158.0, "y": 5384.0}, {"i": 545, "x": 13178.0, "y": 4384.0}, {"i": 546, "x": 13196.0, "y": 4042.0}, {"i": 547, "x": 13198.0, "y": 5758.0}, {"i": 548, "x": 13200.0, "y": 88.0}, {"i": 549, "x": 13204.0, "y": 4420.0}, {"i": 550, "x": 13206.0, "y": 5904.0}, {"i": 551, "x": 13236.0, "y": 3670.0}, {"i": 552, "x": 13256.0, "y": 5744.0}, {"i": 553, "x": 13264.0, "y": 6584.0}, {"i": 554, "x": 13268.0, "y": 4126.0}, {"i": 555, "x": 13270.0, "y": 4254.0}, {"i": 556, "x": 13270.0, "y": 4656.0}, {"i": 557, "x": 13272.0, "y": 4050.0}, {"i": 558, "x": 13276.0, "y": 5760.0}, {"i": 559, "x": 13324.0, "y": 5732.0}, {"i": 560, "x": 13386.0, "y": 6434.0}, {"i": 561, "x": 13390.0, "y": 4398.0}, {"i": 562, "x": 13416.0, "y": 4790.0}, {"i": 563, "x": 13420.0, "y": 4776.0}, {"i": 564, "x": 13440.0, "y": 6752.0}, {"i": 565, "x": 13448.0, "y": 4258.0}, {"i": 566, "x": 13466.0, "y": 4816.0}, {"i": 567, "x": 13478.0, "y": 3958.0}, {"i": 568, "x": 13480.0, "y": 5002.0}, {"i": 569, "x": 13544.0, "y": 4346.0}, {"i": 570, "x": 13564.0, "y": 6870.0}, {"i": 571, "x": 13568.0, "y": 5072.0}, {"i": 572, "x": 13608.0, "y": 4262.0}, {"i": 573, "x": 13632.0, "y": 5570.0}, {"i": 574, "x": 13636.0, "y": 4218.0}, {"i": 575, "x": 13642.0, "y": 4294.0}, {"i": 576, "x": 13708.0, "y": 3742.0}, {"i": 577, "x": 13732.0, "y": 8142.0}, {"i": 578, "x": 13766.0, "y": 8122.0}, {"i": 579, "x": 13778.0, "y": 3738.0}, {"i": 580, "x": 13778.0, "y": 3744.0}, {"i": 581, "x": 13798.0, "y": 4966.0}, {"i": 582, "x": 13814.0, "y": 4134.0}, {"i": 583, "x": 13816.0, "y": 4284.0}, {"i": 584, "x": 13828.0, "y": 3792.0}, {"i": 585, "x": 13880.0, "y": 4850.0}, {"i": 586, "x": 13890.0, "y": 6432.0}, {"i": 587, "x": 13900.0, "y": 4868.0}, {"i": 588, "x": 13902.0, "y": 4492.0}, {"i": 589, "x": 13906.0, "y": 5202.0}, {"i": 590, "x": 13916.0, "y": 4316.0}, {"i": 591, "x": 13920.0, "y": 4694.0}, {"i": 592, "x": 13942.0, "y": 4822.0}, {"i": 593, "x": 13948.0, "y": 5250.0}, {"i": 594, "x": 13962.0, "y": 4264.0}, {"i": 595, "x": 14000.0, "y": 5282.0}, {"i": 596, "x": 14008.0, "y": 4202.0}, {"i": 597, "x": 14062.0, "y": 5228.0}, {"i": 598, "x": 14102.0, "y": 5164.0}, {"i": 599, "x": 14108.0, "y": 5064.0}, {"i": 600, "x": 14138.0, "y": 5390.0}, {"i": 601, "x": 14142.0, "y": 5366.0}, {"i": 602, "x": 14162.0, "y": 5518.0}, {"i": 603, "x": 14184.0, "y": 5588.0}, {"i": 604, "x": 14186.0, "y": 5272.0}, {"i": 605, "x": 14186.0, "y": 5550.0}, {"i": 606, "x": 14206.0, "y": 5580.0}, {"i": 607, "x": 14214.0, "y": 5542.0}, {"i": 608, "x": 14234.0, "y": 5316.0}, {"i": 609, "x": 14240.0, "y": 6156.0}, {"i": 610, "x": 14248.0, "y": 6828.0}, {"i": 611, "x": 14256.0, "y": 5356.0}, {"i": 612, "x": 14262.0, "y": 4422.0}, {"i": 613, "x": 14262.0, "y": 5318.0}, {"i": 614, "x": 14264.0, "y": 5582.0}, {"i": 615, "x": 14268.0, "y": 6298.0}, {"i": 616, "x": 14290.0, "y": 5662.0}, {"i": 617, "x": 14292.0, "y": 5226.0}, {"i": 618, "x": 14340.0, "y": 4634.0}, {"i": 619, "x": 14366.0, "y": 5912.0}, {"i": 620, "x": 14376.0, "y": 6448.0}, {"i": 621, "x": 14394.0, "y": 5568.0}, {"i": 622, "x": 14416.0, "y": 6760.0}, {"i": 623, "x": 14420.0, "y": 6146.0}, {"i": 624, "x": 14438.0, "y": 5604.0}, {"i": 625, "x": 14438.0, "y": 5930.0}, {"i": 626, "x": 14446.0, "y": 5812.0}, {"i": 627, "x": 14476.0, "y": 7216.0}, {"i": 628, "x": 14478.0, "y": 5594.0}, {"i": 629, "x": 14484.0, "y": 5310.0}, {"i": 630, "x": 14518.0, "y": 7192.0}, {"i": 631, "x": 14536.0, "y": 6016.0}, {"i": 632, "x": 14548.0, "y": 5454.0}, {"i": 633, "x": 14548.0, "y": 5618.0}, {"i": 634, "x": 14590.0, "y": 5156.0}, {"i": 635, "x": 14596.0, "y": 5132.0}, {"i": 636, "x": 14606.0, "y": 5648.0}, {"i": 637, "x": 14610.0, "y": 5450.0}, {"i": 638, "x": 14640.0, "y": 5498.0}, {"i": 639, "x": 14644.0, "y": 5572.0}, {"i": 640, "x": 14656.0, "y": 5630.0}, {"i": 641, "x": 14660.0, "y": 5434.0}, {"i": 642, "x": 14690.0, "y": 5622.0}, {"i": 643, "x": 14690.0, "y": 5630.0}, {"i": 644, "x": 14704.0, "y": 5352.0}, {"i": 645, "x": 14752.0, "y": 5586.0}, {"i": 646, "x": 14774.0, "y": 5400.0}, {"i": 647, "x": 14784.0, "y": 5970.0}, {"i": 648, "x": 14836.0, "y": 5632.0}, {"i": 649, "x": 14872.0, "y": 5868.0}, {"i": 650, "x": 14914.0, "y": 5710.0}, {"i": 651, "x": 14938.0, "y": 5768.0}, {"i": 652, "x": 14968.0, "y": 5700.0}, {"i": 653, "x": 15002.0, "y": 5868.0}, {"i": 654, "x": 15012.0, "y": 5842.0}, {"i": 655, "x": 15044.0, "y": 5878.0}, {"i": 656, "x": 15044.0, "y": 6472.0}, {"i": 657, "x": 15062.0, "y": 7120.0}, {"i": 658, "x": 15068.0, "y": 7312.0}, {"i": 659, "x": 15078.0, "y": 7342.0}, {"i": 660, "x": 15094.0, "y": 6370.0}, {"i": 661, "x": 15166.0, "y": 7462.0}, {"i": 662, "x": 15224.0, "y": 7224.0}, {"i": 663, "x": 15226.0, "y": 7190.0}, {"i": 664, "x": 15228.0, "y": 5786.0}, {"i": 665, "x": 15284.0, "y": 5796.0}, {"i": 666, "x": 15354.0, "y": 7788.0}, {"i": 667, "x": 15356.0, "y": 6006.0}, {"i": 668, "x": 15360.0, "y": 6198.0}, {"i": 669, "x": 15388.0, "y": 7544.0}, {"i": 670, "x": 15412.0, "y": 6176.0}, {"i": 671, "x": 15416.0, "y": 7304.0}, {"i": 672, "x": 15434.0, "y": 7162.0}, {"i": 673, "x": 15446.0, "y": 6218.0}, {"i": 674, "x": 15450.0, "y": 7332.0}, {"i": 675, "x": 15484.0, "y": 5942.0}, {"i": 676, "x": 15516.0, "y": 6104.0}, {"i": 677, "x": 15528.0, "y": 8228.0}, {"i": 678, "x": 15550.0, "y": 5966.0}, {"i": 679, "x": 15558.0, "y": 7402.0}, {"i": 680, "x": 15560.0, "y": 5966.0}, {"i": 681, "x": 15600.0, "y": 7228.0}, {"i": 682, "x": 15614.0, "y": 6334.0}, {"i": 683, "x": 15714.0, "y": 6152.0}, {"i": 684, "x": 15738.0, "y": 6466.0}, {"i": 685, "x": 15762.0, "y": 6066.0}, {"i": 686, "x": 15772.0, "y": 6172.0}, {"i": 687, "x": 15788.0, "y": 6528.0}, {"i": 688, "x": 15788.0, "y": 7612.0}, {"i": 689, "x": 15814.0, "y": 6342.0}, {"i": 690, "x": 15844.0, "y": 6080.0}, {"i": 691, "x": 15850.0, "y": 6372.0}, {"i": 692, "x": 15876.0, "y": 6142.0}, {"i": 693, "x": 15882.0, "y": 6348.0}, {"i": 694, "x": 15910.0, "y": 7610.0}, {"i": 695, "x": 15956.0, "y": 6344.0}, {"i": 696, "x": 16126.0, "y": 6784.0}, {"i": 697, "x": 16164.0, "y": 6770.0}, {"i": 698, "x": 16536.0, "y": 6990.0}, {"i": 699, "x": 16752.0, "y": 8088.0}], "type": "Instance", "name": "us-night-0000700", "meta": {"comment": "HIP even point set instance (700 points) sampled from image ", "faces_in_delaunay": 1386}}