{"points": [{"i": 0, "x": 8.0, "y": 8314.0}, {"i": 1, "x": 348.0, "y": 7296.0}, {"i": 2, "x": 1372.0, "y": 8224.0}, {"i": 3, "x": 2826.0, "y": 3642.0}, {"i": 4, "x": 3816.0, "y": 9358.0}, {"i": 5, "x": 5356.0, "y": 3044.0}, {"i": 6, "x": 6684.0, "y": 3828.0}, {"i": 7, "x": 7406.0, "y": 2132.0}, {"i": 8, "x": 8066.0, "y": 8514.0}, {"i": 9, "x": 8156.0, "y": 5812.0}, {"i": 10, "x": 9484.0, "y": 5868.0}, {"i": 11, "x": 9570.0, "y": 7580.0}, {"i": 12, "x": 9712.0, "y": 4426.0}, {"i": 13, "x": 10232.0, "y": 5204.0}, {"i": 14, "x": 10236.0, "y": 4042.0}, {"i": 15, "x": 10456.0, "y": 3038.0}, {"i": 16, "x": 10580.0, "y": 4704.0}, {"i": 17, "x": 10740.0, "y": 6224.0}, {"i": 18, "x": 10826.0, "y": 6114.0}, {"i": 19, "x": 11110.0, "y": 3958.0}, {"i": 20, "x": 11128.0, "y": 5442.0}, {"i": 21, "x": 11240.0, "y": 4664.0}, {"i": 22, "x": 11744.0, "y": 6058.0}, {"i": 23, "x": 12492.0, "y": 2298.0}, {"i": 24, "x": 12588.0, "y": 2184.0}, {"i": 25, "x": 12714.0, "y": 1984.0}, {"i": 26, "x": 13032.0, "y": 4270.0}, {"i": 27, "x": 13048.0, "y": 6552.0}, {"i": 28, "x": 13144.0, "y": 1404.0}, {"i": 29, "x": 13844.0, "y": 4220.0}, {"i": 30, "x": 14172.0, "y": 4562.0}, {"i": 31, "x": 14408.0, "y": 5466.0}, {"i": 32, "x": 15182.0, "y": 6568.0}, {"i": 33, "x": 15774.0, "y": 6434.0}, {"i": 34, "x": 16574.0, "y": 6984.0}], "type": "Instance", "name": "us-night-0000035", "meta": {"comment": "HIP even point set instance (35 points) sampled from image ", "faces_in_delaunay": 61}}