{"points": [{"i": 0, "x": 22.0, "y": 8308.0}, {"i": 1, "x": 310.0, "y": 7576.0}, {"i": 2, "x": 376.0, "y": 7230.0}, {"i": 3, "x": 392.0, "y": 5064.0}, {"i": 4, "x": 416.0, "y": 8212.0}, {"i": 5, "x": 472.0, "y": 7826.0}, {"i": 6, "x": 710.0, "y": 5264.0}, {"i": 7, "x": 778.0, "y": 5292.0}, {"i": 8, "x": 1120.0, "y": 7784.0}, {"i": 9, "x": 1324.0, "y": 7750.0}, {"i": 10, "x": 1406.0, "y": 8626.0}, {"i": 11, "x": 1460.0, "y": 7408.0}, {"i": 12, "x": 1470.0, "y": 3888.0}, {"i": 13, "x": 1634.0, "y": 3868.0}, {"i": 14, "x": 1764.0, "y": 4098.0}, {"i": 15, "x": 1900.0, "y": 8352.0}, {"i": 16, "x": 1954.0, "y": 3696.0}, {"i": 17, "x": 2006.0, "y": 3786.0}, {"i": 18, "x": 2044.0, "y": 3474.0}, {"i": 19, "x": 2104.0, "y": 3328.0}, {"i": 20, "x": 2174.0, "y": 6620.0}, {"i": 21, "x": 2344.0, "y": 3678.0}, {"i": 22, "x": 2372.0, "y": 3800.0}, {"i": 23, "x": 2534.0, "y": 3436.0}, {"i": 24, "x": 2712.0, "y": 3372.0}, {"i": 25, "x": 2758.0, "y": 6414.0}, {"i": 26, "x": 2990.0, "y": 8930.0}, {"i": 27, "x": 3460.0, "y": 5730.0}, {"i": 28, "x": 3570.0, "y": 5920.0}, {"i": 29, "x": 3624.0, "y": 5820.0}, {"i": 30, "x": 3628.0, "y": 3520.0}, {"i": 31, "x": 3874.0, "y": 3204.0}, {"i": 32, "x": 3940.0, "y": 2330.0}, {"i": 33, "x": 3964.0, "y": 3204.0}, {"i": 34, "x": 4170.0, "y": 6120.0}, {"i": 35, "x": 4212.0, "y": 1818.0}, {"i": 36, "x": 4306.0, "y": 9290.0}, {"i": 37, "x": 4912.0, "y": 4216.0}, {"i": 38, "x": 5262.0, "y": 3094.0}, {"i": 39, "x": 5284.0, "y": 3048.0}, {"i": 40, "x": 5380.0, "y": 4346.0}, {"i": 41, "x": 5470.0, "y": 9352.0}, {"i": 42, "x": 5570.0, "y": 6398.0}, {"i": 43, "x": 5622.0, "y": 5622.0}, {"i": 44, "x": 5660.0, "y": 7608.0}, {"i": 45, "x": 5714.0, "y": 5424.0}, {"i": 46, "x": 5720.0, "y": 5436.0}, {"i": 47, "x": 5750.0, "y": 5530.0}, {"i": 48, "x": 6082.0, "y": 8074.0}, {"i": 49, "x": 6160.0, "y": 6358.0}, {"i": 50, "x": 6194.0, "y": 8202.0}, {"i": 51, "x": 6238.0, "y": 3224.0}, {"i": 52, "x": 6250.0, "y": 3290.0}, {"i": 53, "x": 6296.0, "y": 7990.0}, {"i": 54, "x": 6306.0, "y": 7936.0}, {"i": 55, "x": 6386.0, "y": 3164.0}, {"i": 56, "x": 6416.0, "y": 3536.0}, {"i": 57, "x": 6418.0, "y": 8592.0}, {"i": 58, "x": 6522.0, "y": 3138.0}, {"i": 59, "x": 6542.0, "y": 3160.0}, {"i": 60, "x": 6650.0, "y": 8176.0}, {"i": 61, "x": 6660.0, "y": 3616.0}, {"i": 62, "x": 6740.0, "y": 3230.0}, {"i": 63, "x": 6814.0, "y": 8040.0}, {"i": 64, "x": 6832.0, "y": 8028.0}, {"i": 65, "x": 6938.0, "y": 6528.0}, {"i": 66, "x": 6946.0, "y": 8036.0}, {"i": 67, "x": 6988.0, "y": 660.0}, {"i": 68, "x": 7018.0, "y": 4740.0}, {"i": 69, "x": 7040.0, "y": 2988.0}, {"i": 70, "x": 7386.0, "y": 2130.0}, {"i": 71, "x": 7550.0, "y": 1460.0}, {"i": 72, "x": 7654.0, "y": 4450.0}, {"i": 73, "x": 7756.0, "y": 5270.0}, {"i": 74, "x": 7846.0, "y": 1798.0}, {"i": 75, "x": 7926.0, "y": 3482.0}, {"i": 76, "x": 7958.0, "y": 8474.0}, {"i": 77, "x": 7964.0, "y": 4224.0}, {"i": 78, "x": 7978.0, "y": 2730.0}, {"i": 79, "x": 8004.0, "y": 3334.0}, {"i": 80, "x": 8008.0, "y": 7808.0}, {"i": 81, "x": 8020.0, "y": 4144.0}, {"i": 82, "x": 8026.0, "y": 3476.0}, {"i": 83, "x": 8060.0, "y": 3462.0}, {"i": 84, "x": 8064.0, "y": 4382.0}, {"i": 85, "x": 8086.0, "y": 3504.0}, {"i": 86, "x": 8164.0, "y": 4356.0}, {"i": 87, "x": 8168.0, "y": 5988.0}, {"i": 88, "x": 8206.0, "y": 7464.0}, {"i": 89, "x": 8212.0, "y": 7462.0}, {"i": 90, "x": 8212.0, "y": 8670.0}, {"i": 91, "x": 8256.0, "y": 4456.0}, {"i": 92, "x": 8348.0, "y": 5896.0}, {"i": 93, "x": 8394.0, "y": 2214.0}, {"i": 94, "x": 8410.0, "y": 5912.0}, {"i": 95, "x": 8438.0, "y": 2420.0}, {"i": 96, "x": 8572.0, "y": 2648.0}, {"i": 97, "x": 8658.0, "y": 3268.0}, {"i": 98, "x": 8668.0, "y": 7214.0}, {"i": 99, "x": 8688.0, "y": 7926.0}, {"i": 100, "x": 8710.0, "y": 3288.0}, {"i": 101, "x": 8728.0, "y": 3524.0}, {"i": 102, "x": 8740.0, "y": 3170.0}, {"i": 103, "x": 8744.0, "y": 2488.0}, {"i": 104, "x": 8784.0, "y": 3768.0}, {"i": 105, "x": 8800.0, "y": 4090.0}, {"i": 106, "x": 9004.0, "y": 2512.0}, {"i": 107, "x": 9006.0, "y": 2580.0}, {"i": 108, "x": 9014.0, "y": 4518.0}, {"i": 109, "x": 9016.0, "y": 7278.0}, {"i": 110, "x": 9070.0, "y": 6992.0}, {"i": 111, "x": 9086.0, "y": 4512.0}, {"i": 112, "x": 9158.0, "y": 7046.0}, {"i": 113, "x": 9162.0, "y": 4204.0}, {"i": 114, "x": 9270.0, "y": 6954.0}, {"i": 115, "x": 9284.0, "y": 7068.0}, {"i": 116, "x": 9426.0, "y": 6158.0}, {"i": 117, "x": 9464.0, "y": 3700.0}, {"i": 118, "x": 9508.0, "y": 3312.0}, {"i": 119, "x": 9560.0, "y": 4876.0}, {"i": 120, "x": 9574.0, "y": 3982.0}, {"i": 121, "x": 9616.0, "y": 2648.0}, {"i": 122, "x": 9764.0, "y": 2690.0}, {"i": 123, "x": 9766.0, "y": 5688.0}, {"i": 124, "x": 9786.0, "y": 7030.0}, {"i": 125, "x": 9816.0, "y": 2700.0}, {"i": 126, "x": 9878.0, "y": 5974.0}, {"i": 127, "x": 9918.0, "y": 2606.0}, {"i": 128, "x": 9966.0, "y": 3992.0}, {"i": 129, "x": 10012.0, "y": 4918.0}, {"i": 130, "x": 10072.0, "y": 6514.0}, {"i": 131, "x": 10080.0, "y": 2438.0}, {"i": 132, "x": 10144.0, "y": 6042.0}, {"i": 133, "x": 10176.0, "y": 2524.0}, {"i": 134, "x": 10184.0, "y": 3250.0}, {"i": 135, "x": 10222.0, "y": 6854.0}, {"i": 136, "x": 10230.0, "y": 4156.0}, {"i": 137, "x": 10324.0, "y": 6474.0}, {"i": 138, "x": 10354.0, "y": 7336.0}, {"i": 139, "x": 10378.0, "y": 5164.0}, {"i": 140, "x": 10382.0, "y": 2638.0}, {"i": 141, "x": 10400.0, "y": 5614.0}, {"i": 142, "x": 10446.0, "y": 2662.0}, {"i": 143, "x": 10486.0, "y": 5780.0}, {"i": 144, "x": 10488.0, "y": 4882.0}, {"i": 145, "x": 10530.0, "y": 4072.0}, {"i": 146, "x": 10568.0, "y": 2906.0}, {"i": 147, "x": 10602.0, "y": 6352.0}, {"i": 148, "x": 10630.0, "y": 6646.0}, {"i": 149, "x": 10648.0, "y": 2676.0}, {"i": 150, "x": 10654.0, "y": 6834.0}, {"i": 151, "x": 10666.0, "y": 6200.0}, {"i": 152, "x": 10722.0, "y": 6588.0}, {"i": 153, "x": 10738.0, "y": 3338.0}, {"i": 154, "x": 10772.0, "y": 6182.0}, {"i": 155, "x": 10834.0, "y": 6114.0}, {"i": 156, "x": 10974.0, "y": 5104.0}, {"i": 157, "x": 11032.0, "y": 5058.0}, {"i": 158, "x": 11244.0, "y": 5648.0}, {"i": 159, "x": 11266.0, "y": 5222.0}, {"i": 160, "x": 11290.0, "y": 6050.0}, {"i": 161, "x": 11344.0, "y": 2704.0}, {"i": 162, "x": 11348.0, "y": 6010.0}, {"i": 163, "x": 11354.0, "y": 2780.0}, {"i": 164, "x": 11360.0, "y": 6514.0}, {"i": 165, "x": 11406.0, "y": 3282.0}, {"i": 166, "x": 11446.0, "y": 4870.0}, {"i": 167, "x": 11460.0, "y": 5672.0}, {"i": 168, "x": 11488.0, "y": 3902.0}, {"i": 169, "x": 11496.0, "y": 5464.0}, {"i": 170, "x": 11528.0, "y": 5056.0}, {"i": 171, "x": 11530.0, "y": 5590.0}, {"i": 172, "x": 11610.0, "y": 6246.0}, {"i": 173, "x": 11646.0, "y": 4128.0}, {"i": 174, "x": 11648.0, "y": 5904.0}, {"i": 175, "x": 11770.0, "y": 5304.0}, {"i": 176, "x": 11848.0, "y": 5388.0}, {"i": 177, "x": 11868.0, "y": 6250.0}, {"i": 178, "x": 11882.0, "y": 5402.0}, {"i": 179, "x": 11902.0, "y": 4762.0}, {"i": 180, "x": 11920.0, "y": 4958.0}, {"i": 181, "x": 11934.0, "y": 3622.0}, {"i": 182, "x": 11940.0, "y": 3088.0}, {"i": 183, "x": 11962.0, "y": 4724.0}, {"i": 184, "x": 11972.0, "y": 5522.0}, {"i": 185, "x": 12026.0, "y": 4328.0}, {"i": 186, "x": 12030.0, "y": 3834.0}, {"i": 187, "x": 12048.0, "y": 3766.0}, {"i": 188, "x": 12070.0, "y": 3850.0}, {"i": 189, "x": 12078.0, "y": 3290.0}, {"i": 190, "x": 12122.0, "y": 3410.0}, {"i": 191, "x": 12124.0, "y": 6210.0}, {"i": 192, "x": 12126.0, "y": 5536.0}, {"i": 193, "x": 12156.0, "y": 6088.0}, {"i": 194, "x": 12190.0, "y": 6492.0}, {"i": 195, "x": 12198.0, "y": 6158.0}, {"i": 196, "x": 12218.0, "y": 8444.0}, {"i": 197, "x": 12228.0, "y": 4594.0}, {"i": 198, "x": 12318.0, "y": 5448.0}, {"i": 199, "x": 12334.0, "y": 2692.0}, {"i": 200, "x": 12344.0, "y": 4716.0}, {"i": 201, "x": 12390.0, "y": 2232.0}, {"i": 202, "x": 12418.0, "y": 2018.0}, {"i": 203, "x": 12436.0, "y": 5298.0}, {"i": 204, "x": 12444.0, "y": 4164.0}, {"i": 205, "x": 12528.0, "y": 4046.0}, {"i": 206, "x": 12540.0, "y": 3158.0}, {"i": 207, "x": 12580.0, "y": 5964.0}, {"i": 208, "x": 12590.0, "y": 5892.0}, {"i": 209, "x": 12626.0, "y": 5796.0}, {"i": 210, "x": 12650.0, "y": 6030.0}, {"i": 211, "x": 12658.0, "y": 1424.0}, {"i": 212, "x": 12660.0, "y": 1532.0}, {"i": 213, "x": 12672.0, "y": 5042.0}, {"i": 214, "x": 12734.0, "y": 5776.0}, {"i": 215, "x": 12754.0, "y": 6670.0}, {"i": 216, "x": 12760.0, "y": 4274.0}, {"i": 217, "x": 12766.0, "y": 4278.0}, {"i": 218, "x": 12796.0, "y": 4180.0}, {"i": 219, "x": 12816.0, "y": 8106.0}, {"i": 220, "x": 12830.0, "y": 4912.0}, {"i": 221, "x": 12870.0, "y": 3616.0}, {"i": 222, "x": 12888.0, "y": 3166.0}, {"i": 223, "x": 12896.0, "y": 6568.0}, {"i": 224, "x": 12926.0, "y": 6922.0}, {"i": 225, "x": 12936.0, "y": 5966.0}, {"i": 226, "x": 12944.0, "y": 6458.0}, {"i": 227, "x": 12948.0, "y": 2100.0}, {"i": 228, "x": 12980.0, "y": 3598.0}, {"i": 229, "x": 13006.0, "y": 1960.0}, {"i": 230, "x": 13014.0, "y": 4480.0}, {"i": 231, "x": 13038.0, "y": 6136.0}, {"i": 232, "x": 13046.0, "y": 4124.0}, {"i": 233, "x": 13060.0, "y": 5642.0}, {"i": 234, "x": 13084.0, "y": 1572.0}, {"i": 235, "x": 13104.0, "y": 4298.0}, {"i": 236, "x": 13112.0, "y": 1564.0}, {"i": 237, "x": 13142.0, "y": 5850.0}, {"i": 238, "x": 13158.0, "y": 5604.0}, {"i": 239, "x": 13166.0, "y": 1516.0}, {"i": 240, "x": 13174.0, "y": 6202.0}, {"i": 241, "x": 13180.0, "y": 3758.0}, {"i": 242, "x": 13184.0, "y": 4430.0}, {"i": 243, "x": 13200.0, "y": 3446.0}, {"i": 244, "x": 13232.0, "y": 6682.0}, {"i": 245, "x": 13242.0, "y": 5548.0}, {"i": 246, "x": 13264.0, "y": 5574.0}, {"i": 247, "x": 13286.0, "y": 6500.0}, {"i": 248, "x": 13330.0, "y": 4140.0}, {"i": 249, "x": 13332.0, "y": 5786.0}, {"i": 250, "x": 13376.0, "y": 238.0}, {"i": 251, "x": 13392.0, "y": 6790.0}, {"i": 252, "x": 13448.0, "y": 4064.0}, {"i": 253, "x": 13448.0, "y": 4190.0}, {"i": 254, "x": 13466.0, "y": 3720.0}, {"i": 255, "x": 13482.0, "y": 5682.0}, {"i": 256, "x": 13490.0, "y": 3714.0}, {"i": 257, "x": 13518.0, "y": 4342.0}, {"i": 258, "x": 13546.0, "y": 4368.0}, {"i": 259, "x": 13562.0, "y": 9000.0}, {"i": 260, "x": 13586.0, "y": 3868.0}, {"i": 261, "x": 13626.0, "y": 6436.0}, {"i": 262, "x": 13822.0, "y": 5388.0}, {"i": 263, "x": 13954.0, "y": 6478.0}, {"i": 264, "x": 14024.0, "y": 5726.0}, {"i": 265, "x": 14116.0, "y": 5120.0}, {"i": 266, "x": 14202.0, "y": 4100.0}, {"i": 267, "x": 14214.0, "y": 5534.0}, {"i": 268, "x": 14234.0, "y": 5438.0}, {"i": 269, "x": 14240.0, "y": 5396.0}, {"i": 270, "x": 14250.0, "y": 4690.0}, {"i": 271, "x": 14252.0, "y": 6602.0}, {"i": 272, "x": 14264.0, "y": 5696.0}, {"i": 273, "x": 14274.0, "y": 5366.0}, {"i": 274, "x": 14534.0, "y": 4974.0}, {"i": 275, "x": 14544.0, "y": 5626.0}, {"i": 276, "x": 14544.0, "y": 5752.0}, {"i": 277, "x": 14550.0, "y": 5674.0}, {"i": 278, "x": 14672.0, "y": 6298.0}, {"i": 279, "x": 14698.0, "y": 6984.0}, {"i": 280, "x": 14700.0, "y": 5668.0}, {"i": 281, "x": 14704.0, "y": 5464.0}, {"i": 282, "x": 14726.0, "y": 5614.0}, {"i": 283, "x": 14742.0, "y": 7144.0}, {"i": 284, "x": 14780.0, "y": 5288.0}, {"i": 285, "x": 14782.0, "y": 5284.0}, {"i": 286, "x": 14952.0, "y": 5958.0}, {"i": 287, "x": 15240.0, "y": 5818.0}, {"i": 288, "x": 15250.0, "y": 5834.0}, {"i": 289, "x": 15342.0, "y": 7496.0}, {"i": 290, "x": 15416.0, "y": 6096.0}, {"i": 291, "x": 15430.0, "y": 6152.0}, {"i": 292, "x": 15504.0, "y": 8128.0}, {"i": 293, "x": 15630.0, "y": 7624.0}, {"i": 294, "x": 15736.0, "y": 6310.0}, {"i": 295, "x": 15762.0, "y": 6540.0}, {"i": 296, "x": 15856.0, "y": 6914.0}, {"i": 297, "x": 15876.0, "y": 6152.0}, {"i": 298, "x": 15906.0, "y": 6268.0}, {"i": 299, "x": 16980.0, "y": 7814.0}], "type": "Instance", "name": "us-night-0000300", "meta": {"comment": "HIP even point set instance (300 points) sampled from image ", "faces_in_delaunay": 586}}