{"points": [{"i": 0, "x": 280.0, "y": 7060.0}, {"i": 1, "x": 290.0, "y": 6974.0}, {"i": 2, "x": 340.0, "y": 7278.0}, {"i": 3, "x": 346.0, "y": 6976.0}, {"i": 4, "x": 382.0, "y": 7322.0}, {"i": 5, "x": 388.0, "y": 5080.0}, {"i": 6, "x": 448.0, "y": 7186.0}, {"i": 7, "x": 460.0, "y": 7812.0}, {"i": 8, "x": 462.0, "y": 7754.0}, {"i": 9, "x": 494.0, "y": 8086.0}, {"i": 10, "x": 496.0, "y": 8082.0}, {"i": 11, "x": 502.0, "y": 7204.0}, {"i": 12, "x": 552.0, "y": 7752.0}, {"i": 13, "x": 704.0, "y": 5280.0}, {"i": 14, "x": 816.0, "y": 4892.0}, {"i": 15, "x": 830.0, "y": 4910.0}, {"i": 16, "x": 864.0, "y": 5170.0}, {"i": 17, "x": 872.0, "y": 4882.0}, {"i": 18, "x": 894.0, "y": 4838.0}, {"i": 19, "x": 896.0, "y": 4708.0}, {"i": 20, "x": 956.0, "y": 4294.0}, {"i": 21, "x": 1064.0, "y": 7564.0}, {"i": 22, "x": 1274.0, "y": 4258.0}, {"i": 23, "x": 1364.0, "y": 4104.0}, {"i": 24, "x": 1374.0, "y": 7270.0}, {"i": 25, "x": 1452.0, "y": 7608.0}, {"i": 26, "x": 1466.0, "y": 3824.0}, {"i": 27, "x": 1826.0, "y": 3684.0}, {"i": 28, "x": 1834.0, "y": 4054.0}, {"i": 29, "x": 1838.0, "y": 4030.0}, {"i": 30, "x": 1870.0, "y": 3722.0}, {"i": 31, "x": 1882.0, "y": 3670.0}, {"i": 32, "x": 1902.0, "y": 3734.0}, {"i": 33, "x": 1904.0, "y": 8286.0}, {"i": 34, "x": 2018.0, "y": 3812.0}, {"i": 35, "x": 2060.0, "y": 3946.0}, {"i": 36, "x": 2104.0, "y": 3356.0}, {"i": 37, "x": 2112.0, "y": 3282.0}, {"i": 38, "x": 2228.0, "y": 3086.0}, {"i": 39, "x": 2324.0, "y": 6674.0}, {"i": 40, "x": 2506.0, "y": 9562.0}, {"i": 41, "x": 2600.0, "y": 4358.0}, {"i": 42, "x": 2616.0, "y": 4388.0}, {"i": 43, "x": 2858.0, "y": 8448.0}, {"i": 44, "x": 2948.0, "y": 8940.0}, {"i": 45, "x": 2950.0, "y": 4068.0}, {"i": 46, "x": 2978.0, "y": 8428.0}, {"i": 47, "x": 3040.0, "y": 9242.0}, {"i": 48, "x": 3050.0, "y": 9290.0}, {"i": 49, "x": 3284.0, "y": 9516.0}, {"i": 50, "x": 3464.0, "y": 5736.0}, {"i": 51, "x": 3474.0, "y": 6402.0}, {"i": 52, "x": 3558.0, "y": 3652.0}, {"i": 53, "x": 3578.0, "y": 5876.0}, {"i": 54, "x": 3606.0, "y": 3614.0}, {"i": 55, "x": 3612.0, "y": 5784.0}, {"i": 56, "x": 3632.0, "y": 5802.0}, {"i": 57, "x": 3652.0, "y": 8732.0}, {"i": 58, "x": 3656.0, "y": 5720.0}, {"i": 59, "x": 3666.0, "y": 3536.0}, {"i": 60, "x": 3708.0, "y": 3530.0}, {"i": 61, "x": 3818.0, "y": 2236.0}, {"i": 62, "x": 3894.0, "y": 6432.0}, {"i": 63, "x": 3932.0, "y": 9206.0}, {"i": 64, "x": 3932.0, "y": 9398.0}, {"i": 65, "x": 4054.0, "y": 8974.0}, {"i": 66, "x": 4240.0, "y": 3240.0}, {"i": 67, "x": 4420.0, "y": 9030.0}, {"i": 68, "x": 4580.0, "y": 9390.0}, {"i": 69, "x": 4690.0, "y": 5286.0}, {"i": 70, "x": 4770.0, "y": 4168.0}, {"i": 71, "x": 4964.0, "y": 6268.0}, {"i": 72, "x": 5130.0, "y": 2084.0}, {"i": 73, "x": 5184.0, "y": 4076.0}, {"i": 74, "x": 5196.0, "y": 9248.0}, {"i": 75, "x": 5200.0, "y": 4074.0}, {"i": 76, "x": 5336.0, "y": 3104.0}, {"i": 77, "x": 5402.0, "y": 3424.0}, {"i": 78, "x": 5464.0, "y": 9502.0}, {"i": 79, "x": 5564.0, "y": 6828.0}, {"i": 80, "x": 5682.0, "y": 5698.0}, {"i": 81, "x": 5756.0, "y": 8.0}, {"i": 82, "x": 5760.0, "y": 5550.0}, {"i": 83, "x": 5762.0, "y": 5626.0}, {"i": 84, "x": 5778.0, "y": 5650.0}, {"i": 85, "x": 5784.0, "y": 896.0}, {"i": 86, "x": 5938.0, "y": 6172.0}, {"i": 87, "x": 6038.0, "y": 5782.0}, {"i": 88, "x": 6088.0, "y": 1080.0}, {"i": 89, "x": 6142.0, "y": 7992.0}, {"i": 90, "x": 6154.0, "y": 8020.0}, {"i": 91, "x": 6164.0, "y": 7662.0}, {"i": 92, "x": 6198.0, "y": 1298.0}, {"i": 93, "x": 6246.0, "y": 3396.0}, {"i": 94, "x": 6378.0, "y": 7956.0}, {"i": 95, "x": 6388.0, "y": 7842.0}, {"i": 96, "x": 6396.0, "y": 7836.0}, {"i": 97, "x": 6414.0, "y": 8588.0}, {"i": 98, "x": 6624.0, "y": 394.0}, {"i": 99, "x": 6850.0, "y": 7774.0}, {"i": 100, "x": 6950.0, "y": 7614.0}, {"i": 101, "x": 6970.0, "y": 2094.0}, {"i": 102, "x": 7252.0, "y": 8634.0}, {"i": 103, "x": 7362.0, "y": 1808.0}, {"i": 104, "x": 7392.0, "y": 8284.0}, {"i": 105, "x": 7414.0, "y": 1638.0}, {"i": 106, "x": 7480.0, "y": 4190.0}, {"i": 107, "x": 7554.0, "y": 1450.0}, {"i": 108, "x": 7568.0, "y": 2116.0}, {"i": 109, "x": 7582.0, "y": 7622.0}, {"i": 110, "x": 7630.0, "y": 8424.0}, {"i": 111, "x": 7650.0, "y": 2356.0}, {"i": 112, "x": 7650.0, "y": 2424.0}, {"i": 113, "x": 7676.0, "y": 1448.0}, {"i": 114, "x": 7684.0, "y": 2456.0}, {"i": 115, "x": 7714.0, "y": 4540.0}, {"i": 116, "x": 7742.0, "y": 2324.0}, {"i": 117, "x": 7838.0, "y": 252.0}, {"i": 118, "x": 7846.0, "y": 2626.0}, {"i": 119, "x": 7878.0, "y": 7028.0}, {"i": 120, "x": 7882.0, "y": 4206.0}, {"i": 121, "x": 7922.0, "y": 4226.0}, {"i": 122, "x": 7926.0, "y": 2718.0}, {"i": 123, "x": 7928.0, "y": 2662.0}, {"i": 124, "x": 7934.0, "y": 2842.0}, {"i": 125, "x": 7948.0, "y": 4250.0}, {"i": 126, "x": 7954.0, "y": 4286.0}, {"i": 127, "x": 7990.0, "y": 6428.0}, {"i": 128, "x": 8010.0, "y": 3266.0}, {"i": 129, "x": 8010.0, "y": 3338.0}, {"i": 130, "x": 8048.0, "y": 3356.0}, {"i": 131, "x": 8050.0, "y": 3636.0}, {"i": 132, "x": 8066.0, "y": 3446.0}, {"i": 133, "x": 8074.0, "y": 4564.0}, {"i": 134, "x": 8088.0, "y": 3440.0}, {"i": 135, "x": 8092.0, "y": 3404.0}, {"i": 136, "x": 8122.0, "y": 8600.0}, {"i": 137, "x": 8152.0, "y": 5260.0}, {"i": 138, "x": 8166.0, "y": 5640.0}, {"i": 139, "x": 8170.0, "y": 4362.0}, {"i": 140, "x": 8180.0, "y": 3478.0}, {"i": 141, "x": 8214.0, "y": 3938.0}, {"i": 142, "x": 8214.0, "y": 7904.0}, {"i": 143, "x": 8236.0, "y": 2158.0}, {"i": 144, "x": 8242.0, "y": 2154.0}, {"i": 145, "x": 8260.0, "y": 2872.0}, {"i": 146, "x": 8288.0, "y": 3410.0}, {"i": 147, "x": 8300.0, "y": 4186.0}, {"i": 148, "x": 8308.0, "y": 5866.0}, {"i": 149, "x": 8320.0, "y": 7502.0}, {"i": 150, "x": 8322.0, "y": 2738.0}, {"i": 151, "x": 8324.0, "y": 3442.0}, {"i": 152, "x": 8358.0, "y": 7466.0}, {"i": 153, "x": 8384.0, "y": 8196.0}, {"i": 154, "x": 8392.0, "y": 3412.0}, {"i": 155, "x": 8484.0, "y": 4028.0}, {"i": 156, "x": 8530.0, "y": 7000.0}, {"i": 157, "x": 8536.0, "y": 2344.0}, {"i": 158, "x": 8536.0, "y": 3664.0}, {"i": 159, "x": 8550.0, "y": 3662.0}, {"i": 160, "x": 8558.0, "y": 4282.0}, {"i": 161, "x": 8570.0, "y": 7126.0}, {"i": 162, "x": 8580.0, "y": 2616.0}, {"i": 163, "x": 8592.0, "y": 7400.0}, {"i": 164, "x": 8600.0, "y": 2662.0}, {"i": 165, "x": 8634.0, "y": 2538.0}, {"i": 166, "x": 8640.0, "y": 5254.0}, {"i": 167, "x": 8660.0, "y": 2468.0}, {"i": 168, "x": 8700.0, "y": 7090.0}, {"i": 169, "x": 8704.0, "y": 2472.0}, {"i": 170, "x": 8710.0, "y": 2364.0}, {"i": 171, "x": 8736.0, "y": 2466.0}, {"i": 172, "x": 8754.0, "y": 5238.0}, {"i": 173, "x": 8798.0, "y": 5270.0}, {"i": 174, "x": 8828.0, "y": 4676.0}, {"i": 175, "x": 8864.0, "y": 4678.0}, {"i": 176, "x": 8864.0, "y": 6664.0}, {"i": 177, "x": 8868.0, "y": 4552.0}, {"i": 178, "x": 8894.0, "y": 7326.0}, {"i": 179, "x": 8922.0, "y": 7298.0}, {"i": 180, "x": 8928.0, "y": 7276.0}, {"i": 181, "x": 8954.0, "y": 5272.0}, {"i": 182, "x": 8990.0, "y": 3610.0}, {"i": 183, "x": 9030.0, "y": 3706.0}, {"i": 184, "x": 9032.0, "y": 4636.0}, {"i": 185, "x": 9066.0, "y": 2754.0}, {"i": 186, "x": 9076.0, "y": 2640.0}, {"i": 187, "x": 9110.0, "y": 6160.0}, {"i": 188, "x": 9118.0, "y": 3326.0}, {"i": 189, "x": 9144.0, "y": 7044.0}, {"i": 190, "x": 9180.0, "y": 4718.0}, {"i": 191, "x": 9248.0, "y": 7134.0}, {"i": 192, "x": 9254.0, "y": 4424.0}, {"i": 193, "x": 9264.0, "y": 2626.0}, {"i": 194, "x": 9264.0, "y": 4696.0}, {"i": 195, "x": 9276.0, "y": 3798.0}, {"i": 196, "x": 9348.0, "y": 4982.0}, {"i": 197, "x": 9400.0, "y": 2630.0}, {"i": 198, "x": 9468.0, "y": 3408.0}, {"i": 199, "x": 9508.0, "y": 3296.0}, {"i": 200, "x": 9526.0, "y": 3984.0}, {"i": 201, "x": 9554.0, "y": 3976.0}, {"i": 202, "x": 9570.0, "y": 2634.0}, {"i": 203, "x": 9626.0, "y": 3390.0}, {"i": 204, "x": 9664.0, "y": 7200.0}, {"i": 205, "x": 9714.0, "y": 4144.0}, {"i": 206, "x": 9802.0, "y": 2634.0}, {"i": 207, "x": 9828.0, "y": 2462.0}, {"i": 208, "x": 9864.0, "y": 3562.0}, {"i": 209, "x": 9870.0, "y": 6192.0}, {"i": 210, "x": 9924.0, "y": 3578.0}, {"i": 211, "x": 9928.0, "y": 5130.0}, {"i": 212, "x": 9932.0, "y": 2608.0}, {"i": 213, "x": 9952.0, "y": 2576.0}, {"i": 214, "x": 9962.0, "y": 2770.0}, {"i": 215, "x": 9998.0, "y": 4328.0}, {"i": 216, "x": 10008.0, "y": 5398.0}, {"i": 217, "x": 10030.0, "y": 6054.0}, {"i": 218, "x": 10042.0, "y": 3030.0}, {"i": 219, "x": 10074.0, "y": 3112.0}, {"i": 220, "x": 10080.0, "y": 6002.0}, {"i": 221, "x": 10162.0, "y": 2526.0}, {"i": 222, "x": 10182.0, "y": 2524.0}, {"i": 223, "x": 10214.0, "y": 5142.0}, {"i": 224, "x": 10256.0, "y": 4936.0}, {"i": 225, "x": 10276.0, "y": 6500.0}, {"i": 226, "x": 10294.0, "y": 4112.0}, {"i": 227, "x": 10314.0, "y": 3044.0}, {"i": 228, "x": 10320.0, "y": 3478.0}, {"i": 229, "x": 10414.0, "y": 2354.0}, {"i": 230, "x": 10416.0, "y": 2930.0}, {"i": 231, "x": 10424.0, "y": 3062.0}, {"i": 232, "x": 10444.0, "y": 4856.0}, {"i": 233, "x": 10446.0, "y": 2662.0}, {"i": 234, "x": 10448.0, "y": 3374.0}, {"i": 235, "x": 10466.0, "y": 3386.0}, {"i": 236, "x": 10490.0, "y": 4492.0}, {"i": 237, "x": 10496.0, "y": 6352.0}, {"i": 238, "x": 10532.0, "y": 4250.0}, {"i": 239, "x": 10546.0, "y": 3446.0}, {"i": 240, "x": 10612.0, "y": 4576.0}, {"i": 241, "x": 10620.0, "y": 5064.0}, {"i": 242, "x": 10622.0, "y": 4634.0}, {"i": 243, "x": 10636.0, "y": 5282.0}, {"i": 244, "x": 10638.0, "y": 4022.0}, {"i": 245, "x": 10646.0, "y": 6166.0}, {"i": 246, "x": 10670.0, "y": 6254.0}, {"i": 247, "x": 10678.0, "y": 4650.0}, {"i": 248, "x": 10680.0, "y": 4138.0}, {"i": 249, "x": 10680.0, "y": 6232.0}, {"i": 250, "x": 10684.0, "y": 4712.0}, {"i": 251, "x": 10690.0, "y": 5392.0}, {"i": 252, "x": 10720.0, "y": 6836.0}, {"i": 253, "x": 10754.0, "y": 6230.0}, {"i": 254, "x": 10760.0, "y": 4480.0}, {"i": 255, "x": 10772.0, "y": 6534.0}, {"i": 256, "x": 10776.0, "y": 6034.0}, {"i": 257, "x": 10776.0, "y": 6084.0}, {"i": 258, "x": 10790.0, "y": 2934.0}, {"i": 259, "x": 10802.0, "y": 6006.0}, {"i": 260, "x": 10834.0, "y": 6448.0}, {"i": 261, "x": 10864.0, "y": 4880.0}, {"i": 262, "x": 10868.0, "y": 6734.0}, {"i": 263, "x": 10906.0, "y": 6012.0}, {"i": 264, "x": 10914.0, "y": 3542.0}, {"i": 265, "x": 10914.0, "y": 6034.0}, {"i": 266, "x": 10916.0, "y": 3502.0}, {"i": 267, "x": 10944.0, "y": 4946.0}, {"i": 268, "x": 10954.0, "y": 4750.0}, {"i": 269, "x": 10962.0, "y": 4522.0}, {"i": 270, "x": 10994.0, "y": 4534.0}, {"i": 271, "x": 11016.0, "y": 6034.0}, {"i": 272, "x": 11050.0, "y": 4504.0}, {"i": 273, "x": 11056.0, "y": 4376.0}, {"i": 274, "x": 11070.0, "y": 4902.0}, {"i": 275, "x": 11122.0, "y": 4336.0}, {"i": 276, "x": 11126.0, "y": 5414.0}, {"i": 277, "x": 11134.0, "y": 4402.0}, {"i": 278, "x": 11154.0, "y": 2956.0}, {"i": 279, "x": 11172.0, "y": 4936.0}, {"i": 280, "x": 11176.0, "y": 4418.0}, {"i": 281, "x": 11182.0, "y": 4404.0}, {"i": 282, "x": 11236.0, "y": 3414.0}, {"i": 283, "x": 11270.0, "y": 4996.0}, {"i": 284, "x": 11286.0, "y": 6226.0}, {"i": 285, "x": 11302.0, "y": 3864.0}, {"i": 286, "x": 11302.0, "y": 5398.0}, {"i": 287, "x": 11310.0, "y": 3274.0}, {"i": 288, "x": 11342.0, "y": 6482.0}, {"i": 289, "x": 11392.0, "y": 2644.0}, {"i": 290, "x": 11406.0, "y": 5444.0}, {"i": 291, "x": 11420.0, "y": 6442.0}, {"i": 292, "x": 11442.0, "y": 2954.0}, {"i": 293, "x": 11452.0, "y": 5970.0}, {"i": 294, "x": 11460.0, "y": 4278.0}, {"i": 295, "x": 11460.0, "y": 6036.0}, {"i": 296, "x": 11512.0, "y": 4658.0}, {"i": 297, "x": 11512.0, "y": 6210.0}, {"i": 298, "x": 11542.0, "y": 3314.0}, {"i": 299, "x": 11576.0, "y": 5546.0}, {"i": 300, "x": 11626.0, "y": 5906.0}, {"i": 301, "x": 11674.0, "y": 4076.0}, {"i": 302, "x": 11690.0, "y": 3676.0}, {"i": 303, "x": 11724.0, "y": 5162.0}, {"i": 304, "x": 11728.0, "y": 4002.0}, {"i": 305, "x": 11730.0, "y": 2478.0}, {"i": 306, "x": 11736.0, "y": 3390.0}, {"i": 307, "x": 11742.0, "y": 3732.0}, {"i": 308, "x": 11836.0, "y": 3648.0}, {"i": 309, "x": 11866.0, "y": 5250.0}, {"i": 310, "x": 11866.0, "y": 5256.0}, {"i": 311, "x": 11882.0, "y": 3690.0}, {"i": 312, "x": 11888.0, "y": 4762.0}, {"i": 313, "x": 11922.0, "y": 3594.0}, {"i": 314, "x": 11964.0, "y": 6516.0}, {"i": 315, "x": 11970.0, "y": 4324.0}, {"i": 316, "x": 11980.0, "y": 2990.0}, {"i": 317, "x": 11982.0, "y": 4386.0}, {"i": 318, "x": 11984.0, "y": 5444.0}, {"i": 319, "x": 11986.0, "y": 6590.0}, {"i": 320, "x": 12014.0, "y": 4086.0}, {"i": 321, "x": 12044.0, "y": 4644.0}, {"i": 322, "x": 12060.0, "y": 4910.0}, {"i": 323, "x": 12064.0, "y": 3586.0}, {"i": 324, "x": 12074.0, "y": 2916.0}, {"i": 325, "x": 12082.0, "y": 6048.0}, {"i": 326, "x": 12092.0, "y": 6302.0}, {"i": 327, "x": 12098.0, "y": 6518.0}, {"i": 328, "x": 12106.0, "y": 6216.0}, {"i": 329, "x": 12166.0, "y": 4290.0}, {"i": 330, "x": 12226.0, "y": 3922.0}, {"i": 331, "x": 12270.0, "y": 4618.0}, {"i": 332, "x": 12298.0, "y": 5528.0}, {"i": 333, "x": 12316.0, "y": 2680.0}, {"i": 334, "x": 12324.0, "y": 5178.0}, {"i": 335, "x": 12354.0, "y": 5984.0}, {"i": 336, "x": 12390.0, "y": 4762.0}, {"i": 337, "x": 12398.0, "y": 1870.0}, {"i": 338, "x": 12398.0, "y": 5602.0}, {"i": 339, "x": 12406.0, "y": 2626.0}, {"i": 340, "x": 12414.0, "y": 1944.0}, {"i": 341, "x": 12424.0, "y": 4544.0}, {"i": 342, "x": 12446.0, "y": 4832.0}, {"i": 343, "x": 12496.0, "y": 1678.0}, {"i": 344, "x": 12498.0, "y": 3732.0}, {"i": 345, "x": 12516.0, "y": 3978.0}, {"i": 346, "x": 12534.0, "y": 1672.0}, {"i": 347, "x": 12542.0, "y": 4876.0}, {"i": 348, "x": 12544.0, "y": 2028.0}, {"i": 349, "x": 12556.0, "y": 4510.0}, {"i": 350, "x": 12570.0, "y": 5184.0}, {"i": 351, "x": 12576.0, "y": 5084.0}, {"i": 352, "x": 12596.0, "y": 4906.0}, {"i": 353, "x": 12642.0, "y": 1550.0}, {"i": 354, "x": 12644.0, "y": 5874.0}, {"i": 355, "x": 12644.0, "y": 5876.0}, {"i": 356, "x": 12660.0, "y": 4692.0}, {"i": 357, "x": 12664.0, "y": 4932.0}, {"i": 358, "x": 12670.0, "y": 3498.0}, {"i": 359, "x": 12670.0, "y": 5936.0}, {"i": 360, "x": 12692.0, "y": 6682.0}, {"i": 361, "x": 12704.0, "y": 5052.0}, {"i": 362, "x": 12712.0, "y": 3094.0}, {"i": 363, "x": 12720.0, "y": 3112.0}, {"i": 364, "x": 12724.0, "y": 5364.0}, {"i": 365, "x": 12728.0, "y": 5810.0}, {"i": 366, "x": 12740.0, "y": 4180.0}, {"i": 367, "x": 12756.0, "y": 5788.0}, {"i": 368, "x": 12766.0, "y": 5400.0}, {"i": 369, "x": 12790.0, "y": 2142.0}, {"i": 370, "x": 12794.0, "y": 6458.0}, {"i": 371, "x": 12802.0, "y": 3764.0}, {"i": 372, "x": 12814.0, "y": 3220.0}, {"i": 373, "x": 12830.0, "y": 2428.0}, {"i": 374, "x": 12838.0, "y": 2438.0}, {"i": 375, "x": 12848.0, "y": 5888.0}, {"i": 376, "x": 12860.0, "y": 4094.0}, {"i": 377, "x": 12874.0, "y": 7516.0}, {"i": 378, "x": 12898.0, "y": 3810.0}, {"i": 379, "x": 12924.0, "y": 1586.0}, {"i": 380, "x": 12926.0, "y": 5144.0}, {"i": 381, "x": 12938.0, "y": 242.0}, {"i": 382, "x": 12940.0, "y": 2126.0}, {"i": 383, "x": 12942.0, "y": 5464.0}, {"i": 384, "x": 12970.0, "y": 4186.0}, {"i": 385, "x": 12990.0, "y": 5722.0}, {"i": 386, "x": 12998.0, "y": 8190.0}, {"i": 387, "x": 12998.0, "y": 8940.0}, {"i": 388, "x": 13000.0, "y": 5910.0}, {"i": 389, "x": 13028.0, "y": 5856.0}, {"i": 390, "x": 13046.0, "y": 5586.0}, {"i": 391, "x": 13058.0, "y": 4068.0}, {"i": 392, "x": 13058.0, "y": 4370.0}, {"i": 393, "x": 13078.0, "y": 3750.0}, {"i": 394, "x": 13080.0, "y": 1866.0}, {"i": 395, "x": 13082.0, "y": 1794.0}, {"i": 396, "x": 13090.0, "y": 5886.0}, {"i": 397, "x": 13118.0, "y": 1580.0}, {"i": 398, "x": 13126.0, "y": 5922.0}, {"i": 399, "x": 13128.0, "y": 6170.0}, {"i": 400, "x": 13168.0, "y": 6882.0}, {"i": 401, "x": 13184.0, "y": 8000.0}, {"i": 402, "x": 13196.0, "y": 3960.0}, {"i": 403, "x": 13204.0, "y": 4568.0}, {"i": 404, "x": 13218.0, "y": 6550.0}, {"i": 405, "x": 13220.0, "y": 5970.0}, {"i": 406, "x": 13260.0, "y": 3812.0}, {"i": 407, "x": 13282.0, "y": 5710.0}, {"i": 408, "x": 13292.0, "y": 6598.0}, {"i": 409, "x": 13294.0, "y": 4002.0}, {"i": 410, "x": 13304.0, "y": 4406.0}, {"i": 411, "x": 13334.0, "y": 4762.0}, {"i": 412, "x": 13350.0, "y": 4444.0}, {"i": 413, "x": 13356.0, "y": 6656.0}, {"i": 414, "x": 13390.0, "y": 4380.0}, {"i": 415, "x": 13394.0, "y": 5668.0}, {"i": 416, "x": 13396.0, "y": 4558.0}, {"i": 417, "x": 13428.0, "y": 4768.0}, {"i": 418, "x": 13438.0, "y": 5748.0}, {"i": 419, "x": 13474.0, "y": 3706.0}, {"i": 420, "x": 13552.0, "y": 3924.0}, {"i": 421, "x": 13568.0, "y": 4306.0}, {"i": 422, "x": 13638.0, "y": 4128.0}, {"i": 423, "x": 13660.0, "y": 4258.0}, {"i": 424, "x": 13712.0, "y": 3758.0}, {"i": 425, "x": 13788.0, "y": 6526.0}, {"i": 426, "x": 13800.0, "y": 4598.0}, {"i": 427, "x": 13828.0, "y": 4862.0}, {"i": 428, "x": 13830.0, "y": 4154.0}, {"i": 429, "x": 13836.0, "y": 4352.0}, {"i": 430, "x": 13842.0, "y": 4100.0}, {"i": 431, "x": 13854.0, "y": 4798.0}, {"i": 432, "x": 13856.0, "y": 4592.0}, {"i": 433, "x": 13866.0, "y": 4356.0}, {"i": 434, "x": 13868.0, "y": 4492.0}, {"i": 435, "x": 13952.0, "y": 4870.0}, {"i": 436, "x": 13972.0, "y": 5274.0}, {"i": 437, "x": 13974.0, "y": 4800.0}, {"i": 438, "x": 13984.0, "y": 5236.0}, {"i": 439, "x": 13994.0, "y": 4232.0}, {"i": 440, "x": 14006.0, "y": 4704.0}, {"i": 441, "x": 14008.0, "y": 5320.0}, {"i": 442, "x": 14042.0, "y": 5370.0}, {"i": 443, "x": 14044.0, "y": 5184.0}, {"i": 444, "x": 14072.0, "y": 5254.0}, {"i": 445, "x": 14080.0, "y": 1522.0}, {"i": 446, "x": 14144.0, "y": 5602.0}, {"i": 447, "x": 14146.0, "y": 5536.0}, {"i": 448, "x": 14186.0, "y": 5396.0}, {"i": 449, "x": 14264.0, "y": 4602.0}, {"i": 450, "x": 14276.0, "y": 4598.0}, {"i": 451, "x": 14310.0, "y": 5486.0}, {"i": 452, "x": 14338.0, "y": 4446.0}, {"i": 453, "x": 14342.0, "y": 6492.0}, {"i": 454, "x": 14362.0, "y": 9214.0}, {"i": 455, "x": 14432.0, "y": 5674.0}, {"i": 456, "x": 14462.0, "y": 5468.0}, {"i": 457, "x": 14496.0, "y": 5984.0}, {"i": 458, "x": 14510.0, "y": 5304.0}, {"i": 459, "x": 14530.0, "y": 5236.0}, {"i": 460, "x": 14538.0, "y": 5738.0}, {"i": 461, "x": 14552.0, "y": 4910.0}, {"i": 462, "x": 14554.0, "y": 5466.0}, {"i": 463, "x": 14562.0, "y": 5982.0}, {"i": 464, "x": 14576.0, "y": 5776.0}, {"i": 465, "x": 14580.0, "y": 5974.0}, {"i": 466, "x": 14668.0, "y": 5170.0}, {"i": 467, "x": 14674.0, "y": 5064.0}, {"i": 468, "x": 14682.0, "y": 6088.0}, {"i": 469, "x": 14684.0, "y": 5758.0}, {"i": 470, "x": 14784.0, "y": 5836.0}, {"i": 471, "x": 14848.0, "y": 5762.0}, {"i": 472, "x": 14910.0, "y": 5954.0}, {"i": 473, "x": 14914.0, "y": 5488.0}, {"i": 474, "x": 14930.0, "y": 5666.0}, {"i": 475, "x": 15002.0, "y": 5920.0}, {"i": 476, "x": 15046.0, "y": 5776.0}, {"i": 477, "x": 15050.0, "y": 6354.0}, {"i": 478, "x": 15054.0, "y": 7444.0}, {"i": 479, "x": 15078.0, "y": 7218.0}, {"i": 480, "x": 15176.0, "y": 7146.0}, {"i": 481, "x": 15188.0, "y": 7322.0}, {"i": 482, "x": 15216.0, "y": 7332.0}, {"i": 483, "x": 15238.0, "y": 6004.0}, {"i": 484, "x": 15272.0, "y": 5986.0}, {"i": 485, "x": 15364.0, "y": 7184.0}, {"i": 486, "x": 15416.0, "y": 6018.0}, {"i": 487, "x": 15462.0, "y": 6130.0}, {"i": 488, "x": 15466.0, "y": 7484.0}, {"i": 489, "x": 15500.0, "y": 7518.0}, {"i": 490, "x": 15538.0, "y": 8116.0}, {"i": 491, "x": 15596.0, "y": 7382.0}, {"i": 492, "x": 15604.0, "y": 7144.0}, {"i": 493, "x": 15714.0, "y": 6168.0}, {"i": 494, "x": 15792.0, "y": 8124.0}, {"i": 495, "x": 15838.0, "y": 6064.0}, {"i": 496, "x": 15926.0, "y": 6268.0}, {"i": 497, "x": 15974.0, "y": 6166.0}, {"i": 498, "x": 16616.0, "y": 7062.0}, {"i": 499, "x": 16992.0, "y": 8086.0}], "type": "Instance", "name": "us-night-0000500", "meta": {"comment": "HIP even point set instance (500 points) sampled from image ", "faces_in_delaunay": 985}}