{"points": [{"i": 0, "x": 278.0, "y": 8258.0}, {"i": 1, "x": 414.0, "y": 7220.0}, {"i": 2, "x": 466.0, "y": 5042.0}, {"i": 3, "x": 500.0, "y": 4932.0}, {"i": 4, "x": 560.0, "y": 7944.0}, {"i": 5, "x": 566.0, "y": 7926.0}, {"i": 6, "x": 658.0, "y": 6230.0}, {"i": 7, "x": 880.0, "y": 5146.0}, {"i": 8, "x": 1076.0, "y": 4026.0}, {"i": 9, "x": 1246.0, "y": 5418.0}, {"i": 10, "x": 1262.0, "y": 4514.0}, {"i": 11, "x": 1266.0, "y": 4628.0}, {"i": 12, "x": 1450.0, "y": 4294.0}, {"i": 13, "x": 1666.0, "y": 3726.0}, {"i": 14, "x": 1806.0, "y": 3702.0}, {"i": 15, "x": 2082.0, "y": 3322.0}, {"i": 16, "x": 2214.0, "y": 5608.0}, {"i": 17, "x": 2372.0, "y": 4136.0}, {"i": 18, "x": 2572.0, "y": 9488.0}, {"i": 19, "x": 2578.0, "y": 4382.0}, {"i": 20, "x": 2642.0, "y": 4340.0}, {"i": 21, "x": 2962.0, "y": 7858.0}, {"i": 22, "x": 3042.0, "y": 8830.0}, {"i": 23, "x": 3084.0, "y": 3378.0}, {"i": 24, "x": 3176.0, "y": 8862.0}, {"i": 25, "x": 3612.0, "y": 5862.0}, {"i": 26, "x": 3628.0, "y": 5772.0}, {"i": 27, "x": 3634.0, "y": 5114.0}, {"i": 28, "x": 3724.0, "y": 3522.0}, {"i": 29, "x": 4244.0, "y": 5652.0}, {"i": 30, "x": 4846.0, "y": 2402.0}, {"i": 31, "x": 4870.0, "y": 3226.0}, {"i": 32, "x": 5156.0, "y": 2532.0}, {"i": 33, "x": 5238.0, "y": 3078.0}, {"i": 34, "x": 5518.0, "y": 4476.0}, {"i": 35, "x": 6260.0, "y": 8078.0}, {"i": 36, "x": 6276.0, "y": 3288.0}, {"i": 37, "x": 6280.0, "y": 698.0}, {"i": 38, "x": 6386.0, "y": 9142.0}, {"i": 39, "x": 6398.0, "y": 7888.0}, {"i": 40, "x": 6476.0, "y": 3952.0}, {"i": 41, "x": 6490.0, "y": 8058.0}, {"i": 42, "x": 6532.0, "y": 8266.0}, {"i": 43, "x": 6692.0, "y": 8394.0}, {"i": 44, "x": 6942.0, "y": 210.0}, {"i": 45, "x": 6970.0, "y": 5876.0}, {"i": 46, "x": 7074.0, "y": 4198.0}, {"i": 47, "x": 7226.0, "y": 4690.0}, {"i": 48, "x": 7378.0, "y": 1788.0}, {"i": 49, "x": 7434.0, "y": 2852.0}, {"i": 50, "x": 7638.0, "y": 2092.0}, {"i": 51, "x": 7656.0, "y": 3990.0}, {"i": 52, "x": 7660.0, "y": 3958.0}, {"i": 53, "x": 7698.0, "y": 4250.0}, {"i": 54, "x": 7740.0, "y": 3700.0}, {"i": 55, "x": 7860.0, "y": 3370.0}, {"i": 56, "x": 7990.0, "y": 3484.0}, {"i": 57, "x": 8116.0, "y": 4180.0}, {"i": 58, "x": 8212.0, "y": 3252.0}, {"i": 59, "x": 8406.0, "y": 4434.0}, {"i": 60, "x": 8438.0, "y": 5082.0}, {"i": 61, "x": 8440.0, "y": 2492.0}, {"i": 62, "x": 8564.0, "y": 2678.0}, {"i": 63, "x": 8646.0, "y": 2642.0}, {"i": 64, "x": 8680.0, "y": 2298.0}, {"i": 65, "x": 8698.0, "y": 3466.0}, {"i": 66, "x": 8702.0, "y": 4332.0}, {"i": 67, "x": 8762.0, "y": 5464.0}, {"i": 68, "x": 8796.0, "y": 5326.0}, {"i": 69, "x": 8840.0, "y": 7606.0}, {"i": 70, "x": 8860.0, "y": 4170.0}, {"i": 71, "x": 8916.0, "y": 7232.0}, {"i": 72, "x": 8952.0, "y": 4432.0}, {"i": 73, "x": 9026.0, "y": 2614.0}, {"i": 74, "x": 9160.0, "y": 7068.0}, {"i": 75, "x": 9240.0, "y": 8750.0}, {"i": 76, "x": 9316.0, "y": 6660.0}, {"i": 77, "x": 9372.0, "y": 5244.0}, {"i": 78, "x": 9380.0, "y": 4964.0}, {"i": 79, "x": 9518.0, "y": 7574.0}, {"i": 80, "x": 9524.0, "y": 6886.0}, {"i": 81, "x": 9544.0, "y": 7176.0}, {"i": 82, "x": 9544.0, "y": 7572.0}, {"i": 83, "x": 9718.0, "y": 6076.0}, {"i": 84, "x": 9860.0, "y": 5034.0}, {"i": 85, "x": 9984.0, "y": 2474.0}, {"i": 86, "x": 10016.0, "y": 4300.0}, {"i": 87, "x": 10112.0, "y": 3214.0}, {"i": 88, "x": 10118.0, "y": 5474.0}, {"i": 89, "x": 10186.0, "y": 3964.0}, {"i": 90, "x": 10208.0, "y": 4598.0}, {"i": 91, "x": 10230.0, "y": 7354.0}, {"i": 92, "x": 10284.0, "y": 4050.0}, {"i": 93, "x": 10294.0, "y": 5798.0}, {"i": 94, "x": 10406.0, "y": 6390.0}, {"i": 95, "x": 10464.0, "y": 3324.0}, {"i": 96, "x": 10474.0, "y": 5118.0}, {"i": 97, "x": 10580.0, "y": 3290.0}, {"i": 98, "x": 10642.0, "y": 6484.0}, {"i": 99, "x": 10648.0, "y": 7148.0}, {"i": 100, "x": 10676.0, "y": 6138.0}, {"i": 101, "x": 10684.0, "y": 6520.0}, {"i": 102, "x": 10734.0, "y": 5172.0}, {"i": 103, "x": 10782.0, "y": 6198.0}, {"i": 104, "x": 10842.0, "y": 2742.0}, {"i": 105, "x": 10844.0, "y": 3660.0}, {"i": 106, "x": 10866.0, "y": 6106.0}, {"i": 107, "x": 11000.0, "y": 6058.0}, {"i": 108, "x": 11016.0, "y": 5980.0}, {"i": 109, "x": 11068.0, "y": 5254.0}, {"i": 110, "x": 11082.0, "y": 4252.0}, {"i": 111, "x": 11138.0, "y": 3586.0}, {"i": 112, "x": 11210.0, "y": 5464.0}, {"i": 113, "x": 11218.0, "y": 3114.0}, {"i": 114, "x": 11246.0, "y": 5538.0}, {"i": 115, "x": 11272.0, "y": 4386.0}, {"i": 116, "x": 11320.0, "y": 3316.0}, {"i": 117, "x": 11348.0, "y": 6044.0}, {"i": 118, "x": 11394.0, "y": 5492.0}, {"i": 119, "x": 11404.0, "y": 5542.0}, {"i": 120, "x": 11610.0, "y": 4474.0}, {"i": 121, "x": 11738.0, "y": 6506.0}, {"i": 122, "x": 11744.0, "y": 3692.0}, {"i": 123, "x": 11820.0, "y": 5328.0}, {"i": 124, "x": 11864.0, "y": 7276.0}, {"i": 125, "x": 11890.0, "y": 4970.0}, {"i": 126, "x": 11894.0, "y": 3704.0}, {"i": 127, "x": 11920.0, "y": 3632.0}, {"i": 128, "x": 11938.0, "y": 6658.0}, {"i": 129, "x": 12012.0, "y": 4638.0}, {"i": 130, "x": 12046.0, "y": 6548.0}, {"i": 131, "x": 12052.0, "y": 3742.0}, {"i": 132, "x": 12072.0, "y": 6290.0}, {"i": 133, "x": 12074.0, "y": 2904.0}, {"i": 134, "x": 12100.0, "y": 6112.0}, {"i": 135, "x": 12126.0, "y": 6132.0}, {"i": 136, "x": 12146.0, "y": 2994.0}, {"i": 137, "x": 12162.0, "y": 2920.0}, {"i": 138, "x": 12182.0, "y": 4702.0}, {"i": 139, "x": 12194.0, "y": 6230.0}, {"i": 140, "x": 12204.0, "y": 3754.0}, {"i": 141, "x": 12206.0, "y": 6442.0}, {"i": 142, "x": 12230.0, "y": 3490.0}, {"i": 143, "x": 12248.0, "y": 6266.0}, {"i": 144, "x": 12304.0, "y": 6362.0}, {"i": 145, "x": 12378.0, "y": 5994.0}, {"i": 146, "x": 12414.0, "y": 5122.0}, {"i": 147, "x": 12416.0, "y": 4218.0}, {"i": 148, "x": 12450.0, "y": 4522.0}, {"i": 149, "x": 12458.0, "y": 5594.0}, {"i": 150, "x": 12464.0, "y": 406.0}, {"i": 151, "x": 12612.0, "y": 5520.0}, {"i": 152, "x": 12628.0, "y": 2924.0}, {"i": 153, "x": 12642.0, "y": 2590.0}, {"i": 154, "x": 12690.0, "y": 6018.0}, {"i": 155, "x": 12700.0, "y": 2702.0}, {"i": 156, "x": 12744.0, "y": 4946.0}, {"i": 157, "x": 12768.0, "y": 5784.0}, {"i": 158, "x": 12778.0, "y": 2080.0}, {"i": 159, "x": 12796.0, "y": 2506.0}, {"i": 160, "x": 12892.0, "y": 3766.0}, {"i": 161, "x": 12970.0, "y": 4150.0}, {"i": 162, "x": 13002.0, "y": 4092.0}, {"i": 163, "x": 13018.0, "y": 4210.0}, {"i": 164, "x": 13020.0, "y": 4518.0}, {"i": 165, "x": 13054.0, "y": 1076.0}, {"i": 166, "x": 13080.0, "y": 1830.0}, {"i": 167, "x": 13088.0, "y": 3482.0}, {"i": 168, "x": 13090.0, "y": 6508.0}, {"i": 169, "x": 13102.0, "y": 1426.0}, {"i": 170, "x": 13106.0, "y": 1310.0}, {"i": 171, "x": 13294.0, "y": 6584.0}, {"i": 172, "x": 13296.0, "y": 3786.0}, {"i": 173, "x": 13532.0, "y": 4110.0}, {"i": 174, "x": 13614.0, "y": 6468.0}, {"i": 175, "x": 13984.0, "y": 4758.0}, {"i": 176, "x": 14066.0, "y": 5558.0}, {"i": 177, "x": 14108.0, "y": 5624.0}, {"i": 178, "x": 14112.0, "y": 5114.0}, {"i": 179, "x": 14118.0, "y": 6444.0}, {"i": 180, "x": 14130.0, "y": 4034.0}, {"i": 181, "x": 14318.0, "y": 5544.0}, {"i": 182, "x": 14376.0, "y": 6830.0}, {"i": 183, "x": 14610.0, "y": 5674.0}, {"i": 184, "x": 14664.0, "y": 5388.0}, {"i": 185, "x": 14930.0, "y": 5460.0}, {"i": 186, "x": 14986.0, "y": 5772.0}, {"i": 187, "x": 15076.0, "y": 6266.0}, {"i": 188, "x": 15076.0, "y": 7370.0}, {"i": 189, "x": 15086.0, "y": 6092.0}, {"i": 190, "x": 15370.0, "y": 6016.0}, {"i": 191, "x": 15604.0, "y": 6000.0}, {"i": 192, "x": 15640.0, "y": 6218.0}, {"i": 193, "x": 15714.0, "y": 6178.0}, {"i": 194, "x": 15768.0, "y": 6288.0}, {"i": 195, "x": 15780.0, "y": 6234.0}, {"i": 196, "x": 15854.0, "y": 6122.0}, {"i": 197, "x": 15932.0, "y": 6320.0}, {"i": 198, "x": 16016.0, "y": 5992.0}, {"i": 199, "x": 16026.0, "y": 6036.0}], "type": "Instance", "name": "us-night-0000200", "meta": {"comment": "HIP even point set instance (200 points) sampled from image ", "faces_in_delaunay": 383}}