{"points": [{"i": 0, "x": 184.0, "y": 6506.0}, {"i": 1, "x": 450.0, "y": 8168.0}, {"i": 2, "x": 612.0, "y": 4784.0}, {"i": 3, "x": 856.0, "y": 5168.0}, {"i": 4, "x": 1010.0, "y": 7540.0}, {"i": 5, "x": 1044.0, "y": 8396.0}, {"i": 6, "x": 1482.0, "y": 4374.0}, {"i": 7, "x": 2450.0, "y": 9544.0}, {"i": 8, "x": 3010.0, "y": 9252.0}, {"i": 9, "x": 3574.0, "y": 5656.0}, {"i": 10, "x": 3604.0, "y": 5746.0}, {"i": 11, "x": 5174.0, "y": 9200.0}, {"i": 12, "x": 5680.0, "y": 5606.0}, {"i": 13, "x": 6188.0, "y": 7956.0}, {"i": 14, "x": 6194.0, "y": 6070.0}, {"i": 15, "x": 6584.0, "y": 4362.0}, {"i": 16, "x": 7022.0, "y": 622.0}, {"i": 17, "x": 7654.0, "y": 3934.0}, {"i": 18, "x": 7992.0, "y": 4106.0}, {"i": 19, "x": 7992.0, "y": 8602.0}, {"i": 20, "x": 8156.0, "y": 3868.0}, {"i": 21, "x": 8464.0, "y": 6454.0}, {"i": 22, "x": 9262.0, "y": 3904.0}, {"i": 23, "x": 9444.0, "y": 6756.0}, {"i": 24, "x": 9566.0, "y": 7574.0}, {"i": 25, "x": 9670.0, "y": 4234.0}, {"i": 26, "x": 9916.0, "y": 4396.0}, {"i": 27, "x": 9970.0, "y": 2480.0}, {"i": 28, "x": 10608.0, "y": 3910.0}, {"i": 29, "x": 10762.0, "y": 4248.0}, {"i": 30, "x": 11154.0, "y": 3540.0}, {"i": 31, "x": 11194.0, "y": 4512.0}, {"i": 32, "x": 11290.0, "y": 3260.0}, {"i": 33, "x": 11502.0, "y": 5714.0}, {"i": 34, "x": 11566.0, "y": 5616.0}, {"i": 35, "x": 11842.0, "y": 4238.0}, {"i": 36, "x": 11880.0, "y": 6252.0}, {"i": 37, "x": 11948.0, "y": 5432.0}, {"i": 38, "x": 12210.0, "y": 6272.0}, {"i": 39, "x": 12492.0, "y": 5096.0}, {"i": 40, "x": 12502.0, "y": 1894.0}, {"i": 41, "x": 12700.0, "y": 5492.0}, {"i": 42, "x": 12962.0, "y": 6370.0}, {"i": 43, "x": 13098.0, "y": 6594.0}, {"i": 44, "x": 13262.0, "y": 5704.0}, {"i": 45, "x": 13320.0, "y": 4716.0}, {"i": 46, "x": 13618.0, "y": 4322.0}, {"i": 47, "x": 13662.0, "y": 4456.0}, {"i": 48, "x": 13960.0, "y": 5034.0}, {"i": 49, "x": 14000.0, "y": 4716.0}, {"i": 50, "x": 14300.0, "y": 5604.0}, {"i": 51, "x": 14728.0, "y": 5514.0}, {"i": 52, "x": 15036.0, "y": 5760.0}, {"i": 53, "x": 15130.0, "y": 5782.0}, {"i": 54, "x": 15262.0, "y": 7198.0}, {"i": 55, "x": 15878.0, "y": 7598.0}, {"i": 56, "x": 15930.0, "y": 7236.0}, {"i": 57, "x": 15938.0, "y": 7626.0}, {"i": 58, "x": 16130.0, "y": 6782.0}, {"i": 59, "x": 16946.0, "y": 7440.0}], "type": "Instance", "name": "us-night-0000060", "meta": {"comment": "HIP even point set instance (60 points) sampled from image ", "faces_in_delaunay": 109}}