{"points": [{"i": 0, "x": 246.0, "y": 6874.0}, {"i": 1, "x": 252.0, "y": 6286.0}, {"i": 2, "x": 286.0, "y": 8344.0}, {"i": 3, "x": 336.0, "y": 7180.0}, {"i": 4, "x": 356.0, "y": 5768.0}, {"i": 5, "x": 368.0, "y": 8274.0}, {"i": 6, "x": 456.0, "y": 4832.0}, {"i": 7, "x": 464.0, "y": 7202.0}, {"i": 8, "x": 528.0, "y": 7948.0}, {"i": 9, "x": 570.0, "y": 7916.0}, {"i": 10, "x": 610.0, "y": 5082.0}, {"i": 11, "x": 618.0, "y": 4878.0}, {"i": 12, "x": 628.0, "y": 5030.0}, {"i": 13, "x": 630.0, "y": 4752.0}, {"i": 14, "x": 670.0, "y": 4856.0}, {"i": 15, "x": 708.0, "y": 4916.0}, {"i": 16, "x": 720.0, "y": 7216.0}, {"i": 17, "x": 790.0, "y": 6778.0}, {"i": 18, "x": 814.0, "y": 5172.0}, {"i": 19, "x": 858.0, "y": 5230.0}, {"i": 20, "x": 878.0, "y": 5170.0}, {"i": 21, "x": 1002.0, "y": 4766.0}, {"i": 22, "x": 1008.0, "y": 4768.0}, {"i": 23, "x": 1068.0, "y": 4034.0}, {"i": 24, "x": 1074.0, "y": 7538.0}, {"i": 25, "x": 1268.0, "y": 5414.0}, {"i": 26, "x": 1284.0, "y": 5376.0}, {"i": 27, "x": 1746.0, "y": 3696.0}, {"i": 28, "x": 1798.0, "y": 3710.0}, {"i": 29, "x": 1824.0, "y": 3662.0}, {"i": 30, "x": 1928.0, "y": 3588.0}, {"i": 31, "x": 1982.0, "y": 7836.0}, {"i": 32, "x": 1986.0, "y": 3890.0}, {"i": 33, "x": 2002.0, "y": 3804.0}, {"i": 34, "x": 2026.0, "y": 3682.0}, {"i": 35, "x": 2056.0, "y": 3370.0}, {"i": 36, "x": 2076.0, "y": 3600.0}, {"i": 37, "x": 2302.0, "y": 5832.0}, {"i": 38, "x": 2316.0, "y": 6658.0}, {"i": 39, "x": 2346.0, "y": 8258.0}, {"i": 40, "x": 2598.0, "y": 4420.0}, {"i": 41, "x": 2694.0, "y": 9524.0}, {"i": 42, "x": 2980.0, "y": 7638.0}, {"i": 43, "x": 3084.0, "y": 9546.0}, {"i": 44, "x": 3096.0, "y": 9454.0}, {"i": 45, "x": 3134.0, "y": 4676.0}, {"i": 46, "x": 3308.0, "y": 9334.0}, {"i": 47, "x": 3574.0, "y": 5794.0}, {"i": 48, "x": 3576.0, "y": 6602.0}, {"i": 49, "x": 3620.0, "y": 5930.0}, {"i": 50, "x": 3622.0, "y": 3584.0}, {"i": 51, "x": 3624.0, "y": 3652.0}, {"i": 52, "x": 3634.0, "y": 5822.0}, {"i": 53, "x": 3962.0, "y": 8580.0}, {"i": 54, "x": 4016.0, "y": 8572.0}, {"i": 55, "x": 4106.0, "y": 4510.0}, {"i": 56, "x": 4292.0, "y": 3444.0}, {"i": 57, "x": 4302.0, "y": 9154.0}, {"i": 58, "x": 4314.0, "y": 4420.0}, {"i": 59, "x": 4606.0, "y": 7284.0}, {"i": 60, "x": 4636.0, "y": 6052.0}, {"i": 61, "x": 4710.0, "y": 9384.0}, {"i": 62, "x": 4822.0, "y": 1204.0}, {"i": 63, "x": 5074.0, "y": 9164.0}, {"i": 64, "x": 5180.0, "y": 9178.0}, {"i": 65, "x": 5188.0, "y": 4136.0}, {"i": 66, "x": 5236.0, "y": 9186.0}, {"i": 67, "x": 5238.0, "y": 9198.0}, {"i": 68, "x": 5450.0, "y": 9432.0}, {"i": 69, "x": 5672.0, "y": 5542.0}, {"i": 70, "x": 5684.0, "y": 5720.0}, {"i": 71, "x": 5736.0, "y": 5428.0}, {"i": 72, "x": 5774.0, "y": 5666.0}, {"i": 73, "x": 5780.0, "y": 5238.0}, {"i": 74, "x": 5802.0, "y": 8738.0}, {"i": 75, "x": 5828.0, "y": 9412.0}, {"i": 76, "x": 5836.0, "y": 8740.0}, {"i": 77, "x": 6062.0, "y": 8788.0}, {"i": 78, "x": 6114.0, "y": 7932.0}, {"i": 79, "x": 6118.0, "y": 1228.0}, {"i": 80, "x": 6192.0, "y": 2018.0}, {"i": 81, "x": 6196.0, "y": 8036.0}, {"i": 82, "x": 6226.0, "y": 7998.0}, {"i": 83, "x": 6234.0, "y": 7662.0}, {"i": 84, "x": 6248.0, "y": 3380.0}, {"i": 85, "x": 6332.0, "y": 268.0}, {"i": 86, "x": 6396.0, "y": 6928.0}, {"i": 87, "x": 6432.0, "y": 4366.0}, {"i": 88, "x": 6458.0, "y": 8932.0}, {"i": 89, "x": 6494.0, "y": 4376.0}, {"i": 90, "x": 6508.0, "y": 270.0}, {"i": 91, "x": 6580.0, "y": 3164.0}, {"i": 92, "x": 6618.0, "y": 668.0}, {"i": 93, "x": 6710.0, "y": 4944.0}, {"i": 94, "x": 6750.0, "y": 4570.0}, {"i": 95, "x": 6886.0, "y": 1170.0}, {"i": 96, "x": 7206.0, "y": 4884.0}, {"i": 97, "x": 7206.0, "y": 8530.0}, {"i": 98, "x": 7308.0, "y": 6778.0}, {"i": 99, "x": 7322.0, "y": 8978.0}, {"i": 100, "x": 7400.0, "y": 2116.0}, {"i": 101, "x": 7494.0, "y": 1484.0}, {"i": 102, "x": 7570.0, "y": 2372.0}, {"i": 103, "x": 7616.0, "y": 4090.0}, {"i": 104, "x": 7632.0, "y": 2444.0}, {"i": 105, "x": 7684.0, "y": 5782.0}, {"i": 106, "x": 7688.0, "y": 5824.0}, {"i": 107, "x": 7714.0, "y": 1422.0}, {"i": 108, "x": 7720.0, "y": 2204.0}, {"i": 109, "x": 7802.0, "y": 6572.0}, {"i": 110, "x": 7850.0, "y": 2244.0}, {"i": 111, "x": 7854.0, "y": 4590.0}, {"i": 112, "x": 7900.0, "y": 7390.0}, {"i": 113, "x": 7918.0, "y": 5860.0}, {"i": 114, "x": 7952.0, "y": 3362.0}, {"i": 115, "x": 7992.0, "y": 4838.0}, {"i": 116, "x": 8010.0, "y": 3362.0}, {"i": 117, "x": 8036.0, "y": 2988.0}, {"i": 118, "x": 8068.0, "y": 8536.0}, {"i": 119, "x": 8080.0, "y": 4496.0}, {"i": 120, "x": 8080.0, "y": 8480.0}, {"i": 121, "x": 8204.0, "y": 3246.0}, {"i": 122, "x": 8206.0, "y": 3454.0}, {"i": 123, "x": 8218.0, "y": 7880.0}, {"i": 124, "x": 8230.0, "y": 5994.0}, {"i": 125, "x": 8286.0, "y": 5928.0}, {"i": 126, "x": 8306.0, "y": 2598.0}, {"i": 127, "x": 8360.0, "y": 5920.0}, {"i": 128, "x": 8386.0, "y": 2640.0}, {"i": 129, "x": 8400.0, "y": 5904.0}, {"i": 130, "x": 8402.0, "y": 4074.0}, {"i": 131, "x": 8406.0, "y": 5890.0}, {"i": 132, "x": 8530.0, "y": 2272.0}, {"i": 133, "x": 8638.0, "y": 5140.0}, {"i": 134, "x": 8646.0, "y": 2578.0}, {"i": 135, "x": 8664.0, "y": 2398.0}, {"i": 136, "x": 8664.0, "y": 4750.0}, {"i": 137, "x": 8664.0, "y": 7818.0}, {"i": 138, "x": 8712.0, "y": 5276.0}, {"i": 139, "x": 8720.0, "y": 5364.0}, {"i": 140, "x": 8734.0, "y": 4614.0}, {"i": 141, "x": 8760.0, "y": 7470.0}, {"i": 142, "x": 8790.0, "y": 7256.0}, {"i": 143, "x": 8838.0, "y": 6402.0}, {"i": 144, "x": 8842.0, "y": 6858.0}, {"i": 145, "x": 9010.0, "y": 5804.0}, {"i": 146, "x": 9014.0, "y": 2598.0}, {"i": 147, "x": 9024.0, "y": 2624.0}, {"i": 148, "x": 9034.0, "y": 2574.0}, {"i": 149, "x": 9048.0, "y": 7760.0}, {"i": 150, "x": 9074.0, "y": 5280.0}, {"i": 151, "x": 9078.0, "y": 3294.0}, {"i": 152, "x": 9094.0, "y": 6060.0}, {"i": 153, "x": 9122.0, "y": 7134.0}, {"i": 154, "x": 9130.0, "y": 6064.0}, {"i": 155, "x": 9134.0, "y": 4686.0}, {"i": 156, "x": 9208.0, "y": 4674.0}, {"i": 157, "x": 9242.0, "y": 4432.0}, {"i": 158, "x": 9304.0, "y": 3888.0}, {"i": 159, "x": 9362.0, "y": 4990.0}, {"i": 160, "x": 9402.0, "y": 3150.0}, {"i": 161, "x": 9464.0, "y": 2614.0}, {"i": 162, "x": 9472.0, "y": 5852.0}, {"i": 163, "x": 9520.0, "y": 4694.0}, {"i": 164, "x": 9578.0, "y": 6098.0}, {"i": 165, "x": 9582.0, "y": 2884.0}, {"i": 166, "x": 9634.0, "y": 2546.0}, {"i": 167, "x": 9660.0, "y": 4162.0}, {"i": 168, "x": 9790.0, "y": 4706.0}, {"i": 169, "x": 9832.0, "y": 2736.0}, {"i": 170, "x": 9898.0, "y": 5116.0}, {"i": 171, "x": 9902.0, "y": 5090.0}, {"i": 172, "x": 9968.0, "y": 2650.0}, {"i": 173, "x": 9982.0, "y": 2452.0}, {"i": 174, "x": 10014.0, "y": 4866.0}, {"i": 175, "x": 10032.0, "y": 4374.0}, {"i": 176, "x": 10040.0, "y": 2700.0}, {"i": 177, "x": 10062.0, "y": 2524.0}, {"i": 178, "x": 10062.0, "y": 5230.0}, {"i": 179, "x": 10064.0, "y": 6008.0}, {"i": 180, "x": 10136.0, "y": 3258.0}, {"i": 181, "x": 10178.0, "y": 5228.0}, {"i": 182, "x": 10186.0, "y": 2680.0}, {"i": 183, "x": 10186.0, "y": 3484.0}, {"i": 184, "x": 10202.0, "y": 2466.0}, {"i": 185, "x": 10210.0, "y": 5190.0}, {"i": 186, "x": 10246.0, "y": 5288.0}, {"i": 187, "x": 10270.0, "y": 2654.0}, {"i": 188, "x": 10286.0, "y": 2634.0}, {"i": 189, "x": 10302.0, "y": 5364.0}, {"i": 190, "x": 10306.0, "y": 6260.0}, {"i": 191, "x": 10312.0, "y": 4240.0}, {"i": 192, "x": 10424.0, "y": 3024.0}, {"i": 193, "x": 10482.0, "y": 6570.0}, {"i": 194, "x": 10508.0, "y": 2672.0}, {"i": 195, "x": 10538.0, "y": 4198.0}, {"i": 196, "x": 10554.0, "y": 2690.0}, {"i": 197, "x": 10596.0, "y": 7232.0}, {"i": 198, "x": 10612.0, "y": 4192.0}, {"i": 199, "x": 10664.0, "y": 4908.0}, {"i": 200, "x": 10702.0, "y": 5960.0}, {"i": 201, "x": 10706.0, "y": 4546.0}, {"i": 202, "x": 10710.0, "y": 6524.0}, {"i": 203, "x": 10724.0, "y": 3948.0}, {"i": 204, "x": 10742.0, "y": 6168.0}, {"i": 205, "x": 10752.0, "y": 6148.0}, {"i": 206, "x": 10768.0, "y": 6020.0}, {"i": 207, "x": 10822.0, "y": 6886.0}, {"i": 208, "x": 10824.0, "y": 3002.0}, {"i": 209, "x": 10826.0, "y": 6650.0}, {"i": 210, "x": 10834.0, "y": 6040.0}, {"i": 211, "x": 10854.0, "y": 6056.0}, {"i": 212, "x": 10856.0, "y": 5498.0}, {"i": 213, "x": 10864.0, "y": 6782.0}, {"i": 214, "x": 10910.0, "y": 6150.0}, {"i": 215, "x": 10978.0, "y": 4942.0}, {"i": 216, "x": 10992.0, "y": 2660.0}, {"i": 217, "x": 11068.0, "y": 4274.0}, {"i": 218, "x": 11156.0, "y": 4382.0}, {"i": 219, "x": 11174.0, "y": 4364.0}, {"i": 220, "x": 11208.0, "y": 4324.0}, {"i": 221, "x": 11224.0, "y": 6134.0}, {"i": 222, "x": 11248.0, "y": 4010.0}, {"i": 223, "x": 11254.0, "y": 3346.0}, {"i": 224, "x": 11270.0, "y": 4332.0}, {"i": 225, "x": 11290.0, "y": 5778.0}, {"i": 226, "x": 11302.0, "y": 5470.0}, {"i": 227, "x": 11318.0, "y": 6552.0}, {"i": 228, "x": 11326.0, "y": 6906.0}, {"i": 229, "x": 11336.0, "y": 6090.0}, {"i": 230, "x": 11338.0, "y": 5434.0}, {"i": 231, "x": 11348.0, "y": 5544.0}, {"i": 232, "x": 11352.0, "y": 3624.0}, {"i": 233, "x": 11356.0, "y": 6400.0}, {"i": 234, "x": 11414.0, "y": 5516.0}, {"i": 235, "x": 11452.0, "y": 4124.0}, {"i": 236, "x": 11460.0, "y": 2954.0}, {"i": 237, "x": 11542.0, "y": 2846.0}, {"i": 238, "x": 11568.0, "y": 5498.0}, {"i": 239, "x": 11592.0, "y": 4070.0}, {"i": 240, "x": 11596.0, "y": 4094.0}, {"i": 241, "x": 11614.0, "y": 3762.0}, {"i": 242, "x": 11624.0, "y": 5886.0}, {"i": 243, "x": 11634.0, "y": 5778.0}, {"i": 244, "x": 11658.0, "y": 6248.0}, {"i": 245, "x": 11674.0, "y": 6542.0}, {"i": 246, "x": 11786.0, "y": 2732.0}, {"i": 247, "x": 11786.0, "y": 4322.0}, {"i": 248, "x": 11816.0, "y": 4832.0}, {"i": 249, "x": 11818.0, "y": 6396.0}, {"i": 250, "x": 11824.0, "y": 3774.0}, {"i": 251, "x": 11836.0, "y": 4318.0}, {"i": 252, "x": 11870.0, "y": 4212.0}, {"i": 253, "x": 11880.0, "y": 3528.0}, {"i": 254, "x": 11896.0, "y": 3558.0}, {"i": 255, "x": 11932.0, "y": 5412.0}, {"i": 256, "x": 11936.0, "y": 4948.0}, {"i": 257, "x": 11954.0, "y": 4530.0}, {"i": 258, "x": 11970.0, "y": 5290.0}, {"i": 259, "x": 12000.0, "y": 3870.0}, {"i": 260, "x": 12004.0, "y": 4290.0}, {"i": 261, "x": 12020.0, "y": 3832.0}, {"i": 262, "x": 12026.0, "y": 4360.0}, {"i": 263, "x": 12062.0, "y": 3190.0}, {"i": 264, "x": 12072.0, "y": 3344.0}, {"i": 265, "x": 12084.0, "y": 3296.0}, {"i": 266, "x": 12092.0, "y": 6288.0}, {"i": 267, "x": 12094.0, "y": 6466.0}, {"i": 268, "x": 12132.0, "y": 4488.0}, {"i": 269, "x": 12196.0, "y": 5544.0}, {"i": 270, "x": 12212.0, "y": 2816.0}, {"i": 271, "x": 12216.0, "y": 2802.0}, {"i": 272, "x": 12218.0, "y": 6312.0}, {"i": 273, "x": 12222.0, "y": 6304.0}, {"i": 274, "x": 12260.0, "y": 5656.0}, {"i": 275, "x": 12260.0, "y": 5730.0}, {"i": 276, "x": 12264.0, "y": 5626.0}, {"i": 277, "x": 12268.0, "y": 5538.0}, {"i": 278, "x": 12310.0, "y": 4692.0}, {"i": 279, "x": 12320.0, "y": 6272.0}, {"i": 280, "x": 12372.0, "y": 6198.0}, {"i": 281, "x": 12392.0, "y": 3902.0}, {"i": 282, "x": 12402.0, "y": 3894.0}, {"i": 283, "x": 12408.0, "y": 4278.0}, {"i": 284, "x": 12456.0, "y": 3908.0}, {"i": 285, "x": 12462.0, "y": 4032.0}, {"i": 286, "x": 12484.0, "y": 4662.0}, {"i": 287, "x": 12496.0, "y": 5064.0}, {"i": 288, "x": 12514.0, "y": 1916.0}, {"i": 289, "x": 12536.0, "y": 3960.0}, {"i": 290, "x": 12540.0, "y": 1958.0}, {"i": 291, "x": 12540.0, "y": 4134.0}, {"i": 292, "x": 12548.0, "y": 4018.0}, {"i": 293, "x": 12556.0, "y": 1908.0}, {"i": 294, "x": 12570.0, "y": 2438.0}, {"i": 295, "x": 12572.0, "y": 3600.0}, {"i": 296, "x": 12574.0, "y": 3586.0}, {"i": 297, "x": 12596.0, "y": 498.0}, {"i": 298, "x": 12644.0, "y": 5810.0}, {"i": 299, "x": 12662.0, "y": 5890.0}, {"i": 300, "x": 12684.0, "y": 3582.0}, {"i": 301, "x": 12696.0, "y": 2096.0}, {"i": 302, "x": 12714.0, "y": 3624.0}, {"i": 303, "x": 12768.0, "y": 4964.0}, {"i": 304, "x": 12770.0, "y": 2156.0}, {"i": 305, "x": 12780.0, "y": 2204.0}, {"i": 306, "x": 12796.0, "y": 2210.0}, {"i": 307, "x": 12800.0, "y": 4258.0}, {"i": 308, "x": 12806.0, "y": 4278.0}, {"i": 309, "x": 12810.0, "y": 8110.0}, {"i": 310, "x": 12824.0, "y": 4210.0}, {"i": 311, "x": 12828.0, "y": 5810.0}, {"i": 312, "x": 12844.0, "y": 2120.0}, {"i": 313, "x": 12854.0, "y": 2122.0}, {"i": 314, "x": 12866.0, "y": 4220.0}, {"i": 315, "x": 12874.0, "y": 3252.0}, {"i": 316, "x": 12942.0, "y": 3840.0}, {"i": 317, "x": 12944.0, "y": 2164.0}, {"i": 318, "x": 12956.0, "y": 5532.0}, {"i": 319, "x": 12970.0, "y": 5570.0}, {"i": 320, "x": 13024.0, "y": 5910.0}, {"i": 321, "x": 13032.0, "y": 4198.0}, {"i": 322, "x": 13084.0, "y": 1412.0}, {"i": 323, "x": 13150.0, "y": 4374.0}, {"i": 324, "x": 13156.0, "y": 4164.0}, {"i": 325, "x": 13164.0, "y": 6736.0}, {"i": 326, "x": 13198.0, "y": 5692.0}, {"i": 327, "x": 13202.0, "y": 3832.0}, {"i": 328, "x": 13220.0, "y": 3968.0}, {"i": 329, "x": 13232.0, "y": 4648.0}, {"i": 330, "x": 13234.0, "y": 5620.0}, {"i": 331, "x": 13312.0, "y": 5654.0}, {"i": 332, "x": 13316.0, "y": 6614.0}, {"i": 333, "x": 13332.0, "y": 6640.0}, {"i": 334, "x": 13378.0, "y": 6788.0}, {"i": 335, "x": 13424.0, "y": 6644.0}, {"i": 336, "x": 13498.0, "y": 6706.0}, {"i": 337, "x": 13502.0, "y": 4140.0}, {"i": 338, "x": 13510.0, "y": 6466.0}, {"i": 339, "x": 13522.0, "y": 6448.0}, {"i": 340, "x": 13532.0, "y": 4070.0}, {"i": 341, "x": 13552.0, "y": 4192.0}, {"i": 342, "x": 13672.0, "y": 8034.0}, {"i": 343, "x": 13700.0, "y": 3750.0}, {"i": 344, "x": 13726.0, "y": 5822.0}, {"i": 345, "x": 13834.0, "y": 3834.0}, {"i": 346, "x": 13876.0, "y": 8472.0}, {"i": 347, "x": 13916.0, "y": 4854.0}, {"i": 348, "x": 13970.0, "y": 4508.0}, {"i": 349, "x": 13974.0, "y": 4230.0}, {"i": 350, "x": 14046.0, "y": 5146.0}, {"i": 351, "x": 14062.0, "y": 5434.0}, {"i": 352, "x": 14092.0, "y": 5302.0}, {"i": 353, "x": 14098.0, "y": 5272.0}, {"i": 354, "x": 14124.0, "y": 5912.0}, {"i": 355, "x": 14162.0, "y": 5296.0}, {"i": 356, "x": 14178.0, "y": 5332.0}, {"i": 357, "x": 14184.0, "y": 6820.0}, {"i": 358, "x": 14214.0, "y": 5558.0}, {"i": 359, "x": 14264.0, "y": 4664.0}, {"i": 360, "x": 14270.0, "y": 4616.0}, {"i": 361, "x": 14292.0, "y": 5698.0}, {"i": 362, "x": 14298.0, "y": 5546.0}, {"i": 363, "x": 14328.0, "y": 5624.0}, {"i": 364, "x": 14388.0, "y": 5190.0}, {"i": 365, "x": 14394.0, "y": 5890.0}, {"i": 366, "x": 14404.0, "y": 5800.0}, {"i": 367, "x": 14408.0, "y": 5396.0}, {"i": 368, "x": 14456.0, "y": 5440.0}, {"i": 369, "x": 14466.0, "y": 5418.0}, {"i": 370, "x": 14516.0, "y": 5050.0}, {"i": 371, "x": 14550.0, "y": 5588.0}, {"i": 372, "x": 14596.0, "y": 7190.0}, {"i": 373, "x": 14632.0, "y": 6024.0}, {"i": 374, "x": 14732.0, "y": 5244.0}, {"i": 375, "x": 14742.0, "y": 5512.0}, {"i": 376, "x": 14762.0, "y": 5258.0}, {"i": 377, "x": 14806.0, "y": 6070.0}, {"i": 378, "x": 14890.0, "y": 5964.0}, {"i": 379, "x": 14954.0, "y": 5786.0}, {"i": 380, "x": 15020.0, "y": 6410.0}, {"i": 381, "x": 15030.0, "y": 5912.0}, {"i": 382, "x": 15050.0, "y": 5822.0}, {"i": 383, "x": 15116.0, "y": 5808.0}, {"i": 384, "x": 15190.0, "y": 5770.0}, {"i": 385, "x": 15284.0, "y": 6028.0}, {"i": 386, "x": 15390.0, "y": 5944.0}, {"i": 387, "x": 15408.0, "y": 5802.0}, {"i": 388, "x": 15704.0, "y": 6314.0}, {"i": 389, "x": 15704.0, "y": 6442.0}, {"i": 390, "x": 15708.0, "y": 8118.0}, {"i": 391, "x": 15728.0, "y": 6228.0}, {"i": 392, "x": 15766.0, "y": 6380.0}, {"i": 393, "x": 15796.0, "y": 7636.0}, {"i": 394, "x": 15820.0, "y": 7576.0}, {"i": 395, "x": 15846.0, "y": 6128.0}, {"i": 396, "x": 15856.0, "y": 7590.0}, {"i": 397, "x": 15866.0, "y": 8110.0}, {"i": 398, "x": 16194.0, "y": 6096.0}, {"i": 399, "x": 16554.0, "y": 6996.0}], "type": "Instance", "name": "us-night-0000400", "meta": {"comment": "HIP even point set instance (400 points) sampled from image ", "faces_in_delaunay": 781}}