{"points": [{"i": 0, "x": 8.0, "y": 6942.0}, {"i": 1, "x": 132.0, "y": 8158.0}, {"i": 2, "x": 196.0, "y": 8094.0}, {"i": 3, "x": 262.0, "y": 8298.0}, {"i": 4, "x": 308.0, "y": 8288.0}, {"i": 5, "x": 334.0, "y": 7364.0}, {"i": 6, "x": 402.0, "y": 7180.0}, {"i": 7, "x": 426.0, "y": 7116.0}, {"i": 8, "x": 446.0, "y": 7734.0}, {"i": 9, "x": 460.0, "y": 7744.0}, {"i": 10, "x": 464.0, "y": 7702.0}, {"i": 11, "x": 506.0, "y": 7766.0}, {"i": 12, "x": 522.0, "y": 5628.0}, {"i": 13, "x": 524.0, "y": 7830.0}, {"i": 14, "x": 526.0, "y": 7874.0}, {"i": 15, "x": 544.0, "y": 7706.0}, {"i": 16, "x": 544.0, "y": 7722.0}, {"i": 17, "x": 548.0, "y": 7898.0}, {"i": 18, "x": 550.0, "y": 4970.0}, {"i": 19, "x": 552.0, "y": 4926.0}, {"i": 20, "x": 578.0, "y": 7972.0}, {"i": 21, "x": 614.0, "y": 4960.0}, {"i": 22, "x": 620.0, "y": 4834.0}, {"i": 23, "x": 718.0, "y": 5286.0}, {"i": 24, "x": 736.0, "y": 5132.0}, {"i": 25, "x": 782.0, "y": 4656.0}, {"i": 26, "x": 840.0, "y": 5358.0}, {"i": 27, "x": 844.0, "y": 5178.0}, {"i": 28, "x": 848.0, "y": 5186.0}, {"i": 29, "x": 904.0, "y": 4852.0}, {"i": 30, "x": 1046.0, "y": 7646.0}, {"i": 31, "x": 1048.0, "y": 5682.0}, {"i": 32, "x": 1060.0, "y": 4616.0}, {"i": 33, "x": 1266.0, "y": 4216.0}, {"i": 34, "x": 1280.0, "y": 4604.0}, {"i": 35, "x": 1286.0, "y": 5388.0}, {"i": 36, "x": 1300.0, "y": 8508.0}, {"i": 37, "x": 1314.0, "y": 7346.0}, {"i": 38, "x": 1402.0, "y": 4378.0}, {"i": 39, "x": 1408.0, "y": 4360.0}, {"i": 40, "x": 1466.0, "y": 4480.0}, {"i": 41, "x": 1466.0, "y": 7674.0}, {"i": 42, "x": 1534.0, "y": 5410.0}, {"i": 43, "x": 1540.0, "y": 4184.0}, {"i": 44, "x": 1662.0, "y": 3760.0}, {"i": 45, "x": 1676.0, "y": 4764.0}, {"i": 46, "x": 1686.0, "y": 3844.0}, {"i": 47, "x": 1710.0, "y": 3716.0}, {"i": 48, "x": 1788.0, "y": 3940.0}, {"i": 49, "x": 1836.0, "y": 3674.0}, {"i": 50, "x": 1874.0, "y": 3784.0}, {"i": 51, "x": 1882.0, "y": 3624.0}, {"i": 52, "x": 1988.0, "y": 3882.0}, {"i": 53, "x": 2014.0, "y": 8414.0}, {"i": 54, "x": 2024.0, "y": 3406.0}, {"i": 55, "x": 2094.0, "y": 3768.0}, {"i": 56, "x": 2096.0, "y": 7480.0}, {"i": 57, "x": 2104.0, "y": 3388.0}, {"i": 58, "x": 2112.0, "y": 3696.0}, {"i": 59, "x": 2128.0, "y": 3288.0}, {"i": 60, "x": 2146.0, "y": 3292.0}, {"i": 61, "x": 2168.0, "y": 4924.0}, {"i": 62, "x": 2224.0, "y": 6626.0}, {"i": 63, "x": 2230.0, "y": 3728.0}, {"i": 64, "x": 2298.0, "y": 6664.0}, {"i": 65, "x": 2546.0, "y": 9416.0}, {"i": 66, "x": 2752.0, "y": 4374.0}, {"i": 67, "x": 2936.0, "y": 9344.0}, {"i": 68, "x": 2970.0, "y": 8926.0}, {"i": 69, "x": 2976.0, "y": 8844.0}, {"i": 70, "x": 2980.0, "y": 8880.0}, {"i": 71, "x": 3016.0, "y": 3364.0}, {"i": 72, "x": 3072.0, "y": 9238.0}, {"i": 73, "x": 3086.0, "y": 9304.0}, {"i": 74, "x": 3088.0, "y": 6328.0}, {"i": 75, "x": 3092.0, "y": 9562.0}, {"i": 76, "x": 3144.0, "y": 2966.0}, {"i": 77, "x": 3144.0, "y": 4698.0}, {"i": 78, "x": 3202.0, "y": 9614.0}, {"i": 79, "x": 3206.0, "y": 9612.0}, {"i": 80, "x": 3292.0, "y": 9332.0}, {"i": 81, "x": 3340.0, "y": 4154.0}, {"i": 82, "x": 3370.0, "y": 9442.0}, {"i": 83, "x": 3428.0, "y": 5362.0}, {"i": 84, "x": 3448.0, "y": 5772.0}, {"i": 85, "x": 3494.0, "y": 3644.0}, {"i": 86, "x": 3584.0, "y": 3616.0}, {"i": 87, "x": 3594.0, "y": 3532.0}, {"i": 88, "x": 3674.0, "y": 3594.0}, {"i": 89, "x": 3694.0, "y": 3194.0}, {"i": 90, "x": 3706.0, "y": 3568.0}, {"i": 91, "x": 3850.0, "y": 3112.0}, {"i": 92, "x": 3876.0, "y": 3262.0}, {"i": 93, "x": 3894.0, "y": 6468.0}, {"i": 94, "x": 3908.0, "y": 3250.0}, {"i": 95, "x": 3978.0, "y": 2322.0}, {"i": 96, "x": 3980.0, "y": 2276.0}, {"i": 97, "x": 4092.0, "y": 9564.0}, {"i": 98, "x": 4224.0, "y": 436.0}, {"i": 99, "x": 4330.0, "y": 9606.0}, {"i": 100, "x": 4406.0, "y": 2530.0}, {"i": 101, "x": 4482.0, "y": 4530.0}, {"i": 102, "x": 4536.0, "y": 7054.0}, {"i": 103, "x": 4786.0, "y": 4620.0}, {"i": 104, "x": 4922.0, "y": 986.0}, {"i": 105, "x": 5024.0, "y": 5402.0}, {"i": 106, "x": 5202.0, "y": 6866.0}, {"i": 107, "x": 5218.0, "y": 4154.0}, {"i": 108, "x": 5224.0, "y": 4626.0}, {"i": 109, "x": 5296.0, "y": 6402.0}, {"i": 110, "x": 5340.0, "y": 3386.0}, {"i": 111, "x": 5450.0, "y": 5486.0}, {"i": 112, "x": 5460.0, "y": 9514.0}, {"i": 113, "x": 5554.0, "y": 266.0}, {"i": 114, "x": 5576.0, "y": 1476.0}, {"i": 115, "x": 5676.0, "y": 5268.0}, {"i": 116, "x": 5692.0, "y": 9450.0}, {"i": 117, "x": 5726.0, "y": 5432.0}, {"i": 118, "x": 5740.0, "y": 5498.0}, {"i": 119, "x": 5786.0, "y": 5262.0}, {"i": 120, "x": 5808.0, "y": 7964.0}, {"i": 121, "x": 5834.0, "y": 774.0}, {"i": 122, "x": 5974.0, "y": 7864.0}, {"i": 123, "x": 6064.0, "y": 3404.0}, {"i": 124, "x": 6106.0, "y": 8024.0}, {"i": 125, "x": 6114.0, "y": 7984.0}, {"i": 126, "x": 6164.0, "y": 8174.0}, {"i": 127, "x": 6176.0, "y": 7876.0}, {"i": 128, "x": 6182.0, "y": 8008.0}, {"i": 129, "x": 6196.0, "y": 1664.0}, {"i": 130, "x": 6202.0, "y": 7980.0}, {"i": 131, "x": 6230.0, "y": 8172.0}, {"i": 132, "x": 6288.0, "y": 5754.0}, {"i": 133, "x": 6310.0, "y": 7990.0}, {"i": 134, "x": 6314.0, "y": 7904.0}, {"i": 135, "x": 6326.0, "y": 7872.0}, {"i": 136, "x": 6350.0, "y": 7874.0}, {"i": 137, "x": 6378.0, "y": 7858.0}, {"i": 138, "x": 6404.0, "y": 7920.0}, {"i": 139, "x": 6448.0, "y": 4382.0}, {"i": 140, "x": 6458.0, "y": 7936.0}, {"i": 141, "x": 6470.0, "y": 7928.0}, {"i": 142, "x": 6478.0, "y": 8924.0}, {"i": 143, "x": 6496.0, "y": 126.0}, {"i": 144, "x": 6500.0, "y": 8148.0}, {"i": 145, "x": 6510.0, "y": 148.0}, {"i": 146, "x": 6522.0, "y": 110.0}, {"i": 147, "x": 6552.0, "y": 482.0}, {"i": 148, "x": 6576.0, "y": 3134.0}, {"i": 149, "x": 6584.0, "y": 3634.0}, {"i": 150, "x": 6594.0, "y": 3584.0}, {"i": 151, "x": 6616.0, "y": 9118.0}, {"i": 152, "x": 6624.0, "y": 4066.0}, {"i": 153, "x": 6660.0, "y": 3644.0}, {"i": 154, "x": 6724.0, "y": 4414.0}, {"i": 155, "x": 6764.0, "y": 1924.0}, {"i": 156, "x": 6806.0, "y": 9182.0}, {"i": 157, "x": 6900.0, "y": 1204.0}, {"i": 158, "x": 6916.0, "y": 2350.0}, {"i": 159, "x": 6920.0, "y": 178.0}, {"i": 160, "x": 6924.0, "y": 7608.0}, {"i": 161, "x": 6952.0, "y": 8260.0}, {"i": 162, "x": 6956.0, "y": 6552.0}, {"i": 163, "x": 7020.0, "y": 2176.0}, {"i": 164, "x": 7038.0, "y": 2984.0}, {"i": 165, "x": 7068.0, "y": 744.0}, {"i": 166, "x": 7142.0, "y": 1336.0}, {"i": 167, "x": 7178.0, "y": 1280.0}, {"i": 168, "x": 7258.0, "y": 8506.0}, {"i": 169, "x": 7258.0, "y": 8508.0}, {"i": 170, "x": 7284.0, "y": 3288.0}, {"i": 171, "x": 7294.0, "y": 8314.0}, {"i": 172, "x": 7302.0, "y": 8500.0}, {"i": 173, "x": 7308.0, "y": 8498.0}, {"i": 174, "x": 7314.0, "y": 2010.0}, {"i": 175, "x": 7332.0, "y": 1768.0}, {"i": 176, "x": 7342.0, "y": 4292.0}, {"i": 177, "x": 7352.0, "y": 1950.0}, {"i": 178, "x": 7356.0, "y": 8382.0}, {"i": 179, "x": 7394.0, "y": 1972.0}, {"i": 180, "x": 7402.0, "y": 4842.0}, {"i": 181, "x": 7454.0, "y": 7072.0}, {"i": 182, "x": 7482.0, "y": 3104.0}, {"i": 183, "x": 7484.0, "y": 2474.0}, {"i": 184, "x": 7502.0, "y": 4214.0}, {"i": 185, "x": 7520.0, "y": 326.0}, {"i": 186, "x": 7564.0, "y": 5118.0}, {"i": 187, "x": 7584.0, "y": 2108.0}, {"i": 188, "x": 7618.0, "y": 2354.0}, {"i": 189, "x": 7638.0, "y": 2112.0}, {"i": 190, "x": 7644.0, "y": 2252.0}, {"i": 191, "x": 7648.0, "y": 1364.0}, {"i": 192, "x": 7716.0, "y": 2346.0}, {"i": 193, "x": 7726.0, "y": 1880.0}, {"i": 194, "x": 7746.0, "y": 1414.0}, {"i": 195, "x": 7748.0, "y": 2468.0}, {"i": 196, "x": 7756.0, "y": 2082.0}, {"i": 197, "x": 7770.0, "y": 2614.0}, {"i": 198, "x": 7796.0, "y": 286.0}, {"i": 199, "x": 7830.0, "y": 4474.0}, {"i": 200, "x": 7830.0, "y": 8174.0}, {"i": 201, "x": 7846.0, "y": 230.0}, {"i": 202, "x": 7854.0, "y": 246.0}, {"i": 203, "x": 7858.0, "y": 2712.0}, {"i": 204, "x": 7860.0, "y": 2260.0}, {"i": 205, "x": 7860.0, "y": 2728.0}, {"i": 206, "x": 7890.0, "y": 4182.0}, {"i": 207, "x": 7894.0, "y": 2658.0}, {"i": 208, "x": 7896.0, "y": 2252.0}, {"i": 209, "x": 7922.0, "y": 2778.0}, {"i": 210, "x": 7982.0, "y": 3270.0}, {"i": 211, "x": 7998.0, "y": 4834.0}, {"i": 212, "x": 8002.0, "y": 4224.0}, {"i": 213, "x": 8006.0, "y": 2736.0}, {"i": 214, "x": 8012.0, "y": 2370.0}, {"i": 215, "x": 8012.0, "y": 4058.0}, {"i": 216, "x": 8036.0, "y": 3484.0}, {"i": 217, "x": 8042.0, "y": 7942.0}, {"i": 218, "x": 8044.0, "y": 1926.0}, {"i": 219, "x": 8050.0, "y": 3314.0}, {"i": 220, "x": 8064.0, "y": 6000.0}, {"i": 221, "x": 8076.0, "y": 4400.0}, {"i": 222, "x": 8088.0, "y": 8544.0}, {"i": 223, "x": 8098.0, "y": 3306.0}, {"i": 224, "x": 8102.0, "y": 9260.0}, {"i": 225, "x": 8104.0, "y": 8528.0}, {"i": 226, "x": 8112.0, "y": 7944.0}, {"i": 227, "x": 8118.0, "y": 3410.0}, {"i": 228, "x": 8170.0, "y": 8388.0}, {"i": 229, "x": 8172.0, "y": 6628.0}, {"i": 230, "x": 8192.0, "y": 4122.0}, {"i": 231, "x": 8198.0, "y": 5810.0}, {"i": 232, "x": 8226.0, "y": 3252.0}, {"i": 233, "x": 8254.0, "y": 3674.0}, {"i": 234, "x": 8366.0, "y": 4402.0}, {"i": 235, "x": 8374.0, "y": 4376.0}, {"i": 236, "x": 8396.0, "y": 5912.0}, {"i": 237, "x": 8410.0, "y": 4192.0}, {"i": 238, "x": 8412.0, "y": 7746.0}, {"i": 239, "x": 8430.0, "y": 4574.0}, {"i": 240, "x": 8470.0, "y": 4380.0}, {"i": 241, "x": 8476.0, "y": 2470.0}, {"i": 242, "x": 8506.0, "y": 2422.0}, {"i": 243, "x": 8512.0, "y": 4148.0}, {"i": 244, "x": 8562.0, "y": 2458.0}, {"i": 245, "x": 8584.0, "y": 3372.0}, {"i": 246, "x": 8596.0, "y": 3336.0}, {"i": 247, "x": 8628.0, "y": 4302.0}, {"i": 248, "x": 8652.0, "y": 5422.0}, {"i": 249, "x": 8654.0, "y": 2586.0}, {"i": 250, "x": 8656.0, "y": 2618.0}, {"i": 251, "x": 8670.0, "y": 6578.0}, {"i": 252, "x": 8670.0, "y": 7212.0}, {"i": 253, "x": 8712.0, "y": 5360.0}, {"i": 254, "x": 8720.0, "y": 2518.0}, {"i": 255, "x": 8720.0, "y": 3374.0}, {"i": 256, "x": 8742.0, "y": 7354.0}, {"i": 257, "x": 8748.0, "y": 2806.0}, {"i": 258, "x": 8748.0, "y": 6774.0}, {"i": 259, "x": 8754.0, "y": 3722.0}, {"i": 260, "x": 8778.0, "y": 3300.0}, {"i": 261, "x": 8778.0, "y": 5218.0}, {"i": 262, "x": 8778.0, "y": 5282.0}, {"i": 263, "x": 8800.0, "y": 2398.0}, {"i": 264, "x": 8858.0, "y": 3242.0}, {"i": 265, "x": 8858.0, "y": 8508.0}, {"i": 266, "x": 8878.0, "y": 3166.0}, {"i": 267, "x": 8880.0, "y": 3474.0}, {"i": 268, "x": 8896.0, "y": 2502.0}, {"i": 269, "x": 8900.0, "y": 3212.0}, {"i": 270, "x": 8902.0, "y": 4910.0}, {"i": 271, "x": 8910.0, "y": 4190.0}, {"i": 272, "x": 8926.0, "y": 7224.0}, {"i": 273, "x": 8930.0, "y": 7464.0}, {"i": 274, "x": 8944.0, "y": 2730.0}, {"i": 275, "x": 8950.0, "y": 2662.0}, {"i": 276, "x": 8968.0, "y": 2562.0}, {"i": 277, "x": 8996.0, "y": 2592.0}, {"i": 278, "x": 9036.0, "y": 3268.0}, {"i": 279, "x": 9048.0, "y": 6022.0}, {"i": 280, "x": 9054.0, "y": 4688.0}, {"i": 281, "x": 9066.0, "y": 3302.0}, {"i": 282, "x": 9092.0, "y": 6002.0}, {"i": 283, "x": 9108.0, "y": 2638.0}, {"i": 284, "x": 9114.0, "y": 3566.0}, {"i": 285, "x": 9130.0, "y": 5506.0}, {"i": 286, "x": 9172.0, "y": 3120.0}, {"i": 287, "x": 9204.0, "y": 7762.0}, {"i": 288, "x": 9214.0, "y": 7022.0}, {"i": 289, "x": 9226.0, "y": 5454.0}, {"i": 290, "x": 9258.0, "y": 7110.0}, {"i": 291, "x": 9260.0, "y": 7028.0}, {"i": 292, "x": 9290.0, "y": 3894.0}, {"i": 293, "x": 9296.0, "y": 7032.0}, {"i": 294, "x": 9318.0, "y": 7062.0}, {"i": 295, "x": 9384.0, "y": 3222.0}, {"i": 296, "x": 9406.0, "y": 5848.0}, {"i": 297, "x": 9434.0, "y": 6922.0}, {"i": 298, "x": 9456.0, "y": 6758.0}, {"i": 299, "x": 9486.0, "y": 7038.0}, {"i": 300, "x": 9530.0, "y": 5136.0}, {"i": 301, "x": 9552.0, "y": 4408.0}, {"i": 302, "x": 9572.0, "y": 3984.0}, {"i": 303, "x": 9572.0, "y": 5122.0}, {"i": 304, "x": 9600.0, "y": 2664.0}, {"i": 305, "x": 9618.0, "y": 6618.0}, {"i": 306, "x": 9646.0, "y": 3860.0}, {"i": 307, "x": 9652.0, "y": 4150.0}, {"i": 308, "x": 9726.0, "y": 5284.0}, {"i": 309, "x": 9732.0, "y": 2718.0}, {"i": 310, "x": 9740.0, "y": 6218.0}, {"i": 311, "x": 9748.0, "y": 6048.0}, {"i": 312, "x": 9772.0, "y": 6058.0}, {"i": 313, "x": 9858.0, "y": 6054.0}, {"i": 314, "x": 9886.0, "y": 2580.0}, {"i": 315, "x": 9898.0, "y": 5062.0}, {"i": 316, "x": 9952.0, "y": 2740.0}, {"i": 317, "x": 9966.0, "y": 2498.0}, {"i": 318, "x": 9968.0, "y": 5256.0}, {"i": 319, "x": 9974.0, "y": 2440.0}, {"i": 320, "x": 10002.0, "y": 2482.0}, {"i": 321, "x": 10006.0, "y": 5694.0}, {"i": 322, "x": 10014.0, "y": 6004.0}, {"i": 323, "x": 10018.0, "y": 5978.0}, {"i": 324, "x": 10032.0, "y": 4996.0}, {"i": 325, "x": 10034.0, "y": 2666.0}, {"i": 326, "x": 10050.0, "y": 5066.0}, {"i": 327, "x": 10060.0, "y": 2926.0}, {"i": 328, "x": 10070.0, "y": 3172.0}, {"i": 329, "x": 10070.0, "y": 6280.0}, {"i": 330, "x": 10102.0, "y": 3158.0}, {"i": 331, "x": 10102.0, "y": 3238.0}, {"i": 332, "x": 10110.0, "y": 5246.0}, {"i": 333, "x": 10116.0, "y": 5832.0}, {"i": 334, "x": 10118.0, "y": 4538.0}, {"i": 335, "x": 10122.0, "y": 4346.0}, {"i": 336, "x": 10152.0, "y": 5194.0}, {"i": 337, "x": 10154.0, "y": 3610.0}, {"i": 338, "x": 10154.0, "y": 4050.0}, {"i": 339, "x": 10156.0, "y": 5242.0}, {"i": 340, "x": 10180.0, "y": 2520.0}, {"i": 341, "x": 10198.0, "y": 2508.0}, {"i": 342, "x": 10200.0, "y": 5154.0}, {"i": 343, "x": 10208.0, "y": 4596.0}, {"i": 344, "x": 10212.0, "y": 5100.0}, {"i": 345, "x": 10214.0, "y": 3890.0}, {"i": 346, "x": 10222.0, "y": 4350.0}, {"i": 347, "x": 10230.0, "y": 4198.0}, {"i": 348, "x": 10254.0, "y": 3882.0}, {"i": 349, "x": 10270.0, "y": 6632.0}, {"i": 350, "x": 10284.0, "y": 6534.0}, {"i": 351, "x": 10290.0, "y": 7114.0}, {"i": 352, "x": 10300.0, "y": 4056.0}, {"i": 353, "x": 10320.0, "y": 6918.0}, {"i": 354, "x": 10372.0, "y": 3988.0}, {"i": 355, "x": 10378.0, "y": 6108.0}, {"i": 356, "x": 10386.0, "y": 3980.0}, {"i": 357, "x": 10462.0, "y": 7298.0}, {"i": 358, "x": 10464.0, "y": 6216.0}, {"i": 359, "x": 10466.0, "y": 5184.0}, {"i": 360, "x": 10470.0, "y": 3830.0}, {"i": 361, "x": 10470.0, "y": 4308.0}, {"i": 362, "x": 10478.0, "y": 6218.0}, {"i": 363, "x": 10492.0, "y": 6324.0}, {"i": 364, "x": 10546.0, "y": 4234.0}, {"i": 365, "x": 10546.0, "y": 4928.0}, {"i": 366, "x": 10552.0, "y": 4930.0}, {"i": 367, "x": 10584.0, "y": 3262.0}, {"i": 368, "x": 10596.0, "y": 3844.0}, {"i": 369, "x": 10604.0, "y": 5474.0}, {"i": 370, "x": 10616.0, "y": 4680.0}, {"i": 371, "x": 10632.0, "y": 4070.0}, {"i": 372, "x": 10672.0, "y": 6848.0}, {"i": 373, "x": 10680.0, "y": 6842.0}, {"i": 374, "x": 10710.0, "y": 2816.0}, {"i": 375, "x": 10710.0, "y": 6218.0}, {"i": 376, "x": 10712.0, "y": 4950.0}, {"i": 377, "x": 10714.0, "y": 2812.0}, {"i": 378, "x": 10720.0, "y": 5584.0}, {"i": 379, "x": 10720.0, "y": 6000.0}, {"i": 380, "x": 10722.0, "y": 6100.0}, {"i": 381, "x": 10748.0, "y": 6114.0}, {"i": 382, "x": 10762.0, "y": 6032.0}, {"i": 383, "x": 10770.0, "y": 6172.0}, {"i": 384, "x": 10792.0, "y": 6010.0}, {"i": 385, "x": 10804.0, "y": 6284.0}, {"i": 386, "x": 10806.0, "y": 6204.0}, {"i": 387, "x": 10808.0, "y": 6444.0}, {"i": 388, "x": 10812.0, "y": 3988.0}, {"i": 389, "x": 10822.0, "y": 3980.0}, {"i": 390, "x": 10824.0, "y": 6444.0}, {"i": 391, "x": 10832.0, "y": 6020.0}, {"i": 392, "x": 10832.0, "y": 6264.0}, {"i": 393, "x": 10838.0, "y": 6234.0}, {"i": 394, "x": 10848.0, "y": 6256.0}, {"i": 395, "x": 10918.0, "y": 2668.0}, {"i": 396, "x": 10936.0, "y": 4744.0}, {"i": 397, "x": 10956.0, "y": 4732.0}, {"i": 398, "x": 10960.0, "y": 3528.0}, {"i": 399, "x": 10960.0, "y": 4528.0}, {"i": 400, "x": 10974.0, "y": 2866.0}, {"i": 401, "x": 10984.0, "y": 6100.0}, {"i": 402, "x": 10994.0, "y": 4514.0}, {"i": 403, "x": 11006.0, "y": 4344.0}, {"i": 404, "x": 11022.0, "y": 2682.0}, {"i": 405, "x": 11034.0, "y": 3456.0}, {"i": 406, "x": 11056.0, "y": 4464.0}, {"i": 407, "x": 11062.0, "y": 8194.0}, {"i": 408, "x": 11068.0, "y": 4738.0}, {"i": 409, "x": 11096.0, "y": 4882.0}, {"i": 410, "x": 11102.0, "y": 3250.0}, {"i": 411, "x": 11102.0, "y": 4040.0}, {"i": 412, "x": 11120.0, "y": 4466.0}, {"i": 413, "x": 11134.0, "y": 4456.0}, {"i": 414, "x": 11182.0, "y": 4010.0}, {"i": 415, "x": 11184.0, "y": 4468.0}, {"i": 416, "x": 11188.0, "y": 5924.0}, {"i": 417, "x": 11218.0, "y": 4076.0}, {"i": 418, "x": 11220.0, "y": 4370.0}, {"i": 419, "x": 11246.0, "y": 2950.0}, {"i": 420, "x": 11246.0, "y": 4320.0}, {"i": 421, "x": 11246.0, "y": 4348.0}, {"i": 422, "x": 11252.0, "y": 4440.0}, {"i": 423, "x": 11264.0, "y": 6192.0}, {"i": 424, "x": 11290.0, "y": 4296.0}, {"i": 425, "x": 11300.0, "y": 6056.0}, {"i": 426, "x": 11318.0, "y": 4142.0}, {"i": 427, "x": 11334.0, "y": 5476.0}, {"i": 428, "x": 11338.0, "y": 5460.0}, {"i": 429, "x": 11344.0, "y": 5542.0}, {"i": 430, "x": 11344.0, "y": 6220.0}, {"i": 431, "x": 11352.0, "y": 4128.0}, {"i": 432, "x": 11390.0, "y": 5526.0}, {"i": 433, "x": 11404.0, "y": 5294.0}, {"i": 434, "x": 11406.0, "y": 4658.0}, {"i": 435, "x": 11408.0, "y": 3782.0}, {"i": 436, "x": 11430.0, "y": 5246.0}, {"i": 437, "x": 11442.0, "y": 4128.0}, {"i": 438, "x": 11456.0, "y": 5032.0}, {"i": 439, "x": 11458.0, "y": 5974.0}, {"i": 440, "x": 11462.0, "y": 3412.0}, {"i": 441, "x": 11462.0, "y": 3898.0}, {"i": 442, "x": 11462.0, "y": 5164.0}, {"i": 443, "x": 11462.0, "y": 6054.0}, {"i": 444, "x": 11470.0, "y": 5538.0}, {"i": 445, "x": 11480.0, "y": 6958.0}, {"i": 446, "x": 11482.0, "y": 5048.0}, {"i": 447, "x": 11494.0, "y": 5724.0}, {"i": 448, "x": 11508.0, "y": 4946.0}, {"i": 449, "x": 11524.0, "y": 4344.0}, {"i": 450, "x": 11542.0, "y": 3322.0}, {"i": 451, "x": 11542.0, "y": 4374.0}, {"i": 452, "x": 11552.0, "y": 6658.0}, {"i": 453, "x": 11570.0, "y": 5196.0}, {"i": 454, "x": 11582.0, "y": 5086.0}, {"i": 455, "x": 11602.0, "y": 2508.0}, {"i": 456, "x": 11606.0, "y": 4026.0}, {"i": 457, "x": 11618.0, "y": 5894.0}, {"i": 458, "x": 11628.0, "y": 5862.0}, {"i": 459, "x": 11634.0, "y": 5354.0}, {"i": 460, "x": 11634.0, "y": 5780.0}, {"i": 461, "x": 11674.0, "y": 4658.0}, {"i": 462, "x": 11680.0, "y": 4318.0}, {"i": 463, "x": 11684.0, "y": 3316.0}, {"i": 464, "x": 11686.0, "y": 5926.0}, {"i": 465, "x": 11688.0, "y": 5288.0}, {"i": 466, "x": 11690.0, "y": 6082.0}, {"i": 467, "x": 11692.0, "y": 6424.0}, {"i": 468, "x": 11718.0, "y": 3286.0}, {"i": 469, "x": 11736.0, "y": 5172.0}, {"i": 470, "x": 11792.0, "y": 4954.0}, {"i": 471, "x": 11808.0, "y": 4664.0}, {"i": 472, "x": 11814.0, "y": 5820.0}, {"i": 473, "x": 11822.0, "y": 3636.0}, {"i": 474, "x": 11822.0, "y": 3748.0}, {"i": 475, "x": 11822.0, "y": 4638.0}, {"i": 476, "x": 11832.0, "y": 3654.0}, {"i": 477, "x": 11834.0, "y": 4982.0}, {"i": 478, "x": 11842.0, "y": 7518.0}, {"i": 479, "x": 11844.0, "y": 5264.0}, {"i": 480, "x": 11884.0, "y": 3526.0}, {"i": 481, "x": 11892.0, "y": 4764.0}, {"i": 482, "x": 11898.0, "y": 4888.0}, {"i": 483, "x": 11900.0, "y": 4308.0}, {"i": 484, "x": 11902.0, "y": 4916.0}, {"i": 485, "x": 11904.0, "y": 5430.0}, {"i": 486, "x": 11906.0, "y": 5482.0}, {"i": 487, "x": 11910.0, "y": 3826.0}, {"i": 488, "x": 11918.0, "y": 3668.0}, {"i": 489, "x": 11936.0, "y": 2606.0}, {"i": 490, "x": 11936.0, "y": 5492.0}, {"i": 491, "x": 11940.0, "y": 3704.0}, {"i": 492, "x": 11940.0, "y": 4342.0}, {"i": 493, "x": 11940.0, "y": 6464.0}, {"i": 494, "x": 11946.0, "y": 3592.0}, {"i": 495, "x": 11972.0, "y": 6596.0}, {"i": 496, "x": 12000.0, "y": 3854.0}, {"i": 497, "x": 12002.0, "y": 3016.0}, {"i": 498, "x": 12014.0, "y": 334.0}, {"i": 499, "x": 12014.0, "y": 4350.0}, {"i": 500, "x": 12036.0, "y": 4362.0}, {"i": 501, "x": 12036.0, "y": 4364.0}, {"i": 502, "x": 12042.0, "y": 4616.0}, {"i": 503, "x": 12044.0, "y": 3744.0}, {"i": 504, "x": 12070.0, "y": 3938.0}, {"i": 505, "x": 12074.0, "y": 3400.0}, {"i": 506, "x": 12080.0, "y": 3658.0}, {"i": 507, "x": 12086.0, "y": 5534.0}, {"i": 508, "x": 12088.0, "y": 6288.0}, {"i": 509, "x": 12092.0, "y": 3786.0}, {"i": 510, "x": 12112.0, "y": 6236.0}, {"i": 511, "x": 12126.0, "y": 3926.0}, {"i": 512, "x": 12166.0, "y": 5760.0}, {"i": 513, "x": 12168.0, "y": 6222.0}, {"i": 514, "x": 12186.0, "y": 3344.0}, {"i": 515, "x": 12186.0, "y": 3920.0}, {"i": 516, "x": 12186.0, "y": 6194.0}, {"i": 517, "x": 12194.0, "y": 5914.0}, {"i": 518, "x": 12198.0, "y": 6882.0}, {"i": 519, "x": 12212.0, "y": 3500.0}, {"i": 520, "x": 12214.0, "y": 6272.0}, {"i": 521, "x": 12218.0, "y": 5636.0}, {"i": 522, "x": 12230.0, "y": 5566.0}, {"i": 523, "x": 12234.0, "y": 2790.0}, {"i": 524, "x": 12236.0, "y": 5508.0}, {"i": 525, "x": 12252.0, "y": 6356.0}, {"i": 526, "x": 12254.0, "y": 5580.0}, {"i": 527, "x": 12258.0, "y": 5244.0}, {"i": 528, "x": 12270.0, "y": 4882.0}, {"i": 529, "x": 12280.0, "y": 6388.0}, {"i": 530, "x": 12286.0, "y": 3974.0}, {"i": 531, "x": 12298.0, "y": 6242.0}, {"i": 532, "x": 12314.0, "y": 3876.0}, {"i": 533, "x": 12340.0, "y": 1928.0}, {"i": 534, "x": 12358.0, "y": 1942.0}, {"i": 535, "x": 12358.0, "y": 5788.0}, {"i": 536, "x": 12364.0, "y": 5086.0}, {"i": 537, "x": 12368.0, "y": 5124.0}, {"i": 538, "x": 12370.0, "y": 4866.0}, {"i": 539, "x": 12378.0, "y": 2618.0}, {"i": 540, "x": 12380.0, "y": 3938.0}, {"i": 541, "x": 12392.0, "y": 3930.0}, {"i": 542, "x": 12392.0, "y": 4672.0}, {"i": 543, "x": 12406.0, "y": 5110.0}, {"i": 544, "x": 12412.0, "y": 2044.0}, {"i": 545, "x": 12422.0, "y": 1916.0}, {"i": 546, "x": 12430.0, "y": 2252.0}, {"i": 547, "x": 12446.0, "y": 4532.0}, {"i": 548, "x": 12448.0, "y": 2618.0}, {"i": 549, "x": 12462.0, "y": 452.0}, {"i": 550, "x": 12464.0, "y": 2090.0}, {"i": 551, "x": 12464.0, "y": 4442.0}, {"i": 552, "x": 12482.0, "y": 2568.0}, {"i": 553, "x": 12488.0, "y": 3170.0}, {"i": 554, "x": 12498.0, "y": 5076.0}, {"i": 555, "x": 12500.0, "y": 3208.0}, {"i": 556, "x": 12506.0, "y": 4062.0}, {"i": 557, "x": 12512.0, "y": 2208.0}, {"i": 558, "x": 12524.0, "y": 1998.0}, {"i": 559, "x": 12526.0, "y": 3974.0}, {"i": 560, "x": 12530.0, "y": 3486.0}, {"i": 561, "x": 12536.0, "y": 3288.0}, {"i": 562, "x": 12542.0, "y": 3564.0}, {"i": 563, "x": 12544.0, "y": 2304.0}, {"i": 564, "x": 12556.0, "y": 2284.0}, {"i": 565, "x": 12556.0, "y": 2370.0}, {"i": 566, "x": 12556.0, "y": 3594.0}, {"i": 567, "x": 12590.0, "y": 2680.0}, {"i": 568, "x": 12596.0, "y": 5994.0}, {"i": 569, "x": 12602.0, "y": 6260.0}, {"i": 570, "x": 12604.0, "y": 4008.0}, {"i": 571, "x": 12618.0, "y": 3644.0}, {"i": 572, "x": 12630.0, "y": 1972.0}, {"i": 573, "x": 12634.0, "y": 5758.0}, {"i": 574, "x": 12650.0, "y": 1914.0}, {"i": 575, "x": 12664.0, "y": 3290.0}, {"i": 576, "x": 12666.0, "y": 1568.0}, {"i": 577, "x": 12670.0, "y": 2598.0}, {"i": 578, "x": 12676.0, "y": 2800.0}, {"i": 579, "x": 12680.0, "y": 1378.0}, {"i": 580, "x": 12690.0, "y": 5844.0}, {"i": 581, "x": 12702.0, "y": 1948.0}, {"i": 582, "x": 12724.0, "y": 5934.0}, {"i": 583, "x": 12736.0, "y": 1570.0}, {"i": 584, "x": 12744.0, "y": 2108.0}, {"i": 585, "x": 12746.0, "y": 4124.0}, {"i": 586, "x": 12746.0, "y": 4226.0}, {"i": 587, "x": 12746.0, "y": 5556.0}, {"i": 588, "x": 12754.0, "y": 2122.0}, {"i": 589, "x": 12758.0, "y": 5956.0}, {"i": 590, "x": 12768.0, "y": 2060.0}, {"i": 591, "x": 12770.0, "y": 2026.0}, {"i": 592, "x": 12780.0, "y": 5784.0}, {"i": 593, "x": 12782.0, "y": 2108.0}, {"i": 594, "x": 12786.0, "y": 4256.0}, {"i": 595, "x": 12790.0, "y": 5894.0}, {"i": 596, "x": 12794.0, "y": 3516.0}, {"i": 597, "x": 12796.0, "y": 2252.0}, {"i": 598, "x": 12798.0, "y": 954.0}, {"i": 599, "x": 12800.0, "y": 1728.0}, {"i": 600, "x": 12810.0, "y": 5998.0}, {"i": 601, "x": 12814.0, "y": 2300.0}, {"i": 602, "x": 12842.0, "y": 6396.0}, {"i": 603, "x": 12844.0, "y": 3174.0}, {"i": 604, "x": 12848.0, "y": 3700.0}, {"i": 605, "x": 12852.0, "y": 4132.0}, {"i": 606, "x": 12920.0, "y": 6096.0}, {"i": 607, "x": 12922.0, "y": 3670.0}, {"i": 608, "x": 12926.0, "y": 7512.0}, {"i": 609, "x": 12930.0, "y": 2240.0}, {"i": 610, "x": 12934.0, "y": 3732.0}, {"i": 611, "x": 12934.0, "y": 4274.0}, {"i": 612, "x": 12938.0, "y": 3644.0}, {"i": 613, "x": 12944.0, "y": 5466.0}, {"i": 614, "x": 12954.0, "y": 3738.0}, {"i": 615, "x": 12954.0, "y": 3756.0}, {"i": 616, "x": 12954.0, "y": 4192.0}, {"i": 617, "x": 12974.0, "y": 1732.0}, {"i": 618, "x": 12980.0, "y": 5912.0}, {"i": 619, "x": 12982.0, "y": 3820.0}, {"i": 620, "x": 12984.0, "y": 3732.0}, {"i": 621, "x": 12986.0, "y": 3440.0}, {"i": 622, "x": 12998.0, "y": 6120.0}, {"i": 623, "x": 13000.0, "y": 4046.0}, {"i": 624, "x": 13016.0, "y": 6458.0}, {"i": 625, "x": 13024.0, "y": 5890.0}, {"i": 626, "x": 13032.0, "y": 5736.0}, {"i": 627, "x": 13034.0, "y": 5546.0}, {"i": 628, "x": 13038.0, "y": 4160.0}, {"i": 629, "x": 13042.0, "y": 1280.0}, {"i": 630, "x": 13060.0, "y": 5284.0}, {"i": 631, "x": 13066.0, "y": 6058.0}, {"i": 632, "x": 13070.0, "y": 1852.0}, {"i": 633, "x": 13074.0, "y": 5550.0}, {"i": 634, "x": 13082.0, "y": 4292.0}, {"i": 635, "x": 13084.0, "y": 1390.0}, {"i": 636, "x": 13086.0, "y": 3730.0}, {"i": 637, "x": 13102.0, "y": 1770.0}, {"i": 638, "x": 13104.0, "y": 1726.0}, {"i": 639, "x": 13106.0, "y": 5664.0}, {"i": 640, "x": 13108.0, "y": 5658.0}, {"i": 641, "x": 13110.0, "y": 1738.0}, {"i": 642, "x": 13122.0, "y": 1406.0}, {"i": 643, "x": 13124.0, "y": 4392.0}, {"i": 644, "x": 13130.0, "y": 4388.0}, {"i": 645, "x": 13138.0, "y": 1690.0}, {"i": 646, "x": 13152.0, "y": 3582.0}, {"i": 647, "x": 13170.0, "y": 1360.0}, {"i": 648, "x": 13172.0, "y": 400.0}, {"i": 649, "x": 13196.0, "y": 5712.0}, {"i": 650, "x": 13208.0, "y": 5464.0}, {"i": 651, "x": 13222.0, "y": 4374.0}, {"i": 652, "x": 13226.0, "y": 3378.0}, {"i": 653, "x": 13236.0, "y": 6562.0}, {"i": 654, "x": 13246.0, "y": 4636.0}, {"i": 655, "x": 13248.0, "y": 5540.0}, {"i": 656, "x": 13250.0, "y": 5566.0}, {"i": 657, "x": 13264.0, "y": 4164.0}, {"i": 658, "x": 13268.0, "y": 4518.0}, {"i": 659, "x": 13270.0, "y": 4318.0}, {"i": 660, "x": 13282.0, "y": 6584.0}, {"i": 661, "x": 13282.0, "y": 6718.0}, {"i": 662, "x": 13284.0, "y": 3948.0}, {"i": 663, "x": 13292.0, "y": 5960.0}, {"i": 664, "x": 13292.0, "y": 6108.0}, {"i": 665, "x": 13292.0, "y": 6726.0}, {"i": 666, "x": 13322.0, "y": 4762.0}, {"i": 667, "x": 13344.0, "y": 5728.0}, {"i": 668, "x": 13346.0, "y": 6522.0}, {"i": 669, "x": 13348.0, "y": 4122.0}, {"i": 670, "x": 13358.0, "y": 4276.0}, {"i": 671, "x": 13360.0, "y": 4000.0}, {"i": 672, "x": 13362.0, "y": 6834.0}, {"i": 673, "x": 13370.0, "y": 3972.0}, {"i": 674, "x": 13370.0, "y": 4406.0}, {"i": 675, "x": 13372.0, "y": 6290.0}, {"i": 676, "x": 13384.0, "y": 3962.0}, {"i": 677, "x": 13432.0, "y": 6754.0}, {"i": 678, "x": 13436.0, "y": 5748.0}, {"i": 679, "x": 13476.0, "y": 4346.0}, {"i": 680, "x": 13492.0, "y": 5610.0}, {"i": 681, "x": 13498.0, "y": 4346.0}, {"i": 682, "x": 13506.0, "y": 3914.0}, {"i": 683, "x": 13524.0, "y": 4406.0}, {"i": 684, "x": 13558.0, "y": 4558.0}, {"i": 685, "x": 13562.0, "y": 5934.0}, {"i": 686, "x": 13566.0, "y": 6484.0}, {"i": 687, "x": 13572.0, "y": 5082.0}, {"i": 688, "x": 13574.0, "y": 3850.0}, {"i": 689, "x": 13582.0, "y": 3852.0}, {"i": 690, "x": 13594.0, "y": 144.0}, {"i": 691, "x": 13644.0, "y": 4224.0}, {"i": 692, "x": 13652.0, "y": 5724.0}, {"i": 693, "x": 13672.0, "y": 4256.0}, {"i": 694, "x": 13678.0, "y": 4002.0}, {"i": 695, "x": 13682.0, "y": 3748.0}, {"i": 696, "x": 13724.0, "y": 182.0}, {"i": 697, "x": 13766.0, "y": 4180.0}, {"i": 698, "x": 13768.0, "y": 4186.0}, {"i": 699, "x": 13774.0, "y": 3732.0}, {"i": 700, "x": 13798.0, "y": 5112.0}, {"i": 701, "x": 13836.0, "y": 4170.0}, {"i": 702, "x": 13860.0, "y": 4020.0}, {"i": 703, "x": 13918.0, "y": 6512.0}, {"i": 704, "x": 13930.0, "y": 3890.0}, {"i": 705, "x": 13930.0, "y": 5572.0}, {"i": 706, "x": 13938.0, "y": 5094.0}, {"i": 707, "x": 13938.0, "y": 5312.0}, {"i": 708, "x": 13950.0, "y": 4346.0}, {"i": 709, "x": 13972.0, "y": 5280.0}, {"i": 710, "x": 13974.0, "y": 5070.0}, {"i": 711, "x": 13986.0, "y": 5142.0}, {"i": 712, "x": 14040.0, "y": 5188.0}, {"i": 713, "x": 14044.0, "y": 3954.0}, {"i": 714, "x": 14052.0, "y": 5314.0}, {"i": 715, "x": 14070.0, "y": 4306.0}, {"i": 716, "x": 14090.0, "y": 6422.0}, {"i": 717, "x": 14094.0, "y": 5836.0}, {"i": 718, "x": 14164.0, "y": 4762.0}, {"i": 719, "x": 14172.0, "y": 5348.0}, {"i": 720, "x": 14174.0, "y": 5622.0}, {"i": 721, "x": 14188.0, "y": 5042.0}, {"i": 722, "x": 14192.0, "y": 5086.0}, {"i": 723, "x": 14274.0, "y": 4720.0}, {"i": 724, "x": 14298.0, "y": 5254.0}, {"i": 725, "x": 14304.0, "y": 4592.0}, {"i": 726, "x": 14306.0, "y": 5246.0}, {"i": 727, "x": 14366.0, "y": 5426.0}, {"i": 728, "x": 14372.0, "y": 5326.0}, {"i": 729, "x": 14376.0, "y": 5326.0}, {"i": 730, "x": 14378.0, "y": 5188.0}, {"i": 731, "x": 14378.0, "y": 5838.0}, {"i": 732, "x": 14394.0, "y": 5938.0}, {"i": 733, "x": 14416.0, "y": 6458.0}, {"i": 734, "x": 14434.0, "y": 6752.0}, {"i": 735, "x": 14448.0, "y": 6770.0}, {"i": 736, "x": 14484.0, "y": 5422.0}, {"i": 737, "x": 14494.0, "y": 5976.0}, {"i": 738, "x": 14534.0, "y": 5070.0}, {"i": 739, "x": 14536.0, "y": 5728.0}, {"i": 740, "x": 14594.0, "y": 5766.0}, {"i": 741, "x": 14644.0, "y": 5186.0}, {"i": 742, "x": 14658.0, "y": 5452.0}, {"i": 743, "x": 14664.0, "y": 5406.0}, {"i": 744, "x": 14682.0, "y": 5492.0}, {"i": 745, "x": 14734.0, "y": 5530.0}, {"i": 746, "x": 14750.0, "y": 5464.0}, {"i": 747, "x": 14780.0, "y": 5624.0}, {"i": 748, "x": 14782.0, "y": 5730.0}, {"i": 749, "x": 14794.0, "y": 5862.0}, {"i": 750, "x": 14824.0, "y": 5696.0}, {"i": 751, "x": 14844.0, "y": 5734.0}, {"i": 752, "x": 14882.0, "y": 5934.0}, {"i": 753, "x": 14884.0, "y": 6458.0}, {"i": 754, "x": 14900.0, "y": 5600.0}, {"i": 755, "x": 14920.0, "y": 6008.0}, {"i": 756, "x": 14928.0, "y": 5880.0}, {"i": 757, "x": 14982.0, "y": 5574.0}, {"i": 758, "x": 14982.0, "y": 5832.0}, {"i": 759, "x": 14996.0, "y": 6244.0}, {"i": 760, "x": 15000.0, "y": 5786.0}, {"i": 761, "x": 15004.0, "y": 5886.0}, {"i": 762, "x": 15018.0, "y": 5722.0}, {"i": 763, "x": 15038.0, "y": 5880.0}, {"i": 764, "x": 15048.0, "y": 5800.0}, {"i": 765, "x": 15048.0, "y": 5808.0}, {"i": 766, "x": 15120.0, "y": 5812.0}, {"i": 767, "x": 15136.0, "y": 7304.0}, {"i": 768, "x": 15182.0, "y": 5804.0}, {"i": 769, "x": 15226.0, "y": 7228.0}, {"i": 770, "x": 15232.0, "y": 7170.0}, {"i": 771, "x": 15236.0, "y": 7294.0}, {"i": 772, "x": 15256.0, "y": 5842.0}, {"i": 773, "x": 15266.0, "y": 5994.0}, {"i": 774, "x": 15344.0, "y": 5816.0}, {"i": 775, "x": 15372.0, "y": 7118.0}, {"i": 776, "x": 15380.0, "y": 6088.0}, {"i": 777, "x": 15384.0, "y": 6078.0}, {"i": 778, "x": 15414.0, "y": 7482.0}, {"i": 779, "x": 15436.0, "y": 7154.0}, {"i": 780, "x": 15450.0, "y": 7528.0}, {"i": 781, "x": 15480.0, "y": 7076.0}, {"i": 782, "x": 15520.0, "y": 6082.0}, {"i": 783, "x": 15524.0, "y": 5954.0}, {"i": 784, "x": 15578.0, "y": 6016.0}, {"i": 785, "x": 15580.0, "y": 6176.0}, {"i": 786, "x": 15586.0, "y": 5972.0}, {"i": 787, "x": 15724.0, "y": 7394.0}, {"i": 788, "x": 15770.0, "y": 7552.0}, {"i": 789, "x": 15776.0, "y": 6442.0}, {"i": 790, "x": 15794.0, "y": 6282.0}, {"i": 791, "x": 15798.0, "y": 6322.0}, {"i": 792, "x": 15870.0, "y": 6078.0}, {"i": 793, "x": 15882.0, "y": 6282.0}, {"i": 794, "x": 15894.0, "y": 6388.0}, {"i": 795, "x": 15940.0, "y": 6442.0}, {"i": 796, "x": 16012.0, "y": 6500.0}, {"i": 797, "x": 16026.0, "y": 6086.0}, {"i": 798, "x": 16872.0, "y": 8076.0}, {"i": 799, "x": 16916.0, "y": 7406.0}], "type": "Instance", "name": "us-night-0000800", "meta": {"comment": "HIP even point set instance (800 points) sampled from image ", "faces_in_delaunay": 1582}}